/*******************************************************************************
 * Size: 30 px
 * Bpp: 4
 * Opts: --font D:\ESP32Projects\ESP32-HanDictionary\assets\source\fonts\ResourceHanRoundedCN-Heavy.ttf --symbols 单元音双元音辅音标听一跟着读示范上下页点选开始学习或词即可播放发缺少文件请导入包，▶‹›0123456789/ --size 30 --bpp 4 --format lvgl --no-kerning --lv-font-name han_font_phonetics --lv-include lvgl.h -o D:\ESP32Projects\ESP32-HanDictionary\main\han_dictionary\assets\han_font_phonetics.c --range 0x20-0x7e
 ******************************************************************************/

#ifdef LV_LVGL_H_INCLUDE_SIMPLE
#include "lvgl.h"
#else
#include "lvgl.h"
#endif

#ifndef HAN_FONT_PHONETICS
#define HAN_FONT_PHONETICS 1
#endif

#if HAN_FONT_PHONETICS

/*-----------------
 *    BITMAPS
 *----------------*/

/*Store the image of the glyphs*/
static LV_ATTRIBUTE_LARGE_CONST const uint8_t glyph_bitmap[] = {
    /* U+0020 " " */

    /* U+0021 "!" */
    0x0, 0x57, 0xf4, 0x80, 0x4c, 0xa0, 0x2c, 0xa0,
    0xe, 0x0, 0xc6, 0x0, 0xf0, 0xf, 0x84, 0x3,
    0x18, 0x0, 0xc0, 0x30, 0x80, 0x4, 0x3, 0x38,
    0x1, 0xc0, 0x30, 0x80, 0x7c, 0x60, 0x1, 0x0,
    0xc2, 0x0, 0x30, 0xf, 0x84, 0x2, 0x10, 0xc,
    0x20, 0x3, 0x0, 0xc4, 0x0, 0x60, 0xd, 0x40,
    0xe, 0x0, 0xcd, 0xba, 0x50, 0xc, 0xd3, 0x25,
    0x0, 0xa2, 0x51, 0x14, 0xc0, 0x7, 0x0, 0xd0,
    0x4, 0x1, 0xc2, 0x22, 0x0, 0xf0, 0x82, 0x80,
    0x67, 0x0, 0x53, 0x8, 0x9e, 0x0,

    /* U+0022 "\"" */
    0x7, 0xef, 0xc2, 0x0, 0x8f, 0x3f, 0x9c, 0xa,
    0x4, 0xe, 0x40, 0x2f, 0x30, 0x18, 0x26, 0x0,
    0xcc, 0x1, 0x10, 0x6, 0x10, 0xf, 0xfe, 0x1b,
    0x80, 0x66, 0x0, 0x88, 0x3, 0x11, 0x0, 0x30,
    0x80, 0x4e, 0x1, 0x84, 0x40, 0x18, 0x80, 0x22,
    0x0, 0x84, 0x0, 0x40, 0x16, 0x80, 0x5c, 0x1,
    0x10, 0x1, 0x80, 0x26, 0x0, 0x8c, 0x2, 0x60,
    0x1, 0x80, 0x44, 0x1, 0x30, 0x5, 0xa0, 0xd,
    0x0, 0x10, 0x80, 0x44, 0x20, 0x4, 0x0, 0x2a,
    0xc, 0x80, 0x75, 0x8a, 0x98, 0x0,

    /* U+0023 "#" */
    0x0, 0xe1, 0x10, 0x7, 0x10, 0x7, 0xe2, 0xee,
    0x10, 0x5, 0x3b, 0x40, 0x1f, 0x28, 0x1, 0x0,
    0x26, 0x4, 0x0, 0xfb, 0x40, 0x6, 0x0, 0x30,
    0x1, 0x80, 0x7c, 0xc0, 0x1, 0x0, 0x30, 0x0,
    0x40, 0x3e, 0x20, 0x3, 0x0, 0xc, 0x0, 0xc0,
    0x18, 0x5a, 0x4, 0x1, 0x4e, 0xea, 0x0, 0x33,
    0x4, 0x1, 0xf2, 0xe0, 0x13, 0xc4, 0xc, 0x0,
    0x73, 0xe2, 0x30, 0x7, 0xff, 0x4, 0x4c, 0x60,
    0x40, 0x3f, 0xe1, 0x72, 0x7, 0xe7, 0x0, 0x3f,
    0xfb, 0x80, 0x2e, 0xe4, 0x0, 0x62, 0x0, 0x70,
    0x0, 0x80, 0x2, 0x20, 0xf, 0x30, 0x0, 0x80,
    0xc, 0x0, 0x20, 0xe, 0x47, 0x30, 0x6, 0xbb,
    0xb8, 0x0, 0x2e, 0x60, 0x9, 0xb8, 0x0, 0x9a,
    0x20, 0x80, 0x2, 0x8c, 0x50, 0x50, 0xf, 0xfe,
    0x11, 0x4, 0x10, 0x7, 0xff, 0x1, 0x18, 0x13,
    0x64, 0x0, 0x9f, 0xf0, 0x80, 0x33, 0xec, 0x40,
    0x21, 0x0, 0x10, 0x4, 0x20, 0x2, 0x0, 0xf7,
    0x0, 0x38, 0x0, 0x20, 0x10, 0x80, 0x78, 0x80,
    0x4, 0x0, 0x20, 0x1, 0x0, 0x7c, 0xe0, 0x6,
    0x0, 0x38, 0x1, 0x80, 0x3e, 0x50, 0x13, 0x0,
    0x30, 0x3, 0x40, 0x3e, 0x88, 0x60, 0x4, 0x57,
    0x2c, 0x1, 0xc0,

    /* U+0024 "$" */
    0x0, 0xf8, 0x77, 0x90, 0x3, 0xff, 0x83, 0x24,
    0x3e, 0x1, 0xff, 0xc1, 0x20, 0x3, 0x0, 0x7f,
    0xf0, 0x9, 0x80, 0x6, 0xa2, 0x1, 0xf8, 0xb3,
    0x4c, 0x0, 0x35, 0xd8, 0x40, 0x1c, 0x7a, 0x60,
    0x1f, 0x1e, 0x0, 0x77, 0x0, 0x7f, 0x85, 0x0,
    0x26, 0x20, 0xf, 0xf9, 0x40, 0x2c, 0x0, 0xc7,
    0xdf, 0xeb, 0x21, 0xb1, 0x0, 0x9c, 0x3, 0x40,
    0x80, 0x13, 0x79, 0x0, 0x3f, 0xf9, 0x2c, 0x1,
    0xa4, 0x80, 0x3f, 0xdc, 0x1, 0x8b, 0x64, 0x40,
    0x3f, 0x2a, 0x0, 0x73, 0x74, 0x88, 0x7, 0xd4,
    0x60, 0x1e, 0x6e, 0x60, 0xf, 0xe, 0x40, 0x7,
    0xd3, 0x0, 0x1f, 0x3f, 0x30, 0x7, 0x9d, 0x40,
    0x3e, 0x19, 0xd4, 0x0, 0xe8, 0x0, 0xfe, 0x2b,
    0x70, 0xc, 0x42, 0x1, 0xfe, 0x80, 0xe, 0x30,
    0xf, 0xfe, 0x3a, 0x77, 0x18, 0x3, 0x48, 0x7,
    0x10, 0x15, 0x88, 0xa7, 0xfb, 0x9e, 0xc0, 0x19,
    0x40, 0xa, 0x1, 0xc2, 0x20, 0xf, 0x40, 0x1,
    0x8c, 0x3, 0xfe, 0xa2, 0x0, 0xe, 0x5a, 0x0,
    0x7c, 0x58, 0xa0, 0x1c, 0x97, 0xd4, 0x40, 0x1,
    0xcd, 0x30, 0xf, 0xc2, 0xae, 0x0, 0x33, 0x0,
    0x7f, 0xf0, 0x8, 0x0, 0xc0, 0x1f, 0xfc, 0x19,
    0x21, 0xf0, 0xf, 0x0,

    /* U+0025 "%" */
    0x0, 0xff, 0xf2, 0x1b, 0x80, 0x7f, 0xc5, 0x5d,
    0xfd, 0x24, 0x1, 0xf8, 0xb2, 0x14, 0x3, 0xf9,
    0x35, 0x44, 0x5, 0xb4, 0xc0, 0x3e, 0x80, 0x3,
    0x0, 0x7e, 0x1a, 0x0, 0xfb, 0x44, 0x3, 0x89,
    0x40, 0x8c, 0x3, 0xf4, 0x88, 0x2, 0x39, 0xc0,
    0x3, 0x20, 0x1d, 0x0, 0x8, 0x0, 0xfe, 0x50,
    0x1, 0x38, 0xc0, 0x80, 0x14, 0x3, 0x1a, 0x81,
    0x28, 0x7, 0xf1, 0x0, 0x1c, 0x2, 0x40, 0x1,
    0x0, 0x68, 0x0, 0x40, 0x7, 0xf1, 0x0, 0x46,
    0x1, 0x18, 0x4, 0x20, 0x3, 0x40, 0x25, 0x0,
    0xff, 0xe0, 0x88, 0x7, 0xfa, 0x0, 0x10, 0x1,
    0xfe, 0x20, 0x8, 0x80, 0x23, 0x0, 0x84, 0xd,
    0x0, 0x94, 0x12, 0xfb, 0xf1, 0x80, 0x31, 0x0,
    0x1c, 0x2, 0x40, 0x1, 0x0, 0x20, 0x1, 0x0,
    0xf6, 0x82, 0x7, 0x34, 0x1, 0x28, 0x0, 0xa0,
    0x60, 0x40, 0x14, 0x6, 0x80, 0x4a, 0x90, 0x1,
    0xe5, 0x70, 0x4, 0x88, 0x1, 0xf9, 0xc0, 0x2,
    0xc1, 0x0, 0x8, 0x8, 0x0, 0xe, 0x69, 0x0,
    0x20, 0x0, 0x3a, 0x1, 0xe1, 0xd1, 0x34, 0x2,
    0x52, 0x30, 0x3, 0x19, 0x40, 0x4, 0xa0, 0x3,
    0xd6, 0x10, 0x16, 0xf3, 0x8, 0x0, 0x40, 0x38,
    0x5, 0x80, 0x4, 0x0, 0xb0, 0x2, 0x29, 0xef,
    0xe9, 0x10, 0x34, 0x3, 0x50, 0x20, 0x9, 0xc0,
    0x2, 0x1, 0x18, 0x7, 0xfd, 0x0, 0x8, 0x0,
    0x78, 0x4, 0x20, 0x1e, 0x10, 0xf, 0xf1, 0xa0,
    0x1a, 0x0, 0x3c, 0x2, 0x10, 0xf, 0x8, 0x7,
    0xfa, 0x0, 0x10, 0x1, 0x10, 0x4, 0xe0, 0x1,
    0x0, 0x88, 0x3, 0xf8, 0xd0, 0xd, 0x0, 0x27,
    0x0, 0xb0, 0x0, 0x80, 0x16, 0x80, 0x7f, 0x40,
    0x2, 0x0, 0x31, 0x18, 0x1, 0xcc, 0xa0, 0x2,
    0x50, 0xf, 0xc6, 0x80, 0x68, 0x1, 0xde, 0x1,
    0x66, 0x90, 0x2, 0x0, 0x3f, 0xa4, 0x1, 0x0,
    0x1e, 0x38, 0x0, 0xf2, 0xb8, 0x7, 0xf3, 0x2,
    0x20, 0x3, 0xe7, 0xb4, 0x0, 0x1c, 0xd0, 0x7,
    0xfb, 0xe2, 0xc0, 0x3f, 0x92, 0xff, 0xd8, 0xc0,
    0x1f, 0xf1, 0xb8, 0x7, 0xff, 0x1c,

    /* U+0026 "&" */
    0x0, 0xf1, 0xd7, 0x7f, 0xb1, 0xc0, 0x3f, 0xf8,
    0x71, 0x8a, 0x20, 0x3, 0x8c, 0x10, 0xf, 0xfe,
    0x3, 0x38, 0x7, 0xc7, 0x40, 0x1f, 0xfc, 0x9,
    0x0, 0xca, 0x60, 0x12, 0x8, 0x7, 0xf9, 0x40,
    0x35, 0x53, 0x8, 0x2, 0x50, 0xf, 0xf1, 0x0,
    0x65, 0x0, 0x8, 0x4, 0x20, 0x1f, 0xe1, 0x0,
    0xf0, 0x98, 0x4, 0xe0, 0x1f, 0xe2, 0x0, 0xc4,
    0x3a, 0x1, 0x21, 0x0, 0x7f, 0x90, 0x3, 0x4f,
    0x98, 0x0, 0x64, 0x3, 0xff, 0x80, 0xc0, 0x12,
    0x8, 0x0, 0x74, 0x80, 0x24, 0x51, 0x0, 0xf7,
    0x0, 0x78, 0xf0, 0xc0, 0x26, 0xba, 0xe3, 0x0,
    0xd5, 0x0, 0x1e, 0xd2, 0x0, 0xd0, 0x1, 0x50,
    0x5, 0x4a, 0x1, 0xf6, 0x8, 0x4, 0x82, 0x1,
    0x8, 0x1, 0x54, 0x1, 0xf8, 0xb0, 0x80, 0x12,
    0x1, 0xac, 0x1, 0x0, 0x19, 0xf0, 0x3, 0x16,
    0xac, 0x90, 0x4, 0xa6, 0x2, 0x40, 0x1a, 0xe,
    0xc0, 0x3a, 0x98, 0x2, 0x1b, 0x0, 0x18, 0x7,
    0xc9, 0x60, 0x1f, 0xd4, 0x20, 0x3, 0x0, 0xe4,
    0x0, 0x26, 0x88, 0x7, 0x84, 0x40, 0x10, 0x88,
    0x3, 0x5c, 0x22, 0x14, 0x3, 0xe1, 0xae, 0x70,
    0x4, 0x80, 0x73, 0xdd, 0xa0, 0x40, 0x3f, 0xc,
    0x0, 0x1c, 0xc0, 0x3f, 0xf8, 0xc2, 0x1, 0x62,
    0x80, 0x7f, 0xd, 0x7d, 0x10, 0x4, 0xe0, 0x1a,
    0xb1, 0x88, 0x0, 0x24, 0xd5, 0xca, 0xb, 0xb2,
    0xcf, 0x20, 0x1c, 0x73, 0xbf, 0xee, 0xd9, 0x50,
    0xe, 0x69, 0x80, 0x0,

    /* U+0027 "'" */
    0x7, 0xef, 0xc2, 0x24, 0x8, 0x1c, 0xb0, 0x6,
    0x60, 0xf, 0x38, 0x6, 0x62, 0x0, 0xc2, 0x20,
    0xc, 0x40, 0x40, 0x16, 0x83, 0x0, 0x4c, 0x6,
    0x1, 0x10, 0x68, 0x0, 0x84, 0x15, 0x6, 0x40,

    /* U+0028 "(" */
    0x0, 0xff, 0xe0, 0x8b, 0xa0, 0x7, 0xb2, 0x2d,
    0x40, 0x33, 0x90, 0x0, 0x80, 0x34, 0x80, 0x4a,
    0x1, 0x30, 0x80, 0x14, 0x80, 0x2b, 0x0, 0xa4,
    0x2, 0x22, 0x0, 0x4, 0xc0, 0x25, 0x0, 0x9c,
    0x3, 0x60, 0x5, 0xe0, 0x19, 0x40, 0x25, 0x0,
    0x84, 0x40, 0x11, 0x80, 0x4a, 0x1, 0xf8, 0x80,
    0x22, 0x0, 0xfc, 0x20, 0x18, 0x40, 0x27, 0x0,
    0xde, 0x1, 0xff, 0xce, 0xf0, 0x9, 0xc0, 0x30,
    0x80, 0x42, 0x1, 0x88, 0x2, 0x30, 0xc, 0xa0,
    0x10, 0x80, 0x61, 0x10, 0x4, 0x40, 0x19, 0x40,
    0x27, 0x0, 0xd8, 0x1, 0x68, 0x6, 0x50, 0x9,
    0x0, 0x31, 0x10, 0x0, 0x62, 0x1, 0xa8, 0x2,
    0x90, 0xc, 0xc0, 0x13, 0x0, 0x61, 0x50, 0x0,
    0xa8, 0x6, 0x80, 0x8, 0xc0, 0x31, 0x59, 0x2b,
    0x0, 0x72, 0x6d, 0x0, 0x0,

    /* U+0029 ")" */
    0x0, 0xff, 0x91, 0xc4, 0x3, 0x96, 0xe3, 0x0,
    0x38, 0x80, 0x4, 0xe0, 0x19, 0x40, 0x29, 0x0,
    0xc4, 0xa0, 0x1, 0x60, 0xd, 0xc0, 0x15, 0x80,
    0x64, 0x10, 0x1, 0x10, 0x3, 0x38, 0x4, 0xa0,
    0x1b, 0xc0, 0x2c, 0x0, 0xca, 0x1, 0x28, 0x6,
    0x30, 0x8, 0x44, 0x1, 0xf8, 0x80, 0x31, 0x0,
    0x4c, 0x1, 0x84, 0x2, 0x30, 0xf, 0xc2, 0x1,
    0x9c, 0x2, 0xf0, 0xf, 0xfe, 0x53, 0x80, 0x5e,
    0x1, 0x84, 0x2, 0x10, 0xc, 0x60, 0x11, 0x0,
    0x61, 0x0, 0x94, 0x2, 0x20, 0xc, 0x20, 0x13,
    0x80, 0x48, 0x1, 0xb4, 0x2, 0xc0, 0xc, 0x80,
    0x12, 0x80, 0x42, 0x60, 0x2, 0x20, 0x5, 0x20,
    0x12, 0x80, 0x66, 0x0, 0xa8, 0x2, 0x51, 0x0,
    0x29, 0x0, 0x46, 0x1, 0x40, 0x6, 0x65, 0x2b,
    0x20, 0xe, 0xad, 0x40, 0xc,

    /* U+002A "*" */
    0x0, 0xe1, 0xdc, 0x0, 0xff, 0x98, 0x8d, 0x40,
    0x3f, 0xd8, 0x0, 0xd0, 0xf, 0x84, 0x0, 0xe0,
    0x2, 0x0, 0x8, 0x1, 0x3f, 0xb9, 0x66, 0x0,
    0x4b, 0xfe, 0xe1, 0x18, 0x0, 0x50, 0x2, 0x14,
    0x0, 0xb, 0xb9, 0x0, 0x3f, 0xca, 0xa0, 0xba,
    0x30, 0xf, 0x26, 0x50, 0x4, 0xb2, 0x1, 0xe9,
    0x30, 0xe, 0x80, 0xf, 0x48, 0x7, 0x29, 0x0,
    0x14, 0xc0, 0x8, 0x40, 0x1b, 0x40, 0x9, 0x5a,
    0x40, 0x4, 0x0, 0xd6, 0x4d, 0x60, 0x38, 0xa6,
    0xe0, 0x18, 0xf6, 0x40, 0x21, 0xac, 0x10, 0x0,

    /* U+002B "+" */
    0x0, 0xf0, 0xd5, 0x98, 0x7, 0xff, 0x6, 0x15,
    0x38, 0x3, 0xff, 0x82, 0xa0, 0x2, 0x0, 0xff,
    0xe0, 0x88, 0x4, 0x20, 0x1f, 0xfe, 0xd3, 0xcf,
    0xfc, 0x40, 0x17, 0x7f, 0xdc, 0xc1, 0x6, 0x1,
    0xff, 0xc0, 0x19, 0x0, 0xff, 0xe3, 0x4a, 0x91,
    0x60, 0xc, 0x24, 0x52, 0x58, 0x15, 0x6e, 0xe2,
    0x0, 0xbf, 0x76, 0xb4, 0x0, 0xff, 0xf0, 0x88,
    0x7, 0xff, 0x1, 0x80, 0x2, 0x1, 0xff, 0xc1,
    0x82, 0x18, 0x0, 0xf8,

    /* U+002C "," */
    0x0, 0xc4, 0x1, 0xe9, 0xfd, 0xf7, 0x0, 0xa1,
    0x80, 0x28, 0x40, 0x2, 0x80, 0x77, 0x80, 0x4,
    0x3, 0x90, 0x1, 0x60, 0x1f, 0x9e, 0x8, 0x3,
    0xe7, 0xd7, 0x0, 0x8, 0x6, 0x26, 0x0, 0x28,
    0x4, 0x58, 0x20, 0xe, 0x0, 0x1e, 0x88, 0x0,
    0xd4, 0x1, 0xc0, 0x1b, 0x80, 0x23, 0x0, 0xac,
    0x80, 0x2b, 0x46, 0xc4, 0x0, 0xcb, 0x72, 0x60,
    0x18,

    /* U+002D "-" */
    0x8, 0xcd, 0xdd, 0x66, 0xce, 0x64, 0x59, 0x38,
    0x3, 0xf1, 0xb2, 0x80, 0x71, 0x58,

    /* U+002E "." */
    0x3, 0xac, 0x80, 0x1, 0xe2, 0x9b, 0xe0, 0x40,
    0x6, 0x34, 0x60, 0xe, 0x26, 0x0, 0xe2, 0xe0,
    0xc, 0x48, 0xb2, 0x40, 0x98, 0x0,

    /* U+002F "/" */
    0x0, 0xfc, 0x20, 0x1f, 0xd7, 0xd4, 0x1, 0xf1,
    0xa0, 0x28, 0x7, 0xc8, 0x0, 0x10, 0xf, 0xb0,
    0x0, 0x40, 0x1f, 0x28, 0x1, 0x0, 0x3c, 0x22,
    0x0, 0x68, 0x7, 0x90, 0x2, 0x40, 0xf, 0x68,
    0x0, 0x44, 0x1, 0xe4, 0x0, 0x20, 0x7, 0xc6,
    0x0, 0xd0, 0xf, 0x18, 0x4, 0x80, 0x1e, 0x50,
    0x8, 0xc0, 0x3d, 0x80, 0x2, 0x0, 0xf9, 0xc0,
    0x8, 0x1, 0xe1, 0x20, 0x7, 0x80, 0x79, 0x40,
    0x24, 0x0, 0xf1, 0x80, 0x44, 0x1, 0xec, 0x0,
    0x20, 0x7, 0xca, 0x0, 0x30, 0xf, 0x10, 0x80,
    0x30, 0x3, 0xce, 0x1, 0x28, 0x7, 0xb0, 0x0,
    0x22, 0x0, 0xf2, 0x80, 0x10, 0x3, 0xe3, 0x0,
    0x68, 0x7, 0x8c, 0x2, 0x40, 0xf, 0x20, 0x4,
    0x60, 0x1e, 0xd0, 0x1, 0x80, 0x7c, 0xe0, 0x5,
    0x0, 0xf8, 0x80, 0x18, 0x1, 0xf0, 0x80, 0x10,
    0x3, 0xea, 0x5b, 0x10, 0xf, 0x92, 0x90, 0x3,
    0xe0,

    /* U+0030 "0" */
    0x0, 0xc3, 0x19, 0xdf, 0xb2, 0x60, 0x1f, 0x97,
    0xdc, 0xc4, 0x9, 0xb2, 0x0, 0x3c, 0x94, 0x20,
    0x1f, 0x3c, 0x0, 0x75, 0x0, 0x7f, 0x9c, 0xc0,
    0x28, 0x10, 0x8, 0xaa, 0xd0, 0x3, 0x78, 0x4,
    0xc0, 0x1b, 0xd5, 0x2c, 0x40, 0x23, 0x20, 0x31,
    0x0, 0x8c, 0x80, 0x26, 0x0, 0xca, 0xa, 0x1,
    0x90, 0x3, 0x60, 0x6, 0xd0, 0xf0, 0xd, 0xc0,
    0x19, 0x80, 0x33, 0x81, 0x80, 0x63, 0x0, 0xc6,
    0x1, 0x88, 0x4, 0x3, 0x8, 0x6, 0x10, 0xf,
    0x38, 0x7, 0xff, 0x11, 0xc0, 0x3f, 0xf8, 0x82,
    0x1, 0x84, 0x3, 0xf8, 0x40, 0x80, 0x31, 0x80,
    0x61, 0x0, 0xc6, 0x1a, 0x1, 0xbc, 0x3, 0x18,
    0x6, 0x70, 0x70, 0xc, 0x80, 0x19, 0x40, 0x36,
    0x1, 0x10, 0x2, 0x24, 0x0, 0xa4, 0x3, 0x38,
    0x2, 0x80, 0x35, 0x32, 0x48, 0x80, 0x48, 0x20,
    0x7, 0x20, 0x8, 0x66, 0xd8, 0x3, 0x48, 0x6,
    0xe0, 0xf, 0xf4, 0x10, 0x6, 0x3b, 0x10, 0xf,
    0xa1, 0xc0, 0x3c, 0x9f, 0x6, 0x20, 0x4d, 0xae,
    0x1, 0x80,

    /* U+0031 "1" */
    0x0, 0xe3, 0xbe, 0xf9, 0x0, 0xf8, 0x9b, 0x30,
    0x82, 0xc, 0x60, 0x1d, 0x3b, 0x26, 0x1, 0xca,
    0x1, 0x89, 0x80, 0x3f, 0xf8, 0x24, 0x20, 0x1f,
    0xfc, 0x2f, 0x98, 0x70, 0xf, 0xf8, 0x59, 0xe0,
    0x40, 0x3f, 0xff, 0xe0, 0x1f, 0xff, 0xf0, 0xf,
    0xfe, 0x69, 0x33, 0xb8, 0x40, 0x36, 0xbb, 0x8,
    0x26, 0xcc, 0x40, 0x3, 0x92, 0x27, 0x87, 0x40,
    0x3f, 0xf8, 0x2e, 0x20, 0x1f, 0xfc, 0x12, 0x94,
    0x0, 0xff, 0xb, 0x20,

    /* U+0032 "2" */
    0x0, 0xc7, 0x7d, 0xfe, 0xeb, 0x60, 0xf, 0x86,
    0xf1, 0x4, 0x0, 0x29, 0x3c, 0x60, 0x18, 0x7d,
    0x0, 0x3f, 0xe, 0x18, 0x4, 0xe2, 0x1, 0xff,
    0x70, 0x4, 0xe2, 0x1, 0x3d, 0x49, 0x0, 0x62,
    0x40, 0x0, 0xe1, 0x13, 0xa1, 0x5b, 0x44, 0x3,
    0x60, 0x4, 0x5b, 0xa1, 0x0, 0xcc, 0x1, 0x88,
    0x3, 0xfe, 0xf0, 0xf, 0xfe, 0x27, 0x80, 0x62,
    0x0, 0xff, 0x94, 0x3, 0x60, 0x7, 0xf9, 0x48,
    0x2, 0x14, 0x0, 0xff, 0x40, 0x6, 0x90, 0xf,
    0xf5, 0x10, 0x4, 0x2e, 0x1, 0xfc, 0xca, 0x1,
    0xac, 0x3, 0xf9, 0x24, 0x3, 0x32, 0x80, 0x7e,
    0x3b, 0x0, 0xc5, 0x20, 0x1f, 0x8f, 0x40, 0x30,
    0xe0, 0x7, 0xe3, 0xd1, 0x0, 0x87, 0x4, 0x3,
    0xe3, 0xc1, 0x0, 0xce, 0xb3, 0x2a, 0x95, 0x0,
    0xe, 0x0, 0x79, 0xa1, 0x98, 0xad, 0x4c, 0x12,
    0x1, 0xff, 0xc2, 0xd0, 0x30, 0xf, 0xfe, 0x11,
    0x4, 0x10, 0x7, 0xff, 0x1, 0x20,

    /* U+0033 "3" */
    0x0, 0x85, 0xf3, 0xbf, 0xdd, 0x90, 0x60, 0x1e,
    0x2f, 0x83, 0x10, 0x0, 0x9b, 0xe4, 0x80, 0x74,
    0x88, 0x7, 0xf3, 0x58, 0x6, 0x70, 0xf, 0xf9,
    0x14, 0x2, 0x80, 0x9, 0xaa, 0x8c, 0x1, 0xdc,
    0x1, 0x25, 0x2f, 0x4a, 0xaa, 0x54, 0x3, 0x30,
    0x6, 0x5a, 0x10, 0xd, 0xa0, 0x1f, 0xfc, 0x4c,
    0x0, 0xcc, 0x1, 0xfc, 0x56, 0x80, 0x1b, 0x80,
    0x3e, 0xae, 0xd4, 0x0, 0xca, 0xa0, 0xf, 0x2a,
    0x84, 0x3, 0xc, 0xd0, 0x7, 0xff, 0x8, 0xcc,
    0x1, 0xf9, 0x5c, 0x84, 0x2, 0x2a, 0xb0, 0xf,
    0xd1, 0xbd, 0x62, 0x1, 0x25, 0x80, 0x7f, 0x93,
    0xc0, 0x32, 0x18, 0x7, 0xf8, 0x4c, 0x3, 0x58,
    0x7, 0xfc, 0x20, 0x18, 0x40, 0xd, 0x48, 0x1,
    0xca, 0x40, 0x18, 0x41, 0xe5, 0x6e, 0x9d, 0xd1,
    0x74, 0x1, 0xd8, 0x16, 0x1, 0x2c, 0x41, 0xd0,
    0x3, 0x8d, 0x1, 0x0, 0x3f, 0xf8, 0x3, 0xc0,
    0x8, 0x40, 0xf, 0xf2, 0x79, 0x0, 0x57, 0x66,
    0x31, 0x0, 0x9, 0xb6, 0x58, 0x80, 0x0,

    /* U+0034 "4" */
    0x0, 0xfc, 0xbb, 0xff, 0x69, 0x80, 0x7f, 0x9a,
    0x88, 0x2, 0x2e, 0x0, 0xfe, 0x19, 0x0, 0xf1,
    0x0, 0x7f, 0x40, 0x7, 0xff, 0x10, 0xd8, 0x2,
    0x10, 0xf, 0xfe, 0x7, 0x80, 0x4a, 0x40, 0x1f,
    0xf2, 0x98, 0x5, 0x20, 0x1f, 0xfc, 0xb, 0x0,
    0x8c, 0xc2, 0x1, 0xfe, 0x81, 0x0, 0xa0, 0x3,
    0xfe, 0x17, 0x0, 0x8d, 0x0, 0xc0, 0x3f, 0xac,
    0x3, 0x78, 0x7, 0xfc, 0x6a, 0x1, 0x29, 0x80,
    0x7f, 0xd0, 0x1, 0xa0, 0x2, 0x10, 0xf, 0x85,
    0x0, 0x36, 0xff, 0xc0, 0x1d, 0xf6, 0xa, 0x1,
    0xff, 0xc3, 0x46, 0x0, 0xff, 0xe3, 0x22, 0x0,
    0x3f, 0xf8, 0x44, 0xe1, 0x7d, 0xbb, 0xf0, 0x7,
    0x6e, 0x84, 0x0, 0x24, 0x5f, 0x0, 0x71, 0x0,
    0x7f, 0xf4, 0x84, 0x3, 0xff, 0x8a, 0xa0, 0x11,
    0x0, 0x7f, 0xf0, 0x64, 0xc0, 0xb8, 0x2,

    /* U+0035 "5" */
    0x0, 0x8f, 0x3f, 0xff, 0xa8, 0x3, 0xbc, 0xc0,
    0x3f, 0x95, 0xc0, 0x31, 0x80, 0x7f, 0xdc, 0x1,
    0x8, 0x7, 0xff, 0x3, 0x0, 0x23, 0x0, 0xc2,
    0xcd, 0xcf, 0x6a, 0x1, 0xf9, 0xe6, 0x7a, 0x10,
    0x3, 0x8, 0x6, 0x10, 0xf, 0xf9, 0xc0, 0x37,
    0x0, 0x7f, 0xc2, 0x1, 0xaa, 0x97, 0x52, 0xa2,
    0x1, 0xfe, 0x35, 0x45, 0x6a, 0xf5, 0x0, 0xcc,
    0x1, 0xfe, 0x1a, 0x40, 0x8, 0xd0, 0x0, 0x4a,
    0x82, 0x1, 0xd2, 0x1, 0xae, 0xa9, 0xb5, 0x7c,
    0x80, 0x18, 0x90, 0x3, 0x2a, 0x80, 0x35, 0x0,
    0x71, 0x80, 0x7f, 0x84, 0x80, 0x37, 0x0, 0x7f,
    0xc2, 0x1, 0xff, 0xc4, 0x30, 0xd, 0xc0, 0x4,
    0x83, 0x0, 0xe9, 0x0, 0xe3, 0x5, 0xb7, 0xc9,
    0x77, 0x46, 0xb0, 0x6, 0x14, 0xc, 0x0, 0x9a,
    0x20, 0xe4, 0x1, 0xd6, 0x0, 0xc0, 0xf, 0xfe,
    0x3, 0xa8, 0x1, 0x60, 0x3, 0xfd, 0x30, 0x1,
    0x9f, 0x5d, 0x4, 0x0, 0x27, 0x1c, 0xc0, 0x10,

    /* U+0036 "6" */
    0x0, 0xe1, 0x8c, 0xef, 0xf6, 0xda, 0x80, 0x7c,
    0xfc, 0xe6, 0x20, 0x2, 0x4a, 0x70, 0xe, 0x98,
    0x0, 0xfe, 0x90, 0xc, 0xcc, 0x0, 0xff, 0x18,
    0x4, 0x32, 0x1, 0x85, 0xe5, 0xc4, 0x7, 0x80,
    0x26, 0x0, 0xc7, 0xd0, 0xd1, 0xd1, 0x86, 0x1,
    0x48, 0x6, 0xd0, 0xe, 0x72, 0x0, 0x88, 0x40,
    0x25, 0x10, 0xf, 0xf3, 0x80, 0x6d, 0x7, 0xdf,
    0xeb, 0x60, 0xc, 0x40, 0x1d, 0xb0, 0x40, 0x29,
    0x38, 0x20, 0xf, 0x0, 0xd0, 0x40, 0x1e, 0x3d,
    0x0, 0x8, 0x7, 0xc2, 0x1, 0xc6, 0xa0, 0x1f,
    0x4f, 0xf7, 0x10, 0x3, 0x70, 0x8, 0x6, 0x56,
    0x0, 0xd, 0x0, 0x65, 0xe, 0x0, 0xda, 0x1,
    0x84, 0x40, 0x10, 0x82, 0x80, 0x6e, 0x0, 0xe3,
    0x0, 0xe3, 0x0, 0xc8, 0x1, 0xc4, 0x1, 0xe5,
    0x0, 0x89, 0x0, 0x25, 0x0, 0xc6, 0x0, 0x90,
    0xd, 0x4a, 0x4b, 0x60, 0x1a, 0xc0, 0x6, 0xc0,
    0x10, 0xd6, 0xd0, 0x80, 0x42, 0xe0, 0x14, 0x98,
    0x7, 0xfb, 0x40, 0x3b, 0x50, 0x3, 0xe1, 0xb3,
    0x0, 0xe1, 0xbb, 0x28, 0x80, 0x9c, 0x72, 0x0,
    0x40,

    /* U+0037 "7" */
    0x9, 0xef, 0xff, 0xfb, 0x51, 0x58, 0x40, 0x3f,
    0xe2, 0x83, 0x0, 0xff, 0xe1, 0x3a, 0x80, 0x7f,
    0xf0, 0xb4, 0xed, 0x95, 0x7c, 0x80, 0x18, 0x98,
    0x12, 0x6a, 0xbd, 0x80, 0x1b, 0xc0, 0x3f, 0x8a,
    0x0, 0x28, 0x20, 0xf, 0xe9, 0x0, 0x89, 0xc0,
    0x3f, 0x8d, 0x0, 0x2b, 0x0, 0xff, 0x40, 0x4,
    0x2c, 0x1, 0xfc, 0x48, 0x1, 0x38, 0x7, 0xfa,
    0xc0, 0x35, 0x0, 0x7f, 0x9c, 0x2, 0x13, 0x0,
    0xfe, 0x31, 0x0, 0x94, 0x3, 0xfc, 0x80, 0x1b,
    0x0, 0x3f, 0xd8, 0x1, 0x8c, 0x3, 0xfc, 0x80,
    0x19, 0x80, 0x3f, 0x88, 0x3, 0x88, 0x3, 0xf9,
    0x80, 0x3f, 0xf8, 0x64, 0x1, 0x84, 0x3, 0xfc,
    0x20, 0x18, 0x80, 0x3f, 0xc4, 0x1, 0x94, 0x3,
    0xfc, 0xaa, 0x0, 0x24, 0x0, 0x78,

    /* U+0038 "8" */
    0x0, 0xc7, 0x3b, 0xfe, 0xeb, 0x50, 0xf, 0xa7,
    0x18, 0x80, 0x2, 0x95, 0x82, 0x1, 0xa9, 0x80,
    0x3f, 0x1e, 0x0, 0x48, 0xa0, 0x18, 0x48, 0x3,
    0x13, 0x80, 0x34, 0x3, 0x47, 0x6e, 0x0, 0x6b,
    0x0, 0x28, 0x6, 0x70, 0x1, 0xb8, 0x4, 0x40,
    0x1e, 0x10, 0xd, 0xc0, 0x11, 0x80, 0x18, 0x2,
    0x13, 0x0, 0x84, 0x2, 0x70, 0x7, 0x0, 0x6e,
    0x20, 0x6, 0x0, 0x52, 0x0, 0x44, 0x0, 0x45,
    0xb0, 0xc8, 0x0, 0x63, 0x0, 0xa8, 0xc0, 0x33,
    0xc8, 0x1, 0xa4, 0x3, 0xf, 0x80, 0x7e, 0x52,
    0x0, 0xcf, 0x80, 0x4, 0x10, 0xc, 0x7a, 0x60,
    0x7, 0x80, 0x2, 0xdf, 0x48, 0x80, 0x6d, 0x10,
    0x80, 0xa, 0x40, 0xd, 0xe4, 0x1, 0xb, 0x28,
    0x6, 0x30, 0x8, 0x64, 0x3, 0x66, 0x80, 0x7f,
    0x28, 0x6, 0x60, 0xe, 0x50, 0xc, 0x60, 0x1d,
    0xa0, 0x1a, 0xd0, 0x0, 0x32, 0x1, 0x9d, 0x44,
    0x2, 0x1b, 0xfd, 0xe4, 0x0, 0xd2, 0x14, 0x1,
    0xe2, 0x0, 0xe7, 0x30, 0x4c, 0x20, 0xf, 0xe9,
    0x80, 0x8, 0xf6, 0x94, 0x40, 0x2, 0x91, 0xcc,
    0x0,

    /* U+0039 "9" */
    0x0, 0xcd, 0x7d, 0xfd, 0x6c, 0x1, 0xf1, 0xf4,
    0xa0, 0x80, 0xa4, 0xe9, 0x0, 0x63, 0xc1, 0x0,
    0xf8, 0xb0, 0x80, 0x2e, 0x0, 0xff, 0xf, 0x80,
    0x14, 0x80, 0x21, 0x9d, 0xb3, 0x0, 0x89, 0xc3,
    0xc0, 0x34, 0x31, 0x26, 0x8, 0x5, 0x40, 0xc0,
    0x19, 0xc0, 0x33, 0x0, 0x44, 0x62, 0x1, 0x84,
    0x3, 0x60, 0x6, 0x41, 0x0, 0xc6, 0x1, 0x88,
    0x3, 0x6a, 0x80, 0x6f, 0x10, 0x1, 0xc0, 0x6,
    0x1a, 0x0, 0xc7, 0xdd, 0x60, 0x80, 0x67, 0x34,
    0x0, 0xe1, 0x10, 0x7, 0xeb, 0x40, 0xf, 0xd,
    0x0, 0x67, 0x0, 0x5d, 0x20, 0x80, 0xb7, 0xb0,
    0x6, 0x10, 0x9, 0x6f, 0xbf, 0xa4, 0x54, 0x3,
    0x10, 0x7, 0xfb, 0x0, 0x36, 0x80, 0x7f, 0xa,
    0x80, 0x64, 0x0, 0xc, 0x8, 0x6, 0xd0, 0xc,
    0xa2, 0x3, 0x8f, 0xd4, 0xf3, 0xc6, 0x1, 0xa4,
    0x1, 0x64, 0x0, 0x58, 0x61, 0x0, 0xce, 0x60,
    0x1, 0x0, 0xff, 0x24, 0x0, 0x50, 0x1, 0xfc,
    0xd6, 0x1, 0x8f, 0x14, 0x80, 0x22, 0x6c, 0x90,
    0xc,

    /* U+003A ":" */
    0x6, 0xdf, 0xb1, 0x5, 0x92, 0x4, 0xc0, 0x90,
    0xc, 0x48, 0x20, 0x1c, 0x4c, 0x1, 0xc5, 0x0,
    0x19, 0x10, 0x78, 0xa8, 0xf6, 0x0, 0x3a, 0xb8,
    0x0, 0xff, 0xe6, 0x1d, 0x64, 0x0, 0xf, 0x14,
    0xdf, 0x2, 0x0, 0x31, 0xa3, 0x0, 0x71, 0x30,
    0x7, 0x17, 0x0, 0x62, 0x45, 0x92, 0x4, 0xc0,

    /* U+003B ";" */
    0x0, 0x36, 0xfd, 0x88, 0x4, 0xb2, 0x40, 0x98,
    0x1, 0x48, 0x6, 0x24, 0x0, 0x8, 0x7, 0x10,
    0x1, 0x80, 0x38, 0x80, 0x10, 0x1, 0x91, 0x0,
    0x3, 0xc5, 0x47, 0xb0, 0xc, 0x75, 0x70, 0x1,
    0xff, 0xd6, 0x20, 0xf, 0x4f, 0xef, 0xb8, 0x5,
    0xc, 0x1, 0x42, 0x0, 0x14, 0x3, 0xbc, 0x0,
    0x20, 0x1c, 0x80, 0xb, 0x0, 0xfc, 0xf0, 0x40,
    0x1f, 0x3e, 0xb8, 0x0, 0x40, 0x31, 0x30, 0x1,
    0x40, 0x22, 0xc1, 0x0, 0x70, 0x0, 0xf4, 0x40,
    0x6, 0xa0, 0xe, 0x0, 0xdc, 0x1, 0x18, 0x5,
    0x64, 0x1, 0x5a, 0x36, 0x20, 0x6, 0x5b, 0x93,
    0x0, 0xc0,

    /* U+003C "<" */
    0x0, 0xff, 0xe8, 0xb, 0xef, 0xb8, 0x7, 0xf9,
    0x2f, 0xa0, 0x82, 0x4, 0x3, 0xc5, 0x1d, 0x68,
    0x1, 0xc6, 0x1, 0x96, 0xf5, 0xc4, 0x3, 0xce,
    0x40, 0x31, 0xd4, 0x80, 0x1e, 0x28, 0xe8, 0x3,
    0xe7, 0x10, 0xe, 0x27, 0xdd, 0x38, 0x80, 0x20,
    0x3, 0x85, 0xf3, 0x60, 0x80, 0x39, 0xc0, 0x30,
    0xdc, 0x18, 0x7, 0xe4, 0x0, 0xc3, 0x5f, 0x4a,
    0x1, 0xf4, 0x30, 0x7, 0x96, 0xbe, 0x90, 0x3,
    0xa7, 0xa0, 0x80, 0x3c, 0xb7, 0xd2, 0x20, 0x10,
    0xbe, 0xda, 0x80, 0x78, 0x5b, 0xc0, 0x3c, 0x95,
    0xd0, 0x40, 0x1c, 0x24, 0x1, 0xf0, 0xbe, 0xe2,
    0x80, 0x44, 0x40, 0xf, 0xf1, 0xd7, 0xd4, 0x60,
    0x7, 0xff, 0x9, 0x5c, 0x40,

    /* U+003D "=" */
    0x3c, 0xff, 0xff, 0xe0, 0x73, 0x4, 0x18, 0x7,
    0xff, 0x0, 0x64, 0x3, 0xff, 0x8d, 0x2a, 0x42,
    0x3f, 0xe2, 0x3b, 0x2, 0xad, 0xee, 0xff, 0x6e,
    0x20, 0x7, 0xff, 0xa0, 0xab, 0x77, 0xff, 0x81,
    0x68, 0x12, 0xa4, 0x5f, 0xfc, 0x4, 0xb0, 0xf,
    0xfe, 0x34, 0x18, 0x7, 0xff, 0x0, 0x64, 0x0,

    /* U+003E ">" */
    0x0, 0xff, 0xe3, 0xa7, 0x72, 0x4c, 0x3, 0xff,
    0x83, 0x2, 0x26, 0xcc, 0x30, 0x7, 0xfc, 0x20,
    0x18, 0xe7, 0xe8, 0xc0, 0x3f, 0x48, 0x80, 0x79,
    0x73, 0x5c, 0x40, 0x39, 0x3a, 0x50, 0x3, 0xc5,
    0x1d, 0x46, 0x1, 0xcd, 0x7d, 0x26, 0x1, 0xe5,
    0xc6, 0x0, 0xf0, 0xb6, 0x74, 0x18, 0x7, 0x48,
    0x7, 0xf0, 0xbc, 0x18, 0x7, 0xff, 0x4, 0xe7,
    0xac, 0xc0, 0x31, 0x80, 0x71, 0xc6, 0xe3, 0x8,
    0x7, 0x26, 0x80, 0x4f, 0xb8, 0xe4, 0x1, 0xe6,
    0xcb, 0x10, 0x5, 0x41, 0x0, 0x78, 0xe7, 0xe4,
    0xc0, 0x32, 0x0, 0x70, 0xbe, 0xe3, 0x0, 0x7c,
    0xe0, 0x12, 0x57, 0x41, 0x0, 0x7f, 0x4c, 0xdb,
    0x6a, 0x1, 0xff, 0xc1, 0x66, 0x10, 0x7, 0xff,
    0x4,

    /* U+003F "?" */
    0x0, 0xc6, 0xac, 0xc4, 0x10, 0xf, 0x37, 0x65,
    0x4c, 0xaf, 0xac, 0x80, 0x25, 0x91, 0x0, 0xf2,
    0x69, 0x80, 0x24, 0x3, 0xfd, 0xa0, 0x6, 0x0,
    0xff, 0xa, 0x85, 0x98, 0x36, 0xfd, 0x80, 0x76,
    0x0, 0xe7, 0x49, 0x2, 0x38, 0x6, 0x30, 0x8,
    0x40, 0x3f, 0x88, 0x3, 0xe1, 0x60, 0xd, 0x80,
    0x1f, 0x50, 0x80, 0x46, 0x80, 0x1e, 0x94, 0x0,
    0x87, 0x80, 0x3c, 0xcc, 0x0, 0xda, 0x40, 0x1c,
    0x32, 0x1, 0xac, 0xc0, 0x3c, 0xc0, 0x19, 0x90,
    0x3, 0xeb, 0x0, 0xd0, 0x1, 0xff, 0xc0, 0x41,
    0x0, 0xfd, 0xb5, 0x4d, 0xb0, 0xf, 0xe1, 0x55,
    0x10, 0x7, 0xf8, 0x67, 0x28, 0x80, 0x3f, 0xb1,
    0x8d, 0x74, 0x40, 0x3e, 0x62, 0x0, 0xd0, 0x1,
    0xf7, 0x0, 0x71, 0x0, 0x7d, 0xc0, 0x1c, 0x40,
    0x1f, 0x38, 0x80, 0x6b, 0x0, 0xf8, 0x74, 0xc0,
    0xec, 0x80, 0x30,

    /* U+0040 "@" */
    0x0, 0xff, 0x8e, 0x2f, 0xbf, 0xdd, 0xb2, 0xa2,
    0x1, 0xff, 0xc4, 0x7e, 0xc7, 0x41, 0x0, 0x9,
    0x35, 0x73, 0x80, 0x7f, 0xf0, 0x53, 0xa0, 0x40,
    0x3f, 0xe8, 0xd2, 0x0, 0xff, 0x45, 0x88, 0x4,
    0x2d, 0x35, 0x49, 0x62, 0x0, 0x8b, 0xc, 0x3,
    0xf5, 0x38, 0x4, 0x77, 0xd2, 0xca, 0xa6, 0x9d,
    0xb3, 0x0, 0xe, 0x88, 0x7, 0xa5, 0x40, 0x28,
    0xc4, 0x0, 0xfc, 0x98, 0xc0, 0x1, 0xa0, 0xe,
    0x56, 0x0, 0xad, 0xc0, 0x3f, 0xf8, 0x12, 0xa0,
    0x4, 0x30, 0x8, 0x6c, 0x2, 0xa4, 0x0, 0xff,
    0xe1, 0x58, 0x80, 0x24, 0x2, 0x91, 0x0, 0x32,
    0x80, 0x67, 0xcf, 0xe6, 0xa, 0xd4, 0x0, 0xb,
    0x0, 0x14, 0x2, 0x60, 0x0, 0xc8, 0x4, 0x5b,
    0x6, 0x3, 0x36, 0xa5, 0xe0, 0x15, 0x80, 0x46,
    0xa, 0x20, 0x9, 0x0, 0x87, 0xc8, 0x3, 0x90,
    0x3, 0xc6, 0x1, 0x28, 0x78, 0x4, 0xc0, 0x15,
    0x90, 0x4, 0xce, 0x20, 0x11, 0x0, 0x62, 0x0,
    0x8, 0x20, 0x1, 0x4, 0x0, 0x6a, 0x1, 0x64,
    0xc3, 0x80, 0x58, 0x1, 0x84, 0x1, 0xe2, 0x20,
    0x1, 0x80, 0x52, 0x1, 0x31, 0x80, 0xc, 0x2,
    0x70, 0xf, 0xc4, 0x1, 0x68, 0x4, 0x80, 0x15,
    0x80, 0x4e, 0x0, 0x12, 0x0, 0xc4, 0x0, 0xe7,
    0x0, 0x84, 0x0, 0x22, 0x0, 0x88, 0x2, 0x20,
    0x2, 0x80, 0x62, 0x10, 0x2, 0x88, 0x4, 0xe0,
    0x3, 0x0, 0x88, 0x2, 0x30, 0xb, 0x0, 0x35,
    0x80, 0x4, 0xc4, 0x2, 0x70, 0x1, 0x80, 0x44,
    0x20, 0x9, 0x0, 0x8c, 0x2, 0x36, 0x0, 0x30,
    0x38, 0x4, 0x40, 0x1, 0x10, 0x5, 0xaf, 0x6a,
    0x0, 0x24, 0x0, 0x2e, 0x80, 0x6, 0x40, 0x80,
    0x2f, 0x0, 0x98, 0x2, 0x38, 0x40, 0x8, 0xbf,
    0xea, 0x10, 0x5, 0x8, 0x9, 0x0, 0x1c, 0x2,
    0x82, 0x0, 0xe3, 0xd0, 0xf, 0xd4, 0x80, 0x12,
    0x0, 0x5, 0x40, 0x2c, 0x61, 0x3, 0x9c, 0x2c,
    0x20, 0xc, 0x9a, 0xa0, 0x1b, 0x40, 0x28, 0x0,
    0x86, 0x7b, 0xf1, 0x80, 0x7, 0xb9, 0x57, 0xd6,
    0x40, 0x1c, 0x88, 0x0, 0x15, 0x0, 0x7f, 0xf0,
    0xd, 0x50, 0x40, 0x3f, 0x40, 0x4, 0xb4, 0x1,
    0xff, 0xcb, 0x39, 0x0, 0x97, 0x54, 0x3, 0xff,
    0x94, 0xce, 0x1, 0x15, 0x75, 0x32, 0xa9, 0xab,
    0xbe, 0x40, 0x3f, 0xf8, 0x31, 0x20, 0x18, 0x56,
    0x6a, 0x92, 0xa2, 0xc, 0x1, 0xff, 0xc2, 0x6d,
    0x40, 0xf, 0xf1, 0xd0, 0x7, 0xff, 0xc, 0xaf,
    0x1c, 0xc4, 0x4, 0xda, 0xbb, 0x14, 0x3, 0xf8,

    /* U+0041 "A" */
    0x0, 0xfa, 0xbb, 0xfd, 0xd0, 0x1, 0xff, 0xc1,
    0x95, 0x10, 0x0, 0xbb, 0x0, 0x7f, 0xf0, 0x18,
    0x3, 0xd6, 0x1, 0xff, 0x28, 0x7, 0xc4, 0x40,
    0xf, 0xf7, 0x80, 0x44, 0x1, 0x90, 0x3, 0xfc,
    0x80, 0x15, 0x8, 0x5, 0xa0, 0x1f, 0xc6, 0x20,
    0x12, 0x20, 0x2, 0x40, 0xf, 0xeb, 0x0, 0xc7,
    0x80, 0x19, 0x40, 0x3f, 0x28, 0x4, 0x60, 0x80,
    0x1b, 0x0, 0x3e, 0x12, 0x0, 0x90, 0x8, 0x40,
    0x27, 0x0, 0xf9, 0xc0, 0x36, 0x0, 0x10, 0x2,
    0x13, 0x0, 0xf6, 0x80, 0x64, 0x0, 0x68, 0x6,
    0xb0, 0xf, 0x20, 0x4, 0x40, 0x12, 0x0, 0x65,
    0x0, 0xe5, 0x0, 0xcc, 0x89, 0x38, 0x6, 0x21,
    0x0, 0xd8, 0x1, 0x92, 0xef, 0x0, 0x73, 0x80,
    0x67, 0x0, 0xff, 0xe1, 0x68, 0x4, 0x62, 0x1,
    0xff, 0xc2, 0x40, 0xa, 0xc0, 0x3f, 0xf8, 0x88,
    0x0, 0x40, 0xd, 0x3f, 0xfe, 0x30, 0xd, 0xa0,
    0x26, 0x1, 0x90, 0x3, 0xc8, 0x1, 0x9c, 0x10,
    0x3, 0x9, 0x0, 0x7b, 0x0, 0x30, 0x90, 0x7,
    0x38, 0x7, 0xc8, 0x1, 0xc6, 0xa8, 0x1, 0x50,
    0x7, 0xe7, 0x0, 0x9c, 0x42, 0xf6, 0xb4, 0xc0,
    0x3f, 0x45, 0xd7, 0x40, 0x0,

    /* U+0042 "B" */
    0x8, 0xef, 0xff, 0xb6, 0xdc, 0x80, 0x31, 0xb8,
    0x80, 0x7c, 0x49, 0x1b, 0x20, 0x12, 0x80, 0x7f,
    0xf0, 0x5a, 0x80, 0x3f, 0xf8, 0xaa, 0x80, 0x1f,
    0x66, 0x2e, 0x50, 0x3, 0xb0, 0x3, 0xe3, 0x32,
    0x35, 0x98, 0x6, 0x20, 0xf, 0xfe, 0x2, 0x80,
    0x63, 0x0, 0xff, 0xe0, 0x28, 0x6, 0xf0, 0xf,
    0xf1, 0x49, 0x80, 0x42, 0xc0, 0x1f, 0x7f, 0xda,
    0xc0, 0x1a, 0x0, 0x3f, 0xf8, 0x94, 0xc0, 0x1f,
    0xfc, 0x4b, 0x60, 0xf, 0xfe, 0x20, 0xcb, 0x80,
    0x7d, 0xff, 0x75, 0xa0, 0x6, 0x82, 0x0, 0xfe,
    0x14, 0xb3, 0x0, 0xd4, 0x1, 0xff, 0xc0, 0x40,
    0xc, 0x40, 0x1f, 0xfc, 0x2, 0x0, 0xc2, 0x1,
    0xff, 0x12, 0x0, 0x62, 0x0, 0xf1, 0x9c, 0xb1,
    0x82, 0x1, 0xb0, 0x3, 0xd9, 0x95, 0x38, 0x80,
    0x62, 0x50, 0xf, 0xfe, 0x18, 0xf0, 0x28, 0x7,
    0xff, 0x4, 0xf0, 0xc0, 0xdc, 0x40, 0x3e, 0x13,
    0x6c, 0xc1, 0x0, 0x0,

    /* U+0043 "C" */
    0x0, 0xf9, 0x6b, 0x7b, 0xfd, 0xb4, 0x80, 0x1f,
    0x97, 0xa9, 0x48, 0x40, 0x4, 0xb7, 0x0, 0x1e,
    0x9a, 0x10, 0xf, 0xe7, 0x20, 0xd, 0x2c, 0x1,
    0xff, 0xc0, 0x60, 0x9, 0x98, 0x1, 0xe3, 0x42,
    0x0, 0x89, 0x0, 0x28, 0x0, 0xe5, 0xec, 0xbd,
    0xd2, 0x2e, 0x0, 0x4e, 0x20, 0x19, 0x68, 0x40,
    0x22, 0xba, 0x10, 0xa, 0x80, 0x30, 0xd0, 0x7,
    0xfc, 0x24, 0x1, 0x98, 0x3, 0xff, 0x80, 0xa0,
    0x1d, 0x60, 0x1f, 0xfc, 0x1, 0x0, 0xe2, 0x0,
    0xff, 0xe0, 0x18, 0x7, 0x8, 0x7, 0xff, 0x0,
    0xc0, 0x38, 0x40, 0x3f, 0xf8, 0x2, 0x1, 0xc4,
    0x1, 0xff, 0xc0, 0x60, 0xe, 0x40, 0xf, 0xfe,
    0x1, 0x8, 0x6, 0xa0, 0xf, 0xfe, 0xb, 0x80,
    0x62, 0x80, 0xf, 0xfe, 0x5, 0x80, 0x73, 0xc8,
    0x80, 0x45, 0x7e, 0xe0, 0x11, 0x30, 0x7, 0x37,
    0x6e, 0x6e, 0x90, 0x21, 0x80, 0x29, 0x30, 0xf,
    0x11, 0x90, 0x6, 0xc0, 0xd, 0xa6, 0x1, 0xff,
    0xc0, 0xc0, 0xc, 0x38, 0xe0, 0x1f, 0xe6, 0x60,
    0x7, 0xa3, 0xa5, 0x4, 0x0, 0x26, 0xd9, 0x20,
    0x0,

    /* U+0044 "D" */
    0x8, 0xef, 0xfe, 0xec, 0x95, 0x0, 0xf8, 0xdc,
    0x40, 0x38, 0x4d, 0xab, 0xa0, 0x3, 0x94, 0x3,
    0xfe, 0x17, 0xc2, 0x0, 0xff, 0xe2, 0x9f, 0x80,
    0x7f, 0x4c, 0x30, 0x80, 0x71, 0x50, 0x7, 0xe6,
    0x79, 0xe9, 0x0, 0xe5, 0x20, 0xf, 0xf9, 0xa4,
    0x3, 0xac, 0x3, 0xff, 0x80, 0xc4, 0x1, 0x90,
    0x3, 0xff, 0x82, 0xa0, 0x18, 0x84, 0x3, 0xff,
    0x81, 0xa0, 0x1c, 0x60, 0x1f, 0xfc, 0x6, 0x0,
    0xe1, 0x0, 0xff, 0xe3, 0x38, 0x7, 0xff, 0x1,
    0xc0, 0x39, 0xc0, 0x3f, 0xf8, 0x2, 0x1, 0xc2,
    0x1, 0xff, 0xc0, 0xc0, 0xe, 0x20, 0xf, 0xfe,
    0x3, 0x80, 0x63, 0x0, 0xff, 0xe0, 0x40, 0x80,
    0x64, 0x0, 0xff, 0xa1, 0xc0, 0x3a, 0x40, 0x3e,
    0x78, 0xae, 0x70, 0xe, 0x71, 0x0, 0xfa, 0x1d,
    0x44, 0x3, 0x8e, 0x0, 0x3f, 0xf8, 0x87, 0xa0,
    0x12, 0x80, 0x7f, 0xc3, 0x18, 0x20, 0x11, 0xb8,
    0x80, 0x70, 0x92, 0xcf, 0x38, 0x7, 0x0,

    /* U+0045 "E" */
    0x8, 0xef, 0xff, 0xf5, 0x88, 0x1b, 0x88, 0x7,
    0xf9, 0x20, 0x14, 0x3, 0xff, 0x82, 0x60, 0x1f,
    0xfc, 0x3c, 0x0, 0xf9, 0x9b, 0xea, 0x60, 0xf,
    0xa6, 0x7e, 0x50, 0xf, 0xff, 0x67, 0xff, 0x74,
    0x0, 0x7f, 0xf0, 0x85, 0xd0, 0x3, 0xff, 0x86,
    0x40, 0x1f, 0xfc, 0x34, 0x0, 0xfc, 0xab, 0x99,
    0xf0, 0x80, 0x3f, 0x55, 0x69, 0x83, 0x0, 0xff,
    0xf6, 0xd5, 0x7a, 0x5c, 0x40, 0x3e, 0x55, 0xf3,
    0x46, 0x80, 0x7f, 0xf0, 0xcc, 0x14, 0x3, 0xff,
    0x82, 0x20, 0x6e, 0x20, 0x1f, 0xe2, 0xa0,

    /* U+0046 "F" */
    0x8, 0xef, 0xff, 0xf6, 0x11, 0xb8, 0x80, 0x7f,
    0x8e, 0x14, 0x3, 0xff, 0x82, 0xc0, 0x1f, 0xfc,
    0x24, 0x0, 0xf3, 0x37, 0xd3, 0x0, 0x1e, 0x99,
    0xf9, 0x80, 0x3f, 0xfd, 0x13, 0x3d, 0x8, 0x1,
    0xf9, 0x9b, 0x9e, 0xd0, 0x3, 0xff, 0x85, 0x80,
    0x1f, 0xfc, 0x2e, 0x0, 0xff, 0xe0, 0xab, 0x0,
    0x7d, 0xff, 0xea, 0x0, 0xff, 0xff, 0x80, 0x7c,
    0x20, 0x1f, 0xca, 0x1, 0x94, 0x3, 0xf8, 0xdc,
    0x40, 0xe4, 0x3, 0xf8,

    /* U+0047 "G" */
    0x0, 0xf9, 0x27, 0x7b, 0xfd, 0xd9, 0x2, 0x1,
    0xf9, 0x36, 0xd8, 0x84, 0x0, 0x26, 0xfc, 0x60,
    0x1e, 0x8b, 0x20, 0xf, 0xf7, 0x80, 0x74, 0xb8,
    0x7, 0xff, 0x0, 0xc0, 0x33, 0x30, 0x3, 0xc4,
    0x86, 0x1, 0x9c, 0x3, 0x40, 0x7, 0x26, 0xea,
    0xf3, 0xe0, 0x1a, 0x0, 0x27, 0x10, 0xc, 0xb6,
    0x40, 0x19, 0xfe, 0x40, 0x35, 0x0, 0x61, 0xa0,
    0xf, 0xfe, 0x0, 0x90, 0x6, 0x60, 0xf, 0xfe,
    0xa, 0x80, 0x75, 0x80, 0x61, 0x68, 0x89, 0xd4,
    0x0, 0x20, 0x1c, 0x40, 0x1b, 0x25, 0xde, 0x8a,
    0xa0, 0x18, 0x7, 0x8, 0x4, 0x64, 0x1, 0xe5,
    0x3, 0x0, 0xe1, 0x0, 0x88, 0x3, 0xf8, 0x40,
    0x38, 0x80, 0x21, 0x91, 0x0, 0xf0, 0xb0, 0x7,
    0x58, 0x6, 0x6e, 0xf4, 0x0, 0xe2, 0x10, 0xc,
    0xc0, 0x1f, 0xfc, 0x27, 0x0, 0xc3, 0x40, 0x1f,
    0xfc, 0x1b, 0x0, 0xe5, 0xc3, 0x0, 0xcc, 0x1,
    0xe2, 0x70, 0xe, 0x3c, 0xed, 0xce, 0x20, 0xc,
    0x20, 0x8, 0x40, 0xf, 0x9, 0x18, 0x80, 0x7f,
    0x5a, 0x80, 0x7f, 0xf0, 0x54, 0x3, 0xaa, 0x44,
    0x3, 0xf8, 0x62, 0x80, 0x3c, 0xdd, 0x4c, 0x42,
    0x2, 0x4d, 0x7c, 0xe0, 0x0,

    /* U+0048 "H" */
    0x8, 0xef, 0xc2, 0x0, 0xfd, 0x5f, 0xea, 0x3,
    0x71, 0x3, 0x90, 0xf, 0x9d, 0x40, 0xa, 0xea,
    0x1, 0x94, 0x3, 0xed, 0x0, 0xdc, 0x1, 0xc2,
    0x1, 0xf0, 0x80, 0x63, 0x0, 0xff, 0xff, 0x80,
    0x7f, 0xf3, 0xbf, 0xfe, 0x40, 0xf, 0xff, 0xc1,
    0x9f, 0xc0, 0x1f, 0xfc, 0xc, 0xcf, 0x90, 0x3,
    0xff, 0xfe, 0x1, 0xff, 0xd2, 0x10, 0xf, 0x84,
    0x3, 0x1a, 0x80, 0x62, 0x0, 0xf8, 0x80, 0x37,
    0x1b, 0x88, 0x1f, 0x80, 0x7d, 0x28, 0x0, 0x57,

    /* U+0049 "I" */
    0x8, 0xef, 0xc2, 0x37, 0x10, 0x3e, 0x50, 0xc,
    0x40, 0x1c, 0x20, 0x1f, 0xff, 0xf0, 0xf, 0xfe,
    0x70, 0xa8, 0x6, 0x23, 0x71, 0x3, 0xe0,

    /* U+004A "J" */
    0x0, 0xff, 0x2e, 0xfe, 0xa0, 0x7, 0xf8, 0x68,
    0x80, 0xac, 0x3, 0xfc, 0x40, 0x1c, 0x40, 0x1f,
    0xff, 0xf0, 0xf, 0xff, 0xf8, 0x7, 0xff, 0x9d,
    0xc0, 0x38, 0xc0, 0x21, 0x0, 0xe2, 0x0, 0xe1,
    0x1, 0xae, 0xd1, 0x0, 0xc, 0x0, 0x62, 0x0,
    0x52, 0x81, 0x76, 0xe7, 0x8, 0x6, 0x50, 0x3,
    0x0, 0x62, 0x30, 0xf, 0x50, 0x2, 0x80, 0x3f,
    0xe9, 0x20, 0x3, 0xc8, 0x80, 0x7e, 0x86, 0x0,
    0xcd, 0xd2, 0x82, 0x0, 0x26, 0xd7, 0x0, 0x80,

    /* U+004B "K" */
    0x8, 0xef, 0xc2, 0x0, 0xf3, 0xf7, 0xfb, 0x0,
    0x23, 0x71, 0x3, 0xe0, 0xe, 0xa8, 0x10, 0x1,
    0x80, 0x4a, 0x1, 0x88, 0x3, 0x32, 0x80, 0x69,
    0x0, 0xfc, 0x20, 0x11, 0x48, 0x6, 0x46, 0x0,
    0xff, 0xe0, 0x70, 0x6, 0x1a, 0x0, 0xff, 0xe0,
    0x39, 0x80, 0x6d, 0x10, 0xf, 0xf8, 0xe0, 0x3,
    0x41, 0x80, 0x7f, 0xf0, 0x38, 0x3, 0x1b, 0x80,
    0x7f, 0xf0, 0x24, 0x80, 0x21, 0xd0, 0xf, 0xfe,
    0xb, 0x0, 0x65, 0x10, 0xf, 0xfe, 0x32, 0x18,
    0x7, 0xff, 0x1f, 0xc0, 0x3f, 0xf8, 0xe6, 0xc0,
    0x1f, 0xfc, 0x21, 0x0, 0xd0, 0x1, 0xff, 0xc1,
    0x4c, 0x0, 0xc3, 0x0, 0x1f, 0xf0, 0xd1, 0x38,
    0x6, 0x72, 0x0, 0xff, 0x58, 0x84, 0x88, 0x6,
    0x90, 0xf, 0xf2, 0x80, 0x6, 0x0, 0x32, 0x20,
    0x3, 0xff, 0x82, 0xc4, 0x1, 0xa4, 0x3, 0xff,
    0x85, 0x20, 0x18, 0x9c, 0x3, 0xe1, 0x0, 0xe4,
    0x40, 0x6, 0x81, 0x5, 0x0, 0xc4, 0x1, 0xe9,
    0x0, 0xe7, 0x3, 0x71, 0x3, 0xe0, 0xf, 0x16,
    0x18, 0x0, 0x54, 0x0,

    /* U+004C "L" */
    0x8, 0xef, 0xc2, 0x0, 0xfe, 0x37, 0x10, 0x3e,
    0x0, 0xfe, 0x50, 0xc, 0x40, 0x1f, 0xfc, 0x21,
    0x0, 0xff, 0xff, 0x80, 0x7f, 0xff, 0xc0, 0x3f,
    0xff, 0xf5, 0x5e, 0x95, 0x0, 0xf9, 0x57, 0xcd,
    0x4a, 0x1, 0xff, 0xc2, 0xc5, 0x0, 0xff, 0xe0,
    0x89, 0xb8, 0x80, 0x7f, 0x92, 0x40,

    /* U+004D "M" */
    0x8, 0xef, 0xf5, 0x8, 0x7, 0xf4, 0x77, 0xfa,
    0xc4, 0xdc, 0x40, 0xb, 0xa0, 0x1f, 0x99, 0xc4,
    0x0, 0x90, 0xa0, 0x1c, 0x66, 0x0, 0xfa, 0xc0,
    0x38, 0x80, 0x3e, 0xb0, 0xf, 0x19, 0x0, 0x73,
    0x80, 0x7c, 0xc0, 0x1e, 0xb0, 0xf, 0xfe, 0x10,
    0x98, 0x7, 0x28, 0x7, 0xff, 0xe, 0x80, 0x31,
    0x90, 0x7, 0xfc, 0x40, 0x13, 0x80, 0x6b, 0x0,
    0x88, 0x3, 0xf9, 0x0, 0x2, 0x60, 0x12, 0x80,
    0x48, 0x1, 0xf8, 0xb4, 0x2, 0xa0, 0x1, 0x90,
    0x1, 0x88, 0x3, 0xf9, 0x0, 0x27, 0x0, 0x58,
    0x5, 0xac, 0x1, 0xfe, 0x50, 0x0, 0xa0, 0x28,
    0x0, 0x50, 0xc0, 0x3f, 0x9b, 0xc0, 0x2d, 0x22,
    0x0, 0x1c, 0x4, 0x3, 0xf8, 0x54, 0x2, 0x7a,
    0x0, 0xa8, 0x40, 0x3f, 0xf8, 0xa, 0x0, 0x17,
    0x0, 0x11, 0x80, 0x7f, 0xf0, 0x78, 0x3, 0xca,
    0x6, 0x1, 0xfe, 0x30, 0x41, 0x0, 0xea, 0x0,
    0xff, 0xe1, 0xb8, 0x6, 0x22, 0x0, 0x7f, 0xf0,
    0xe8, 0x3, 0x50, 0x7, 0xff, 0x10, 0xc8, 0x2,
    0x60, 0xf, 0xfe, 0x9, 0x80, 0x5c, 0x21, 0x42,
    0x0, 0x30, 0xc, 0xea, 0x1, 0x9c, 0x2, 0x3e,
    0xf5, 0x0, 0x84, 0x40, 0x11, 0x1b, 0x88, 0x9c,
    0x80, 0x3f, 0xea, 0x20, 0x48,

    /* U+004E "N" */
    0x8, 0xef, 0xe9, 0x0, 0xf8, 0x6f, 0xf9, 0x80,
    0xdc, 0x40, 0x5a, 0xc0, 0x3d, 0x8, 0x3, 0x22,
    0xa0, 0x1c, 0x88, 0x0, 0xe5, 0x0, 0xca, 0x1,
    0xf4, 0x0, 0x7f, 0x84, 0x3, 0xe3, 0x40, 0xf,
    0xfe, 0x34, 0x0, 0x7f, 0xf1, 0x8d, 0x40, 0x3f,
    0xf8, 0x4a, 0x1, 0x48, 0x7, 0xff, 0xb, 0xc0,
    0x23, 0x50, 0xf, 0xfe, 0x8, 0xa0, 0x5, 0x0,
    0x7, 0x0, 0xff, 0xf, 0x80, 0x44, 0x80, 0x20,
    0x1f, 0xe2, 0x42, 0x0, 0xa0, 0xc, 0x3, 0xfd,
    0xe1, 0x0, 0x11, 0x9b, 0x80, 0x3f, 0xc2, 0xa,
    0x40, 0x14, 0x90, 0x7, 0xf8, 0xc0, 0x16, 0x1,
    0x28, 0x7, 0xff, 0x9, 0x88, 0x2, 0xf0, 0xf,
    0xf0, 0x80, 0x56, 0x1, 0x28, 0x7, 0xff, 0x9,
    0x88, 0x3, 0xff, 0x8d, 0x60, 0x1f, 0xfc, 0x66,
    0x10, 0xf, 0xfe, 0x0, 0x80, 0x74, 0x0, 0x78,
    0x54, 0x3, 0x68, 0x7, 0x31, 0x0, 0x72, 0x9b,
    0x88, 0x2b, 0x80, 0x7b, 0x14, 0x0, 0x32, 0x20,

    /* U+004F "O" */
    0x0, 0xf1, 0xc6, 0x77, 0xfb, 0x69, 0x80, 0x3f,
    0xe1, 0xac, 0x73, 0x10, 0x1, 0x2c, 0xf3, 0x0,
    0x7e, 0x3f, 0x50, 0xf, 0xe1, 0x9a, 0x0, 0xf0,
    0xe8, 0x80, 0x7f, 0xf0, 0x16, 0x40, 0x3a, 0x84,
    0x3, 0x84, 0xcc, 0x1, 0xe6, 0x40, 0x9, 0x10,
    0x1, 0xd5, 0xd9, 0x8e, 0x50, 0xe, 0x80, 0xb,
    0x80, 0x3a, 0x94, 0x2, 0x1a, 0x40, 0xc, 0x66,
    0x0, 0x28, 0x6, 0x35, 0x0, 0xf4, 0x80, 0x75,
    0x81, 0x0, 0x75, 0x0, 0x7c, 0x46, 0x1, 0x8c,
    0x18, 0x3, 0x94, 0x3, 0xf2, 0x80, 0x65, 0x2,
    0x0, 0xe2, 0x0, 0xfd, 0xc0, 0x18, 0x40, 0x3e,
    0x10, 0xf, 0xfe, 0x19, 0x80, 0x70, 0x80, 0x7e,
    0xf0, 0xf, 0x8, 0x7, 0x10, 0x7, 0xe2, 0x0,
    0xc4, 0xc, 0x1, 0xc8, 0x1, 0xf9, 0xc0, 0x33,
    0x1, 0x8, 0x6, 0xa0, 0xf, 0x90, 0x80, 0x36,
    0x0, 0x1c, 0x3, 0x13, 0x80, 0x7a, 0x40, 0x39,
    0x40, 0x16, 0x1, 0xd0, 0xe0, 0x11, 0x61, 0x0,
    0x64, 0x20, 0x1, 0x28, 0x7, 0x47, 0xe6, 0xe8,
    0xc0, 0x3a, 0x0, 0x35, 0x10, 0x7, 0x8c, 0x80,
    0x3d, 0x6, 0x1, 0xd8, 0x40, 0x1f, 0xfc, 0x7,
    0x70, 0x7, 0x87, 0x18, 0x3, 0xf8, 0x6a, 0x0,
    0x3f, 0xc, 0xec, 0x18, 0x80, 0x9, 0x6b, 0x94,
    0x3, 0x80,

    /* U+0050 "P" */
    0x8, 0xef, 0xff, 0xb6, 0xd8, 0x40, 0x31, 0xb8,
    0x80, 0x7c, 0x49, 0x3d, 0x0, 0x12, 0x80, 0x7f,
    0xf0, 0x5e, 0x80, 0x3f, 0xf8, 0xaa, 0xc0, 0x1f,
    0x4c, 0xd0, 0x80, 0x1d, 0x60, 0x1f, 0x33, 0x4f,
    0x72, 0x1, 0x88, 0x80, 0x1f, 0xf3, 0x8, 0x6,
    0x60, 0xf, 0xfe, 0x1, 0x80, 0x61, 0x0, 0xff,
    0xe0, 0x10, 0x6, 0x10, 0xf, 0xf9, 0x80, 0x39,
    0x80, 0x3f, 0x89, 0xe4, 0x3, 0x11, 0x0, 0x3d,
    0xff, 0x6c, 0x0, 0x74, 0x0, 0x7f, 0xf1, 0x15,
    0x40, 0x1f, 0xfc, 0x36, 0xa0, 0xf, 0xfe, 0x12,
    0x64, 0x80, 0x7f, 0x55, 0x57, 0x9f, 0x66, 0x1,
    0xfe, 0x55, 0x90, 0xc0, 0x3f, 0xfe, 0xc2, 0x1,
    0xff, 0xc0, 0x50, 0xc, 0x40, 0x1f, 0xfc, 0x3,
    0x71, 0x3, 0xe0, 0xf, 0xfe, 0x0,

    /* U+0051 "Q" */
    0x0, 0xf1, 0x3e, 0x77, 0xf6, 0xd2, 0x80, 0x7f,
    0xf0, 0x6, 0x76, 0xc, 0x40, 0x49, 0x6b, 0x94,
    0x3, 0xf8, 0xb1, 0x80, 0x3f, 0x86, 0xa0, 0x3,
    0xf7, 0x90, 0x7, 0xff, 0x1, 0xdc, 0x1, 0xea,
    0x20, 0xe, 0x13, 0x30, 0x7, 0xa0, 0xc0, 0x31,
    0x28, 0x7, 0x4f, 0x66, 0x39, 0x0, 0x3a, 0x0,
    0x35, 0x80, 0x74, 0xb0, 0x4, 0x36, 0x60, 0x19,
    0x8, 0x2, 0x70, 0xc, 0x4c, 0x1, 0xe8, 0x0,
    0xe5, 0x0, 0x8, 0x80, 0x35, 0x0, 0x7c, 0x82,
    0x1, 0xb4, 0x0, 0xa0, 0x1c, 0x80, 0x1f, 0x90,
    0x3, 0x38, 0x0, 0x40, 0x38, 0x80, 0x3f, 0x10,
    0x6, 0x30, 0x1, 0x80, 0x7f, 0xf0, 0xbc, 0x3,
    0x8, 0x7, 0xff, 0x34, 0xc0, 0x38, 0xc0, 0x3f,
    0x78, 0x6, 0x10, 0x3, 0x0, 0x73, 0x0, 0x7e,
    0x20, 0xc, 0x40, 0x3, 0x0, 0xe3, 0x0, 0xfc,
    0x80, 0x19, 0x80, 0x23, 0x0, 0xd4, 0x1, 0xf2,
    0x8, 0x6, 0xc0, 0xa, 0xc0, 0x31, 0x30, 0x7,
    0xa0, 0x3, 0x9c, 0x2, 0x60, 0xe, 0x95, 0x0,
    0xd4, 0x60, 0x19, 0x84, 0x2, 0x18, 0x0, 0xea,
    0xda, 0xa7, 0xa8, 0x7, 0x40, 0x7, 0x3a, 0x0,
    0x71, 0x2a, 0x80, 0x3d, 0x42, 0x1, 0xea, 0x30,
    0xf, 0xfe, 0x4, 0xa8, 0x7, 0xc3, 0x8e, 0x1,
    0xfc, 0x58, 0xc0, 0x1f, 0xe8, 0xe8, 0x10, 0xe,
    0x9d, 0x30, 0xf, 0xfe, 0x0, 0xbd, 0x0, 0x75,
    0x98, 0x7, 0xff, 0xd, 0x14, 0x3, 0x16, 0x5b,
    0xb3, 0x1c, 0x40, 0x3f, 0xd6, 0x40, 0x1c, 0x91,
    0x32, 0x8b, 0x0, 0xff, 0xe, 0x18, 0x7, 0xf2,
    0x88, 0x7, 0xf8, 0x72, 0x0, 0x3f, 0x94, 0x3,
    0xff, 0x80, 0xff, 0x2a, 0x40, 0x11, 0x32, 0x0,

    /* U+0052 "R" */
    0x8, 0xef, 0xff, 0xba, 0xe0, 0xc0, 0x38, 0xdc,
    0x40, 0x3e, 0x14, 0x7c, 0xb1, 0x0, 0x94, 0x3,
    0xff, 0x82, 0x98, 0x20, 0x1f, 0xfc, 0x52, 0x80,
    0xf, 0xd3, 0x34, 0x20, 0x7, 0x30, 0x80, 0x7c,
    0xcd, 0x3d, 0xd8, 0x3, 0x90, 0x3, 0xff, 0x80,
    0x84, 0x1, 0x8c, 0x3, 0xff, 0x82, 0x20, 0x18,
    0x40, 0x3f, 0xf8, 0x24, 0x1, 0x84, 0x3, 0xff,
    0x81, 0x2, 0x1, 0x94, 0x3, 0xe5, 0x53, 0x3e,
    0x38, 0x6, 0x13, 0x0, 0xfa, 0xa9, 0x30, 0x60,
    0x1d, 0x20, 0x1f, 0xfc, 0x55, 0x70, 0xf, 0xfe,
    0x24, 0x50, 0x7, 0xff, 0x10, 0x5c, 0x3, 0xfd,
    0xfe, 0xb0, 0xc, 0x2e, 0x1, 0xff, 0xc0, 0x44,
    0x0, 0x68, 0x10, 0xf, 0xfe, 0x4, 0x80, 0x74,
    0x0, 0x7f, 0xf0, 0x9, 0x40, 0x33, 0x10, 0x7,
    0xff, 0x2, 0x0, 0x3a, 0x40, 0x3e, 0x10, 0xc,
    0x4a, 0x1, 0x90, 0xc1, 0x40, 0x31, 0x0, 0x75,
    0x80, 0x75, 0x1, 0xb8, 0x81, 0xf0, 0x7, 0xe,
    0x18, 0x0, 0x70, 0x0,

    /* U+0053 "S" */
    0x0, 0xe5, 0xad, 0xff, 0x6d, 0x28, 0x7, 0xe3,
    0xda, 0x52, 0x0, 0x12, 0xd7, 0xc0, 0x7, 0x26,
    0x10, 0x7, 0xf3, 0xe0, 0x4, 0x36, 0x1, 0xff,
    0xc0, 0x20, 0xa, 0x0, 0x3c, 0x68, 0x62, 0x1,
    0x40, 0x4, 0x80, 0x18, 0xbb, 0x2f, 0x3a, 0x56,
    0x98, 0x2, 0x20, 0xc, 0xa2, 0x1, 0x9a, 0x94,
    0x3, 0x8, 0x6, 0x41, 0x0, 0xff, 0x90, 0x3,
    0x1f, 0x51, 0x80, 0x7f, 0x70, 0x7, 0x97, 0x30,
    0xa0, 0x1f, 0x23, 0x0, 0x7c, 0x75, 0xd2, 0x20,
    0x1d, 0x2a, 0x1, 0xf8, 0x5b, 0x90, 0x3, 0xaa,
    0xd4, 0x3, 0xfa, 0xc8, 0x3, 0x92, 0xba, 0x8,
    0x3, 0xeb, 0x0, 0xf8, 0x5f, 0x6c, 0xc0, 0x39,
    0x0, 0x3f, 0xc9, 0x88, 0x1, 0x88, 0x2, 0x29,
    0x20, 0xf, 0x18, 0x7, 0xc5, 0x8d, 0xb2, 0x60,
    0x11, 0x28, 0x6, 0x20, 0x7, 0x88, 0x1, 0xb3,
    0xb3, 0x74, 0x40, 0x19, 0x41, 0x8, 0x3, 0x84,
    0xc8, 0x3, 0x86, 0x41, 0x48, 0x3, 0xff, 0x83,
    0xa2, 0x3, 0xb0, 0x20, 0x1f, 0xc7, 0xa6, 0x1,
    0x9f, 0xad, 0xcc, 0x40, 0x49, 0xaf, 0x8, 0x2,

    /* U+0054 "T" */
    0x5, 0xdf, 0xff, 0xfe, 0xf, 0x38, 0x2, 0x88,
    0x3, 0xff, 0x82, 0x30, 0x42, 0x1, 0xff, 0xc5,
    0x61, 0x20, 0xf, 0xfe, 0x22, 0x86, 0x43, 0x34,
    0xa0, 0x1c, 0x8c, 0xd3, 0xe8, 0x80, 0xbc, 0xcd,
    0x60, 0x1d, 0xf3, 0x34, 0x10, 0x7, 0xff, 0xfc,
    0x3, 0xff, 0xfe, 0x1, 0xff, 0xff, 0x0, 0xff,
    0xf5, 0x38, 0x7, 0xff, 0x0, 0x44, 0x1, 0x88,
    0x3, 0xff, 0x83, 0x44, 0x3, 0x22, 0x1, 0xe0,

    /* U+0055 "U" */
    0x9, 0xef, 0xb1, 0x0, 0xf8, 0x6f, 0xfa, 0x1,
    0x58, 0x41, 0x20, 0x3, 0xe9, 0x40, 0x17, 0x4d,
    0x0, 0xca, 0x1, 0xf1, 0x0, 0x62, 0x0, 0xff,
    0xe0, 0x88, 0x6, 0x10, 0xf, 0xff, 0xf8, 0x7,
    0xff, 0xfc, 0x3, 0xff, 0x90, 0x3e, 0x1, 0x84,
    0x3, 0xff, 0x80, 0x62, 0x1, 0x8c, 0x3, 0xe6,
    0x0, 0xc2, 0xa0, 0x18, 0x48, 0x3, 0x84, 0x80,
    0x33, 0x18, 0x7, 0x28, 0x7, 0x30, 0x7, 0x10,
    0x18, 0x6, 0x85, 0x0, 0x96, 0x0, 0x32, 0x80,
    0x24, 0x3, 0xab, 0xb3, 0xa8, 0x3, 0xb8, 0x0,
    0xa6, 0x1, 0xc2, 0x62, 0x1, 0xc6, 0x80, 0x17,
    0x8, 0x7, 0xfc, 0x3c, 0x1, 0x8b, 0xc, 0x3,
    0xf8, 0xfc, 0x80, 0x38, 0xb2, 0xd8, 0x84, 0x4,
    0x9a, 0xf0, 0x40, 0x20,

    /* U+0056 "V" */
    0x0, 0xff, 0xe5, 0x1e, 0xff, 0x50, 0x7, 0xf4,
    0xff, 0xa8, 0x2, 0xa2, 0x1, 0x59, 0x0, 0xf8,
    0xd8, 0x0, 0xb2, 0x0, 0x10, 0xc, 0xc0, 0x1f,
    0x20, 0x6, 0x20, 0x6, 0x0, 0x71, 0x80, 0x7b,
    0x0, 0x31, 0x80, 0x10, 0x3, 0x90, 0x3, 0xc8,
    0x1, 0xac, 0x2, 0x50, 0xd, 0x80, 0x1c, 0x60,
    0x18, 0x4c, 0x2, 0xc0, 0xc, 0x80, 0x1c, 0x80,
    0x19, 0x0, 0x33, 0x80, 0x71, 0x80, 0x6d, 0x0,
    0xde, 0x1, 0x84, 0xc0, 0x32, 0x0, 0x64, 0x0,
    0xc8, 0x1, 0xc8, 0x1, 0xb4, 0x2, 0x21, 0x0,
    0x8c, 0x40, 0x3a, 0xc0, 0x32, 0x0, 0x48, 0x1,
    0x90, 0x3, 0xc6, 0x20, 0x10, 0x90, 0x3, 0x0,
    0x35, 0x80, 0x7c, 0x80, 0x19, 0x0, 0xe, 0x1,
    0x9, 0x80, 0x7d, 0xe0, 0x1b, 0x0, 0x48, 0x2,
    0x40, 0xf, 0xc8, 0x1, 0x9c, 0x10, 0x3, 0x78,
    0x7, 0xe1, 0x30, 0x8, 0x87, 0x0, 0x32, 0x0,
    0x7f, 0x58, 0x6, 0x44, 0x0, 0x46, 0x20, 0x1f,
    0xca, 0x1, 0xb8, 0x80, 0x2b, 0x0, 0xff, 0x10,
    0x80, 0x48, 0x1, 0x94, 0x3, 0xfe, 0x70, 0xf,
    0x84, 0x80, 0x3f, 0xed, 0x0, 0xf9, 0xc0, 0x3f,
    0xf8, 0x8, 0x40, 0x1e, 0xa0, 0xf, 0xfe, 0xf,
    0x98, 0x4, 0x54, 0x60, 0x1e,

    /* U+0057 "W" */
    0x0, 0xff, 0xe8, 0x9d, 0xff, 0x28, 0x7, 0x9b,
    0xbe, 0x84, 0x3, 0x86, 0xff, 0x10, 0x1, 0xa8,
    0x3, 0x40, 0x1c, 0x72, 0x20, 0xb0, 0x1, 0xd2,
    0x80, 0x76, 0x0, 0x10, 0xc, 0x60, 0x1a, 0xc0,
    0x33, 0x0, 0x72, 0x0, 0x61, 0x1, 0x0, 0xcc,
    0x1, 0x90, 0x3, 0x88, 0x3, 0x10, 0x6, 0x10,
    0x20, 0xc, 0x40, 0x18, 0xc0, 0x39, 0x0, 0x30,
    0x80, 0x44, 0x0, 0x50, 0xd, 0xa0, 0x11, 0x0,
    0x7b, 0xc0, 0x23, 0x0, 0xce, 0x0, 0xf0, 0xc,
    0xc0, 0x12, 0x0, 0x79, 0x40, 0x26, 0x0, 0xc4,
    0x0, 0x50, 0xc, 0x40, 0x17, 0x80, 0x78, 0xc0,
    0x22, 0x0, 0xda, 0x0, 0x30, 0xc, 0x20, 0x12,
    0x80, 0x8, 0xc0, 0x23, 0x0, 0x70, 0x6, 0x70,
    0x8, 0x40, 0x31, 0x0, 0xc, 0x0, 0xea, 0x1,
    0x28, 0x0, 0x80, 0x31, 0x0, 0x4a, 0x1, 0x98,
    0xc, 0x2, 0xde, 0x0, 0xbc, 0x0, 0xc0, 0x11,
    0x0, 0x63, 0x0, 0xc4, 0xa, 0x1, 0x19, 0x80,
    0x25, 0x0, 0x10, 0x4, 0xe0, 0x1b, 0x40, 0x37,
    0x7, 0x80, 0x4a, 0xa0, 0x8, 0xc0, 0x40, 0x31,
    0x0, 0x67, 0x0, 0xc4, 0xa, 0x0, 0x11, 0xc0,
    0x11, 0x90, 0x6, 0xd0, 0xc, 0x40, 0x19, 0x80,
    0xc0, 0xa, 0x0, 0x50, 0x9, 0x58, 0x3, 0x38,
    0x7, 0x10, 0x4, 0x46, 0x1, 0x18, 0x0, 0xc0,
    0x2f, 0x20, 0xc, 0x40, 0x1c, 0xe0, 0x10, 0xa0,
    0x5, 0xa0, 0xd, 0x0, 0x93, 0x80, 0x22, 0x0,
    0xf6, 0x80, 0x6a, 0x0, 0x9c, 0x0, 0xe0, 0x11,
    0x20, 0x4, 0xe0, 0x1e, 0x30, 0xc, 0x40, 0x11,
    0x0, 0x8, 0x40, 0x22, 0x0, 0x88, 0x3, 0xca,
    0x1, 0xf1, 0x80, 0x65, 0x0, 0xfb, 0x40, 0x3c,
    0x22, 0x0, 0xf2, 0x80, 0x63, 0x0, 0xf9, 0xc0,
    0x3e, 0x70, 0xf, 0x68, 0x6, 0xa0, 0xf, 0x11,
    0x0, 0x3e, 0x85, 0x0, 0x86, 0x50, 0x3, 0x15,
    0x10, 0x4, 0x7e, 0x1, 0x80,

    /* U+0058 "X" */
    0x1, 0xdf, 0xf6, 0xa8, 0x7, 0x97, 0x7f, 0xd4,
    0x1, 0x29, 0x0, 0xa, 0x90, 0x3, 0x1d, 0x10,
    0x1, 0x40, 0x24, 0x10, 0xd, 0x0, 0x1a, 0x0,
    0x32, 0x80, 0x69, 0x0, 0xc6, 0x60, 0x0, 0xa0,
    0x6, 0x90, 0xc, 0xe2, 0x1, 0xa4, 0x1, 0x20,
    0x19, 0x4c, 0x3, 0xa0, 0x3, 0x28, 0x83, 0x0,
    0x68, 0x0, 0xf3, 0x8, 0x6, 0x94, 0x10, 0x9,
    0x48, 0x3, 0xe8, 0x0, 0xcd, 0xc0, 0x1a, 0x0,
    0x3f, 0x31, 0x0, 0x42, 0xa0, 0x12, 0x90, 0x7,
    0xf4, 0x0, 0x7e, 0x80, 0xf, 0xf2, 0x90, 0x7,
    0x94, 0x80, 0x3f, 0xe6, 0x0, 0xf6, 0x0, 0x7f,
    0xc4, 0x80, 0x1e, 0xa0, 0xf, 0xfa, 0x40, 0x3e,
    0x34, 0x0, 0xfe, 0x34, 0x0, 0x84, 0x3, 0x48,
    0x7, 0xf4, 0x0, 0x6d, 0x10, 0x8, 0x94, 0x3,
    0xe3, 0x40, 0x8, 0xcc, 0xc0, 0x1a, 0x0, 0x3e,
    0xf0, 0xd, 0x21, 0x20, 0x18, 0x98, 0x3, 0x90,
    0xc0, 0x21, 0x50, 0x15, 0x0, 0xd0, 0x1, 0xd0,
    0x1, 0x98, 0x2, 0x80, 0xc, 0x2e, 0x1, 0x21,
    0x80, 0x6a, 0x0, 0x89, 0x0, 0x34, 0x80, 0x5c,
    0x1, 0x98, 0x80, 0x34, 0x0, 0x61, 0x50, 0x7,
    0x88, 0xb, 0x48, 0x7, 0x1d, 0x90, 0x0, 0x9c,
    0x0,

    /* U+0059 "Y" */
    0x0, 0xff, 0xe1, 0x90, 0x7, 0xe, 0x7f, 0xac,
    0x80, 0x3c, 0x3d, 0xbc, 0xa0, 0x12, 0x18, 0x1,
    0x3c, 0x3, 0xd0, 0x20, 0x34, 0x20, 0x4, 0x0,
    0xc4, 0xa0, 0x1c, 0xe0, 0x18, 0x80, 0x2, 0x80,
    0x1b, 0xc0, 0x32, 0x88, 0x4, 0x26, 0x1, 0x40,
    0x6, 0x50, 0xd, 0xc0, 0x1a, 0x40, 0x31, 0x98,
    0x3, 0x30, 0x0, 0x50, 0x3, 0x30, 0x7, 0x48,
    0x6, 0xd0, 0x3, 0x80, 0x66, 0x10, 0xe, 0x52,
    0x0, 0x90, 0x42, 0x80, 0x35, 0x80, 0x7d, 0x60,
    0x19, 0x88, 0xc0, 0x25, 0x20, 0xf, 0x98, 0x40,
    0x2b, 0xa0, 0xd, 0x20, 0x1f, 0xcc, 0x1, 0x1b,
    0x80, 0x46, 0x60, 0xf, 0xe9, 0x0, 0xfd, 0x20,
    0x1f, 0xe1, 0x60, 0xf, 0x12, 0x80, 0x7f, 0xd6,
    0x1, 0xeb, 0x0, 0xff, 0xe0, 0x11, 0x80, 0x73,
    0x0, 0x7f, 0xf0, 0x54, 0x3, 0x10, 0x7, 0xff,
    0x8, 0x40, 0x30, 0x80, 0x7f, 0xff, 0xc0, 0x3f,
    0xf8, 0xfa, 0x1, 0x94, 0x3, 0xff, 0x84, 0xac,
    0x20, 0x90, 0x1, 0xf0,

    /* U+005A "Z" */
    0x3, 0xcf, 0xff, 0xfe, 0x5, 0x0, 0x3c, 0xc0,
    0x3f, 0xf8, 0xa, 0xa0, 0x10, 0xf, 0xfe, 0x10,
    0x83, 0x80, 0x7f, 0xf0, 0x94, 0x2a, 0x15, 0x7c,
    0x60, 0x1c, 0xc2, 0x0, 0x7a, 0xaf, 0x0, 0x70,
    0xc0, 0x7, 0xf3, 0x98, 0x6, 0x81, 0x0, 0xfc,
    0x50, 0x1, 0x91, 0x80, 0x3f, 0xa4, 0x3, 0xa4,
    0x3, 0xf9, 0x50, 0x3, 0x41, 0x0, 0x7e, 0x1b,
    0x0, 0xc4, 0xe0, 0x1f, 0xd6, 0x20, 0x1b, 0x80,
    0x3f, 0x91, 0x40, 0x33, 0x98, 0x7, 0xf4, 0x80,
    0x61, 0x80, 0xf, 0xe8, 0x20, 0xd, 0x40, 0x1f,
    0xc6, 0xe0, 0x19, 0x50, 0x3, 0xfb, 0xc0, 0x30,
    0xd8, 0x7, 0xf3, 0x98, 0x6, 0xb1, 0x0, 0xfc,
    0x30, 0x1, 0xdd, 0x77, 0xd5, 0x28, 0xc, 0x1,
    0xe4, 0x4f, 0x2b, 0x59, 0xe0, 0x7, 0xff, 0xd,
    0x1c, 0x3, 0xff, 0x86, 0x50, 0x40, 0x1f, 0xfc,
    0x1, 0x65,

    /* U+005B "[" */
    0x3, 0xdf, 0xfd, 0x40, 0xe, 0x20, 0xc, 0xa8,
    0x4, 0x1, 0x9, 0x32, 0x0, 0x77, 0x6c, 0x80,
    0x7f, 0xff, 0xc0, 0x3f, 0xff, 0xe0, 0x1f, 0xff,
    0x3e, 0xd9, 0x0, 0x10, 0x4, 0x24, 0xc8, 0x1c,
    0x40, 0x19, 0x50,

    /* U+005C "\\" */
    0x0, 0x8, 0x7, 0xe2, 0xee, 0x20, 0x7, 0xc8,
    0x21, 0x0, 0x1f, 0x18, 0x0, 0xc0, 0x3e, 0x70,
    0x9, 0x0, 0x3c, 0x40, 0x11, 0x80, 0x7c, 0x80,
    0xc, 0x0, 0xf8, 0xc0, 0xa, 0x1, 0xf6, 0x0,
    0x4, 0x40, 0x1e, 0x50, 0x9, 0x0, 0x3c, 0x22,
    0x0, 0x68, 0x7, 0xc8, 0x0, 0x40, 0xf, 0xb4,
    0x0, 0x60, 0x1f, 0x20, 0x4, 0x60, 0x1e, 0x30,
    0x9, 0x40, 0x3e, 0x30, 0x7, 0x80, 0x7c, 0xa0,
    0x4, 0x0, 0xfb, 0x0, 0x4, 0x1, 0xf3, 0x80,
    0x48, 0x1, 0xe2, 0x10, 0x1, 0x80, 0x7c, 0xa0,
    0xc, 0x0, 0xf8, 0xc0, 0xa, 0x1, 0xf6, 0x0,
    0x4, 0x80, 0x3c, 0xa0, 0x13, 0x80, 0x78, 0x48,
    0x1, 0xa0, 0x1f, 0x38, 0x1, 0x0, 0x3e, 0xd0,
    0x1, 0x80, 0x7c, 0x80, 0x11, 0x80, 0x78, 0xc0,
    0x25, 0x0, 0xf8, 0xc0, 0x1c, 0x1, 0xf5, 0x80,
    0x3c, 0x3, 0xe7, 0x73, 0x38, 0x7, 0xe8, 0x90,
    0x0,

    /* U+005D "]" */
    0xa, 0xff, 0xda, 0x60, 0x8a, 0x1, 0x8b, 0x81,
    0x18, 0x84, 0x2, 0x20, 0x4, 0xef, 0x0, 0x7f,
    0xff, 0xc0, 0x3f, 0xff, 0xe0, 0x1f, 0xff, 0x39,
    0xde, 0x0, 0xe4, 0x62, 0x10, 0x8, 0x81, 0x10,
    0x1, 0x8b, 0x80,

    /* U+005E "^" */
    0x0, 0xf4, 0x77, 0xd0, 0x80, 0x7f, 0x9d, 0xc2,
    0xb, 0xa0, 0x1f, 0xe9, 0x0, 0xc6, 0x60, 0xf,
    0xca, 0x20, 0x1d, 0x40, 0x1f, 0xb8, 0x3, 0xcc,
    0x1, 0xf0, 0xa0, 0x0, 0x54, 0x2, 0x50, 0xf,
    0x30, 0x4, 0xdc, 0x1, 0x70, 0x7, 0xa8, 0x2,
    0xb4, 0x10, 0x2, 0x8, 0x6, 0x32, 0x0, 0x9,
    0x82, 0x0, 0x4c, 0x1, 0xa8, 0x2, 0x70, 0x7,
    0x0, 0x54, 0x1, 0x98, 0x2, 0xa0, 0x2, 0x0,
    0x44, 0x60, 0x4, 0x0, 0x84, 0xc0, 0x25, 0x0,
    0xac, 0x0, 0x20, 0x13, 0x0, 0x6e, 0x0, 0x84,
    0x0, 0xa6, 0x5, 0x20, 0x19, 0x14, 0x6, 0xc0,
    0x2c, 0xed, 0x10, 0xe, 0xae, 0xe1, 0x0,

    /* U+005F "_" */
    0x0, 0xff, 0xe2, 0x96, 0xff, 0xff, 0xf0, 0x75,
    0x28, 0x80, 0x3f, 0xf8, 0x25, 0xd4, 0x60, 0x1f,
    0xfc, 0x12, 0xe0,

    /* U+0060 "`" */
    0x0, 0xff, 0xe0, 0x89, 0x80, 0x7c, 0x7f, 0x98,
    0x10, 0xe, 0xd1, 0x3, 0xd0, 0xe, 0x10, 0x8,
    0xe4, 0x3, 0x30, 0x6, 0x65, 0x0, 0xa5, 0x80,
    0x35, 0x80, 0x69, 0x80, 0x8, 0x40, 0x39, 0xe8,
    0x42, 0x0, 0x3c, 0xbd, 0xc7, 0x0,

    /* U+0061 "a" */
    0x0, 0x8a, 0x33, 0xbf, 0xdd, 0x6c, 0x1, 0xe8,
    0xd7, 0x31, 0x0, 0xa, 0x4e, 0x90, 0x4, 0x8e,
    0x1, 0xfc, 0x5e, 0x1, 0x8, 0x7, 0xfc, 0x4c,
    0x0, 0x53, 0x2, 0x79, 0x93, 0x0, 0x75, 0x0,
    0x59, 0xdb, 0xc, 0xc9, 0x90, 0x6, 0x30, 0xc,
    0x20, 0x10, 0xa0, 0x80, 0x71, 0x0, 0x64, 0xae,
    0xe5, 0xc0, 0x7, 0x8, 0x1, 0x36, 0xd4, 0x40,
    0x3f, 0xcb, 0x64, 0x1, 0xc4, 0x1, 0xe1, 0xa0,
    0xc, 0x99, 0xf8, 0x1, 0xe7, 0x0, 0xc9, 0x66,
    0x1, 0xfb, 0x80, 0x31, 0x80, 0x48, 0x1, 0xff,
    0x33, 0x12, 0x28, 0x3, 0xda, 0x1, 0x86, 0x6d,
    0xc0, 0x3e, 0x51, 0x0, 0xff, 0xe0, 0x88, 0x68,
    0x7, 0xcd, 0x60, 0x10, 0x90, 0x1e, 0xa8, 0x80,
    0xad, 0xca, 0x41, 0xae, 0x80, 0x45, 0x5d, 0xfd,
    0x48, 0x0, 0x7c, 0xa3, 0x0,

    /* U+0062 "b" */
    0x2b, 0xfe, 0x80, 0xf, 0xfe, 0x4, 0x20, 0xb,
    0xa0, 0x7, 0xfc, 0xe0, 0x18, 0xc0, 0x3f, 0xf8,
    0x9e, 0x1, 0xff, 0xc4, 0xf0, 0xf, 0xff, 0x30,
    0x8a, 0x37, 0xfa, 0xd4, 0x3, 0xfb, 0xfc, 0xe4,
    0x2, 0x95, 0x60, 0x1f, 0x98, 0x40, 0x3c, 0x94,
    0x1, 0xff, 0xc4, 0x54, 0x0, 0xf8, 0x59, 0xc8,
    0x3, 0xa0, 0x3, 0xc5, 0xf3, 0x1a, 0x60, 0x18,
    0xc4, 0x3, 0x94, 0x40, 0x29, 0x0, 0xe5, 0x0,
    0xff, 0x38, 0x7, 0x10, 0x7, 0xf8, 0x80, 0x3f,
    0xfa, 0xa2, 0x1, 0xc6, 0x1, 0xfe, 0x50, 0xe,
    0x70, 0xe, 0x30, 0x8, 0x68, 0x3, 0x9, 0x0,
    0x72, 0x64, 0xcb, 0x4, 0x3, 0x48, 0x7, 0xc6,
    0xcc, 0x20, 0xc, 0x2c, 0x2, 0x1, 0x8, 0x7,
    0xf5, 0x8, 0x28, 0x5, 0x34, 0x1, 0xf5, 0xa0,
    0x2, 0x58, 0xd9, 0xd7, 0x14, 0x40, 0x9f, 0x90,
    0x3, 0x4e, 0x48, 0x0, 0xeb, 0xbf, 0x60, 0x40,
    0x30,

    /* U+0063 "c" */
    0x0, 0xe4, 0x9d, 0xff, 0xba, 0x0, 0x38, 0xb2,
    0xd8, 0x80, 0x21, 0x74, 0x0, 0x93, 0x4c, 0x3,
    0xf1, 0x0, 0xa, 0x80, 0x3f, 0x85, 0xc0, 0x12,
    0x20, 0x18, 0x5a, 0x14, 0xb4, 0x40, 0x90, 0x3,
    0x1f, 0xcb, 0xd6, 0x98, 0x1, 0x40, 0x3b, 0x84,
    0x3, 0xed, 0x0, 0xc4, 0x40, 0xf, 0xcc, 0x1,
    0x9c, 0x3, 0xff, 0x84, 0x20, 0x1f, 0xcc, 0x1,
    0x98, 0x3, 0xf8, 0x80, 0x31, 0x18, 0x7, 0xeb,
    0x0, 0xee, 0x10, 0xf, 0x8c, 0xc0, 0x18, 0xbe,
    0x5e, 0x7e, 0xc0, 0x2f, 0x0, 0xe1, 0x68, 0x60,
    0x48, 0x0, 0x1c, 0x80, 0x7f, 0x90, 0x2, 0x6a,
    0x10, 0xf, 0xd4, 0x1, 0x97, 0xa1, 0x4, 0x0,
    0x27, 0xc, 0x0,

    /* U+0064 "d" */
    0x0, 0xff, 0x86, 0xff, 0xd4, 0x1, 0xff, 0xc0,
    0x94, 0x0, 0x2b, 0x0, 0x7f, 0xc6, 0x1, 0xbc,
    0x3, 0xff, 0xe4, 0x20, 0x1f, 0xc9, 0x5d, 0xfb,
    0x22, 0x1, 0xfd, 0x36, 0xa2, 0x4, 0xde, 0x20,
    0x1f, 0x4b, 0x0, 0x78, 0x50, 0x3, 0xc8, 0xc0,
    0x1f, 0xfc, 0x38, 0x0, 0xe3, 0x86, 0x10, 0xf,
    0x19, 0x80, 0x32, 0x63, 0xcf, 0x8, 0x7, 0x28,
    0x7, 0x40, 0x6, 0x50, 0xe, 0xf0, 0xe, 0x30,
    0xf, 0xf1, 0x80, 0x62, 0x0, 0xff, 0xe2, 0x8,
    0x7, 0xfc, 0x60, 0x18, 0x80, 0x3f, 0xee, 0x0,
    0xc2, 0x40, 0x19, 0xc0, 0x38, 0xc0, 0x3a, 0x0,
    0x21, 0x30, 0xe, 0x41, 0x0, 0xcb, 0x91, 0x3e,
    0x1, 0xf4, 0x80, 0x71, 0xbb, 0x8, 0x7, 0xce,
    0x40, 0x1f, 0xfc, 0x11, 0x0, 0x61, 0x80, 0x78,
    0x70, 0x40, 0x2d, 0x0, 0xe, 0x49, 0x88, 0x13,
    0xf9, 0xea, 0x1c, 0xa8, 0x6, 0x6c, 0xef, 0xd8,
    0x10, 0x3b, 0xc6, 0x0,

    /* U+0065 "e" */
    0x0, 0xe7, 0xce, 0xfe, 0xa5, 0x0, 0xf9, 0x3a,
    0xc, 0x40, 0x56, 0xb0, 0x40, 0x32, 0xd8, 0x80,
    0x7c, 0x78, 0x1, 0x15, 0x0, 0x7f, 0x8a, 0x0,
    0x12, 0x1, 0x8a, 0xb2, 0x44, 0x2, 0x70, 0x34,
    0x0, 0x8b, 0x54, 0xdb, 0x40, 0x32, 0x20, 0x3,
    0x58, 0x6, 0x30, 0xc, 0x7a, 0x1, 0xa7, 0xff,
    0x80, 0x37, 0x30, 0x7, 0xff, 0x4d, 0x80, 0x31,
    0xb3, 0x7e, 0x7b, 0xd0, 0xc, 0xd3, 0x3f, 0xa0,
    0x90, 0x3, 0x2a, 0x0, 0x7f, 0x19, 0x80, 0x35,
    0xd2, 0x9a, 0x3e, 0x38, 0x5, 0xe0, 0x1c, 0xb5,
    0x97, 0x7, 0x8, 0x0, 0x3a, 0x0, 0xff, 0xb8,
    0x2, 0x5b, 0x10, 0xf, 0xc3, 0xc0, 0x19, 0x3a,
    0x50, 0x40, 0x4, 0xd7, 0xc8, 0x0,

    /* U+0066 "f" */
    0x0, 0xf3, 0xe7, 0x7f, 0xb5, 0x80, 0x38, 0xba,
    0xc, 0x40, 0x5, 0xa0, 0x1d, 0xe2, 0x1, 0xec,
    0x0, 0xcc, 0x40, 0x1f, 0x30, 0x6, 0xd0, 0xe,
    0x8a, 0xb1, 0x0, 0xca, 0x1, 0x9d, 0xca, 0x80,
    0x1c, 0x20, 0x1b, 0x80, 0x3c, 0xfa, 0x1, 0xd3,
    0xd2, 0x1, 0x14, 0x10, 0x7, 0x85, 0x94, 0x0,
    0xc0, 0x1f, 0xfc, 0x14, 0x20, 0xf, 0xc4, 0x80,
    0x16, 0xe0, 0x7, 0x36, 0x68, 0x80, 0x63, 0x0,
    0xef, 0x30, 0xf, 0xff, 0xf8, 0x7, 0xff, 0xb8,
    0x40, 0x31, 0x80, 0x7e, 0x50, 0xc, 0xc0, 0x1f,
    0xa4, 0xc0, 0x60, 0xc0, 0x38,

    /* U+0067 "g" */
    0x0, 0xcd, 0x7d, 0xff, 0xfa, 0xc4, 0x0, 0x9d,
    0x28, 0x20, 0x1f, 0x92, 0x0, 0xec, 0x40, 0x3f,
    0xf8, 0x5c, 0x1, 0xc8, 0x40, 0x1e, 0x48, 0x32,
    0x0, 0xdb, 0x7a, 0xa0, 0x1a, 0xec, 0x2a, 0x1,
    0x94, 0x80, 0x12, 0x1, 0x8c, 0x3, 0xe3, 0x0,
    0x84, 0x3, 0xe5, 0x0, 0xc8, 0x1, 0x20, 0x6,
    0x20, 0x1, 0x90, 0x4, 0x56, 0xaf, 0x20, 0x19,
    0x0, 0x2e, 0x0, 0xc9, 0x50, 0x1, 0x9c, 0x40,
    0x23, 0x90, 0xf, 0xe7, 0x80, 0xc, 0x50, 0x0,
    0x11, 0x0, 0x9, 0xb2, 0x0, 0x3a, 0x44, 0x1,
    0xbd, 0xfe, 0xd9, 0x30, 0xf, 0x20, 0x5, 0x28,
    0x67, 0x11, 0x0, 0x3f, 0xcb, 0x79, 0x96, 0xeb,
    0xf5, 0xc0, 0x25, 0x0, 0xff, 0x8a, 0x34, 0x42,
    0x8c, 0x3, 0xff, 0x80, 0x50, 0x10, 0x60, 0x1f,
    0xfc, 0x17, 0x67, 0x0, 0x27, 0xff, 0xa0, 0x3,
    0xa8, 0x2, 0x20, 0xf, 0x18, 0x6, 0x21, 0x0,
    0x99, 0xc8, 0x0, 0x4d, 0x40, 0x1a, 0x90, 0x3,
    0x46, 0xff, 0xb6, 0x44, 0x2, 0x56, 0x82, 0x0,
    0xff, 0xe0, 0x3d, 0x0, 0xeb, 0x88, 0x7, 0xc2,
    0xdb, 0x0, 0x1a, 0x3b, 0x6a, 0x65, 0x57, 0xdc,
    0x92, 0x0, 0x80,

    /* U+0068 "h" */
    0x1b, 0xfe, 0x80, 0xf, 0xfa, 0xd0, 0x5, 0xd0,
    0x3, 0xfc, 0xe0, 0x18, 0xc0, 0x3f, 0xf8, 0x7e,
    0x1, 0xff, 0xc3, 0xf0, 0xf, 0xfe, 0x98, 0x80,
    0x7f, 0xf0, 0xcc, 0x12, 0xbb, 0xfa, 0x88, 0x3,
    0xf5, 0x5a, 0x88, 0xa, 0xe9, 0x80, 0x7a, 0xd4,
    0x3, 0xee, 0x0, 0xf0, 0x80, 0x7e, 0x24, 0x0,
    0xf8, 0x90, 0x40, 0x3b, 0x0, 0x3d, 0x3b, 0x7e,
    0x20, 0x18, 0x80, 0x39, 0x98, 0x0, 0x14, 0x0,
    0xc2, 0x1, 0xc2, 0x1, 0x8c, 0x3, 0x38, 0x7,
    0xff, 0xfc, 0x3, 0xff, 0xbd, 0xe0, 0x18, 0x40,
    0x33, 0xb8, 0x3, 0x18, 0x6, 0xe0, 0xc, 0x56,
    0x80, 0x2c, 0x80, 0x19, 0x98, 0x0, 0x48,

    /* U+0069 "i" */
    0x0, 0x2c, 0xc1, 0x0, 0x26, 0x99, 0xf4, 0xc1,
    0x80, 0x34, 0x88, 0x7, 0x8, 0x8c, 0x3, 0x60,
    0x72, 0x0, 0xbb, 0x80, 0xaf, 0xfa, 0x0, 0x3f,
    0x86, 0xff, 0xa0, 0x1, 0x68, 0x2, 0xe8, 0xe,
    0x1, 0x8c, 0x3, 0xde, 0x1, 0xff, 0xff, 0x0,
    0xfd, 0xe0, 0xe0, 0x18, 0xc2, 0xd0, 0x5, 0xd0,

    /* U+006A "j" */
    0x0, 0xf2, 0xcc, 0x18, 0x7, 0xa2, 0x99, 0xf1,
    0x0, 0x39, 0xc0, 0x37, 0x80, 0x7f, 0x9c, 0x3,
    0x8c, 0x3, 0x20, 0x7, 0x6a, 0x80, 0xbc, 0x0,
    0x70, 0xd7, 0xf4, 0x0, 0x7f, 0xf1, 0x46, 0xff,
    0xa4, 0x3, 0xd0, 0x80, 0x2c, 0xa0, 0x1c, 0xa0,
    0x1b, 0x40, 0x38, 0x40, 0x30, 0x80, 0x7f, 0xff,
    0xc0, 0x3f, 0xff, 0xe0, 0x10, 0x80, 0x7f, 0xf1,
    0x8, 0x3, 0x70, 0x0, 0xd6, 0xc0, 0x39, 0x40,
    0x19, 0x48, 0x1, 0x84, 0xc1, 0x80, 0x3e, 0xb0,
    0x6, 0x0, 0x79, 0xd4, 0x1, 0x82, 0x0, 0x15,
    0xc8, 0x0, 0x0,

    /* U+006B "k" */
    0x1b, 0xfe, 0x70, 0xf, 0xfe, 0x5, 0xa0, 0xc,
    0x10, 0x7, 0xfc, 0xe0, 0x19, 0xc0, 0x3f, 0xff,
    0xe0, 0x1f, 0xfc, 0x25, 0xcf, 0xf6, 0x88, 0x7,
    0xf9, 0xa8, 0xc0, 0x4, 0x1, 0xfe, 0x39, 0x0,
    0xd2, 0x20, 0x1f, 0x87, 0x40, 0x33, 0x30, 0x3,
    0xfa, 0x84, 0x2, 0x39, 0x0, 0xfe, 0x74, 0x0,
    0x87, 0x40, 0x3f, 0xbe, 0x0, 0x36, 0x88, 0x7,
    0xf2, 0x80, 0x66, 0x30, 0xf, 0xfe, 0x1b, 0x8,
    0x7, 0xff, 0x12, 0xc0, 0x3f, 0xf8, 0x8a, 0x80,
    0x1f, 0xf3, 0x0, 0x69, 0x0, 0xff, 0x5c, 0x90,
    0x4, 0x4e, 0x1, 0xf9, 0x90, 0x20, 0x3, 0x41,
    0x0, 0x7d, 0x80, 0x5, 0x30, 0xd, 0x20, 0x1f,
    0xf4, 0x0, 0x64, 0x40, 0x38, 0x6, 0x70, 0x9,
    0x14, 0x3, 0x78, 0x5a, 0x0, 0xc9, 0x0, 0x6a,
    0x71, 0x0, 0x18, 0x0,

    /* U+006C "l" */
    0x2b, 0xfe, 0x90, 0xd, 0x8, 0x2, 0xc8, 0x1,
    0x38, 0x6, 0x30, 0xf, 0xde, 0x1, 0xff, 0xff,
    0x0, 0xff, 0xfe, 0x30, 0x6, 0x57, 0x0, 0x18,
    0x6, 0x28, 0x50, 0xb0, 0xf, 0x78, 0x1b, 0x0,
    0x73, 0x0, 0x26, 0x46, 0x0, 0x2a, 0x0,

    /* U+006D "m" */
    0x8, 0xb8, 0x0, 0x96, 0xfb, 0xf6, 0x0, 0x32,
    0x5f, 0x7f, 0x59, 0x80, 0x21, 0xd1, 0xe0, 0x2a,
    0x88, 0x20, 0x4f, 0xa2, 0x13, 0x68, 0x20, 0x29,
    0xa2, 0x8, 0x1, 0x36, 0x28, 0x7, 0x8a, 0xec,
    0xc0, 0x1e, 0x1b, 0x1, 0x0, 0x84, 0xc0, 0x3f,
    0x2a, 0x0, 0x7e, 0x53, 0x0, 0xf8, 0xcc, 0x1,
    0xf8, 0x90, 0x3, 0xca, 0x1, 0xeb, 0xcc, 0x58,
    0x7, 0xab, 0x6f, 0x0, 0x38, 0x40, 0x39, 0x90,
    0x0, 0x82, 0x1, 0x95, 0x40, 0x3, 0x10, 0xd,
    0xe0, 0x1c, 0x20, 0x18, 0xc0, 0x31, 0x0, 0x62,
    0x0, 0xff, 0xff, 0x80, 0x7f, 0xff, 0xc0, 0x3f,
    0xfb, 0xde, 0x1, 0x84, 0x3, 0x78, 0x7, 0xf9,
    0xc0, 0x31, 0x80, 0x65, 0x0, 0xc4, 0x1, 0x94,
    0x3, 0x6c, 0x18, 0xb, 0x20, 0x6, 0x84, 0x1,
    0x65, 0x0, 0xd0, 0x80, 0x2c, 0xa0,

    /* U+006E "n" */
    0x8, 0xb8, 0x0, 0x96, 0xfb, 0xfa, 0x88, 0x1,
    0xe, 0x8f, 0x3, 0x74, 0x82, 0x2, 0xba, 0x60,
    0x80, 0x13, 0x62, 0x0, 0x7d, 0xc0, 0x20, 0x10,
    0x90, 0x7, 0xe2, 0x40, 0xf, 0x89, 0x4, 0x3,
    0xb0, 0x3, 0xd3, 0xb7, 0xe2, 0x1, 0x88, 0x3,
    0x99, 0x80, 0x1, 0x40, 0xc, 0x20, 0x1c, 0x20,
    0x18, 0xc0, 0x33, 0x80, 0x7f, 0xff, 0xc0, 0x3f,
    0xfb, 0xde, 0x1, 0x84, 0x3, 0x3b, 0x80, 0x31,
    0x80, 0x6e, 0x0, 0xc5, 0x6, 0x2, 0xc8, 0x1,
    0x99, 0x80, 0x4, 0x80,

    /* U+006F "o" */
    0x0, 0xe6, 0xbe, 0xfe, 0xc7, 0x10, 0xf, 0x93,
    0xa5, 0x4, 0x4, 0xe3, 0xd4, 0x3, 0x96, 0xc4,
    0x3, 0xe1, 0xa7, 0x0, 0x8e, 0x80, 0x3f, 0xe8,
    0x40, 0x7, 0x80, 0x72, 0xc2, 0x80, 0x74, 0x81,
    0x98, 0x3, 0x45, 0x3d, 0x48, 0x6, 0x25, 0x40,
    0xe, 0x70, 0x9, 0x84, 0x3, 0x66, 0x80, 0x63,
    0x0, 0xe4, 0x0, 0xca, 0xc0, 0x19, 0x80, 0x38,
    0xc0, 0x30, 0x80, 0x7f, 0xf1, 0x58, 0x3, 0x30,
    0x7, 0x18, 0x6, 0x1d, 0x0, 0xc6, 0x1, 0xc8,
    0x1, 0x95, 0x0, 0x39, 0xc0, 0x26, 0x10, 0xd,
    0xa6, 0x60, 0xd, 0x14, 0xf5, 0x20, 0x18, 0x90,
    0x3c, 0x3, 0x96, 0x14, 0x3, 0xa4, 0x0, 0x74,
    0x1, 0xff, 0x4a, 0x0, 0x4b, 0x62, 0x1, 0xf0,
    0xd3, 0x0, 0x72, 0x74, 0xa0, 0x80, 0x9c, 0x72,
    0x80, 0x40,

    /* U+0070 "p" */
    0x0, 0xff, 0xe3, 0x46, 0x50, 0x80, 0xc6, 0xff,
    0x63, 0x0, 0x68, 0x73, 0x5b, 0x4e, 0x72, 0x1,
    0x39, 0xb0, 0x9, 0x0, 0x25, 0xb0, 0xf, 0x92,
    0xc0, 0x2, 0x1, 0xff, 0xc1, 0x45, 0x0, 0xf8,
    0x59, 0xc8, 0x3, 0xa4, 0x3, 0xc5, 0xf3, 0x1a,
    0x60, 0x18, 0xc4, 0x3, 0x94, 0x40, 0x29, 0x0,
    0xe5, 0x0, 0xff, 0x38, 0x7, 0x10, 0x7, 0xf8,
    0x80, 0x3f, 0xfa, 0xa2, 0x1, 0xc6, 0x1, 0xfe,
    0x50, 0xe, 0x70, 0xe, 0x30, 0x8, 0x68, 0x3,
    0x9, 0x0, 0x72, 0x64, 0xcb, 0xc4, 0x3, 0x48,
    0x7, 0xc6, 0xcc, 0x10, 0xc, 0x2c, 0x1, 0xff,
    0xc3, 0xa1, 0x0, 0xf2, 0x80, 0x7d, 0x68, 0x1,
    0xf6, 0x6a, 0x88, 0x13, 0xf2, 0x0, 0x7f, 0x15,
    0x77, 0xec, 0x8, 0x7, 0xf0, 0x80, 0x7f, 0xf5,
    0x7c, 0x3, 0xff, 0x89, 0xe0, 0x1f, 0xf3, 0x80,
    0x64, 0x0, 0xff, 0xad, 0x0, 0x5c, 0xc0, 0x3f,
    0xe0,

    /* U+0071 "q" */
    0x0, 0xff, 0xe4, 0xa5, 0x77, 0xf4, 0x90, 0x15,
    0xeb, 0x80, 0x69, 0xb5, 0x10, 0x16, 0xd4, 0xe4,
    0x28, 0x50, 0x4, 0xb0, 0x7, 0xd6, 0x60, 0x16,
    0x82, 0x30, 0x7, 0xff, 0x4, 0x42, 0x0, 0x38,
    0xe1, 0x84, 0x3, 0xc6, 0x60, 0xc, 0x98, 0xf3,
    0xc2, 0x1, 0xca, 0x1, 0xd0, 0x1, 0x94, 0x3,
    0xbc, 0x3, 0x8c, 0x3, 0xfc, 0x60, 0x18, 0x80,
    0x3f, 0xf8, 0x82, 0x1, 0xff, 0x18, 0x6, 0x20,
    0xf, 0xfb, 0x80, 0x30, 0x90, 0x6, 0x70, 0xe,
    0x30, 0xe, 0x80, 0x8, 0x4c, 0x3, 0x90, 0x40,
    0x32, 0xe4, 0x4f, 0x80, 0x7d, 0x20, 0x1c, 0x6e,
    0xc2, 0x1, 0xf3, 0x90, 0x7, 0xff, 0x13, 0xc,
    0x3, 0xc4, 0x80, 0x1f, 0xe, 0x49, 0x88, 0x1c,
    0x68, 0x80, 0x7f, 0x36, 0x77, 0xe3, 0x80, 0x7f,
    0xf1, 0x84, 0x3, 0xff, 0xcc, 0x20, 0x1f, 0xfc,
    0x4d, 0x0, 0xde, 0x1, 0xff, 0x3a, 0x80, 0x15,
    0x80,

    /* U+0072 "r" */
    0x2d, 0xfa, 0x0, 0x9b, 0x3f, 0xd6, 0x10, 0x40,
    0xb0, 0x15, 0x26, 0x0, 0x40, 0x70, 0x9, 0x21,
    0x40, 0x31, 0x80, 0x71, 0xb8, 0x7, 0x58, 0x7,
    0xf0, 0x91, 0x1c, 0x3, 0xf5, 0x76, 0xe8, 0x3,
    0xf6, 0x28, 0x7, 0xf9, 0xc, 0x3, 0xfe, 0x30,
    0xf, 0xff, 0xf8, 0x7, 0xff, 0xf, 0xc0, 0x3e,
    0x70, 0xc, 0x60, 0x1f, 0x5a, 0x0, 0xb2, 0x0,
    0x7c,

    /* U+0073 "s" */
    0x0, 0xc5, 0x3b, 0xff, 0x6d, 0x18, 0x7, 0x3e,
    0xb1, 0x0, 0x44, 0xb8, 0x40, 0x13, 0xc0, 0x7,
    0xf5, 0x80, 0x50, 0x1, 0xfe, 0xf0, 0x2, 0x0,
    0x61, 0xce, 0xc6, 0x6, 0x60, 0x0, 0x40, 0x32,
    0x98, 0x9c, 0xfc, 0x80, 0x4c, 0x1, 0x92, 0x8c,
    0x3, 0xe3, 0x20, 0xc, 0xb9, 0xac, 0x1, 0xe9,
    0x0, 0xf1, 0x4f, 0x20, 0x6, 0x4c, 0x30, 0xf,
    0xd, 0xa8, 0x6, 0x3c, 0xc2, 0x80, 0x7a, 0xc0,
    0x3c, 0x75, 0xce, 0x1, 0x85, 0x0, 0x3e, 0x18,
    0x50, 0xc, 0x20, 0x39, 0xf4, 0x62, 0x23, 0x40,
    0xc, 0xc1, 0x6, 0xb, 0x9d, 0xcc, 0x10, 0x8,
    0x4c, 0x1c, 0x3, 0xfe, 0xb0, 0x6, 0x98, 0x7,
    0xf4, 0xa8, 0x0, 0xf3, 0xe, 0x62, 0x2, 0x71,
    0xcc, 0x0,

    /* U+0074 "t" */
    0x0, 0xcf, 0xdc, 0x60, 0xf, 0xc7, 0x2, 0x29,
    0x0, 0xfc, 0x80, 0x18, 0x80, 0x3e, 0xd0, 0xc,
    0x20, 0x1f, 0x30, 0x7, 0xfa, 0x78, 0xc0, 0x36,
    0x7f, 0x30, 0x33, 0x4, 0x3, 0xe1, 0x91, 0x10,
    0x7, 0xfc, 0x6a, 0x1, 0xfe, 0x42, 0x27, 0x48,
    0x7, 0x45, 0xe5, 0x80, 0x5, 0x0, 0x39, 0x10,
    0x60, 0x1f, 0xff, 0xf0, 0xf, 0x8c, 0x3, 0x90,
    0x3, 0xc2, 0x20, 0xd, 0xe, 0xa6, 0x1, 0x9c,
    0x3, 0xa2, 0xb4, 0x3, 0x58, 0x7, 0xc2, 0xa0,
    0x11, 0x50, 0x7, 0xc4, 0x1, 0x97, 0x58, 0x80,
    0x2, 0x8a,

    /* U+0075 "u" */
    0x3, 0xdf, 0xe6, 0x0, 0xe2, 0xbf, 0xe8, 0x0,
    0x71, 0x0, 0xc8, 0x80, 0x68, 0x40, 0x17, 0x40,
    0x20, 0xc, 0xa0, 0x19, 0xc0, 0x31, 0x80, 0x78,
    0x40, 0x3f, 0xff, 0xe0, 0x1f, 0xff, 0x3, 0x0,
    0xc4, 0x1, 0xe1, 0x0, 0xda, 0x1, 0x50, 0x7,
    0xc4, 0x1, 0x93, 0xaf, 0x94, 0x3, 0xe4, 0x0,
    0xe1, 0x41, 0x0, 0xfd, 0x40, 0x1f, 0xce, 0x1,
    0x84, 0xa, 0x40, 0x3e, 0xa8, 0x20, 0x9, 0x0,
    0xd, 0x68, 0x20, 0x4d, 0xaa, 0x1e, 0xa9, 0x64,

    /* U+0076 "v" */
    0x0, 0xff, 0xe4, 0x1c, 0x49, 0x0, 0x7c, 0xf2,
    0xa0, 0x12, 0x63, 0xb6, 0x0, 0x79, 0xe1, 0xaa,
    0x40, 0x1c, 0x1, 0xa, 0x0, 0x75, 0x0, 0x4e,
    0x0, 0x20, 0xd, 0x80, 0x18, 0x48, 0x2, 0x20,
    0x6, 0x0, 0x64, 0x0, 0xc8, 0x1, 0x90, 0x0,
    0x82, 0x1, 0x18, 0x80, 0x58, 0x1, 0xac, 0x2,
    0x70, 0xc, 0xa0, 0x12, 0x0, 0x42, 0x60, 0x16,
    0x80, 0x6c, 0x0, 0x9, 0x0, 0x4e, 0x1, 0x90,
    0x3, 0x20, 0x1, 0x0, 0x35, 0x0, 0x72, 0x80,
    0x46, 0x0, 0xc0, 0x8, 0x4c, 0x3, 0xbc, 0x3,
    0x20, 0x20, 0x4, 0xe0, 0x1e, 0x50, 0xd, 0x82,
    0x40, 0x16, 0x80, 0x7c, 0xa0, 0x12, 0x20, 0x3,
    0x20, 0x7, 0xde, 0x1, 0x1f, 0x80, 0x4a, 0x1,
    0xf9, 0x40, 0x32, 0x80, 0x5e, 0x1, 0xfc, 0x80,
    0x1f, 0x20, 0x7, 0xf7, 0x80, 0x79, 0x84, 0x3,
    0xf9, 0x24, 0x80, 0x2, 0xd2, 0x1, 0xc0,

    /* U+0077 "w" */
    0x0, 0xff, 0xe8, 0x3f, 0x7d, 0x0, 0x71, 0x67,
    0xea, 0x0, 0x73, 0x77, 0x20, 0x0, 0xb0, 0x20,
    0xaa, 0x0, 0xde, 0x60, 0x56, 0x20, 0x1a, 0x44,
    0x4e, 0x80, 0x40, 0x1b, 0x0, 0x23, 0x20, 0xc,
    0xe0, 0x12, 0x0, 0x62, 0x2, 0x0, 0xca, 0x1,
    0x20, 0x7, 0x78, 0x4, 0x60, 0x18, 0x81, 0x0,
    0x31, 0x80, 0x5a, 0x1, 0xc8, 0x1, 0x70, 0x6,
    0x40, 0x11, 0x0, 0x62, 0x0, 0x38, 0x7, 0x10,
    0x4, 0xa0, 0x11, 0x0, 0x48, 0x1, 0x9c, 0x4,
    0x80, 0x8, 0x1, 0x20, 0x0, 0xc0, 0x24, 0x0,
    0xb0, 0x3, 0x68, 0x28, 0x5, 0xc0, 0x11, 0x80,
    0x80, 0x6f, 0x0, 0x94, 0x3, 0x10, 0x18, 0x0,
    0x50, 0x2, 0xd0, 0x50, 0xc, 0x80, 0x11, 0x80,
    0x67, 0xd, 0x0, 0x28, 0x88, 0x0, 0x80, 0x60,
    0x18, 0x80, 0x32, 0x0, 0x44, 0x8, 0x0, 0x30,
    0x40, 0x0, 0x8b, 0x80, 0x24, 0x0, 0xec, 0x0,
    0xc6, 0x20, 0xd, 0xd, 0x0, 0x91, 0x40, 0x23,
    0x0, 0xe3, 0x0, 0xd6, 0x1, 0x38, 0x18, 0x5,
    0xa4, 0x1, 0x60, 0x7, 0x20, 0x6, 0x60, 0x8,
    0x81, 0x40, 0x26, 0x10, 0x9, 0x40, 0x3c, 0x60,
    0x10, 0x80, 0xc, 0x0, 0x22, 0x0, 0x8, 0x4,
    0x42, 0x1, 0xe4, 0x0, 0xf2, 0x80, 0x48, 0x1,
    0xe4, 0x0, 0xfa, 0x80, 0x3d, 0xa0, 0x17, 0x80,
    0x7a, 0x80, 0x3e, 0x2a, 0x20, 0x0, 0xca, 0x0,
    0x4b, 0x2, 0x0, 0x19, 0x30, 0x8,

    /* U+0078 "x" */
    0x0, 0xff, 0xe0, 0x8, 0x80, 0x38, 0x73, 0xfd,
    0x88, 0x1, 0x93, 0xb9, 0x40, 0x18, 0xcc, 0x0,
    0x3b, 0x20, 0xa, 0x80, 0xb, 0x0, 0x11, 0x18,
    0x6, 0x90, 0x2, 0x8, 0x4, 0x20, 0x1b, 0xc0,
    0x32, 0x18, 0x70, 0x6, 0xd0, 0xc, 0x6a, 0x1,
    0xa4, 0x14, 0x2, 0x34, 0x0, 0xeb, 0x0, 0xcb,
    0x20, 0x1b, 0xc0, 0x3c, 0x2e, 0x1, 0x98, 0x2,
    0x43, 0x0, 0xfa, 0x4, 0x3, 0xe9, 0x0, 0xfe,
    0x60, 0xf, 0x29, 0x0, 0x7f, 0x20, 0x7, 0xb4,
    0x3, 0xf9, 0x4c, 0x3, 0xd2, 0x20, 0x1f, 0xa0,
    0x3, 0xe1, 0x80, 0xf, 0x9c, 0x80, 0x28, 0x0,
    0xcc, 0x40, 0x1c, 0x32, 0x1, 0x13, 0xa8, 0x6,
    0xe0, 0xe, 0x91, 0x0, 0xa8, 0x20, 0x3, 0x1a,
    0x80, 0x66, 0x0, 0xcc, 0x4, 0xc0, 0x1a, 0xc0,
    0x31, 0x80, 0x4c, 0x20, 0x8, 0x10, 0x8, 0x54,
    0x2, 0xe1, 0x1, 0x80, 0x8, 0x71, 0x0, 0x2,
    0xc0, 0x11, 0xf6, 0x70, 0x80, 0x62, 0xbf, 0xf7,
    0x18, 0x7, 0x18, 0x7, 0xff, 0x4,

    /* U+0079 "y" */
    0x0, 0xff, 0xe4, 0xa3, 0x8, 0x7, 0xc6, 0xa2,
    0x1, 0xe, 0xdc, 0xe0, 0x7, 0x97, 0x2b, 0x94,
    0x0, 0xc4, 0x0, 0x24, 0x0, 0xe9, 0x0, 0xa4,
    0x0, 0x20, 0x1b, 0x40, 0x30, 0x98, 0x4, 0xe0,
    0x4, 0x0, 0xce, 0x1, 0x90, 0x3, 0x60, 0x0,
    0x90, 0x2, 0x13, 0x0, 0xb0, 0x3, 0x30, 0x5,
    0xc0, 0x1a, 0xc0, 0x24, 0x0, 0x8c, 0x40, 0x25,
    0x0, 0xc8, 0x0, 0x12, 0x0, 0xac, 0x3, 0x98,
    0x2, 0x31, 0x4, 0x0, 0xcc, 0x1, 0xd4, 0x1,
    0x9c, 0x30, 0x2, 0x31, 0x0, 0xe3, 0x20, 0xb,
    0x1, 0x0, 0x2b, 0x0, 0xfa, 0x80, 0x25, 0x22,
    0x0, 0x4c, 0x1, 0xf3, 0x0, 0x68, 0x0, 0x8c,
    0x40, 0x3e, 0x15, 0x0, 0x94, 0x2, 0xb0, 0xf,
    0xee, 0x0, 0xf9, 0x80, 0x3f, 0x90, 0x40, 0x38,
    0xc4, 0x3, 0xfc, 0xc0, 0x1d, 0x60, 0x1f, 0xf5,
    0x0, 0x73, 0x0, 0x7f, 0xcc, 0x1, 0x8c, 0x40,
    0x3f, 0xed, 0x0, 0xd4, 0x1, 0xfc, 0x88, 0x66,
    0x0, 0x42, 0xc0, 0x1f, 0x9e, 0xed, 0x20, 0x1a,
    0x0, 0x3f, 0xac, 0x3, 0xca, 0xc0, 0x1f, 0xc6,
    0x1, 0xcb, 0x40, 0x1f, 0xe3, 0x0, 0xa, 0x5d,
    0x0, 0x7f, 0x0,

    /* U+007A "z" */
    0x3, 0xcf, 0xff, 0xed, 0x50, 0x7, 0x98, 0x7,
    0xf1, 0x40, 0x0, 0x40, 0x3f, 0xe6, 0x0, 0x50,
    0x7, 0xfd, 0x80, 0x7, 0xda, 0xaa, 0x40, 0x38,
    0x5c, 0x2, 0x25, 0x5b, 0xc0, 0x3a, 0xc0, 0x3e,
    0x36, 0x0, 0xca, 0xa0, 0xf, 0xb8, 0x3, 0xd,
    0x80, 0x7d, 0x4, 0x1, 0xa0, 0x40, 0x3c, 0x4e,
    0x1, 0x91, 0x80, 0x3e, 0xe0, 0xe, 0x90, 0xf,
    0x9c, 0xc0, 0x34, 0x10, 0x7, 0x8a, 0x0, 0x31,
    0xb8, 0x7, 0xd2, 0x1, 0xc8, 0xab, 0x8c, 0x0,
    0x68, 0x1, 0xcf, 0x55, 0xb2, 0xc2, 0xc0, 0x3f,
    0xf8, 0x8, 0x24, 0x1, 0xff, 0xc1, 0x19, 0x30,
    0xf, 0xf0, 0xc8, 0x0,

    /* U+007B "{" */
    0x0, 0xd5, 0xff, 0x50, 0x6, 0x95, 0x0, 0x95,
    0x0, 0x8, 0xc0, 0x18, 0x58, 0x0, 0x20, 0x1a,
    0xb8, 0x80, 0x3e, 0x50, 0xc, 0x20, 0x1f, 0xfc,
    0x77, 0x0, 0xfe, 0x10, 0xf, 0xe3, 0x0, 0xfe,
    0x10, 0xc, 0x20, 0x18, 0x40, 0x3f, 0x9c, 0x3,
    0x8, 0x0, 0x9e, 0x40, 0x26, 0x0, 0xbe, 0x0,
    0x26, 0x90, 0x8, 0x80, 0x21, 0x10, 0x6, 0x40,
    0x8, 0x5e, 0x0, 0x2b, 0xc2, 0x0, 0x9c, 0x3,
    0x1f, 0x0, 0x61, 0x0, 0xc6, 0x1, 0xff, 0xc2,
    0x10, 0xc, 0x20, 0x1f, 0xc6, 0x1, 0xfc, 0x20,
    0x1f, 0xce, 0x1, 0xff, 0xc7, 0x10, 0xc, 0x80,
    0x19, 0xc0, 0x35, 0xf1, 0x0, 0x9, 0x40, 0x30,
    0xb0, 0x5, 0x50, 0x40, 0x4, 0x50,

    /* U+007C "|" */
    0x0, 0x20, 0x80, 0x2a, 0xfc, 0x41, 0x40, 0x50,
    0x3, 0x18, 0x80, 0x7f, 0xff, 0xc0, 0x3f, 0xff,
    0x22, 0x1, 0x18, 0x8, 0x0, 0x42, 0x1, 0x10,

    /* U+007D "}" */
    0x1b, 0xff, 0xa8, 0x3, 0x91, 0x0, 0x12, 0xc8,
    0x6, 0x71, 0x0, 0xcc, 0x60, 0x11, 0x75, 0x0,
    0x66, 0x0, 0xe5, 0x0, 0xff, 0xe1, 0x88, 0x7,
    0xff, 0x25, 0xc0, 0x3f, 0xc2, 0x1, 0xfe, 0x20,
    0xe, 0x10, 0xf, 0xfe, 0x48, 0x80, 0x65, 0x0,
    0xf3, 0x0, 0x54, 0xc4, 0x1, 0xa5, 0x80, 0x29,
    0xc0, 0xe, 0x11, 0x0, 0x42, 0x1, 0xa1, 0xc4,
    0x2, 0x30, 0xc, 0xe0, 0x11, 0x6e, 0x0, 0x42,
    0x1, 0xbc, 0x80, 0x3f, 0x88, 0x3, 0xff, 0x88,
    0x20, 0x18, 0x40, 0x3f, 0xc6, 0x1, 0xfe, 0x10,
    0xf, 0xf3, 0x80, 0x7f, 0xf1, 0x14, 0x3, 0x8,
    0x4, 0x5d, 0x40, 0x19, 0xc0, 0x27, 0x10, 0xc,
    0xa4, 0x1, 0x22, 0x0, 0x5, 0x14, 0x1, 0x80,

    /* U+007E "~" */
    0x0, 0x56, 0x6e, 0xa8, 0x80, 0x3f, 0xcc, 0xa6,
    0x44, 0x5d, 0x60, 0xc, 0x20, 0x1b, 0x0, 0x3d,
    0x32, 0x10, 0x5e, 0xe1, 0x80, 0x25, 0x4, 0x3,
    0x9b, 0xbe, 0x80, 0x68, 0x0, 0x77, 0xdf, 0xce,
    0x1, 0xfb, 0xc0, 0x3c, 0x31, 0x62, 0x1, 0xc4,
    0xc0, 0x1f, 0x93, 0xd4, 0x0, 0x4f, 0x80, 0x0,

    /* U+2039 "‹" */
    0x0, 0xe4, 0x10, 0xc, 0x39, 0x70, 0x1, 0xb4,
    0xc0, 0x40, 0x2b, 0x30, 0x19, 0x0, 0x42, 0x0,
    0x2c, 0x40, 0xe, 0x0, 0x65, 0x0, 0x18, 0x0,
    0xa4, 0x2, 0x70, 0x0, 0x80, 0x65, 0x0, 0x1b,
    0x80, 0x42, 0xa0, 0x8, 0x30, 0xa, 0xc8, 0x1,
    0xc0, 0x10, 0xe0, 0x81, 0x30, 0x4, 0x38, 0x21,
    0x80, 0x18, 0xbe, 0x20, 0x1, 0xc2, 0xe4, 0x0,

    /* U+203A "›" */
    0x0, 0x20, 0x7, 0xa2, 0xf4, 0x80, 0x37, 0x1,
    0x78, 0x80, 0x4c, 0x40, 0x58, 0x20, 0x17, 0x0,
    0xa, 0xc0, 0x23, 0x70, 0x2, 0x90, 0x5, 0x6,
    0x0, 0x40, 0xc, 0xe0, 0x1e, 0x54, 0x0, 0x28,
    0x0, 0xa8, 0x0, 0x66, 0x0, 0x70, 0x0, 0x78,
    0x0, 0xa6, 0x0, 0xd2, 0x0, 0x68, 0x2, 0xcc,
    0x2, 0x98, 0xd4, 0x0, 0xc2, 0xe4, 0x1, 0x80,

    /* U+25B6 "▶" */
    0x0, 0xff, 0xe7, 0xaa, 0x0, 0x7f, 0xf2, 0xce,
    0xaf, 0xc, 0x3, 0xff, 0x92, 0xc0, 0x3, 0xc9,
    0x10, 0xf, 0xfe, 0x63, 0x73, 0x80, 0x7f, 0xf3,
    0x63, 0x50, 0x3, 0xff, 0x98, 0x57, 0x62, 0x0,
    0xff, 0xe6, 0x26, 0xc8, 0x80, 0x7f, 0xf3, 0x1b,
    0xd8, 0x3, 0xff, 0x98, 0x33, 0xa8, 0x1, 0xff,
    0xcc, 0x2b, 0xa2, 0x0, 0xff, 0xe6, 0x2e, 0xc0,
    0x7, 0xff, 0x35, 0xf9, 0x80, 0x3f, 0xf9, 0x83,
    0x38, 0x40, 0x1f, 0xfc, 0xc3, 0x90, 0xf, 0xfe,
    0x6f, 0x0, 0x7f, 0xf2, 0xcf, 0x54, 0x3, 0xff,
    0x92, 0x55, 0x84, 0x1, 0xff, 0xc9, 0x8d, 0x50,
    0xf, 0xfe, 0x4a, 0xf3, 0x80, 0x7f, 0xf2, 0x4f,
    0x28, 0x40, 0x3f, 0xf9, 0x3, 0x58, 0x60, 0x1f,
    0xfc, 0x97, 0xe5, 0x0, 0xff, 0xe4, 0xae, 0xc0,
    0x7, 0xff, 0x24, 0xae, 0x88, 0x3, 0xff, 0x90,
    0x33, 0xa8, 0x1, 0xff, 0xc5, 0x10, 0x9, 0xbd,
    0x80, 0x3f, 0xf8, 0xe8, 0x85, 0xd9, 0x10, 0xf,
    0xfe, 0x4d, 0xd1, 0x0, 0x7f, 0xf2, 0x80,

    /* U+4E00 "一" */
    0x0, 0xff, 0xe8, 0x9e, 0xff, 0xff, 0xf3, 0x35,
    0x3, 0xc8, 0x3, 0xff, 0x98, 0x52, 0x4, 0x1,
    0xff, 0xce, 0x20, 0x40, 0xf, 0xfe, 0x72, 0x5,
    0xba, 0x27, 0xff, 0x31, 0xe8, 0x0,

    /* U+4E0A "上" */
    0x0, 0xff, 0xe0, 0x19, 0x80, 0x3f, 0xf9, 0xb9,
    0x96, 0x80, 0x7f, 0xf2, 0xcc, 0xc0, 0x2, 0x40,
    0xf, 0xfe, 0x53, 0x80, 0x62, 0x0, 0xff, 0xff,
    0x80, 0x7f, 0xfd, 0x4, 0x3, 0xff, 0x9f, 0x1f,
    0xff, 0xb0, 0x80, 0x3f, 0xf9, 0xc7, 0x60, 0x1f,
    0xfc, 0xf3, 0x0, 0xff, 0xe7, 0xf0, 0x7, 0xff,
    0x15, 0x66, 0x7e, 0xad, 0x40, 0xf, 0xfe, 0x2e,
    0x33, 0x7c, 0xa4, 0x1, 0xff, 0xff, 0x0, 0xff,
    0xff, 0x80, 0x7f, 0xfa, 0x4, 0x7f, 0x0, 0x61,
    0x1f, 0xf0, 0x4, 0x7b, 0xfd, 0xdf, 0x50, 0x6,
    0x8e, 0xef, 0xef, 0xd3, 0x82, 0x0, 0xff, 0xe6,
    0x14, 0x38, 0x7, 0xff, 0x39, 0xe8, 0x3, 0xff,
    0x9d, 0x4d, 0xb5, 0x5f, 0xfc, 0xcd, 0x60,

    /* U+4E0B "下" */
    0x0, 0x2b, 0xbf, 0xff, 0x29, 0x8c, 0x1, 0xb5,
    0x11, 0xff, 0xca, 0x9c, 0x63, 0x20, 0xf, 0xfe,
    0x6e, 0x88, 0x7, 0xff, 0x38, 0x89, 0x24, 0x1,
    0xff, 0xca, 0x14, 0x80, 0x6d, 0xff, 0xfc, 0x60,
    0x10, 0xff, 0xff, 0x75, 0x88, 0x7, 0xff, 0xfc,
    0x3, 0xff, 0x98, 0x3d, 0xc7, 0x10, 0xf, 0xfe,
    0x60, 0x8a, 0x39, 0xc0, 0x3f, 0xf9, 0xf1, 0xcc,
    0x1, 0xff, 0xce, 0x19, 0xd3, 0x0, 0xff, 0xe3,
    0xa0, 0x7, 0x8b, 0x10, 0x3, 0xff, 0x8a, 0x37,
    0x42, 0x1, 0xef, 0x0, 0xff, 0xe3, 0xaf, 0x38,
    0x7, 0x10, 0x7, 0xff, 0x26, 0x34, 0xc0, 0x5,
    0x0, 0x1f, 0xfc, 0xa2, 0xca, 0x9c, 0x10, 0xf,
    0xfe, 0x62, 0xb0, 0x80, 0x7f, 0xff, 0xc0, 0x3f,
    0xff, 0xe0, 0x1f, 0xfd, 0x45, 0x0, 0x94, 0x3,
    0xff, 0x97, 0x6, 0x5, 0x0, 0x1f, 0xfc, 0x0,

    /* U+4E60 "习" */
    0x0, 0x84, 0x8b, 0xff, 0x8c, 0x20, 0x19, 0xbf,
    0xb7, 0x7f, 0xf8, 0xdd, 0xf6, 0x0, 0x90, 0xf,
    0xfe, 0x52, 0x28, 0x7, 0xff, 0x34, 0x82, 0x44,
    0x3, 0xff, 0x98, 0xdd, 0xdf, 0xfc, 0x70, 0xf,
    0xc2, 0x31, 0xa0, 0x8, 0xff, 0xf0, 0x0, 0x3f,
    0xc7, 0xb5, 0xea, 0x1, 0xff, 0xc3, 0x10, 0xe,
    0xf0, 0x0, 0xd4, 0x80, 0x7f, 0xf2, 0x18, 0x3,
    0x36, 0x90, 0x7, 0xff, 0x1a, 0x98, 0x3, 0x16,
    0xa8, 0x7, 0x84, 0x3, 0x18, 0x7, 0xa6, 0x40,
    0x1d, 0x40, 0x1f, 0xfc, 0x76, 0xb1, 0x0, 0xa0,
    0x3, 0xff, 0x90, 0x98, 0x40, 0xee, 0x0, 0xf1,
    0x80, 0x61, 0x0, 0xfe, 0x2c, 0xc4, 0x0, 0x5,
    0x8, 0x3, 0xff, 0x8c, 0x26, 0xb, 0x7d, 0x7a,
    0x60, 0x20, 0x19, 0xc0, 0x3f, 0xc9, 0x5f, 0x48,
    0x1, 0x50, 0x7, 0xff, 0x9, 0x27, 0xad, 0x40,
    0x3d, 0xe0, 0xe0, 0x18, 0x40, 0x32, 0x4f, 0x5b,
    0x8, 0x7, 0x8a, 0x58, 0x4, 0x3, 0x18, 0xc,
    0xfd, 0xb0, 0x80, 0x7c, 0xd7, 0xac, 0x0, 0x30,
    0xc, 0x21, 0x4c, 0x1, 0xf9, 0x2b, 0xe5, 0x0,
    0x30, 0x80, 0x79, 0x80, 0x3c, 0x51, 0xd6, 0xa0,
    0x1f, 0x70, 0x4, 0x20, 0x5, 0x0, 0x85, 0xb3,
    0x5c, 0x40, 0x3f, 0x94, 0x2, 0x20, 0x4, 0x41,
    0xef, 0xa4, 0xc0, 0x3e, 0x10, 0x0, 0xb9, 0x80,
    0x4e, 0x1, 0x3c, 0x20, 0x7, 0xe1, 0xfe, 0xff,
    0x74, 0x0, 0x6c, 0x0, 0xff, 0xe1, 0x10, 0x7,
    0xf1, 0xb8, 0x7, 0xff, 0x2c, 0x78, 0x3, 0xff,
    0x86, 0x6e, 0x20, 0x10, 0x9b, 0xf9, 0x0, 0x7f,
    0xf1, 0x23, 0xbf, 0xee, 0xc8, 0x10, 0x8,

    /* U+4EF6 "件" */
    0x0, 0xff, 0xed, 0x16, 0xe9, 0x80, 0x3e, 0x1d,
    0xfd, 0x20, 0xf, 0xfe, 0x1f, 0x11, 0x24, 0x80,
    0x59, 0x40, 0x12, 0x40, 0x56, 0x1, 0xff, 0xc2,
    0x43, 0x0, 0x84, 0x36, 0x6a, 0x80, 0x40, 0x11,
    0x0, 0x7f, 0xf0, 0xa0, 0x2, 0x13, 0x23, 0x0,
    0x20, 0x7, 0x38, 0x7, 0xff, 0x5, 0x4c, 0x2,
    0x90, 0x50, 0x8, 0xc0, 0x3f, 0xf8, 0xf6, 0x1,
    0xb, 0x85, 0x0, 0x45, 0xea, 0x1, 0x1f, 0xfe,
    0xc1, 0x0, 0xf4, 0x88, 0x5, 0x20, 0x44, 0x0,
    0xff, 0xe1, 0x1c, 0x0, 0x71, 0xb0, 0x6, 0x50,
    0xa0, 0xf, 0xfe, 0x21, 0x80, 0x77, 0x0, 0x71,
    0x3, 0x0, 0x7f, 0xf1, 0x24, 0x3, 0x51, 0x0,
    0x79, 0x84, 0x2, 0x9b, 0xb1, 0x80, 0x45, 0x77,
    0x67, 0x98, 0x4, 0x6a, 0x1, 0xf7, 0x0, 0x46,
    0xc8, 0x86, 0x0, 0x85, 0x12, 0x30, 0xf, 0xfe,
    0x14, 0x38, 0x2, 0x0, 0x3f, 0xf8, 0xa6, 0xc0,
    0x1f, 0xa3, 0xad, 0x0, 0x3f, 0xf8, 0xd3, 0x23,
    0x0, 0xf8, 0x85, 0x57, 0x30, 0x4, 0x2a, 0xb9,
    0xc, 0x3, 0x9b, 0x40, 0x38, 0xbb, 0x2a, 0xb8,
    0xc0, 0x22, 0xaa, 0xd7, 0x96, 0x1, 0xff, 0x28,
    0x80, 0x7f, 0xf1, 0x50, 0x80, 0x3f, 0xc2, 0x1,
    0xff, 0xc7, 0x30, 0xf, 0xf3, 0x30, 0x40, 0x3f,
    0xf8, 0x65, 0x22, 0x1, 0xff, 0x4f, 0x7f, 0xf2,
    0x80, 0x47, 0xff, 0xda, 0xc0, 0x1f, 0xff, 0xf0,
    0xf, 0xff, 0xf8, 0x7, 0xff, 0xbd, 0xc0, 0x3f,
    0xf8, 0x2, 0x20, 0x0, 0x80, 0x7f, 0x68, 0x4,
    0x40, 0x1f, 0xfc, 0x1b, 0x11, 0x58, 0x7, 0xf3,
    0x20, 0x1c, 0x0, 0x7e,

    /* U+5143 "元" */
    0x0, 0xd3, 0xbd, 0xdf, 0xfc, 0x4d, 0xb2, 0x0,
    0xf9, 0xd8, 0x84, 0x7f, 0xf8, 0x84, 0x92, 0x1,
    0xf7, 0x80, 0x7f, 0xf2, 0x18, 0x3, 0xeb, 0x0,
    0xff, 0xe4, 0x50, 0x7, 0xc7, 0xd7, 0x55, 0xff,
    0xc4, 0xbd, 0x70, 0xf, 0xc2, 0x8a, 0xbf, 0xfc,
    0x44, 0x20, 0xf, 0xff, 0xa3, 0xe6, 0xf7, 0x7f,
    0xf2, 0x76, 0x84, 0xe, 0xc, 0x84, 0x7f, 0xf9,
    0x24, 0xb0, 0xc, 0x1, 0xff, 0xce, 0x20, 0x41,
    0x0, 0xff, 0xe6, 0xf0, 0xf, 0x5d, 0x55, 0x20,
    0x18, 0xea, 0xa5, 0x0, 0xd3, 0x55, 0xaf, 0x94,
    0x2, 0x45, 0x59, 0x0, 0x32, 0x2a, 0xd8, 0x1,
    0x9d, 0x57, 0x20, 0x80, 0x7e, 0x60, 0xd, 0xc0,
    0x1f, 0xfc, 0xb3, 0x0, 0xc4, 0x1, 0xff, 0xcb,
    0xd0, 0xc, 0xa0, 0x1f, 0xfc, 0xb5, 0x0, 0x88,
    0x40, 0x3f, 0xf9, 0x4e, 0x1, 0x94, 0x3, 0xff,
    0x94, 0x32, 0x1, 0xa8, 0x3, 0xff, 0x82, 0xff,
    0xea, 0x0, 0xea, 0x10, 0x9, 0x48, 0x3, 0xff,
    0x83, 0x80, 0x5, 0x20, 0x0, 0xd2, 0x0, 0x68,
    0x0, 0xff, 0xe1, 0x30, 0x4, 0x20, 0xbc, 0xa0,
    0x1a, 0x48, 0x3, 0xfc, 0x82, 0x24, 0x20, 0x8,
    0x82, 0x80, 0x39, 0xd8, 0x3, 0xfe, 0xae, 0xe5,
    0x80, 0x42, 0x20, 0x10, 0xd, 0x10, 0x0, 0xf8,
    0x80, 0x3f, 0xe6, 0x0, 0x58, 0x1, 0x75, 0xc0,
    0x3f, 0x22, 0x80, 0x7f, 0xc, 0x80, 0x17, 0xfd,
    0x44, 0x1, 0xfe, 0xa4, 0x0, 0xf0, 0xae, 0x8,
    0x0,

    /* U+5165 "入" */
    0x0, 0xff, 0xec, 0x9e, 0x59, 0x80, 0x7f, 0xf3,
    0x7, 0x4d, 0x31, 0x0, 0x3f, 0xf9, 0x6a, 0x20,
    0x15, 0x98, 0x7, 0xff, 0x29, 0x40, 0x3b, 0x44,
    0x3, 0xff, 0x92, 0x3a, 0x20, 0x10, 0xd0, 0x7,
    0xff, 0x28, 0xb4, 0x3, 0x23, 0x80, 0x7f, 0xf2,
    0x8e, 0x40, 0x34, 0x10, 0x7, 0xff, 0x29, 0x88,
    0x3, 0x70, 0x7, 0xff, 0x40, 0xd8, 0x3, 0xff,
    0x92, 0x24, 0x1, 0xd2, 0x20, 0x1f, 0xfc, 0x84,
    0x0, 0xfa, 0x0, 0x3f, 0xf9, 0x1e, 0x1, 0xf3,
    0x18, 0x7, 0xff, 0x1d, 0x0, 0x3f, 0x78, 0x7,
    0xff, 0x19, 0x4, 0x2, 0x31, 0x0, 0x8d, 0x80,
    0x3f, 0xf8, 0xbe, 0x1, 0xa6, 0x0, 0x34, 0x8,
    0x7, 0xff, 0xc, 0x90, 0x2, 0x15, 0x62, 0x0,
    0x86, 0xc0, 0x3f, 0xf8, 0x76, 0x1, 0x98, 0x1,
    0x20, 0x19, 0x54, 0x1, 0xff, 0xc1, 0x26, 0x0,
    0xd2, 0x0, 0x45, 0x0, 0xd4, 0x40, 0x1f, 0xfc,
    0xe, 0x0, 0xd0, 0x20, 0x14, 0x0, 0x77, 0x80,
    0x7f, 0xd2, 0x60, 0x10, 0xb8, 0x6, 0x28, 0x0,
    0xc5, 0x60, 0x1f, 0xce, 0xc0, 0x1a, 0x80, 0x3c,
    0xe4, 0x1, 0x92, 0xc0, 0x3c, 0x35, 0x0, 0x19,
    0x90, 0x3, 0xef, 0x0, 0xe4, 0xc1, 0x0, 0x97,
    0xd4, 0x3, 0x1c, 0x80, 0x7e, 0x29, 0x0, 0xe3,
    0xc0, 0x2, 0x50, 0x80, 0x62, 0xd0, 0xf, 0xf3,
    0x30, 0x3, 0x88, 0x80, 0x40, 0x1c, 0x58, 0x20,
    0x1f, 0xf4, 0x98, 0x6, 0x12, 0x4, 0x0, 0xc9,
    0x82, 0x1, 0xff, 0xc1, 0xc3, 0x0, 0xac, 0x0,
    0x52, 0x25, 0x36, 0x20, 0x1f, 0xfc, 0x3c, 0x95,
    0xa5, 0x0, 0x9b, 0xb5, 0x80, 0x3f, 0xf8, 0xcd,
    0x4a, 0x0,

    /* U+5305 "包" */
    0x0, 0xff, 0xec, 0xa, 0x90, 0x7, 0xff, 0x3b,
    0x2b, 0x60, 0x3, 0xff, 0x99, 0x4, 0x0, 0x71,
    0x0, 0xff, 0xe5, 0x13, 0x80, 0x42, 0x20, 0xf,
    0xfe, 0x57, 0x80, 0x61, 0xee, 0xff, 0xe0, 0x6d,
    0x90, 0x7, 0xd4, 0x40, 0x1c, 0x23, 0xff, 0xc0,
    0x24, 0xe0, 0xf, 0x32, 0x80, 0x7f, 0xf2, 0xc,
    0x3, 0x92, 0x40, 0x3f, 0xf9, 0xc7, 0x60, 0x18,
    0xef, 0x33, 0xff, 0x80, 0xc0, 0x1f, 0x16, 0x0,
    0x76, 0xa1, 0x9f, 0xff, 0x3, 0x80, 0x21, 0x0,
    0x84, 0x3, 0xdd, 0xff, 0xfa, 0xc8, 0x2, 0xf0,
    0xf, 0x8d, 0x0, 0x3f, 0xf8, 0x49, 0x0, 0x1f,
    0x18, 0x6, 0xb4, 0x14, 0x0, 0xff, 0xe0, 0x38,
    0x4, 0x20, 0x10, 0x80, 0x75, 0xf6, 0x80, 0x62,
    0x2c, 0x20, 0x1f, 0x18, 0x4, 0xe0, 0x1f, 0xf0,
    0xee, 0xe8, 0x0, 0xff, 0x84, 0x3, 0xff, 0x98,
    0x20, 0x11, 0x80, 0x7f, 0xc3, 0x55, 0xc0, 0x1f,
    0x30, 0x4, 0x20, 0x1f, 0xfc, 0x5, 0x5c, 0x60,
    0x1c, 0x4c, 0x40, 0x17, 0x0, 0x7f, 0xf2, 0x19,
    0x76, 0x40, 0x31, 0x0, 0x7f, 0xf1, 0xc6, 0x8,
    0x3, 0xc8, 0x1, 0xff, 0xc0, 0xcc, 0xfb, 0x8c,
    0x80, 0x3a, 0x40, 0x3f, 0xf8, 0x2, 0x67, 0xf0,
    0x1, 0x5c, 0x88, 0xd4, 0xc0, 0x1f, 0xfc, 0xb8,
    0xdd, 0x4a, 0xa9, 0xd0, 0x3, 0xfc, 0x20, 0x1f,
    0xfc, 0x22, 0xa8, 0xbb, 0x0, 0x71, 0x0, 0x68,
    0x21, 0x0, 0xfe, 0x13, 0xe0, 0x9, 0x0, 0x39,
    0x40, 0x33, 0xef, 0x7f, 0xff, 0x76, 0x18, 0x7,
    0xf0, 0x98, 0x7, 0xff, 0x25, 0x80, 0x3d, 0xc2,
    0x1, 0xff, 0xc7, 0x49, 0x0, 0xf1, 0x74, 0xa1,
    0x0, 0x7f, 0xf0, 0x49, 0x6a, 0xc0, 0x0,

    /* U+5355 "单" */
    0x0, 0xfc, 0x40, 0x1f, 0xfc, 0xd3, 0xed, 0xb0,
    0xf, 0xe9, 0xa4, 0x0, 0xff, 0xe0, 0x68, 0x82,
    0x50, 0x7, 0xd0, 0xcb, 0x6a, 0x1, 0xff, 0x10,
    0x4, 0xaa, 0x0, 0xe2, 0x70, 0xb, 0x40, 0x3f,
    0xee, 0x0, 0xd8, 0x1, 0xdc, 0x1, 0xa8, 0x3,
    0xf9, 0xa2, 0x84, 0x3, 0x44, 0x6b, 0x30, 0x8,
    0x69, 0xc8, 0x3, 0xd7, 0x2e, 0xe1, 0x0, 0x99,
    0xdf, 0x20, 0x6, 0x17, 0x8d, 0x10, 0xe, 0x40,
    0xf, 0xfe, 0x4b, 0x80, 0x61, 0x0, 0xff, 0xe5,
    0x8, 0x7, 0xf6, 0x7f, 0xd6, 0x1, 0xb3, 0xff,
    0x0, 0x7f, 0xf0, 0xb7, 0xba, 0xa0, 0xd, 0xbd,
    0xd8, 0x3, 0xff, 0x84, 0x23, 0xc0, 0x18, 0x47,
    0x80, 0x3f, 0xfb, 0xcf, 0x33, 0x30, 0x6, 0x79,
    0x9c, 0x1, 0xff, 0xc2, 0xb6, 0x6b, 0x40, 0x35,
    0xb3, 0x4e, 0x1, 0xff, 0xc2, 0xcf, 0xfa, 0xc0,
    0x36, 0x7f, 0xdc, 0x1, 0xfc, 0x20, 0x1f, 0xfc,
    0xa1, 0x0, 0xe5, 0x0, 0xff, 0xe4, 0xb8, 0x7,
    0x55, 0x1d, 0xfc, 0xa0, 0x19, 0x5d, 0xfd, 0x1a,
    0x20, 0x1e, 0x58, 0x8f, 0x70, 0x6, 0x98, 0x8f,
    0x39, 0x0, 0x43, 0x7d, 0xff, 0xfa, 0xc0, 0x36,
    0x7f, 0xfe, 0xeb, 0x29, 0x41, 0x0, 0xff, 0xe5,
    0xa, 0x40, 0x80, 0x7f, 0xf3, 0xec, 0xc0, 0x3f,
    0xf9, 0x85, 0x25, 0x9f, 0xff, 0xd4, 0x1, 0xaf,
    0xff, 0xfb, 0x4c, 0x3, 0xfe, 0x10, 0xc, 0xe0,
    0x1f, 0xfe, 0x65, 0x0, 0xc6, 0x1, 0xff, 0xca,
    0x18, 0x11, 0x48, 0x7, 0xff, 0x0,

    /* U+5373 "即" */
    0x0, 0xc2, 0x67, 0xf8, 0x80, 0x3f, 0xf8, 0xd9,
    0xd9, 0x9f, 0xb7, 0x90, 0xf, 0x3f, 0xfe, 0xd4,
    0x0, 0x98, 0xc0, 0x3f, 0xc3, 0x1, 0xa6, 0x1,
    0xf1, 0x58, 0x5, 0xc0, 0x1f, 0xfc, 0x2, 0x1,
    0x0, 0xff, 0x10, 0x7, 0xc8, 0x98, 0x80, 0x30,
    0x80, 0x7f, 0xf1, 0xee, 0xf5, 0x0, 0x7f, 0x57,
    0xe8, 0x7, 0xff, 0x2, 0xef, 0x50, 0x7, 0xf0,
    0x80, 0x7f, 0xf0, 0x91, 0x31, 0x0, 0x7f, 0xff,
    0xc0, 0x3e, 0xee, 0xce, 0x1, 0xff, 0xcc, 0x11,
    0xde, 0x1, 0xff, 0xcc, 0xdd, 0xd2, 0x1, 0xff,
    0xcc, 0x22, 0xc2, 0x1, 0xff, 0xd4, 0x50, 0xf,
    0xfe, 0x79, 0x40, 0x7, 0xff, 0x23, 0xff, 0xed,
    0x30, 0xf, 0xfe, 0x5b, 0x6e, 0x8, 0x7, 0xff,
    0x31, 0x24, 0x8f, 0x40, 0x3f, 0x9c, 0x3, 0xff,
    0x84, 0x20, 0x11, 0xb0, 0x7, 0xd7, 0x40, 0x1f,
    0xfc, 0x11, 0x30, 0xd, 0x0, 0x1f, 0x20, 0x7,
    0x10, 0x0, 0x80, 0x36, 0x74, 0x80, 0x61, 0x80,
    0xf, 0x8, 0x6, 0x80, 0x2, 0x28, 0x6, 0x30,
    0xf, 0x9c, 0x3, 0xd0, 0x66, 0x5b, 0x70, 0x7,
    0x0, 0x7f, 0xf0, 0x94, 0x3, 0x9b, 0x31, 0x48,
    0x1, 0x78, 0x7, 0xe5, 0x90, 0x8, 0x54, 0x3,
    0xff, 0x82, 0xa8, 0x1, 0x96, 0xbe, 0x99, 0x4e,
    0x3c, 0x40, 0x3f, 0xf8, 0x57, 0x51, 0x7f, 0x4a,
    0x1, 0x56, 0x38, 0x80, 0x80, 0x4c, 0x1, 0xfe,
    0x57, 0x40, 0xf, 0xfa, 0xc4, 0x4e, 0x40, 0x1f,
    0x0,

    /* U+53CC "双" */
    0x0, 0x8d, 0x15, 0x73, 0x2a, 0x0, 0x63, 0x45,
    0x5e, 0x65, 0x41, 0x0, 0x87, 0xb2, 0xea, 0xb4,
    0xd5, 0xfa, 0x86, 0x62, 0xea, 0xba, 0x6a, 0xfa,
    0x40, 0xe, 0x20, 0x1f, 0xe9, 0x43, 0x0, 0xff,
    0x98, 0x0, 0x60, 0x1f, 0xf0, 0xb0, 0x7, 0xff,
    0xd, 0x5c, 0x88, 0x23, 0x80, 0x30, 0x94, 0x90,
    0x8f, 0x80, 0x3f, 0x46, 0xeb, 0xbb, 0x20, 0x4,
    0xc1, 0xe4, 0x35, 0xdd, 0x98, 0x2, 0x20, 0xf,
    0xf2, 0x80, 0x44, 0x2c, 0x0, 0x80, 0xc, 0xa0,
    0x13, 0x0, 0x43, 0x10, 0x10, 0x0, 0x88, 0x2,
    0xd0, 0xc, 0x60, 0x18, 0x80, 0x23, 0x0, 0xb5,
    0xdd, 0x82, 0x8, 0x1, 0x9c, 0x44, 0x1, 0x18,
    0x0, 0x84, 0x2, 0xd0, 0x8, 0xc0, 0x5, 0x83,
    0x80, 0x18, 0x81, 0x40, 0x24, 0x0, 0x20, 0x6,
    0x70, 0x9, 0x40, 0x22, 0xd4, 0x0, 0x90, 0x0,
    0x60, 0x15, 0x80, 0x34, 0x2, 0x12, 0x0, 0xac,
    0x80, 0x23, 0x20, 0xb, 0x0, 0x18, 0x1, 0x18,
    0x89, 0x0, 0x24, 0x0, 0xc3, 0xe2, 0x1, 0xf2,
    0x0, 0x10, 0x3, 0x33, 0x0, 0x37, 0x80, 0x71,
    0x50, 0x7, 0x84, 0xc0, 0x25, 0x0, 0xaa, 0x40,
    0x21, 0x50, 0xf, 0x24, 0x0, 0x72, 0x0, 0x6f,
    0x0, 0x88, 0x40, 0x27, 0x0, 0xfc, 0xe4, 0x1,
    0x90, 0x40, 0x25, 0x0, 0xfd, 0x60, 0x1f, 0x84,
    0x80, 0x30, 0xe8, 0x6, 0x70, 0xf, 0x29, 0x0,
    0x7e, 0x60, 0xf, 0x1c, 0x0, 0x54, 0x1, 0xe8,
    0x0, 0xfe, 0x90, 0xf, 0x9c, 0x2, 0x10, 0xe,
    0x32, 0x0, 0xfd, 0x2, 0x1, 0xf8, 0x81, 0xb0,
    0x3, 0x8d, 0x0, 0x3e, 0x27, 0x0, 0x86, 0xc0,
    0x23, 0x29, 0x90, 0x7, 0xd4, 0x20, 0x1c, 0x3e,
    0x1, 0xa1, 0x18, 0xa7, 0x71, 0x80, 0x3f, 0xe,
    0x88, 0x4, 0x38, 0x40, 0x11, 0xb0, 0x4e, 0xb5,
    0x18, 0x7, 0x20, 0x6, 0x3c, 0x20, 0x3, 0x10,
    0x6, 0xe0, 0xe, 0x40, 0xe, 0x5b, 0x90, 0xc,
    0x50, 0x0, 0x20, 0xd, 0x24, 0x1, 0xc4, 0x1,
    0x9a, 0x81, 0x9c, 0x3, 0x18, 0x1, 0x54, 0x0,
    0x96, 0x0, 0xf4, 0x0, 0x6, 0x64, 0x1, 0x43,
    0x80, 0x56, 0x1, 0x56, 0xf3, 0x0, 0x7c, 0xb9,
    0x7c, 0xc0, 0x1d, 0x1b, 0x3a, 0x40, 0x18, 0x84,
    0x3, 0xf8, 0xd0, 0x3, 0xf1, 0x31, 0x0, 0x0,

    /* U+53D1 "发" */
    0x0, 0xff, 0xef, 0x99, 0x80, 0x3c, 0x84, 0x1,
    0xfe, 0x1b, 0xa6, 0x10, 0xa, 0xf3, 0x1c, 0x40,
    0x15, 0x5e, 0xa8, 0x7, 0xf3, 0x22, 0xcf, 0x80,
    0xd, 0x0, 0x3, 0x40, 0x12, 0x80, 0x28, 0x40,
    0x3f, 0x50, 0x4, 0x20, 0x5, 0x0, 0xfc, 0x60,
    0x14, 0x80, 0x7c, 0x84, 0x1, 0x30, 0x3, 0xc0,
    0x37, 0x0, 0x50, 0x1, 0xff, 0x78, 0x6, 0x80,
    0x2, 0x80, 0x65, 0x0, 0x92, 0x49, 0xa0, 0x3,
    0xc8, 0x80, 0x8, 0xd1, 0x54, 0x60, 0x19, 0x95,
    0x71, 0xc6, 0x2a, 0x8, 0x4, 0x34, 0x1, 0x8e,
    0xaa, 0x0, 0xea, 0xaf, 0xeb, 0xe3, 0x0, 0x9,
    0x80, 0x7f, 0xf3, 0x28, 0x2, 0xf0, 0xf, 0xfe,
    0x67, 0x0, 0x44, 0x80, 0x46, 0x71, 0x0, 0x71,
    0x9f, 0xf9, 0x1d, 0xc0, 0x1a, 0xff, 0x73, 0x25,
    0x0, 0xcb, 0x99, 0xfe, 0xb8, 0x0, 0xff, 0x98,
    0x3, 0x1a, 0xac, 0xcd, 0x3a, 0x90, 0x7, 0xff,
    0x5, 0x44, 0x3, 0x35, 0x55, 0x33, 0x45, 0x6e,
    0x10, 0x7, 0xfd, 0x20, 0x1f, 0xfc, 0x33, 0xb0,
    0xf, 0xf2, 0x18, 0x7, 0xff, 0x3e, 0x0, 0x3c,
    0x23, 0xe0, 0xe, 0xc0, 0xf, 0xe7, 0x30, 0xf,
    0x6f, 0x76, 0x40, 0xc, 0x2a, 0x1, 0xf8, 0xe0,
    0x3, 0xed, 0x10, 0x3, 0x28, 0x6, 0xb0, 0xf,
    0xc5, 0xa0, 0x18, 0x80, 0x21, 0xc2, 0x59, 0x0,
    0xca, 0xa0, 0xf, 0x8f, 0x4, 0x2, 0x1c, 0x70,
    0x8, 0xb2, 0x80, 0x31, 0x50, 0x7, 0xd1, 0x82,
    0x1, 0xa8, 0x61, 0x0, 0x21, 0x0, 0xc3, 0x80,
    0x1f, 0x63, 0x80, 0x75, 0x20, 0x2, 0x40, 0x3f,
    0x60, 0x80, 0x79, 0xc, 0x3, 0xa9, 0x45, 0xaf,
    0x40, 0x3f, 0x64, 0x8, 0x7, 0x28, 0x6, 0x1c,
    0x59, 0xe9, 0x40, 0xf, 0xe1, 0x7e, 0xc7, 0x10,
    0x0, 0xc0, 0x1, 0xb8, 0xe5, 0x80, 0x3e, 0x21,
    0x0, 0xf1, 0xc7, 0x80, 0x4f, 0xfe, 0x90, 0x2,
    0x80, 0x78, 0xab, 0x79, 0xc0, 0x3e, 0x13, 0x0,
    0xfc, 0x80, 0x19, 0x2b, 0x54, 0x1, 0x1d, 0x4,
    0x1, 0xc6, 0x1, 0xfa, 0x20, 0xf5, 0xd6, 0xa0,
    0x1c, 0x2f, 0xba, 0x95, 0x56, 0x0, 0x7f, 0x9e,
    0x14, 0x40, 0x3f, 0xc4, 0xd5, 0x43, 0x0,

    /* U+53EF "可" */
    0x3, 0x67, 0x7f, 0xfe, 0x59, 0x82, 0x64, 0xc4,
    0x7f, 0xf2, 0xf1, 0xb4, 0x3, 0xff, 0x9d, 0xa2,
    0x1, 0xff, 0xce, 0x28, 0x51, 0x1f, 0xfe, 0x28,
    0x7, 0x85, 0x60, 0x2b, 0xbb, 0xff, 0x8b, 0x80,
    0x1a, 0x7a, 0x84, 0x3, 0xff, 0xa8, 0x48, 0xab,
    0xf2, 0x10, 0x7, 0xff, 0x11, 0xf6, 0xea, 0xbe,
    0xbd, 0x70, 0xf, 0xfe, 0x1c, 0x0, 0x7f, 0xd2,
    0x1, 0xff, 0xcf, 0x10, 0xf, 0xfe, 0x39, 0x16,
    0x10, 0xf, 0xfe, 0x5f, 0xee, 0xd6, 0x1, 0xff,
    0xff, 0x0, 0xdb, 0xff, 0x50, 0x7, 0xff, 0xbc,
    0x40, 0x3f, 0xf9, 0xf6, 0x1, 0xff, 0xc7, 0xac,
    0xce, 0xdf, 0x50, 0xf, 0xfe, 0x19, 0x0, 0x4a,
    0x67, 0xc4, 0x1, 0xff, 0xc5, 0xe3, 0x35, 0x0,
    0x7f, 0xf3, 0xf, 0x30, 0xa0, 0x1f, 0x91, 0xe2,
    0x20, 0xc, 0x60, 0x1f, 0xfc, 0x56, 0xb8, 0x77,
    0x20, 0x6, 0x60, 0xf, 0xfe, 0x2e, 0x0, 0x7e,
    0x13, 0x0, 0xff, 0xe2, 0x98, 0x7, 0xc3, 0xa0,
    0x1f, 0xfc, 0x68, 0x40, 0x0, 0x92, 0xcf, 0x98,
    0x6,

    /* U+542C "听" */
    0x0, 0xff, 0xe5, 0x88, 0x7, 0xff, 0x30, 0x63,
    0xb9, 0xa0, 0x1e, 0x12, 0x2c, 0x20, 0x1f, 0x8d,
    0xf3, 0x9c, 0x40, 0x9c, 0x2, 0x7f, 0xed, 0xdd,
    0xdc, 0x30, 0x9, 0xf3, 0xf2, 0xc, 0x3, 0xb8,
    0x0, 0x30, 0x1, 0xf0, 0xf8, 0x2, 0xa0, 0xc0,
    0x3f, 0xd, 0x0, 0x8, 0x3, 0xf8, 0x80, 0xa,
    0x1, 0xf0, 0xa4, 0x79, 0x80, 0x7f, 0xf1, 0xc9,
    0xeb, 0xb9, 0x6e, 0x20, 0x1f, 0xba, 0x40, 0x3f,
    0xcb, 0xa, 0x20, 0x1f, 0xfc, 0x1, 0x30, 0xf,
    0xfe, 0xd1, 0xa2, 0x7c, 0x60, 0x1f, 0xfc, 0x74,
    0xbb, 0xfb, 0x3c, 0xc0, 0x3f, 0xf9, 0xf6, 0x1,
    0xff, 0xea, 0x39, 0x0, 0xff, 0xe0, 0x8, 0x6,
    0x7f, 0xf4, 0x0, 0x6e, 0xc1, 0x0, 0xff, 0xe2,
    0xf8, 0x7, 0xff, 0x10, 0xc0, 0x38, 0x80, 0x30,
    0x80, 0x7f, 0xf0, 0xfe, 0x40, 0x39, 0xc0, 0x31,
    0x80, 0x7f, 0xf2, 0x88, 0x3, 0x8, 0x7, 0xff,
    0x20, 0x83, 0xc0, 0x33, 0x0, 0x7f, 0xf2, 0x20,
    0x14, 0x3, 0x10, 0x7, 0xff, 0x8, 0x73, 0x2d,
    0xf4, 0x3, 0x0, 0x84, 0x3, 0xfe, 0x30, 0x9,
    0x4c, 0xe2, 0x0, 0x10, 0x6, 0x50, 0xf, 0xfe,
    0x5, 0xa2, 0xc8, 0x7, 0x94, 0x3, 0x18, 0x7,
    0xff, 0x1, 0x2e, 0x88, 0x3, 0xd4, 0x1, 0xac,
    0x3, 0xff, 0x92, 0xa4, 0x1, 0x9, 0x80, 0x7f,
    0xf3, 0xa0, 0x3, 0x8, 0x6, 0x10, 0xf, 0xfe,
    0x2, 0xa8, 0x0, 0xac, 0x1, 0x88, 0x2, 0x10,
    0xf, 0xfe, 0x15, 0x65, 0xd0, 0x7, 0x23, 0x0,
    0xd0, 0x7, 0xff, 0xc, 0xd0, 0x3, 0xe9, 0xfe,
    0x40, 0x8,

    /* U+59CB "始" */
    0x0, 0xc2, 0x84, 0x1, 0xff, 0x8, 0x7, 0xff,
    0x13, 0x2f, 0x50, 0x3, 0xfb, 0x3b, 0x8a, 0x1,
    0xff, 0xc1, 0x42, 0x0, 0x70, 0x7, 0xe6, 0x30,
    0x1a, 0x0, 0xff, 0xe0, 0x90, 0x7, 0xff, 0x2,
    0xc0, 0x3f, 0xf8, 0xbe, 0x1, 0x68, 0x7, 0xca,
    0x40, 0x12, 0x0, 0x7f, 0xf0, 0x48, 0x2, 0x20,
    0xf, 0xa4, 0x3, 0x40, 0xd, 0xfc, 0x80, 0x79,
    0x31, 0x0, 0x2b, 0xdc, 0xb2, 0x0, 0x19, 0x80,
    0x25, 0x30, 0xa4, 0x6, 0x90, 0xe, 0xa3, 0x0,
    0xc2, 0x46, 0x96, 0x0, 0x80, 0x8, 0x6c, 0x0,
    0x60, 0x13, 0x18, 0x6, 0x10, 0xf, 0xe2, 0x4,
    0x40, 0x5, 0x2, 0x0, 0x81, 0x0, 0xbc, 0x3,
    0x28, 0x7, 0xf8, 0xac, 0x2, 0x12, 0x56, 0x78,
    0x20, 0x8, 0xd4, 0x2, 0xa6, 0x0, 0x9e, 0x0,
    0x22, 0x80, 0xc, 0x37, 0x53, 0xe, 0x60, 0x1a,
    0x0, 0x31, 0x0, 0x56, 0x1, 0x85, 0x80, 0x3f,
    0xf8, 0x64, 0xc0, 0x12, 0x80, 0x47, 0xc0, 0x17,
    0x30, 0x7, 0xff, 0x13, 0x40, 0x2, 0x20, 0x1,
    0x82, 0x80, 0x45, 0x20, 0x18, 0x49, 0x15, 0xe2,
    0xb2, 0x80, 0x3, 0xe0, 0x4, 0x0, 0x94, 0xc,
    0x2, 0x63, 0xda, 0xce, 0xe6, 0xdd, 0x43, 0xa9,
    0xae, 0x5f, 0x20, 0x0, 0x80, 0x22, 0x30, 0x8,
    0x48, 0x9, 0x4c, 0x40, 0x3f, 0x8d, 0x0, 0x30,
    0x80, 0x49, 0xa0, 0x12, 0x80, 0x6, 0xff, 0xff,
    0xec, 0x20, 0xc, 0xc2, 0x1, 0x8, 0x5, 0x80,
    0xb, 0x40, 0xf, 0xf8, 0xe4, 0x3, 0xb0, 0x40,
    0x3c, 0x80, 0x7, 0x0, 0xff, 0xe0, 0xa8, 0x7,
    0x16, 0x8, 0x7, 0x18, 0x7, 0x88, 0xbe, 0x0,
    0xff, 0x16, 0x0, 0x75, 0x0, 0x7b, 0x37, 0x7b,
    0x80, 0x3f, 0xe4, 0x0, 0xe5, 0x80, 0xf, 0xfe,
    0x5c, 0x0, 0x79, 0xc8, 0x3, 0xff, 0x92, 0xe2,
    0x1, 0xe3, 0x20, 0xc, 0x60, 0x1c, 0xe0, 0x1f,
    0xcd, 0x0, 0x13, 0x51, 0xbe, 0x0, 0x76, 0xff,
    0xf5, 0x80, 0x7e, 0x29, 0x0, 0x86, 0x57, 0x20,
    0x3, 0xff, 0x92, 0x20, 0x1b, 0x40, 0x3f, 0xf9,
    0xa6, 0xc0, 0x36, 0x60, 0x1e, 0x60, 0x8, 0xcf,
    0xc4, 0x1, 0x28, 0x7, 0x4f, 0x71, 0x0, 0x3e,
    0x82, 0x4, 0xcc, 0xf8, 0xc0, 0xa0, 0x2,

    /* U+5B66 "学" */
    0x0, 0xff, 0xee, 0x1d, 0x38, 0x7, 0xff, 0x14,
    0x6f, 0x8, 0x3, 0x6a, 0xc3, 0x80, 0x63, 0xfd,
    0x50, 0xf, 0xda, 0x87, 0xe0, 0x11, 0x8, 0x2,
    0x40, 0x34, 0x1, 0x51, 0x0, 0x7c, 0xc0, 0x2,
    0x80, 0x1, 0x8, 0x0, 0x40, 0x24, 0x40, 0x4,
    0x20, 0x1f, 0x58, 0x4, 0xa0, 0x14, 0x0, 0x18,
    0x0, 0x34, 0x1, 0x19, 0x80, 0x32, 0x6f, 0xf0,
    0x4, 0x5f, 0xf4, 0x80, 0x1b, 0xfd, 0xc2, 0x1,
    0x1f, 0xf4, 0x80, 0x24, 0x80, 0x3f, 0xf9, 0x42,
    0xca, 0x4, 0x1, 0xff, 0xcd, 0xd0, 0xe, 0x22,
    0xff, 0xe3, 0x0, 0x7f, 0xe, 0xef, 0xff, 0x18,
    0xc0, 0x2f, 0x2, 0x0, 0x28, 0x1, 0xa6, 0xae,
    0xd9, 0x96, 0xeb, 0xba, 0xb2, 0x5, 0x0, 0x8c,
    0x3d, 0x55, 0x21, 0x52, 0xca, 0x88, 0x33, 0x88,
    0x82, 0x32, 0x78, 0x43, 0xa4, 0xa0, 0x15, 0x50,
    0x81, 0xc0, 0x3f, 0xf8, 0x83, 0x16, 0xc0, 0x1f,
    0x58, 0x7, 0xff, 0x4, 0x78, 0x3, 0xff, 0x80,
    0xdf, 0xb9, 0x99, 0x40, 0x39, 0x3c, 0xc0, 0x3f,
    0xf8, 0x44, 0x67, 0x72, 0x80, 0x69, 0xb1, 0x0,
    0xff, 0xe3, 0x19, 0x0, 0x47, 0xac, 0x1, 0xfe,
    0x6c, 0xdd, 0xfe, 0x0, 0xc5, 0xfb, 0xbf, 0xa8,
    0x4a, 0x4c, 0x8b, 0xf0, 0x80, 0x61, 0x22, 0xfe,
    0x5b, 0x10, 0xf, 0xfe, 0x70, 0x9a, 0x80, 0x7f,
    0xf3, 0x6, 0x2, 0xbf, 0xb7, 0x7e, 0xa0, 0xd,
    0x5b, 0xbf, 0xbb, 0x86, 0x1, 0x9, 0x17, 0xc2,
    0x1, 0x84, 0x8b, 0xf0, 0x80, 0x7f, 0xf7, 0x4,
    0x80, 0x33, 0x80, 0x7f, 0xf1, 0xa3, 0xfd, 0xd2,
    0x1, 0x84, 0x3, 0xff, 0x8c, 0x60, 0x1f, 0x9,
    0x0, 0x7f, 0xf3, 0xa8, 0x3, 0xff, 0x8f, 0x4,
    0x0, 0x23, 0x7e, 0x40, 0xf, 0xfe, 0x39, 0xef,
    0xfb, 0x72, 0x4, 0x3, 0xff, 0x82,

    /* U+5BFC "导" */
    0x0, 0xff, 0xe9, 0xcf, 0xff, 0xff, 0x1b, 0x4c,
    0x3, 0xc8, 0xc0, 0x1f, 0xfc, 0x62, 0xf0, 0xf,
    0x10, 0x7, 0xff, 0x20, 0xc0, 0x3c, 0x20, 0x19,
    0x57, 0xff, 0x80, 0x60, 0x1f, 0xfc, 0x38, 0xaa,
    0xff, 0xe0, 0x0, 0x7f, 0xf0, 0xf7, 0xff, 0xfe,
    0x90, 0xf, 0xfe, 0x98, 0x80, 0x7f, 0xf3, 0xd0,
    0x3, 0xc2, 0x1, 0x91, 0x57, 0xff, 0x85, 0x10,
    0x10, 0xe, 0x30, 0xc, 0x51, 0x77, 0xff, 0xc1,
    0x1d, 0xed, 0x70, 0x9, 0xc0, 0x33, 0x6f, 0x77,
    0xff, 0x6, 0x40, 0x5, 0x2, 0x0, 0x25, 0x0,
    0xff, 0xe5, 0x18, 0x80, 0x55, 0x4, 0x1, 0xff,
    0xc7, 0x5d, 0x0, 0xe7, 0xde, 0xca, 0xa4, 0xcf,
    0xfd, 0x54, 0xcf, 0xa1, 0x0, 0xf8, 0x4d, 0x54,
    0xcd, 0xf0, 0xd5, 0x34, 0x54, 0xc0, 0x39, 0x73,
    0x77, 0xff, 0x85, 0x6, 0x64, 0xbd, 0xdb, 0x24,
    0x6, 0x8c, 0x8b, 0xff, 0x84, 0x1, 0xc4, 0x51,
    0xb3, 0x98, 0x7, 0xff, 0x3b, 0x89, 0x40, 0x3f,
    0xf9, 0x83, 0x61, 0x5d, 0xba, 0x60, 0x8, 0xf3,
    0x77, 0xc0, 0x19, 0x37, 0x77, 0x10, 0x0, 0x48,
    0x8c, 0x1, 0x1f, 0x1, 0x17, 0x0, 0x61, 0x22,
    0xc0, 0x1f, 0x50, 0x6, 0x2d, 0x30, 0xf, 0xfe,
    0x42, 0xe9, 0x0, 0x67, 0x0, 0xff, 0xe4, 0x96,
    0x10, 0x2, 0x10, 0x3, 0xff, 0x94, 0x38, 0xd8,
    0xe3, 0x37, 0x6c, 0x0, 0xc6, 0x1, 0xff, 0xc2,
    0x19, 0x30, 0xb6, 0x44, 0x18, 0x6, 0xf0, 0xf,
    0xfe, 0x33, 0x0, 0x7c, 0x4c, 0x1, 0xff, 0xc6,
    0x81, 0x0, 0x84, 0xe3, 0x40, 0x3f, 0xf8, 0xe9,
    0xdf, 0xf7, 0x63, 0x80, 0x7e,

    /* U+5C11 "少" */
    0x0, 0xff, 0xe0, 0x35, 0xc8, 0x80, 0x7f, 0xf3,
    0xa, 0x51, 0xac, 0x3, 0xff, 0x98, 0x80, 0x12,
    0x0, 0x7f, 0xff, 0xc2, 0x7a, 0xc4, 0x3, 0xfe,
    0x7f, 0xd2, 0x0, 0xfe, 0x46, 0x14, 0xb0, 0xf,
    0xf1, 0x40, 0x17, 0x80, 0x7f, 0x78, 0x7, 0xff,
    0x8, 0xc0, 0x22, 0x70, 0xf, 0x8d, 0x0, 0x2f,
    0x0, 0xff, 0xa, 0x80, 0x50, 0x40, 0x1e, 0x80,
    0x8, 0x94, 0x3, 0xfe, 0xb0, 0xd, 0x20, 0x1c,
    0x88, 0x0, 0xa0, 0x3, 0xff, 0x80, 0x30, 0x1,
    0x22, 0x0, 0x34, 0x0, 0x44, 0xa0, 0x1f, 0xfc,
    0x17, 0x10, 0xa, 0x0, 0x26, 0x30, 0xa, 0x0,
    0x3f, 0xf8, 0x76, 0x1, 0x19, 0x80, 0x60, 0x2,
    0x25, 0x0, 0xff, 0xe1, 0xa9, 0x0, 0x48, 0x2,
    0x1, 0xa4, 0x3, 0xff, 0x8b, 0x0, 0x12, 0x0,
    0x30, 0xc2, 0x10, 0x3, 0xff, 0x8a, 0xb4, 0xf8,
    0x60, 0x2, 0xcf, 0x70, 0xf, 0xfe, 0x1b, 0x5b,
    0x82, 0xc1, 0x80, 0x7f, 0xf0, 0x48, 0x2, 0x20,
    0x9, 0x65, 0x22, 0x0, 0x1f, 0xfc, 0x44, 0x30,
    0x4, 0x80, 0xa, 0x80, 0x23, 0x0, 0xff, 0xe2,
    0xe7, 0x7a, 0x82, 0x60, 0x6, 0xd0, 0xf, 0xfe,
    0x30, 0x81, 0x55, 0x88, 0x4, 0x6c, 0x1, 0xff,
    0xc6, 0x3a, 0xd5, 0x0, 0xc5, 0xa0, 0x1f, 0xfc,
    0x42, 0x7d, 0xc5, 0x0, 0xe4, 0xc1, 0x0, 0xff,
    0xe0, 0x1b, 0x4e, 0xea, 0x8, 0x3, 0x86, 0xac,
    0x40, 0x3f, 0x2d, 0x6f, 0x7e, 0x4b, 0x10, 0x7,
    0x86, 0x39, 0x40, 0x3f, 0x8e, 0x94, 0x84, 0x3,
    0xf8, 0xa3, 0x9c, 0x3, 0xfe, 0x60, 0xf, 0xf1,
    0x36, 0x6b, 0x80, 0x7f, 0xf0, 0x5c, 0x3, 0xc6,
    0xd3, 0xba, 0x93, 0x0, 0xff, 0xe1, 0x96, 0xcc,
    0xaf, 0x7f, 0x25, 0x88, 0x3, 0xff, 0x8c,

    /* U+5F00 "开" */
    0x0, 0xff, 0xe8, 0x9e, 0xff, 0xff, 0xf2, 0xb9,
    0x40, 0x10, 0x40, 0x1f, 0xfc, 0xa1, 0xb0, 0xf,
    0xfe, 0x94, 0x10, 0x7, 0xff, 0x28, 0x6c, 0x0,
    0x7b, 0xfd, 0xcc, 0x0, 0xd3, 0xdd, 0xca, 0x1,
    0xbb, 0xb2, 0x80, 0x70, 0x8c, 0x1, 0x8c, 0x47,
    0x80, 0x38, 0x46, 0x0, 0xff, 0xff, 0x80, 0x7f,
    0xf7, 0x88, 0xce, 0x70, 0xc, 0x46, 0x7c, 0x20,
    0x18, 0xcf, 0x0, 0x13, 0xb7, 0x32, 0xa0, 0xd,
    0x19, 0x9c, 0x80, 0x1b, 0x33, 0x7a, 0xf0, 0x80,
    0x7f, 0xf3, 0x64, 0xc0, 0x3f, 0xf9, 0xcf, 0x8,
    0x20, 0x1f, 0xfc, 0xa1, 0x49, 0x1b, 0xef, 0xf9,
    0x0, 0x37, 0xff, 0x94, 0x3, 0x7f, 0xdd, 0x64,
    0x1, 0xe5, 0x0, 0x8c, 0x3, 0xff, 0x94, 0x62,
    0x1, 0x28, 0x7, 0xff, 0x2a, 0x80, 0x36, 0x0,
    0x7f, 0xf2, 0x98, 0x3, 0x28, 0x7, 0xff, 0x26,
    0x40, 0x32, 0x80, 0x7f, 0xf2, 0x59, 0x80, 0x1a,
    0x40, 0x3f, 0xf9, 0x13, 0x20, 0xc, 0xa6, 0x1,
    0xff, 0xc7, 0x66, 0x0, 0x61, 0xb0, 0xf, 0xfe,
    0x40, 0x80, 0x61, 0xc1, 0x0, 0xfc, 0x60, 0x10,
    0x80, 0x7c, 0xc2, 0x0, 0x3c, 0x20, 0xf, 0xee,
    0x0, 0x88, 0x3, 0xe1, 0xc7, 0xac, 0x20, 0xf,
    0xf3, 0xa0, 0x17, 0x80, 0x7e, 0x28, 0x50, 0xf,
    0xfe, 0xd, 0xfe, 0x98, 0x7, 0x80,

    /* U+6216 "或" */
    0x0, 0xff, 0xe1, 0x8a, 0xa8, 0x3, 0x19, 0x80,
    0x3f, 0xf9, 0x1f, 0x54, 0xc0, 0x3, 0x66, 0x39,
    0x80, 0x3f, 0xf8, 0xaa, 0x20, 0x3, 0x20, 0xb0,
    0x0, 0xcb, 0x80, 0x7f, 0xf2, 0x44, 0x1c, 0x3,
    0x8, 0x4, 0x28, 0xab, 0xff, 0x60, 0x6, 0xb5,
    0xf4, 0x0, 0xa, 0x80, 0xb, 0xae, 0xab, 0xfe,
    0x60, 0xc, 0xf5, 0x44, 0x0, 0xe, 0x30, 0x28,
    0x7, 0xff, 0x3b, 0x40, 0x40, 0x3f, 0xf9, 0xc2,
    0xc, 0xc1, 0x0, 0xff, 0xe5, 0xa, 0x58, 0x2,
    0x7b, 0xff, 0xff, 0x80, 0x1, 0x9b, 0xff, 0xba,
    0xc4, 0x2, 0x28, 0xaa, 0xfa, 0x4c, 0x0, 0x20,
    0x11, 0x0, 0x6, 0x24, 0xc0, 0x3b, 0x1d, 0x57,
    0xe6, 0xc2, 0x2, 0x0, 0x98, 0x1, 0x6e, 0xd8,
    0x60, 0x11, 0x88, 0x7, 0xf9, 0x1, 0xc0, 0x22,
    0x1, 0x50, 0x9, 0x40, 0x27, 0x0, 0xff, 0x84,
    0x8, 0x3, 0x13, 0x0, 0x62, 0x0, 0xf9, 0x7f,
    0xe3, 0x0, 0xef, 0x0, 0xcf, 0x20, 0x10, 0xa0,
    0x7, 0xff, 0x14, 0x80, 0x34, 0x8, 0x4, 0xc0,
    0x1f, 0x92, 0x66, 0x20, 0xe, 0x50, 0xc, 0x40,
    0x1a, 0x40, 0x3f, 0xb, 0x34, 0x20, 0x10, 0x80,
    0x88, 0x3, 0xe6, 0x10, 0xc, 0xa0, 0x1f, 0xf1,
    0x0, 0x10, 0x3, 0xe8, 0x0, 0xe1, 0x81, 0x0,
    0xfc, 0xc8, 0x0, 0xc0, 0xf, 0x38, 0x80, 0x79,
    0xfb, 0xff, 0xf4, 0x80, 0x48, 0x1, 0xc5, 0x0,
    0x4c, 0x40, 0x1f, 0x89, 0x67, 0x3f, 0xcc, 0x0,
    0x60, 0xe, 0x80, 0x2d, 0x9c, 0x0, 0x8d, 0xe7,
    0x3f, 0x69, 0x8c, 0x1, 0x20, 0x76, 0x1, 0xc2,
    0x8, 0x0, 0x13, 0xb, 0xc8, 0x63, 0x0, 0xfc,
    0xda, 0x1, 0xee, 0xf, 0x0, 0xc6, 0x80, 0x1f,
    0xfc, 0x9, 0x10, 0xf, 0x2d, 0xb0, 0x4, 0x64,
    0x1, 0xf8, 0xde, 0xa4, 0x3, 0xfc, 0x80, 0x11,
    0x80, 0xb8, 0x0, 0x96, 0x73, 0xf2, 0x15, 0x40,
    0x1d, 0x4c, 0x1, 0xf5, 0x0, 0x23, 0xfd, 0xb4,
    0xc6, 0x1, 0x8d, 0x40, 0x2a, 0x59, 0x30, 0xe,
    0x36, 0x0, 0xff, 0xe1, 0x53, 0xb6, 0x28, 0x3,
    0x1c, 0x40, 0x9f, 0x0, 0x3f, 0xf8, 0x91, 0x26,
    0x1, 0xa3, 0xbf, 0x60, 0x2,

    /* U+64AD "播" */
    0x0, 0xc2, 0xca, 0x1, 0xff, 0xc4, 0x12, 0x10,
    0xf, 0xd9, 0x34, 0xe0, 0x1c, 0x44, 0x34, 0x57,
    0x8a, 0xce, 0xe6, 0xf2, 0x80, 0x78, 0x48, 0x1,
    0x60, 0x14, 0xfe, 0xeb, 0x2e, 0xa1, 0xd4, 0xc4,
    0x2, 0xc0, 0xf, 0x18, 0x4, 0x20, 0x13, 0x0,
    0x7f, 0xf0, 0x4e, 0xc0, 0x3f, 0xf8, 0x4e, 0x20,
    0x11, 0x0, 0x66, 0xa1, 0x15, 0x10, 0x7, 0x84,
    0x3, 0xe8, 0xc0, 0x0, 0xea, 0x80, 0x54, 0xe2,
    0x29, 0x10, 0xc, 0xdd, 0x80, 0x11, 0x7d, 0x0,
    0x10, 0x0, 0x22, 0x0, 0xeb, 0x0, 0xfd, 0x2,
    0x1, 0xe5, 0x21, 0x30, 0x2, 0x21, 0x80, 0x2b,
    0x60, 0x1, 0x28, 0x80, 0x46, 0x1, 0xf9, 0xfa,
    0x80, 0x9, 0x46, 0x1, 0x38, 0x4, 0x57, 0xc6,
    0x0, 0xe5, 0x20, 0xc, 0x72, 0x40, 0x1f, 0xfc,
    0x55, 0x0, 0x1d, 0x78, 0x4, 0x58, 0xca, 0x40,
    0x1f, 0xfc, 0x32, 0x70, 0xf, 0xf8, 0xb7, 0xa8,
    0x3, 0xfc, 0x7b, 0xda, 0x20, 0x1f, 0xfc, 0x15,
    0xa0, 0xf, 0xf1, 0xc8, 0x80, 0x7f, 0x8e, 0x8,
    0x66, 0xc0, 0x24, 0x50, 0xa, 0x88, 0x0, 0x9a,
    0xa0, 0x1c, 0xc0, 0x10, 0xbf, 0xe3, 0x0, 0x49,
    0x7a, 0x1, 0x27, 0x88, 0x0, 0xaa, 0xc0, 0xb,
    0xb6, 0x1, 0xc4, 0x40, 0xa, 0x2c, 0x1d, 0x8e,
    0x84, 0xbd, 0x0, 0x2f, 0x1, 0xa2, 0x0, 0xf1,
    0xc0, 0x5, 0x3d, 0xd3, 0x95, 0xf7, 0x3d, 0x40,
    0xe, 0x80, 0x1f, 0xd1, 0x8e, 0x40, 0x1, 0x1f,
    0xf8, 0x1, 0x40, 0x1, 0x60, 0xe, 0x27, 0x0,
    0x38, 0x7, 0xff, 0xc, 0xc0, 0x29, 0xfd, 0x0,
    0xff, 0xab, 0x10, 0x2, 0xcc, 0x0, 0x7f, 0xf2,
    0xc4, 0x40, 0x10, 0x88, 0x3, 0xff, 0x95, 0x5a,
    0xa0, 0x16, 0xe8, 0x3, 0xff, 0xd0, 0x46, 0x20,
    0x11, 0x98, 0x3, 0xfc, 0x20, 0x1f, 0xf4, 0xea,
    0x0, 0x59, 0x81, 0x0, 0xfd, 0x98, 0x0, 0x84,
    0x3, 0xeb, 0xe5, 0x0, 0xbf, 0xc2, 0x1, 0xf2,
    0x98, 0x6, 0x50, 0x8, 0xc0, 0x3f, 0xf9, 0xb4,
    0x1, 0x70, 0x7, 0xff, 0x8, 0x44, 0x1, 0x2b,
    0x8, 0x1e, 0x18, 0x4, 0xca, 0x49, 0xdf, 0xff,
    0x28, 0xc, 0x0, 0x40,

    /* U+653E "放" */
    0x0, 0xff, 0xec, 0xb, 0xc0, 0x80, 0x7f, 0x8,
    0x7, 0xff, 0x13, 0x61, 0xe8, 0x3, 0xe4, 0xfe,
    0xe2, 0x0, 0x7f, 0xf0, 0x8c, 0x0, 0x80, 0x1f,
    0x40, 0x0, 0x74, 0x3, 0xff, 0x84, 0x80, 0x1f,
    0xe3, 0x0, 0xb8, 0x3, 0xff, 0x85, 0x28, 0x8c,
    0x0, 0xf1, 0x80, 0x64, 0x0, 0xfe, 0x4d, 0xff,
    0xb5, 0x11, 0x9f, 0xee, 0x90, 0x2, 0x80, 0x62,
    0x11, 0xc0, 0x1d, 0x24, 0x1, 0xfc, 0x2c, 0x81,
    0xa0, 0x1b, 0xbb, 0xbf, 0xd2, 0x1, 0xff, 0xc3,
    0x70, 0x40, 0xf, 0xf9, 0x8c, 0x24, 0x80, 0x3f,
    0x85, 0xcd, 0x80, 0x3f, 0xf8, 0x69, 0xb4, 0x1,
    0x1f, 0xfe, 0xe8, 0xa, 0x0, 0xff, 0x85, 0x8c,
    0x3, 0xff, 0x84, 0x86, 0x1, 0x17, 0xfa, 0x80,
    0x37, 0x48, 0x7, 0xe3, 0xee, 0xb2, 0x2, 0x40,
    0x31, 0x8, 0x68, 0x4, 0x60, 0x1f, 0xf0, 0x8c,
    0x6f, 0x84, 0x1, 0xc8, 0x6, 0x1, 0x28, 0x7,
    0xff, 0x10, 0xc0, 0x3d, 0x80, 0xa0, 0x17, 0x80,
    0x7f, 0xf2, 0xdc, 0xc4, 0x2, 0x40, 0xf, 0xf1,
    0xfb, 0x0, 0x4a, 0x60, 0x22, 0x0, 0xc, 0x0,
    0x42, 0x40, 0x1e, 0x30, 0x9, 0xc0, 0x38, 0xb2,
    0x2d, 0x80, 0x24, 0x0, 0x9c, 0x3, 0xe1, 0x0,
    0x84, 0x3, 0xe7, 0x5a, 0x0, 0xfa, 0x80, 0x3e,
    0xe0, 0x8, 0xc0, 0x3b, 0xc0, 0x22, 0x30, 0xe,
    0x23, 0x0, 0xf9, 0x40, 0x2f, 0x3, 0x0, 0xfd,
    0x20, 0x1d, 0x60, 0x1f, 0x8c, 0x2, 0x50, 0xf,
    0xf3, 0x0, 0x72, 0x80, 0x7c, 0x80, 0x18, 0xc0,
    0x40, 0x21, 0x0, 0xdc, 0x1, 0xdc, 0x20, 0x1e,
    0xd0, 0x8, 0x80, 0xe, 0x1, 0x18, 0x5, 0x44,
    0x1, 0xc5, 0x40, 0x1e, 0x70, 0x9, 0x40, 0x4,
    0x1, 0x8, 0xd, 0xa8, 0x7, 0xc9, 0x62, 0x1,
    0x48, 0x80, 0x56, 0xa, 0x20, 0x13, 0x27, 0xa0,
    0x6, 0x70, 0xc, 0x9e, 0x40, 0x7, 0x0, 0x8c,
    0x3e, 0x80, 0x31, 0x50, 0x80, 0x6b, 0x88, 0x0,
    0x61, 0x40, 0x2, 0x80, 0x51, 0x60, 0x1c, 0x60,
    0x60, 0x1a, 0x90, 0x1d, 0xc0, 0x19, 0x40, 0x16,
    0xc9, 0x69, 0x62, 0x1, 0xf, 0x4, 0x80, 0xb,
    0x14, 0x2, 0x8a, 0x20, 0x83, 0x0, 0xa6, 0xd0,
    0xf, 0xe9, 0xe3, 0xc8, 0x13, 0xb7, 0x46, 0x1,
    0xcb, 0xbe, 0xe0, 0x0,

    /* U+6587 "文" */
    0x0, 0xff, 0xee, 0xc, 0xeb, 0x80, 0x7f, 0xf2,
    0xcb, 0xd8, 0xa1, 0x0, 0x3f, 0xf9, 0x62, 0x1,
    0x70, 0x7, 0xff, 0x28, 0x88, 0x1, 0x30, 0x7,
    0xff, 0x2d, 0x40, 0x3, 0x20, 0x1f, 0xf0, 0xdf,
    0x7f, 0xff, 0x38, 0x0, 0x6b, 0xff, 0xf7, 0x61,
    0xda, 0x8, 0x7, 0xff, 0x28, 0x4f, 0xc4, 0x3,
    0xff, 0x9c, 0x3c, 0x1, 0xff, 0xce, 0xa5, 0xeb,
    0xaa, 0x8, 0x4, 0x75, 0x5f, 0x8c, 0x3, 0x3d,
    0x5e, 0xb8, 0xa, 0x2a, 0x98, 0x2, 0x34, 0x55,
    0xf8, 0xc0, 0x21, 0x85, 0x42, 0x0, 0xf4, 0x80,
    0x69, 0x0, 0xf3, 0x0, 0x66, 0x0, 0xff, 0xa,
    0x80, 0x4e, 0x40, 0x1d, 0x0, 0x1a, 0x80, 0x3f,
    0xe8, 0x0, 0xd2, 0x1, 0x9c, 0x40, 0x25, 0x20,
    0xf, 0xf8, 0x94, 0x2, 0x47, 0x0, 0x14, 0x0,
    0x68, 0x0, 0xff, 0xe0, 0xd8, 0x6, 0x84, 0xe,
    0x0, 0xce, 0x40, 0x1f, 0xfc, 0x11, 0x90, 0xd,
    0x76, 0x30, 0x8, 0xa0, 0x3, 0xff, 0x86, 0xc8,
    0x1, 0x90, 0x3, 0x70, 0x7, 0xff, 0x16, 0x84,
    0x3, 0xe8, 0x30, 0xf, 0xfe, 0x28, 0xd8, 0x7,
    0x89, 0xc0, 0x3f, 0xf8, 0xc9, 0x60, 0x1e, 0x2c,
    0x20, 0xf, 0xfe, 0x18, 0xd5, 0x88, 0x7, 0xc7,
    0xb0, 0x1, 0xff, 0xc0, 0x18, 0xe5, 0x0, 0xff,
    0x9f, 0x9c, 0x3, 0xe1, 0x6b, 0xe7, 0x0, 0xe1,
    0xae, 0x30, 0xe, 0x18, 0xfa, 0x50, 0xa, 0x3a,
    0x50, 0x3, 0xc9, 0xea, 0x38, 0xe0, 0x1f, 0x2d,
    0x60, 0xb, 0x80, 0x7c, 0x55, 0x62, 0x1, 0x46,
    0xa0, 0x7, 0xc6, 0x22, 0x0, 0xf1, 0x4e, 0xa8,
    0x7, 0x8a, 0xf1, 0x0, 0x3c, 0x20, 0xe0, 0x1,
    0x6b, 0xd6, 0x0, 0xff, 0x1d, 0xec, 0x18, 0x2,
    0x40, 0x11, 0xb9, 0xd2, 0x80, 0x1f, 0xfc, 0x22,
    0x7c, 0xff, 0x30, 0x0,

    /* U+6807 "标" */
    0x0, 0xf0, 0xb3, 0x0, 0x3f, 0xfa, 0x1f, 0x32,
    0xb0, 0xf, 0xfe, 0x71, 0x88, 0x1, 0x0, 0x39,
    0x37, 0xff, 0xfd, 0x20, 0x1f, 0x9c, 0x3, 0xfa,
    0x48, 0x3, 0xfc, 0xc8, 0x1, 0xff, 0xe4, 0x92,
    0x0, 0xff, 0x32, 0x0, 0x67, 0xef, 0xb0, 0xd,
    0xfd, 0x0, 0x4, 0xdf, 0xff, 0xf4, 0x80, 0x62,
    0x81, 0x0, 0xf8, 0x5c, 0xc0, 0x3f, 0xfc, 0xa5,
    0x4, 0x1, 0xf1, 0x39, 0xc6, 0xff, 0xff, 0xf0,
    0x35, 0x0, 0x27, 0xdd, 0x0, 0x76, 0x6c, 0x23,
    0x90, 0x7, 0xff, 0x0, 0xac, 0x3, 0x90, 0x3,
    0xb4, 0x40, 0x3f, 0xf9, 0x7a, 0x1, 0xc3, 0x80,
    0x8a, 0x1, 0xff, 0xc2, 0x90, 0xe, 0x40, 0xf,
    0x15, 0x5, 0x7f, 0x74, 0x40, 0x12, 0x77, 0x6f,
    0x60, 0xc, 0xa0, 0x1f, 0x95, 0x0, 0x2, 0x38,
    0x2, 0x11, 0xe0, 0xf, 0x70, 0x7, 0x84, 0x1,
    0x80, 0x1f, 0xfc, 0x71, 0x40, 0xf, 0x40, 0x1c,
    0x9e, 0xe9, 0x0, 0x3c, 0x39, 0xf6, 0x1, 0xd2,
    0x1, 0xf3, 0x56, 0xf, 0x11, 0x24, 0x3, 0xcc,
    0x60, 0x8e, 0x1, 0xb, 0x80, 0x7e, 0x50, 0x22,
    0x0, 0xc, 0x3, 0xc6, 0x1, 0x50, 0x4, 0xe0,
    0x12, 0x80, 0x7c, 0x80, 0x12, 0x0, 0x79, 0x4,
    0x0, 0x44, 0x0, 0x28, 0x5, 0xe0, 0x1f, 0x60,
    0x5, 0x20, 0x1f, 0x20, 0x4, 0xa0, 0x3, 0xc2,
    0x51, 0x0, 0xf0, 0xa8, 0x0, 0x8c, 0x3, 0xec,
    0x0, 0xb0, 0x2, 0x3d, 0xa0, 0xf, 0xac, 0x2,
    0xa0, 0xf, 0xce, 0x1, 0x20, 0x7, 0xff, 0x5,
    0x0, 0x26, 0x0, 0xfc, 0x24, 0x1, 0x20, 0x7,
    0xff, 0x1, 0xc0, 0xc, 0x22, 0x62, 0x0, 0xf3,
    0x80, 0x44, 0x1, 0xff, 0xc0, 0x99, 0x2c, 0x7,
    0xc8, 0x80, 0x46, 0x0, 0xe3, 0x48, 0x60, 0xf,
    0xfe, 0xb, 0x50, 0x8c, 0x1, 0xde, 0x0, 0x4c,
    0xb7, 0x0, 0xf3, 0x0, 0x42, 0x1, 0xff, 0xc0,
    0x26, 0x0, 0xff, 0xe0, 0x14, 0x8, 0xa8, 0x3,
    0xc2, 0xc0, 0x24, 0xfa, 0x1, 0xff, 0xc2, 0x7e,
    0xe2, 0x0, 0x7d, 0x3f, 0xdb, 0x0, 0x1f, 0xc0,

    /* U+70B9 "点" */
    0x0, 0xff, 0xe0, 0x2c, 0xb8, 0x7, 0xff, 0x34,
    0xe9, 0xa2, 0x80, 0x3f, 0xf9, 0x88, 0x1, 0x20,
    0x8f, 0xe0, 0xf, 0xfe, 0x27, 0x80, 0x43, 0xdd,
    0xfb, 0xf0, 0x40, 0x3f, 0xf9, 0xe6, 0xc0, 0x1f,
    0xfe, 0xb1, 0x57, 0x0, 0xff, 0xe2, 0x8f, 0xff,
    0xee, 0xa0, 0xf, 0xfe, 0xb9, 0x5f, 0xff, 0x9c,
    0x2, 0x1f, 0xff, 0x74, 0x80, 0x7e, 0x84, 0x0,
    0xff, 0xe2, 0x8b, 0x28, 0x7, 0xce, 0x1, 0xff,
    0xc8, 0x20, 0xf, 0xfe, 0x87, 0x80, 0x7f, 0xd5,
    0xff, 0xff, 0xc0, 0x0, 0xff, 0xff, 0x57, 0xff,
    0xff, 0x0, 0x3, 0xff, 0xba, 0xe0, 0x1f, 0xfc,
    0x8d, 0x0, 0xfa, 0x8, 0x3, 0xff, 0x8c, 0xaa,
    0x0, 0xf8, 0xb7, 0xfb, 0xbf, 0xf8, 0x9f, 0x40,
    0x1f, 0xb3, 0x64, 0xc4, 0x7f, 0x95, 0xc0, 0x46,
    0xaf, 0xc1, 0x0, 0xe6, 0x32, 0x6d, 0x10, 0x6a,
    0x60, 0xa, 0x2e, 0x74, 0x0, 0xca, 0x7, 0xa0,
    0x1d, 0x0, 0x10, 0x89, 0xa5, 0x65, 0x0, 0x8,
    0x0, 0x36, 0x3, 0x0, 0x8d, 0xc0, 0x28, 0x10,
    0xa, 0x43, 0xc0, 0x2e, 0x0, 0x28, 0x5, 0x60,
    0xa4, 0x1, 0x40, 0x81, 0xb8, 0x4, 0x2e, 0x1c,
    0x1, 0x38, 0x3, 0x40, 0x22, 0x20, 0x48, 0x6,
    0x80, 0x70, 0xd, 0x60, 0x2, 0x0, 0x8c, 0x0,
    0x80, 0x19, 0x1, 0x10, 0x1, 0x28, 0x24, 0x80,
    0x15, 0x40, 0x6, 0x0, 0x88, 0x2, 0x60, 0x16,
    0x60, 0x3, 0xc0, 0xd, 0xa0, 0x6, 0xb7, 0xa0,
    0x8, 0xdc, 0x4b, 0xc0, 0x29, 0xfe, 0x90, 0x9,
    0x3f, 0xd2, 0x20, 0x12, 0x40, 0x7, 0x47, 0x69,
    0x80, 0x7f, 0xf1, 0x0,

    /* U+7740 "着" */
    0x0, 0xff, 0xec, 0x2b, 0x0, 0x7e, 0x32, 0x0,
    0xff, 0xe1, 0xe5, 0x4c, 0x0, 0x7d, 0xba, 0xb2,
    0x0, 0xff, 0xe0, 0x29, 0x80, 0x18, 0x3, 0xce,
    0x20, 0x98, 0x1, 0xfc, 0x8c, 0xfa, 0x1, 0xb,
    0xbf, 0xa0, 0x2, 0x17, 0x73, 0x10, 0x6, 0xab,
    0x98, 0x70, 0xd, 0x11, 0xe0, 0xe, 0x88, 0x4e,
    0xa0, 0x4, 0xe0, 0x1f, 0xfc, 0xb3, 0x0, 0xa4,
    0xc4, 0x7e, 0x0, 0xe1, 0x1f, 0xc4, 0xae, 0x1,
    0x26, 0x76, 0xd5, 0x6b, 0x0, 0xc5, 0x55, 0xf6,
    0x6d, 0x0, 0x70, 0xf6, 0x5d, 0xea, 0x0, 0xc5,
    0x77, 0xf6, 0xc8, 0x7, 0x94, 0x40, 0x3f, 0xf8,
    0xea, 0x1, 0xe4, 0x84, 0x33, 0x84, 0x3, 0x9,
    0x9f, 0xe5, 0xf0, 0xc, 0x4c, 0xe1, 0x97, 0x64,
    0x0, 0xe6, 0xbb, 0xfd, 0xa8, 0xe8, 0x3, 0xb3,
    0x11, 0xce, 0x20, 0x19, 0xe2, 0x3f, 0xeb, 0x70,
    0xf, 0xfe, 0x80, 0xec, 0x3b, 0xc8, 0x1, 0xcc,
    0xef, 0xff, 0xc1, 0xa7, 0x2, 0x78, 0x84, 0xb0,
    0x7, 0x22, 0xaf, 0xf8, 0xee, 0x14, 0x3, 0xd4,
    0x40, 0x1c, 0x45, 0xff, 0x26, 0x80, 0x7d, 0x28,
    0x1, 0xff, 0xc6, 0x12, 0x0, 0xe9, 0x60, 0xf,
    0x3e, 0x67, 0xe7, 0x0, 0xc2, 0x1, 0x16, 0x30,
    0x7, 0xcf, 0x99, 0xf9, 0xc0, 0x3f, 0x71, 0x80,
    0x7f, 0xf3, 0x88, 0x3, 0x48, 0x6, 0x6a, 0xaf,
    0xcc, 0x1, 0xfa, 0x40, 0x2a, 0x60, 0xc, 0xd5,
    0x5f, 0x98, 0x3, 0xf3, 0xcc, 0x72, 0x80, 0x7f,
    0xf3, 0x19, 0xc4, 0x3, 0xcd, 0x55, 0xf9, 0x80,
    0x3f, 0xf8, 0xd8, 0xab, 0xfb, 0xc0, 0x3f, 0xf8,
    0xd5, 0xff, 0xfa, 0x40, 0x3f, 0xf8, 0x44, 0x1,
    0xff, 0xc5, 0x20, 0xf, 0xe9, 0x10, 0xf, 0xfe,
    0x10, 0xc8, 0x80, 0x0,

    /* U+793A "示" */
    0x0, 0xea, 0xef, 0xff, 0xfe, 0x27, 0x59, 0x0,
    0x7c, 0xea, 0x20, 0x1f, 0xfc, 0x41, 0x49, 0x0,
    0xfb, 0xc0, 0x3f, 0xf9, 0xe, 0x1, 0xf5, 0x80,
    0x7f, 0xf2, 0x28, 0x3, 0xe3, 0xeb, 0xaa, 0xff,
    0xe2, 0xeb, 0x0, 0x7e, 0x14, 0x55, 0xff, 0xe2,
    0x90, 0x7, 0xff, 0x5d, 0xb3, 0xbb, 0xff, 0x95,
    0xb4, 0x20, 0x32, 0x62, 0x3f, 0xfc, 0xa2, 0x58,
    0x2, 0x0, 0xff, 0xe7, 0x10, 0x19, 0x0, 0x7f,
    0xf3, 0x74, 0x1, 0xb5, 0x11, 0xf9, 0x80, 0x31,
    0x44, 0x7e, 0x9c, 0x60, 0x9, 0x5d, 0xff, 0x50,
    0x6, 0x77, 0xfe, 0x63, 0x0, 0xf0, 0x90, 0x7,
    0xff, 0xc, 0x90, 0x3, 0xf8, 0x7f, 0x79, 0xc0,
    0x3f, 0xf8, 0x13, 0xb7, 0x80, 0x1f, 0x98, 0x40,
    0x61, 0x80, 0x3f, 0xca, 0xc0, 0x3, 0x90, 0xf,
    0xa4, 0x3, 0x28, 0x7, 0xf9, 0xc0, 0x33, 0x18,
    0x7, 0x40, 0x80, 0x48, 0x60, 0x1f, 0xe2, 0x60,
    0xd, 0xc0, 0x18, 0x9c, 0x3, 0x40, 0x7, 0xff,
    0x2, 0x0, 0x31, 0x38, 0x5, 0xc0, 0x19, 0x4c,
    0x3, 0xff, 0x80, 0x2c, 0x1, 0xa4, 0x0, 0xe6,
    0x1, 0xac, 0x3, 0xff, 0x85, 0x60, 0x18, 0x4c,
    0x4, 0x3, 0x40, 0x80, 0x7f, 0xf0, 0x89, 0x40,
    0x3c, 0xcc, 0x0, 0x1b, 0x80, 0x1d, 0xd1, 0x0,
    0xc, 0x60, 0x1d, 0x20, 0x13, 0x18, 0x2, 0x64,
    0xba, 0x0, 0x58, 0x83, 0xa0, 0x6, 0x10, 0xe,
    0x39, 0xae, 0x90, 0xc, 0xd4, 0x20, 0x2, 0x0,
    0xfd, 0x60, 0x1e, 0x65, 0x10, 0xf, 0xf0, 0x80,
    0x7c, 0xc6, 0x1, 0xff, 0xc7, 0x65, 0x0, 0x9,
    0xbe, 0x48, 0x7, 0xff, 0x0,

    /* U+7F3A "缺" */
    0x0, 0xc6, 0x1, 0xff, 0xc1, 0x18, 0x92, 0x0,
    0xff, 0xb3, 0x1c, 0x20, 0x1f, 0xf6, 0xbb, 0x78,
    0x7, 0xf8, 0xcc, 0x2, 0xa0, 0x1f, 0xf1, 0x80,
    0x8, 0x40, 0x3f, 0x94, 0x2, 0x8b, 0xba, 0xa0,
    0x80, 0x3f, 0x8c, 0x3, 0xfb, 0xc0, 0x23, 0x44,
    0x95, 0xfc, 0x3, 0xff, 0x8e, 0x80, 0x1f, 0xc4,
    0x0, 0x6c, 0xe0, 0xd, 0x9d, 0xcd, 0xa1, 0x0,
    0x8c, 0x80, 0x3f, 0xa0, 0xa, 0x4c, 0x40, 0x30,
    0x8c, 0x4b, 0x60, 0x14, 0x80, 0x5, 0x80, 0x28,
    0xef, 0x70, 0xf, 0xfe, 0x12, 0x0, 0x4c, 0x0,
    0x7e, 0x0, 0x84, 0x40, 0x11, 0x28, 0x7, 0xff,
    0xf, 0xc4, 0x2c, 0x3, 0xfd, 0x5f, 0xa0, 0x1a,
    0xec, 0x1, 0xf1, 0xf5, 0x87, 0x80, 0x42, 0x42,
    0x1, 0xc4, 0x1, 0x99, 0x80, 0x1f, 0x3f, 0xde,
    0xb8, 0x5, 0x1b, 0xd8, 0x20, 0x1f, 0xfc, 0x59,
    0x0, 0xff, 0x1b, 0x80, 0x7f, 0xf1, 0x48, 0x3,
    0xfe, 0x20, 0x25, 0x60, 0xc, 0xaa, 0x0, 0x84,
    0x80, 0x1a, 0xea, 0xa2, 0x0, 0x8d, 0x5a, 0xd1,
    0xf6, 0xa4, 0x3, 0x44, 0x0, 0x37, 0x0, 0x6,
    0x21, 0x54, 0x0, 0xaa, 0x96, 0x81, 0x40, 0x1f,
    0xfc, 0x12, 0x0, 0xf, 0x6b, 0x0, 0x73, 0xef,
    0xa, 0x0, 0x7f, 0xf0, 0x5c, 0x0, 0x82, 0x1a,
    0x1, 0xd6, 0x2, 0x93, 0x70, 0x80, 0x1e, 0x78,
    0x85, 0xc8, 0x0, 0xc0, 0xc, 0x1, 0xc4, 0x0,
    0x30, 0x47, 0x10, 0xf, 0x73, 0xb9, 0x0, 0x21,
    0x0, 0xff, 0xe1, 0xb8, 0x7, 0xac, 0x3, 0xff,
    0x92, 0x44, 0x0, 0xf1, 0x20, 0x7, 0xff, 0x21,
    0x40, 0x31, 0x0, 0x50, 0x1, 0xff, 0xc1, 0xd1,
    0x0, 0xe9, 0x0, 0x8e, 0x0, 0x23, 0x60, 0xf,
    0x8a, 0x0, 0x24, 0x0, 0xe9, 0x10, 0xa, 0x94,
    0x80, 0x29, 0x50, 0x8, 0x40, 0x3f, 0xf8, 0xe,
    0xc0, 0x10, 0xb0, 0x40, 0x6, 0xa5, 0x0, 0x20,
    0x7, 0x9, 0xb0, 0x4, 0x50, 0x1, 0xa4, 0x0,
    0xa6, 0x1, 0xbc, 0x0, 0x5b, 0x35, 0x9f, 0xd9,
    0x32, 0x26, 0x41, 0x0, 0x8d, 0xc0, 0x2e, 0x10,
    0xb, 0xc0, 0x22, 0x65, 0x30, 0xc, 0xdb, 0x21,
    0x40, 0x3, 0xd0, 0xc, 0x58, 0x60, 0xea, 0x1,
    0xff, 0xc3, 0x4e, 0xdc, 0x10, 0xe, 0x2c, 0xf8,
    0x0, 0xff, 0xe2, 0x89, 0x0, 0x7f, 0xf0, 0x40,

    /* U+8303 "范" */
    0x0, 0xf1, 0xde, 0xd0, 0x80, 0x78, 0x6b, 0x6c,
    0xc0, 0x3f, 0xf8, 0x3e, 0x84, 0xb2, 0x1, 0xe9,
    0x52, 0x4f, 0x0, 0xf8, 0xaf, 0xbb, 0x18, 0x4,
    0xfd, 0xde, 0x70, 0x8, 0xfb, 0xb5, 0x8, 0x42,
    0x8, 0xe0, 0xe, 0x11, 0xf0, 0x7, 0x8, 0xe5,
    0x90, 0x10, 0xf, 0xfe, 0x70, 0x84, 0x10, 0x7,
    0xff, 0x30, 0xac, 0xf, 0x7f, 0xba, 0x20, 0x9,
    0x7b, 0xbc, 0xa0, 0x11, 0x77, 0x5f, 0xa4, 0x1,
    0x84, 0x6a, 0x0, 0xa4, 0x47, 0xd2, 0x1, 0x58,
    0x8c, 0x1, 0xf8, 0x85, 0xfb, 0x3c, 0xc0, 0x3c,
    0x7f, 0x9c, 0xc0, 0x1f, 0xea, 0xde, 0x90, 0x30,
    0x1, 0x56, 0xef, 0xbb, 0x37, 0x59, 0x22, 0x1,
    0xc2, 0xa0, 0x6, 0xf3, 0x0, 0x72, 0x91, 0x7f,
    0x8d, 0xa0, 0x3, 0x84, 0xc0, 0x21, 0xf0, 0x1,
    0x80, 0x7f, 0xf0, 0x54, 0x3, 0xda, 0x80, 0x13,
    0x0, 0x7f, 0xf1, 0x4, 0x3, 0xc3, 0x74, 0x88,
    0xb0, 0xf, 0x25, 0xdf, 0x28, 0x7, 0xe4, 0xed,
    0x65, 0xbb, 0x8, 0x7, 0x89, 0x13, 0x88, 0x3,
    0xe1, 0xa1, 0x29, 0xd4, 0x0, 0xff, 0xe5, 0x20,
    0x80, 0x45, 0x6a, 0x1, 0xff, 0xc1, 0x10, 0xf,
    0x96, 0xc8, 0x3, 0x20, 0x7, 0xf9, 0xbb, 0xd8,
    0x2, 0x10, 0xc, 0x9a, 0xe0, 0xa, 0x10, 0xf,
    0xf4, 0x88, 0x7, 0x28, 0x7, 0xa3, 0x2d, 0xf3,
    0xe0, 0x3, 0xff, 0x84, 0x30, 0x1, 0xf1, 0xb6,
    0x18, 0x39, 0x80, 0x7d, 0x22, 0x2, 0x6f, 0xe2,
    0x1, 0xf0, 0xe0, 0x80, 0x7f, 0xcd, 0xdf, 0xd9,
    0x2, 0x1, 0xf0, 0xe0, 0x80, 0x4a, 0x60, 0x1f,
    0xfc, 0x15, 0xa9, 0x30, 0x8, 0xbc, 0x80, 0x23,
    0xa0, 0xf, 0xfe, 0x15, 0xab, 0x60, 0x80, 0x30,
    0x40, 0x21, 0xd0, 0x0, 0x80, 0x48, 0x62, 0x3e,
    0x71, 0x0, 0x88, 0xc, 0x40, 0x21, 0xc1, 0x0,
    0x10, 0x4, 0x59, 0xdd, 0xe8, 0x0, 0xc2, 0x6,
    0x40, 0x16, 0x90, 0x5, 0x60, 0x1f, 0xfc, 0x33,
    0x20, 0x6, 0x2a, 0xb4, 0xc0, 0x33, 0x90, 0x7,
    0xff, 0x4, 0x78, 0x2, 0x1a, 0xa1, 0x0, 0x7b,
    0x60, 0xc4, 0x3, 0xf1, 0x37, 0x90, 0x0,

    /* U+8BCD "词" */
    0x0, 0xff, 0xea, 0x3b, 0x84, 0x3, 0x84, 0xcf,
    0xff, 0x80, 0x40, 0x1d, 0x31, 0xf, 0x30, 0xa,
    0xbb, 0x33, 0xff, 0x81, 0xbe, 0x80, 0x12, 0x80,
    0x7, 0x14, 0x9, 0x40, 0x3f, 0xf8, 0x70, 0x1,
    0x48, 0x6, 0xa3, 0x30, 0x7, 0xff, 0x10, 0x80,
    0x25, 0x90, 0xc, 0xc3, 0x6a, 0x67, 0xfe, 0x20,
    0xf, 0xcd, 0x20, 0x7, 0x50, 0x4a, 0xcc, 0xff,
    0x70, 0x7, 0xf3, 0x5e, 0x40, 0x0, 0xb3, 0xbf,
    0xfd, 0xd6, 0x20, 0x1f, 0xf2, 0x18, 0x5, 0x26,
    0x20, 0x1e, 0x14, 0x90, 0xf, 0xb, 0xcc, 0xcc,
    0x1, 0x88, 0x3, 0xfd, 0xc0, 0x1e, 0xc8, 0x66,
    0xa7, 0x0, 0x29, 0x85, 0x5f, 0x9a, 0x58, 0x3,
    0x84, 0x80, 0x38, 0xc4, 0x2, 0x7a, 0xaf, 0xa5,
    0x80, 0x3c, 0x24, 0x1, 0xe3, 0x0, 0xcd, 0x13,
    0x3a, 0x14, 0x3, 0xf6, 0x3a, 0x80, 0x7e, 0xa9,
    0x76, 0x6c, 0xf5, 0x0, 0x1f, 0xc, 0x50, 0x80,
    0x7c, 0xa0, 0x1f, 0x94, 0x3, 0xff, 0x9e, 0x60,
    0x1f, 0xfc, 0x92, 0xff, 0x8, 0x7, 0xff, 0xfc,
    0x3, 0x8b, 0xfc, 0x20, 0x1f, 0xfc, 0x59, 0xfb,
    0x0, 0xff, 0x18, 0x7, 0xff, 0x9, 0x1, 0x14,
    0x3, 0xf9, 0x40, 0x3f, 0xc2, 0x1, 0xe6, 0x10,
    0x0, 0xb3, 0x4f, 0x50, 0x1, 0xfc, 0x60, 0x1e,
    0x93, 0x90, 0x3, 0x4c, 0xd0, 0xa0, 0x1f, 0xe8,
    0x0, 0xc3, 0x6c, 0xf, 0xdc, 0x80, 0xf, 0x12,
    0x80, 0x79, 0x50, 0x2, 0x2c, 0x40, 0x8, 0x44,
    0x1, 0xd1, 0xfb, 0x20, 0x11, 0x80, 0x10, 0x80,
    0x9, 0xa4, 0x1, 0xff, 0x38, 0x7, 0x90, 0x0,
    0x38, 0x6f, 0x60, 0x1f, 0xfc, 0x71, 0xb0, 0x8,
    0x72, 0x0, 0x3f, 0xf8, 0x50, 0x20, 0x26, 0xde,
    0x40, 0x1f, 0xfc, 0x87, 0xef, 0xec, 0x91, 0x0,

    /* U+8BF7 "请" */
    0x0, 0xff, 0xe3, 0x4e, 0x59, 0x80, 0x7f, 0xc7,
    0x50, 0x1, 0xff, 0x33, 0xd, 0x3c, 0x3, 0xfe,
    0xd5, 0x7d, 0x20, 0x9, 0x33, 0xbf, 0xe9, 0x0,
    0x8f, 0xff, 0x74, 0x0, 0x61, 0x10, 0x0, 0xb0,
    0xc0, 0x1e, 0x62, 0x1, 0xff, 0xc0, 0x17, 0x20,
    0x8, 0x58, 0x2, 0x1d, 0x20, 0xe1, 0x0, 0xff,
    0xe1, 0x29, 0x0, 0x69, 0x60, 0x8, 0x58, 0x17,
    0xbf, 0xb7, 0x4e, 0x1, 0xe, 0xeb, 0xb9, 0xf4,
    0x1, 0xe9, 0x60, 0x4, 0x20, 0x1, 0xbb, 0x9b,
    0xa7, 0x0, 0x87, 0x75, 0xdc, 0xb0, 0xf, 0xd3,
    0x18, 0xe0, 0x14, 0x8, 0x7, 0xff, 0x1, 0x10,
    0x1, 0xf9, 0xcc, 0x3, 0x40, 0x80, 0x7f, 0xf0,
    0x15, 0x0, 0x31, 0xab, 0x2a, 0x0, 0x73, 0xff,
    0x6e, 0x9c, 0x2, 0x1d, 0xd7, 0x72, 0xc0, 0x35,
    0xe5, 0x4d, 0x5d, 0x80, 0xb, 0xdd, 0xb7, 0x4e,
    0x1, 0xe, 0xeb, 0xba, 0xfa, 0x0, 0x20, 0x7,
    0x21, 0x7, 0x88, 0x7, 0xff, 0x11, 0x48, 0x4,
    0x3, 0xc2, 0x12, 0x62, 0x1, 0xff, 0xc2, 0x17,
    0x20, 0xd4, 0x20, 0xc, 0xe0, 0x79, 0xdf, 0xbb,
    0xff, 0x77, 0xf4, 0x0, 0xe, 0xf4, 0x40, 0x3e,
    0x2e, 0xdd, 0xff, 0xba, 0x40, 0x3f, 0xf8, 0x76,
    0x20, 0x1f, 0xfc, 0x6, 0x20, 0xf, 0xfe, 0x11,
    0x0, 0x7f, 0xf0, 0x98, 0x3, 0xff, 0x84, 0xe0,
    0x15, 0x7f, 0xf8, 0x80, 0x3f, 0xf9, 0x55, 0xff,
    0xe2, 0x0, 0xff, 0xf0, 0x7f, 0xb4, 0x80, 0x31,
    0xaa, 0xf8, 0x3, 0xff, 0x86, 0x80, 0x56, 0x1,
    0xa2, 0xab, 0xc4, 0x1, 0xfe, 0x10, 0xf, 0x70,
    0x6, 0xbf, 0xff, 0x10, 0x7, 0xf1, 0x80, 0x79,
    0x1c, 0x3, 0xff, 0x93, 0xe0, 0x1c, 0xf6, 0x1,
    0xc4, 0x67, 0xe0, 0xf, 0xe2, 0x30, 0xd, 0x50,
    0x1, 0xe9, 0xcc, 0xd6, 0xa0, 0x1f, 0xc5, 0x0,
    0x1, 0xc5, 0x0, 0x9c, 0x3, 0xe7, 0x86, 0x0,
    0xcc, 0x1, 0xce, 0xe3, 0xf3, 0x0, 0xc4, 0x1,
    0x30, 0x5, 0xe0, 0x1c, 0x84, 0x1, 0xe8, 0xc1,
    0x0, 0xeb, 0x20, 0x72, 0x0, 0xa8, 0x84, 0x47,
    0x16, 0x1, 0xff, 0xc3, 0x2d, 0xf8, 0x0, 0xc5,
    0xbd, 0xcc, 0x70, 0xc,

    /* U+8BFB "读" */
    0x0, 0xff, 0xe3, 0x3c, 0xb8, 0x7, 0xff, 0x1,
    0x32, 0x88, 0x3, 0xfc, 0xf0, 0xd0, 0xc0, 0x1f,
    0xf5, 0x9a, 0xea, 0x80, 0x63, 0x78, 0x8a, 0x80,
    0x2b, 0x88, 0x9c, 0x80, 0x38, 0x40, 0x35, 0x40,
    0x0, 0xf2, 0x1d, 0xe2, 0x0, 0x89, 0xde, 0x8d,
    0x10, 0xc, 0x2e, 0x1, 0x9d, 0x81, 0x80, 0x3f,
    0xf8, 0x64, 0x1, 0xd1, 0x0, 0xc, 0x40, 0xaa,
    0x0, 0xff, 0xe0, 0xb1, 0x80, 0x79, 0xe8, 0x1,
    0x48, 0x0, 0xaf, 0xfc, 0xa0, 0x13, 0x7f, 0xe9,
    0x0, 0xfc, 0xb9, 0xca, 0x0, 0x26, 0x77, 0xe0,
    0x9, 0x62, 0x13, 0xe, 0xa0, 0x1f, 0x8c, 0x40,
    0x5, 0xb3, 0x11, 0x88, 0x2, 0x37, 0x73, 0x3c,
    0x53, 0x0, 0x46, 0xab, 0x10, 0x4, 0xe0, 0x1f,
    0xfc, 0x51, 0x0, 0x66, 0x2a, 0xad, 0x70, 0x2,
    0xb0, 0x80, 0x7f, 0xf0, 0xc8, 0x8, 0xc0, 0x3a,
    0x40, 0x29, 0xed, 0x5a, 0xff, 0xa1, 0xf7, 0xfc,
    0x80, 0x12, 0x1, 0x0, 0x78, 0x40, 0x3a, 0x96,
    0xa8, 0x15, 0xf, 0x80, 0x6, 0x0, 0x18, 0x80,
    0x2d, 0x8, 0x3, 0xe1, 0x3b, 0x0, 0x2c, 0xa0,
    0x0, 0x48, 0x10, 0x1, 0x0, 0x12, 0x5e, 0x80,
    0x7d, 0x98, 0xd4, 0x0, 0x28, 0x80, 0x74, 0xde,
    0x20, 0x7, 0xff, 0x0, 0x48, 0x5, 0xa, 0x78,
    0x3, 0xe4, 0x30, 0xf, 0xfe, 0x8, 0xf2, 0x0,
    0x8, 0x80, 0x1c, 0x60, 0x1f, 0xfc, 0x51, 0x90,
    0xd, 0xfc, 0x1, 0xaa, 0xee, 0xa6, 0x0, 0xff,
    0xe0, 0x53, 0xa0, 0x4, 0x86, 0x1, 0x91, 0x32,
    0xcb, 0x0, 0x7f, 0x2a, 0x20, 0x3, 0xff, 0x8b,
    0xc0, 0x1f, 0xd5, 0x60, 0x1f, 0xfc, 0x54, 0x90,
    0xf, 0xfa, 0x7f, 0xf4, 0x0, 0x64, 0xfa, 0xbf,
    0xfa, 0xc4, 0x3, 0xff, 0x86, 0x90, 0x1, 0xa6,
    0x55, 0x7a, 0x60, 0x1f, 0x8, 0x7, 0x1b, 0x0,
    0x12, 0xc0, 0x33, 0x13, 0x0, 0xb, 0x24, 0x3,
    0xc8, 0x1, 0x8f, 0x40, 0xaa, 0xc0, 0x31, 0xc8,
    0x50, 0x6, 0x6d, 0x10, 0xd, 0x60, 0x12, 0x60,
    0x9e, 0xa8, 0x6, 0x2d, 0x0, 0x2e, 0x90, 0x4,
    0x50, 0x1, 0x94, 0x0, 0xb6, 0x0, 0x40, 0xe,
    0x5d, 0x10, 0x8, 0xb5, 0x0, 0x22, 0x0, 0xd6,
    0xee, 0xa0, 0x9, 0x40, 0x23, 0xba, 0x0, 0xfa,
    0xd8, 0x1, 0x0, 0x1d, 0x10, 0x0, 0xc5, 0x93,
    0x98, 0x40, 0xf, 0xe9, 0xae, 0x30, 0xf, 0xfe,
    0x1, 0xb1, 0x80, 0x7f, 0xf0, 0x14, 0x40, 0x0,

    /* U+8DDF "跟" */
    0x0, 0xb, 0xcc, 0xfc, 0xe0, 0x12, 0xbc, 0x47,
    0xe7, 0x40, 0xe, 0xd8, 0x66, 0xfa, 0x2c, 0x32,
    0xa1, 0xdf, 0xf4, 0x5b, 0x80, 0x42, 0x60, 0x1f,
    0xc8, 0x46, 0x1, 0xff, 0xc0, 0xb0, 0x8, 0xc0,
    0x3f, 0xe6, 0x0, 0xff, 0xe0, 0x88, 0x7, 0xcd,
    0xff, 0x10, 0x7, 0xec, 0xce, 0xb0, 0x8, 0xc0,
    0x3e, 0x10, 0xf, 0xfe, 0x3, 0xbf, 0x8, 0x7,
    0xff, 0x32, 0xef, 0xa8, 0x3, 0xfe, 0x7f, 0xf8,
    0x80, 0x3f, 0xf9, 0x26, 0x1, 0xff, 0xd1, 0x12,
    0x0, 0xfe, 0x37, 0x0, 0xdb, 0xbd, 0x80, 0x1f,
    0xb1, 0xd5, 0x40, 0x19, 0x5f, 0x40, 0x38, 0xcf,
    0x80, 0x3f, 0x86, 0x2a, 0x84, 0x0, 0x1a, 0x81,
    0x0, 0xee, 0xee, 0xc0, 0xf, 0xc4, 0xc2, 0x1,
    0xff, 0xca, 0x30, 0x8, 0x76, 0x74, 0x3, 0xc,
    0xb0, 0x7, 0xff, 0xd, 0x40, 0x25, 0x0, 0x18,
    0x7, 0x34, 0xc8, 0x3, 0x90, 0x40, 0x24, 0x42,
    0xc4, 0x0, 0x21, 0x0, 0x84, 0x3, 0xc4, 0x1,
    0xd7, 0x0, 0x17, 0xdc, 0xf0, 0x80, 0x7f, 0xf0,
    0x47, 0xc0, 0x3c, 0xa0, 0x16, 0x9e, 0xb6, 0x0,
    0x7f, 0xf0, 0x3b, 0x88, 0x1, 0xe3, 0x10, 0x3,
    0x60, 0x81, 0x20, 0x7, 0xf8, 0x44, 0x1, 0xfc,
    0x80, 0x1e, 0x24, 0x0, 0xff, 0xe4, 0xf8, 0x7,
    0x1e, 0x0, 0x7f, 0xc2, 0x44, 0x0, 0xfc, 0xa2,
    0x1, 0x16, 0x8, 0x7, 0xc4, 0x60, 0x16, 0xe9,
    0x80, 0x3f, 0x40, 0x4, 0x4a, 0x1, 0x88, 0x2,
    0xc1, 0x0, 0xeb, 0x60, 0xd, 0x9d, 0x8a, 0x20,
    0x15, 0x18, 0x0, 0x60, 0x3, 0xfc, 0x5c, 0x1,
    0x8c, 0x4e, 0x24, 0x3, 0x62, 0x81, 0x80, 0x7e,
    0x15, 0xa7, 0x40, 0xf, 0xce, 0x20, 0x1b, 0x40,
    0x88, 0x1, 0x92, 0x37, 0xa9, 0x78, 0x3, 0xe2,
    0x90, 0xa0, 0xd, 0x40, 0xc, 0x88, 0x67, 0xdb,
    0x90, 0x4, 0xc6, 0x1, 0x24, 0x6e, 0x88, 0x12,
    0xc8, 0x24, 0x80, 0x2, 0xee, 0x30, 0xf, 0xda,
    0xd7, 0xf6, 0xe4, 0x1, 0x93, 0x7d, 0x80, 0x0,

    /* U+8F85 "辅" */
    0x0, 0xff, 0xeb, 0x88, 0x7, 0xff, 0x5, 0x9c,
    0x40, 0x60, 0xc0, 0x3e, 0xde, 0xd2, 0x0, 0xff,
    0x4c, 0xa3, 0x43, 0x5f, 0xc, 0x3, 0x98, 0x80,
    0xac, 0x3, 0xfc, 0xe0, 0x3, 0x10, 0xa, 0x0,
    0x24, 0x6a, 0x0, 0x89, 0x94, 0x40, 0x3e, 0x10,
    0x8, 0xe0, 0x0, 0x60, 0xb, 0xb4, 0x98, 0x4,
    0x93, 0x5e, 0x29, 0xbf, 0xf8, 0x3, 0x6d, 0x80,
    0x19, 0x1, 0x0, 0x3f, 0x85, 0x7c, 0x80, 0x3f,
    0xf8, 0x3, 0x0, 0x40, 0x1f, 0xe6, 0x20, 0xf,
    0xfe, 0x12, 0x86, 0x41, 0x0, 0x48, 0xcf, 0x1a,
    0x53, 0x26, 0x6c, 0x1, 0x95, 0x9a, 0x99, 0x0,
    0xb8, 0x6, 0xab, 0x87, 0x20, 0x3, 0x4c, 0xe0,
    0xd, 0x13, 0x33, 0x0, 0x44, 0x40, 0x2, 0xee,
    0xb8, 0x80, 0x25, 0xef, 0xf8, 0x3, 0x6f, 0xfb,
    0x94, 0x2, 0x50, 0xb, 0x4c, 0x6, 0x80, 0x2b,
    0x10, 0xf, 0xf0, 0xd0, 0x5, 0x20, 0x1, 0x30,
    0x8, 0x40, 0x2, 0x20, 0xf, 0xfe, 0x9, 0x3,
    0x8, 0x1, 0xc4, 0x3, 0xfc, 0x4c, 0x20, 0x13,
    0x10, 0x7, 0x48, 0x4, 0xd4, 0x1, 0x37, 0x10,
    0x6, 0x7b, 0x50, 0x0, 0xdb, 0x0, 0x73, 0x0,
    0x7f, 0xa, 0x80, 0x65, 0xd4, 0x0, 0xe, 0xa0,
    0x7, 0x40, 0x80, 0x7f, 0x10, 0x7, 0xff, 0x14,
    0x65, 0x15, 0x90, 0x2, 0x29, 0x50, 0xf, 0xfe,
    0x33, 0xdd, 0x4f, 0x80, 0x48, 0xc0, 0x1c, 0x74,
    0x60, 0x1, 0xa3, 0x0, 0xff, 0xe4, 0xb2, 0xb8,
    0x4, 0xac, 0x1, 0xf8, 0x93, 0x40, 0x26, 0xf5,
    0x0, 0xcb, 0xe8, 0x0, 0x1f, 0x50, 0xe, 0x4c,
    0xfd, 0xb6, 0x0, 0xe8, 0x0, 0xff, 0xe2, 0xd1,
    0x80, 0x7f, 0x8, 0x7, 0xff, 0x14, 0x40, 0x3f,
    0x93, 0x80, 0x31, 0x39, 0x0, 0x4e, 0x40, 0x1c,
    0xa0, 0x1f, 0x9a, 0xc8, 0x3, 0x3c, 0x30, 0x0,
    0xa1, 0xc0, 0x3a, 0xaa, 0xce, 0xb0, 0xf, 0xfe,
    0x62, 0xa8, 0xc4, 0x3, 0xff, 0xb8, 0x60, 0x20,
    0x14, 0x28, 0x4, 0x60, 0x1e, 0x60, 0xb, 0xc0,
    0x2, 0x1, 0x70, 0x10, 0x1, 0xc8, 0x2, 0x11,
    0x0, 0x78, 0x9c, 0x51, 0x80, 0x29, 0x3, 0x60,
    0x94, 0x38, 0x92, 0x0, 0x48, 0x7, 0xe8, 0xeb,
    0x0, 0xcd, 0xf8, 0x20, 0x37, 0x84, 0x7b, 0xfe,
    0x70,

    /* U+9009 "选" */
    0x0, 0xff, 0xe3, 0x1a, 0x90, 0x7, 0xff, 0x1,
    0x14, 0x3, 0xe4, 0x40, 0x4, 0x99, 0x5a, 0x60,
    0x1f, 0xe6, 0xba, 0xd2, 0x0, 0xc9, 0x76, 0xe4,
    0xe, 0x0, 0xac, 0x3, 0xfd, 0x60, 0x2, 0xd3,
    0x0, 0xb8, 0x0, 0x3e, 0x2, 0x1, 0x8, 0x7,
    0xf9, 0x0, 0x36, 0x10, 0x12, 0x80, 0x49, 0xe8,
    0x1, 0x37, 0xfe, 0xb1, 0x0, 0xd2, 0x60, 0x19,
    0x42, 0x0, 0x3f, 0xf8, 0x68, 0xe0, 0x1d, 0xa4,
    0x0, 0x26, 0x35, 0x0, 0xff, 0xe2, 0x10, 0x7,
    0xf, 0xa4, 0x68, 0xf8, 0x6, 0x66, 0x84, 0x2,
    0x26, 0x69, 0xed, 0x0, 0x3c, 0x56, 0xe0, 0xb,
    0x0, 0xa6, 0x72, 0x80, 0x49, 0x33, 0x42, 0x0,
    0x7f, 0xf0, 0x1e, 0x1, 0x18, 0x3, 0xff, 0x9c,
    0x6c, 0x6e, 0xf9, 0x80, 0x25, 0x77, 0xcc, 0x60,
    0x1f, 0xf3, 0xdb, 0x3c, 0x46, 0x20, 0x8, 0xe2,
    0x34, 0xe3, 0x0, 0x17, 0xbf, 0xee, 0x60, 0xc0,
    0xf, 0xfe, 0x36, 0x0, 0x2c, 0x40, 0x21, 0x91,
    0xe0, 0xf, 0xfe, 0x37, 0x0, 0x7f, 0x12, 0xf6,
    0x62, 0x40, 0x34, 0x38, 0x6, 0xcc, 0xbd, 0x0,
    0x14, 0x40, 0x1c, 0xe0, 0x26, 0x61, 0x0, 0xcd,
    0xc0, 0x10, 0x99, 0xc0, 0x19, 0x37, 0xc4, 0x3,
    0xf5, 0x0, 0x44, 0x20, 0x1f, 0xfc, 0xb6, 0x20,
    0x9, 0x40, 0x38, 0x40, 0x3f, 0xf8, 0xa9, 0x20,
    0x1a, 0x80, 0x3e, 0x7e, 0xd6, 0x0, 0xff, 0xa2,
    0xc0, 0x33, 0x10, 0x18, 0x6, 0x3a, 0x12, 0x90,
    0xf, 0xf1, 0xb8, 0x6, 0x29, 0x0, 0x8, 0x6,
    0xc2, 0x0, 0xff, 0xe0, 0x98, 0x6, 0x1f, 0x0,
    0x94, 0x3, 0xf1, 0x80, 0x70, 0x80, 0x56, 0xf0,
    0x0, 0x4f, 0x20, 0x8, 0x50, 0x3, 0xef, 0x0,
    0x8a, 0xc0, 0x3a, 0x2a, 0x9d, 0x62, 0x1, 0xd7,
    0xa, 0x66, 0x46, 0xd3, 0x0, 0x2e, 0xa0, 0x7,
    0x8a, 0xad, 0x90, 0x84, 0x60, 0x3, 0xd6, 0x62,
    0xac, 0x3, 0x50, 0x6, 0x15, 0x20, 0x9, 0x66,
    0xf7, 0xba, 0xff, 0xf7, 0x6e, 0x88, 0x0, 0xc0,
    0x12, 0x75, 0x6b, 0x80, 0x7f, 0xf1, 0x9c, 0x1,
    0x2c, 0xb, 0x60, 0x14, 0x69, 0x80, 0x7f, 0xf2,
    0x27, 0xe8, 0x3, 0x8b, 0x2d, 0xd0, 0x84, 0x3,
    0xfc, 0x8a, 0x1, 0xff, 0xc1, 0x48, 0xbd, 0xef,
    0xff, 0xdd, 0xf6, 0x0,

    /* U+97F3 "音" */
    0x0, 0xff, 0xee, 0x15, 0x7f, 0x0, 0x7f, 0xf3,
    0x31, 0x40, 0x5c, 0x3, 0xff, 0x86, 0x46, 0x7e,
    0x41, 0x0, 0xa4, 0xcf, 0xc4, 0x20, 0x1c, 0x9d,
    0xb9, 0x9e, 0xb0, 0xc, 0x39, 0x9e, 0xde, 0xd1,
    0x0, 0xb8, 0x40, 0x3f, 0xf9, 0x24, 0xe0, 0x11,
    0x0, 0x7f, 0xf2, 0xc8, 0x2, 0x88, 0x32, 0xa8,
    0x2, 0x25, 0x5f, 0x80, 0x24, 0x55, 0x35, 0x20,
    0x6, 0x79, 0xa1, 0x0, 0x8e, 0xab, 0xd0, 0x1,
    0x2d, 0xd4, 0xa8, 0x7, 0xe3, 0x0, 0x85, 0x0,
    0x39, 0x40, 0x21, 0x50, 0xf, 0x3e, 0x6e, 0xcc,
    0x1, 0xab, 0x77, 0xa0, 0x3, 0x4e, 0xeb, 0x24,
    0x52, 0xc, 0x8a, 0x10, 0xc, 0x24, 0x5c, 0x1,
    0xc4, 0x51, 0xb5, 0x88, 0x7, 0xff, 0x3d, 0x54,
    0x1, 0xff, 0xcc, 0x29, 0xa, 0xff, 0xff, 0xe6,
    0x69, 0x80, 0x72, 0x44, 0x7f, 0xf1, 0x1c, 0x80,
    0x3f, 0x3d, 0xbb, 0xff, 0xf1, 0x23, 0x4c, 0x3,
    0xea, 0x0, 0xff, 0xe3, 0xd8, 0x7, 0xc6, 0x1,
    0xff, 0xc7, 0x10, 0xf, 0xf9, 0xff, 0xff, 0xe0,
    0xf, 0xfe, 0x21, 0x22, 0x7f, 0xc0, 0x1f, 0xfc,
    0x45, 0xbb, 0xff, 0x80, 0x3f, 0xff, 0x91, 0xff,
    0xff, 0x0, 0x7f, 0xf1, 0x2e, 0xab, 0xfe, 0x0,
    0xff, 0xe2, 0x1a, 0xaf, 0xfc, 0x1, 0xff, 0xdc,
    0x50, 0xf, 0xfe, 0x3f, 0x80, 0x7d, 0x4, 0x5,
    0x7f, 0xff, 0xf2, 0x80, 0x11, 0x80, 0x20,

    /* U+9875 "页" */
    0x0, 0x88, 0xbf, 0xf9, 0x42, 0x1, 0x47, 0xee,
    0xff, 0xf2, 0xba, 0xc0, 0xe, 0x1, 0xff, 0xcc,
    0x44, 0x0, 0x7f, 0xf3, 0xdc, 0x2c, 0xc8, 0x47,
    0xe0, 0xe, 0x11, 0xfc, 0x47, 0x6, 0x9, 0x9b,
    0xdd, 0xe8, 0x0, 0xd7, 0xdd, 0xfb, 0x71, 0xc0,
    0x3f, 0xed, 0x0, 0x8d, 0x0, 0x3f, 0xf8, 0x67,
    0xbf, 0xfc, 0x80, 0x11, 0xff, 0xff, 0x48, 0x7,
    0xbc, 0x80, 0x3f, 0xf8, 0xec, 0x80, 0x1c, 0x40,
    0x1f, 0xfc, 0x93, 0x0, 0xff, 0xec, 0xbf, 0xff,
    0x77, 0x3f, 0xfb, 0x0, 0x3f, 0xf8, 0xf1, 0xdc,
    0xb0, 0xf, 0xfe, 0x63, 0x80, 0x11, 0x0, 0x1f,
    0xfc, 0xa2, 0x0, 0xc2, 0x1, 0xff, 0xcf, 0x30,
    0xf, 0xff, 0x30, 0x80, 0x63, 0x0, 0xff, 0xe5,
    0x30, 0x6, 0x10, 0x8, 0x40, 0x3f, 0xca, 0x1,
    0x68, 0x5, 0x20, 0x19, 0x48, 0x40, 0x84, 0x2,
    0x40, 0xe, 0x94, 0x26, 0x50, 0x4, 0x18, 0x4,
    0x91, 0xbd, 0x69, 0xaa, 0x92, 0x60, 0x1c, 0x57,
    0xb2, 0x3, 0x6e, 0x1, 0xbd, 0x80, 0x9, 0x7d,
    0x96, 0xc0, 0x1f, 0xe7, 0xf4, 0x0, 0xd0, 0xa0,
    0x1c, 0x53, 0xce, 0x1, 0xe1, 0x5a, 0xf8, 0x10,
    0xc, 0xee, 0x1e, 0x70, 0xe, 0x18, 0xe7, 0x0,
    0xe, 0x75, 0x28, 0x7, 0xd, 0x40, 0x0, 0x63,
    0x9c, 0x3, 0x86, 0x10, 0x24, 0xc0, 0x3e, 0x7f,
    0x50, 0xe, 0x18, 0xe6, 0x0, 0xc2, 0x81, 0xe0,
    0x1c, 0x51, 0xd0, 0x20, 0x1f, 0x86, 0x75, 0x0,
    0x16, 0x0, 0x76, 0x35, 0x9d, 0xd3, 0x88, 0x7,
    0xff, 0x0, 0xae, 0xe5, 0x0, 0xa7, 0x29, 0x88,
    0x3, 0xff, 0x8a, 0x88, 0x0, 0x0,

    /* U+FF0C "，" */
    0x0, 0xc2, 0x1, 0x8a, 0xff, 0xb8, 0x80, 0xf,
    0x40, 0x0, 0xd8, 0x88, 0x80, 0x3a, 0x44, 0x3,
    0xc4, 0xc, 0x1, 0xcc, 0x13, 0x6, 0x1, 0x30,
    0x1, 0xf4, 0x2, 0xd0, 0x2, 0x78, 0x4, 0xc0,
    0xf6, 0x20, 0x8, 0x11, 0x40, 0x4, 0xae, 0x1,
    0xc9, 0x40, 0x1, 0xc9, 0xbb, 0x0, 0x40
};


/*---------------------
 *  GLYPH DESCRIPTION
 *--------------------*/

static const lv_font_fmt_txt_glyph_dsc_t glyph_dsc[] = {
    {.bitmap_index = 0, .adv_w = 0, .box_w = 0, .box_h = 0, .ofs_x = 0, .ofs_y = 0} /* id = 0 reserved */,
    {.bitmap_index = 0, .adv_w = 110, .box_w = 0, .box_h = 0, .ofs_x = 0, .ofs_y = 0},
    {.bitmap_index = 0, .adv_w = 191, .box_w = 8, .box_h = 23, .ofs_x = 2, .ofs_y = 0},
    {.bitmap_index = 78, .adv_w = 303, .box_w = 15, .box_h = 12, .ofs_x = 2, .ofs_y = 12},
    {.bitmap_index = 156, .adv_w = 292, .box_w = 17, .box_h = 24, .ofs_x = 1, .ofs_y = 0},
    {.bitmap_index = 327, .adv_w = 292, .box_w = 17, .box_h = 30, .ofs_x = 0, .ofs_y = -4},
    {.bitmap_index = 499, .adv_w = 473, .box_w = 29, .box_h = 27, .ofs_x = 0, .ofs_y = -2},
    {.bitmap_index = 785, .adv_w = 371, .box_w = 23, .box_h = 24, .ofs_x = 0, .ofs_y = -1},
    {.bitmap_index = 989, .adv_w = 168, .box_w = 6, .box_h = 12, .ofs_x = 2, .ofs_y = 12},
    {.bitmap_index = 1021, .adv_w = 192, .box_w = 9, .box_h = 34, .ofs_x = 2, .ofs_y = -7},
    {.bitmap_index = 1138, .adv_w = 192, .box_w = 9, .box_h = 34, .ofs_x = 1, .ofs_y = -7},
    {.bitmap_index = 1255, .adv_w = 254, .box_w = 14, .box_h = 14, .ofs_x = 1, .ofs_y = 11},
    {.bitmap_index = 1335, .adv_w = 292, .box_w = 17, .box_h = 17, .ofs_x = 1, .ofs_y = 3},
    {.bitmap_index = 1403, .adv_w = 168, .box_w = 9, .box_h = 15, .ofs_x = 1, .ofs_y = -8},
    {.bitmap_index = 1460, .adv_w = 184, .box_w = 9, .box_h = 4, .ofs_x = 1, .ofs_y = 7},
    {.bitmap_index = 1474, .adv_w = 168, .box_w = 7, .box_h = 7, .ofs_x = 2, .ofs_y = 0},
    {.bitmap_index = 1496, .adv_w = 185, .box_w = 11, .box_h = 33, .ofs_x = 0, .ofs_y = -7},
    {.bitmap_index = 1625, .adv_w = 292, .box_w = 17, .box_h = 23, .ofs_x = 1, .ofs_y = 0},
    {.bitmap_index = 1771, .adv_w = 292, .box_w = 15, .box_h = 23, .ofs_x = 2, .ofs_y = 0},
    {.bitmap_index = 1839, .adv_w = 292, .box_w = 17, .box_h = 23, .ofs_x = 0, .ofs_y = 0},
    {.bitmap_index = 1973, .adv_w = 292, .box_w = 17, .box_h = 23, .ofs_x = 0, .ofs_y = 0},
    {.bitmap_index = 2116, .adv_w = 292, .box_w = 18, .box_h = 23, .ofs_x = 0, .ofs_y = 0},
    {.bitmap_index = 2235, .adv_w = 292, .box_w = 17, .box_h = 23, .ofs_x = 0, .ofs_y = 0},
    {.bitmap_index = 2371, .adv_w = 292, .box_w = 17, .box_h = 23, .ofs_x = 1, .ofs_y = 0},
    {.bitmap_index = 2524, .adv_w = 292, .box_w = 16, .box_h = 23, .ofs_x = 1, .ofs_y = 0},
    {.bitmap_index = 2634, .adv_w = 292, .box_w = 16, .box_h = 23, .ofs_x = 1, .ofs_y = 0},
    {.bitmap_index = 2787, .adv_w = 292, .box_w = 16, .box_h = 23, .ofs_x = 1, .ofs_y = 0},
    {.bitmap_index = 2932, .adv_w = 168, .box_w = 7, .box_h = 18, .ofs_x = 2, .ofs_y = 0},
    {.bitmap_index = 2980, .adv_w = 168, .box_w = 9, .box_h = 26, .ofs_x = 1, .ofs_y = -8},
    {.bitmap_index = 3070, .adv_w = 292, .box_w = 17, .box_h = 17, .ofs_x = 1, .ofs_y = 3},
    {.bitmap_index = 3171, .adv_w = 292, .box_w = 17, .box_h = 12, .ofs_x = 1, .ofs_y = 6},
    {.bitmap_index = 3219, .adv_w = 292, .box_w = 18, .box_h = 17, .ofs_x = 0, .ofs_y = 3},
    {.bitmap_index = 3324, .adv_w = 257, .box_w = 14, .box_h = 25, .ofs_x = 1, .ofs_y = 0},
    {.bitmap_index = 3447, .adv_w = 500, .box_w = 29, .box_h = 30, .ofs_x = 1, .ofs_y = -7},
    {.bitmap_index = 3791, .adv_w = 317, .box_w = 20, .box_h = 24, .ofs_x = 0, .ofs_y = -1},
    {.bitmap_index = 3956, .adv_w = 334, .box_w = 18, .box_h = 23, .ofs_x = 2, .ofs_y = 0},
    {.bitmap_index = 4088, .adv_w = 320, .box_w = 19, .box_h = 23, .ofs_x = 1, .ofs_y = 0},
    {.bitmap_index = 4241, .adv_w = 350, .box_w = 19, .box_h = 23, .ofs_x = 2, .ofs_y = 0},
    {.bitmap_index = 4376, .adv_w = 302, .box_w = 16, .box_h = 23, .ofs_x = 2, .ofs_y = 0},
    {.bitmap_index = 4455, .adv_w = 290, .box_w = 15, .box_h = 23, .ofs_x = 2, .ofs_y = 0},
    {.bitmap_index = 4523, .adv_w = 352, .box_w = 20, .box_h = 23, .ofs_x = 1, .ofs_y = 0},
    {.bitmap_index = 4688, .adv_w = 372, .box_w = 19, .box_h = 23, .ofs_x = 2, .ofs_y = 0},
    {.bitmap_index = 4760, .adv_w = 168, .box_w = 6, .box_h = 23, .ofs_x = 2, .ofs_y = 0},
    {.bitmap_index = 4783, .adv_w = 281, .box_w = 16, .box_h = 23, .ofs_x = 0, .ofs_y = 0},
    {.bitmap_index = 4855, .adv_w = 340, .box_w = 20, .box_h = 23, .ofs_x = 2, .ofs_y = 0},
    {.bitmap_index = 5003, .adv_w = 287, .box_w = 15, .box_h = 23, .ofs_x = 2, .ofs_y = 0},
    {.bitmap_index = 5049, .adv_w = 421, .box_w = 22, .box_h = 23, .ofs_x = 2, .ofs_y = 0},
    {.bitmap_index = 5222, .adv_w = 367, .box_w = 19, .box_h = 23, .ofs_x = 2, .ofs_y = 0},
    {.bitmap_index = 5358, .adv_w = 377, .box_w = 22, .box_h = 23, .ofs_x = 1, .ofs_y = 0},
    {.bitmap_index = 5536, .adv_w = 330, .box_w = 18, .box_h = 23, .ofs_x = 2, .ofs_y = 0},
    {.bitmap_index = 5646, .adv_w = 377, .box_w = 23, .box_h = 30, .ofs_x = 1, .ofs_y = -7},
    {.bitmap_index = 5878, .adv_w = 340, .box_w = 19, .box_h = 23, .ofs_x = 2, .ofs_y = 0},
    {.bitmap_index = 6018, .adv_w = 307, .box_w = 18, .box_h = 23, .ofs_x = 1, .ofs_y = 0},
    {.bitmap_index = 6170, .adv_w = 307, .box_w = 19, .box_h = 23, .ofs_x = 0, .ofs_y = 0},
    {.bitmap_index = 6234, .adv_w = 366, .box_w = 19, .box_h = 23, .ofs_x = 2, .ofs_y = 0},
    {.bitmap_index = 6342, .adv_w = 309, .box_w = 21, .box_h = 24, .ofs_x = -1, .ofs_y = 0},
    {.bitmap_index = 6515, .adv_w = 449, .box_w = 28, .box_h = 24, .ofs_x = 0, .ofs_y = 0},
    {.bitmap_index = 6776, .adv_w = 315, .box_w = 20, .box_h = 23, .ofs_x = 0, .ofs_y = 0},
    {.bitmap_index = 6945, .adv_w = 292, .box_w = 20, .box_h = 24, .ofs_x = -1, .ofs_y = 0},
    {.bitmap_index = 7085, .adv_w = 297, .box_w = 17, .box_h = 23, .ofs_x = 1, .ofs_y = 0},
    {.bitmap_index = 7207, .adv_w = 192, .box_w = 9, .box_h = 30, .ofs_x = 2, .ofs_y = -5},
    {.bitmap_index = 7242, .adv_w = 185, .box_w = 11, .box_h = 33, .ofs_x = 1, .ofs_y = -7},
    {.bitmap_index = 7371, .adv_w = 192, .box_w = 9, .box_h = 30, .ofs_x = 1, .ofs_y = -5},
    {.bitmap_index = 7406, .adv_w = 292, .box_w = 16, .box_h = 15, .ofs_x = 1, .ofs_y = 9},
    {.bitmap_index = 7501, .adv_w = 275, .box_w = 17, .box_h = 4, .ofs_x = 0, .ofs_y = -5},
    {.bitmap_index = 7520, .adv_w = 306, .box_w = 10, .box_h = 10, .ofs_x = 2, .ofs_y = 20},
    {.bitmap_index = 7558, .adv_w = 291, .box_w = 16, .box_h = 19, .ofs_x = 1, .ofs_y = -1},
    {.bitmap_index = 7675, .adv_w = 316, .box_w = 17, .box_h = 26, .ofs_x = 2, .ofs_y = -1},
    {.bitmap_index = 7804, .adv_w = 258, .box_w = 15, .box_h = 18, .ofs_x = 1, .ofs_y = 0},
    {.bitmap_index = 7903, .adv_w = 316, .box_w = 17, .box_h = 26, .ofs_x = 1, .ofs_y = -1},
    {.bitmap_index = 8035, .adv_w = 286, .box_w = 16, .box_h = 18, .ofs_x = 1, .ofs_y = 0},
    {.bitmap_index = 8137, .adv_w = 191, .box_w = 14, .box_h = 25, .ofs_x = 0, .ofs_y = 0},
    {.bitmap_index = 8222, .adv_w = 296, .box_w = 17, .box_h = 25, .ofs_x = 1, .ofs_y = -7},
    {.bitmap_index = 8385, .adv_w = 316, .box_w = 16, .box_h = 25, .ofs_x = 2, .ofs_y = 0},
    {.bitmap_index = 8480, .adv_w = 154, .box_w = 7, .box_h = 26, .ofs_x = 1, .ofs_y = 0},
    {.bitmap_index = 8528, .adv_w = 155, .box_w = 11, .box_h = 33, .ofs_x = -3, .ofs_y = -7},
    {.bitmap_index = 8611, .adv_w = 304, .box_w = 17, .box_h = 25, .ofs_x = 2, .ofs_y = 0},
    {.bitmap_index = 8727, .adv_w = 159, .box_w = 9, .box_h = 25, .ofs_x = 2, .ofs_y = 0},
    {.bitmap_index = 8766, .adv_w = 473, .box_w = 26, .box_h = 18, .ofs_x = 2, .ofs_y = 0},
    {.bitmap_index = 8884, .adv_w = 316, .box_w = 16, .box_h = 18, .ofs_x = 2, .ofs_y = 0},
    {.bitmap_index = 8960, .adv_w = 306, .box_w = 17, .box_h = 18, .ofs_x = 1, .ofs_y = 0},
    {.bitmap_index = 9074, .adv_w = 316, .box_w = 17, .box_h = 26, .ofs_x = 2, .ofs_y = -7},
    {.bitmap_index = 9203, .adv_w = 316, .box_w = 17, .box_h = 26, .ofs_x = 1, .ofs_y = -7},
    {.bitmap_index = 9332, .adv_w = 223, .box_w = 13, .box_h = 18, .ofs_x = 2, .ofs_y = 0},
    {.bitmap_index = 9389, .adv_w = 245, .box_w = 15, .box_h = 18, .ofs_x = 0, .ofs_y = 0},
    {.bitmap_index = 9495, .adv_w = 214, .box_w = 13, .box_h = 23, .ofs_x = 0, .ofs_y = 0},
    {.bitmap_index = 9577, .adv_w = 314, .box_w = 17, .box_h = 18, .ofs_x = 1, .ofs_y = 0},
    {.bitmap_index = 9649, .adv_w = 291, .box_w = 18, .box_h = 19, .ofs_x = 0, .ofs_y = 0},
    {.bitmap_index = 9776, .adv_w = 431, .box_w = 26, .box_h = 19, .ofs_x = 0, .ofs_y = 0},
    {.bitmap_index = 9974, .adv_w = 287, .box_w = 18, .box_h = 21, .ofs_x = 0, .ofs_y = -2},
    {.bitmap_index = 10116, .adv_w = 290, .box_w = 18, .box_h = 26, .ofs_x = 0, .ofs_y = -7},
    {.bitmap_index = 10279, .adv_w = 255, .box_w = 15, .box_h = 18, .ofs_x = 1, .ofs_y = 0},
    {.bitmap_index = 10371, .adv_w = 192, .box_w = 10, .box_h = 30, .ofs_x = 1, .ofs_y = -5},
    {.bitmap_index = 10473, .adv_w = 149, .box_w = 5, .box_h = 36, .ofs_x = 2, .ofs_y = -9},
    {.bitmap_index = 10497, .adv_w = 192, .box_w = 11, .box_h = 30, .ofs_x = 1, .ofs_y = -5},
    {.bitmap_index = 10601, .adv_w = 292, .box_w = 17, .box_h = 7, .ofs_x = 1, .ofs_y = 8},
    {.bitmap_index = 10649, .adv_w = 162, .box_w = 8, .box_h = 15, .ofs_x = 1, .ofs_y = 1},
    {.bitmap_index = 10705, .adv_w = 162, .box_w = 8, .box_h = 15, .ofs_x = 1, .ofs_y = 1},
    {.bitmap_index = 10761, .adv_w = 480, .box_w = 26, .box_h = 29, .ofs_x = 3, .ofs_y = -3},
    {.bitmap_index = 10904, .adv_w = 480, .box_w = 29, .box_h = 6, .ofs_x = 1, .ofs_y = 9},
    {.bitmap_index = 10934, .adv_w = 480, .box_w = 28, .box_h = 28, .ofs_x = 1, .ofs_y = -2},
    {.bitmap_index = 11037, .adv_w = 480, .box_w = 28, .box_h = 27, .ofs_x = 1, .ofs_y = -3},
    {.bitmap_index = 11157, .adv_w = 480, .box_w = 26, .box_h = 29, .ofs_x = 2, .ofs_y = -4},
    {.bitmap_index = 11380, .adv_w = 480, .box_w = 31, .box_h = 29, .ofs_x = -1, .ofs_y = -3},
    {.bitmap_index = 11600, .adv_w = 480, .box_w = 29, .box_h = 27, .ofs_x = 1, .ofs_y = -3},
    {.bitmap_index = 11801, .adv_w = 480, .box_w = 29, .box_h = 29, .ofs_x = 1, .ofs_y = -3},
    {.bitmap_index = 12027, .adv_w = 480, .box_w = 29, .box_h = 30, .ofs_x = 1, .ofs_y = -3},
    {.bitmap_index = 12258, .adv_w = 480, .box_w = 28, .box_h = 29, .ofs_x = 1, .ofs_y = -3},
    {.bitmap_index = 12464, .adv_w = 480, .box_w = 29, .box_h = 28, .ofs_x = 0, .ofs_y = -3},
    {.bitmap_index = 12665, .adv_w = 480, .box_w = 29, .box_h = 28, .ofs_x = 0, .ofs_y = -4},
    {.bitmap_index = 12977, .adv_w = 480, .box_w = 29, .box_h = 31, .ofs_x = 0, .ofs_y = -4},
    {.bitmap_index = 13272, .adv_w = 480, .box_w = 28, .box_h = 27, .ofs_x = 1, .ofs_y = -3},
    {.bitmap_index = 13417, .adv_w = 480, .box_w = 28, .box_h = 30, .ofs_x = 1, .ofs_y = -4},
    {.bitmap_index = 13635, .adv_w = 480, .box_w = 31, .box_h = 29, .ofs_x = 0, .ofs_y = -3},
    {.bitmap_index = 13938, .adv_w = 480, .box_w = 28, .box_h = 31, .ofs_x = 1, .ofs_y = -4},
    {.bitmap_index = 14184, .adv_w = 480, .box_w = 28, .box_h = 30, .ofs_x = 1, .ofs_y = -4},
    {.bitmap_index = 14405, .adv_w = 480, .box_w = 29, .box_h = 29, .ofs_x = 1, .ofs_y = -3},
    {.bitmap_index = 14644, .adv_w = 480, .box_w = 28, .box_h = 29, .ofs_x = 1, .ofs_y = -4},
    {.bitmap_index = 14826, .adv_w = 480, .box_w = 29, .box_h = 30, .ofs_x = 1, .ofs_y = -4},
    {.bitmap_index = 15119, .adv_w = 480, .box_w = 30, .box_h = 29, .ofs_x = 0, .ofs_y = -3},
    {.bitmap_index = 15411, .adv_w = 480, .box_w = 30, .box_h = 30, .ofs_x = 0, .ofs_y = -3},
    {.bitmap_index = 15719, .adv_w = 480, .box_w = 28, .box_h = 30, .ofs_x = 1, .ofs_y = -3},
    {.bitmap_index = 15963, .adv_w = 480, .box_w = 31, .box_h = 30, .ofs_x = -1, .ofs_y = -4},
    {.bitmap_index = 16243, .adv_w = 480, .box_w = 29, .box_h = 30, .ofs_x = 1, .ofs_y = -4},
    {.bitmap_index = 16463, .adv_w = 480, .box_w = 28, .box_h = 30, .ofs_x = 1, .ofs_y = -3},
    {.bitmap_index = 16699, .adv_w = 480, .box_w = 29, .box_h = 27, .ofs_x = 0, .ofs_y = -3},
    {.bitmap_index = 16920, .adv_w = 480, .box_w = 30, .box_h = 30, .ofs_x = 0, .ofs_y = -4},
    {.bitmap_index = 17232, .adv_w = 480, .box_w = 29, .box_h = 29, .ofs_x = 1, .ofs_y = -3},
    {.bitmap_index = 17519, .adv_w = 480, .box_w = 28, .box_h = 30, .ofs_x = 0, .ofs_y = -4},
    {.bitmap_index = 17759, .adv_w = 480, .box_w = 30, .box_h = 30, .ofs_x = 0, .ofs_y = -4},
    {.bitmap_index = 18051, .adv_w = 480, .box_w = 30, .box_h = 30, .ofs_x = 0, .ofs_y = -4},
    {.bitmap_index = 18379, .adv_w = 480, .box_w = 30, .box_h = 28, .ofs_x = 0, .ofs_y = -3},
    {.bitmap_index = 18651, .adv_w = 480, .box_w = 29, .box_h = 31, .ofs_x = 0, .ofs_y = -4},
    {.bitmap_index = 18956, .adv_w = 480, .box_w = 30, .box_h = 30, .ofs_x = 0, .ofs_y = -4},
    {.bitmap_index = 19264, .adv_w = 480, .box_w = 28, .box_h = 30, .ofs_x = 1, .ofs_y = -3},
    {.bitmap_index = 19455, .adv_w = 480, .box_w = 28, .box_h = 29, .ofs_x = 1, .ofs_y = -4},
    {.bitmap_index = 19677, .adv_w = 480, .box_w = 8, .box_h = 13, .ofs_x = 5, .ofs_y = -5}
};

/*---------------------
 *  CHARACTER MAPPING
 *--------------------*/

static const uint16_t unicode_list_1[] = {
    0x0, 0x1, 0x57d, 0x2dc7, 0x2dd1, 0x2dd2, 0x2e27, 0x2ebd,
    0x310a, 0x312c, 0x32cc, 0x331c, 0x333a, 0x3393, 0x3398, 0x33b6,
    0x33f3, 0x3992, 0x3b2d, 0x3bc3, 0x3bd8, 0x3ec7, 0x41dd, 0x4474,
    0x4505, 0x454e, 0x47ce, 0x5080, 0x5707, 0x5901, 0x5f01, 0x62ca,
    0x6b94, 0x6bbe, 0x6bc2, 0x6da6, 0x6f4c, 0x6fd0, 0x77ba, 0x783c,
    0xded3
};

/*Collect the unicode lists and glyph_id offsets*/
static const lv_font_fmt_txt_cmap_t cmaps[] =
{
    {
        .range_start = 32, .range_length = 95, .glyph_id_start = 1,
        .unicode_list = NULL, .glyph_id_ofs_list = NULL, .list_length = 0, .type = LV_FONT_FMT_TXT_CMAP_FORMAT0_TINY
    },
    {
        .range_start = 8249, .range_length = 57044, .glyph_id_start = 96,
        .unicode_list = unicode_list_1, .glyph_id_ofs_list = NULL, .list_length = 41, .type = LV_FONT_FMT_TXT_CMAP_SPARSE_TINY
    }
};



/*--------------------
 *  ALL CUSTOM DATA
 *--------------------*/

#if LVGL_VERSION_MAJOR == 8
/*Store all the custom data of the font*/
static  lv_font_fmt_txt_glyph_cache_t cache;
#endif

#if LVGL_VERSION_MAJOR >= 8
static const lv_font_fmt_txt_dsc_t font_dsc = {
#else
static lv_font_fmt_txt_dsc_t font_dsc = {
#endif
    .glyph_bitmap = glyph_bitmap,
    .glyph_dsc = glyph_dsc,
    .cmaps = cmaps,
    .kern_dsc = NULL,
    .kern_scale = 0,
    .cmap_num = 2,
    .bpp = 4,
    .kern_classes = 0,
    .bitmap_format = 1,
#if LVGL_VERSION_MAJOR == 8
    .cache = &cache
#endif
};



/*-----------------
 *  PUBLIC FONT
 *----------------*/

/*Initialize a public general font descriptor*/
#if LVGL_VERSION_MAJOR >= 8
const lv_font_t han_font_phonetics = {
#else
lv_font_t han_font_phonetics = {
#endif
    .get_glyph_dsc = lv_font_get_glyph_dsc_fmt_txt,    /*Function pointer to get glyph's data*/
    .get_glyph_bitmap = lv_font_get_bitmap_fmt_txt,    /*Function pointer to get glyph's bitmap*/
    .line_height = 39,          /*The maximum line height required by the font*/
    .base_line = 9,             /*Baseline measured from the bottom of the line*/
#if !(LVGL_VERSION_MAJOR == 6 && LVGL_VERSION_MINOR == 0)
    .subpx = LV_FONT_SUBPX_NONE,
#endif
#if LV_VERSION_CHECK(7, 4, 0) || LVGL_VERSION_MAJOR >= 8
    .underline_position = -4,
    .underline_thickness = 2,
#endif
    .dsc = &font_dsc,          /*The custom font data. Will be accessed by `get_glyph_bitmap/dsc` */
#if LV_VERSION_CHECK(8, 2, 0) || LVGL_VERSION_MAJOR >= 9
    .fallback = NULL,
#endif
    .user_data = NULL,
};



#endif /*#if HAN_FONT_PHONETICS*/
