/*******************************************************************************
 * Size: 38 px
 * Bpp: 4
 * Opts: --font D:\ESP32Projects\ESP32-HanDictionary\assets\source\fonts\ResourceHanRoundedCN-Heavy.ttf --symbols 今日作业本周用时开始计时暂停周一二三四五网络与存储显示声音连接最新留言设置外观模式计划完成时间保存取消 --range 0x20-0x7e --size 38 --bpp 4 --format lvgl --no-kerning --lv-font-name han_font_timer_title --lv-include lvgl.h -o D:\ESP32Projects\ESP32-HanDictionary\main\han_dictionary\assets\han_font_timer_title.c
 ******************************************************************************/

#ifdef LV_LVGL_H_INCLUDE_SIMPLE
#include "lvgl.h"
#else
#include "lvgl.h"
#endif

#ifndef HAN_FONT_TIMER_TITLE
#define HAN_FONT_TIMER_TITLE 1
#endif

#if HAN_FONT_TIMER_TITLE

/*-----------------
 *    BITMAPS
 *----------------*/

/*Store the image of the glyphs*/
static LV_ATTRIBUTE_LARGE_CONST const uint8_t glyph_bitmap[] = {
    /* U+0020 " " */

    /* U+0021 "!" */
    0x0, 0x3e, 0xff, 0x40, 0x4, 0xb0, 0x40, 0x2e,
    0xc0, 0xc, 0x0, 0xec, 0x0, 0xfc, 0x20, 0x1,
    0x0, 0xe1, 0x0, 0x78, 0x7, 0x18, 0x0, 0x40,
    0x38, 0x40, 0x6, 0x1, 0xde, 0x0, 0x10, 0xe,
    0x10, 0x3, 0x80, 0x71, 0x80, 0x4, 0x3, 0x98,
    0x0, 0x60, 0x1c, 0x20, 0x1, 0x0, 0xe3, 0x0,
    0xfc, 0x20, 0x10, 0x80, 0x7e, 0x30, 0x8, 0x40,
    0x33, 0x80, 0x44, 0x1, 0xbc, 0x2, 0xa0, 0xc,
    0xb2, 0xb2, 0xc0, 0x1c, 0xd4, 0xc0, 0x1c, 0x97,
    0xb6, 0xa0, 0x13, 0x5a, 0x12, 0x54, 0x0, 0xc8,
    0x7, 0x39, 0x38, 0x7, 0xca, 0x20, 0x1f, 0x79,
    0x80, 0x7d, 0xc8, 0x40, 0x1c, 0x2c, 0x1e, 0x20,
    0x10, 0xe8, 0x0, 0xba, 0xa2, 0xb8, 0xc0,

    /* U+0022 "\"" */
    0x1, 0x79, 0x84, 0x0, 0xf2, 0x44, 0xc1, 0x1,
    0x74, 0x33, 0xdb, 0x80, 0x67, 0xb7, 0x67, 0xd2,
    0xa0, 0xe, 0xa0, 0xd, 0x40, 0x1c, 0xa2, 0x1,
    0xc4, 0x1, 0x88, 0x3, 0xb8, 0x3, 0xc2, 0x1,
    0x84, 0x3, 0x87, 0x80, 0x38, 0xc0, 0x31, 0x80,
    0x77, 0x88, 0x7, 0x30, 0x6, 0x60, 0xe, 0x22,
    0x0, 0x71, 0x0, 0x61, 0x0, 0xe1, 0x60, 0xe,
    0xe0, 0xc, 0x40, 0x1c, 0xc4, 0x1, 0xc4, 0x1,
    0xb4, 0x3, 0x88, 0x8, 0x3, 0x30, 0x6, 0x60,
    0xc, 0x40, 0x6, 0x0, 0xc6, 0x1, 0x8c, 0x3,
    0x38, 0x0, 0xc0, 0x22, 0x0, 0xf1, 0x0, 0x5a,
    0x0, 0xb0, 0x9, 0x40, 0x3c, 0x80, 0x12, 0x0,
    0xd, 0xc1, 0x24, 0x3, 0xd0, 0x81, 0x6, 0x0,

    /* U+0023 "#" */
    0x0, 0xff, 0xe7, 0xa7, 0x70, 0x80, 0x31, 0x6f,
    0x28, 0x7, 0xf4, 0x88, 0xa8, 0x3, 0x41, 0xc,
    0x80, 0x7e, 0x12, 0x0, 0x10, 0x6, 0x40, 0x0,
    0x80, 0x7e, 0x50, 0x8, 0xc0, 0x30, 0x80, 0x7f,
    0xc4, 0x1, 0x70, 0x4, 0x40, 0x13, 0x0, 0x7e,
    0xe0, 0x8, 0x80, 0x26, 0x0, 0x88, 0x3, 0xf1,
    0x0, 0x42, 0x1, 0x18, 0x4, 0x20, 0x1d, 0x3d,
    0xea, 0x1, 0x5f, 0xfd, 0x0, 0x13, 0xf5, 0x8,
    0x3b, 0x8, 0x7, 0xff, 0x8, 0x56, 0x83, 0xc0,
    0x3f, 0xf8, 0xce, 0x14, 0x40, 0x1f, 0xfc, 0x41,
    0x80, 0x2d, 0xd4, 0x0, 0x49, 0x77, 0x50, 0x4,
    0x37, 0xbc, 0x80, 0x11, 0x8, 0x5, 0x88, 0x93,
    0x0, 0x4a, 0x84, 0x1, 0xee, 0x0, 0x88, 0x2,
    0x60, 0x8, 0x80, 0x3f, 0x10, 0x4, 0xc0, 0x11,
    0x0, 0x5c, 0x1, 0xe2, 0x37, 0x0, 0x99, 0x12,
    0xc0, 0xb, 0xc8, 0x2, 0x1c, 0xdc, 0x20, 0xa,
    0xae, 0xe4, 0x0, 0x9f, 0x7d, 0x41, 0xcc, 0x3,
    0xff, 0x8b, 0x60, 0x60, 0x1f, 0xfc, 0x63, 0x5,
    0x71, 0x0, 0xff, 0xe1, 0xa, 0x78, 0x2, 0x3a,
    0x40, 0x27, 0xff, 0xb0, 0x2, 0x3f, 0xeb, 0x20,
    0xd, 0xc0, 0x17, 0x0, 0x4e, 0x1, 0x28, 0x7,
    0xe1, 0x0, 0x88, 0x2, 0x20, 0xb, 0x80, 0x3f,
    0x10, 0x4, 0xc0, 0x17, 0x0, 0x42, 0x1, 0xf9,
    0x80, 0x22, 0x0, 0x88, 0x2, 0x20, 0xf, 0xc6,
    0x0, 0x10, 0xf, 0xca, 0x1, 0xf8, 0x80, 0xe,
    0x1, 0x8c, 0x0, 0x42, 0x1, 0xfa, 0x4, 0xe0,
    0x3, 0x59, 0xc, 0x80, 0x7f, 0x27, 0x60, 0x80,
    0x62, 0xde, 0x40, 0xf, 0x0,

    /* U+0024 "$" */
    0x0, 0xfe, 0xaf, 0xb1, 0x0, 0xff, 0xe1, 0xb2,
    0x82, 0x30, 0x7, 0xff, 0xf, 0xc0, 0x2d, 0x0,
    0xff, 0xe1, 0x98, 0x4, 0x20, 0x1f, 0xfc, 0x25,
    0x40, 0x9, 0x61, 0x44, 0x3, 0xf9, 0xfe, 0x84,
    0x2, 0x17, 0xae, 0xa1, 0x0, 0xf6, 0x40, 0x7,
    0xf9, 0x68, 0x3, 0xac, 0xc0, 0x3f, 0xf8, 0x8,
    0x80, 0x9, 0x50, 0x3, 0xff, 0x84, 0x20, 0x14,
    0x80, 0x7c, 0x8a, 0x60, 0x18, 0x94, 0x0, 0x26,
    0x1, 0xc7, 0xd7, 0x59, 0xcc, 0x7, 0x80, 0x11,
    0x0, 0x7a, 0x4, 0x2, 0x19, 0xfc, 0x10, 0x9,
    0xc0, 0x3c, 0xc0, 0x1f, 0xfc, 0x7, 0x0, 0xf5,
    0x0, 0x7f, 0xf0, 0xc, 0x3, 0xcf, 0x42, 0x1,
    0xff, 0x28, 0x7, 0x97, 0xa0, 0x40, 0x3f, 0xac,
    0x40, 0x3e, 0x7e, 0x91, 0x0, 0xf8, 0x74, 0x3,
    0xf9, 0xb9, 0xc0, 0x3e, 0x3d, 0x20, 0xf, 0xe8,
    0xc1, 0x0, 0xf1, 0x6c, 0x0, 0x7f, 0x1e, 0x80,
    0x7e, 0x7e, 0x60, 0xf, 0xc7, 0x0, 0x1f, 0x86,
    0x79, 0x80, 0x3e, 0x70, 0xf, 0xf0, 0xce, 0x8,
    0x7, 0x94, 0x3, 0xfe, 0x3d, 0x0, 0xf1, 0x0,
    0x7f, 0xf0, 0xc, 0x3, 0xff, 0x8e, 0x20, 0x1e,
    0x10, 0x3, 0x77, 0x20, 0x3, 0xd6, 0x1, 0xe5,
    0x5, 0x91, 0x13, 0xfd, 0xd5, 0x2f, 0x94, 0x3,
    0x84, 0xc2, 0xc0, 0x39, 0x15, 0x48, 0x20, 0x1e,
    0x90, 0x11, 0x0, 0x7f, 0xf0, 0xcd, 0xc0, 0x70,
    0x80, 0x3f, 0xf8, 0x27, 0xa0, 0x11, 0xed, 0x20,
    0x7, 0xf0, 0xc6, 0x8, 0x7, 0x2d, 0xf4, 0xb0,
    0x80, 0x43, 0x7c, 0xe0, 0x1f, 0xc2, 0xd2, 0x80,
    0x12, 0xa0, 0x7, 0xff, 0x8, 0xc0, 0x21, 0x0,
    0xff, 0xe1, 0xf8, 0x5, 0xa0, 0x1f, 0xfc, 0x36,
    0x50, 0x46, 0x0, 0xf8,

    /* U+0025 "%" */
    0x0, 0xff, 0xf7, 0x9d, 0x30, 0x7, 0xff, 0x9,
    0xf3, 0xbf, 0x64, 0xc0, 0x3f, 0xe1, 0xd5, 0x91,
    0x0, 0xff, 0x8f, 0xa0, 0xc4, 0x9, 0xb2, 0x0,
    0x3f, 0xd6, 0x20, 0x1, 0x0, 0xff, 0x16, 0x8,
    0x7, 0xcf, 0x0, 0x1f, 0x8d, 0x40, 0xc, 0x1,
    0xff, 0x70, 0x6, 0x24, 0x0, 0xce, 0x60, 0x1f,
    0x40, 0x5, 0x60, 0x1f, 0xe4, 0x30, 0x9, 0x76,
    0xf0, 0x3, 0x48, 0x7, 0x8d, 0x0, 0xc, 0x40,
    0x1f, 0xed, 0x0, 0xd6, 0x0, 0x34, 0x0, 0x94,
    0x3, 0xd0, 0x1, 0x40, 0x7, 0xfc, 0xa0, 0x10,
    0x88, 0x2, 0xc0, 0xc, 0x60, 0x19, 0x10, 0x0,
    0x61, 0x0, 0xff, 0x88, 0x2, 0x20, 0xc, 0x40,
    0x19, 0x80, 0x34, 0x0, 0x50, 0x1, 0xff, 0xc4,
    0x70, 0xf, 0xfe, 0xa, 0x98, 0x1, 0xc4, 0x3,
    0xff, 0x80, 0x60, 0x13, 0x80, 0x63, 0x0, 0xfd,
    0x0, 0x1, 0x90, 0xf, 0xfe, 0x8, 0x80, 0x44,
    0x1, 0x84, 0x3, 0x30, 0x1, 0x48, 0x1, 0x22,
    0x0, 0x27, 0xab, 0x95, 0x0, 0xe4, 0x0, 0x84,
    0x80, 0x2b, 0x0, 0xc6, 0x0, 0x80, 0x0, 0xb8,
    0x2, 0x36, 0x15, 0x1a, 0xb4, 0xc0, 0x2b, 0x0,
    0xd0, 0x0, 0x43, 0x0, 0x94, 0x0, 0xc4, 0x0,
    0x90, 0x5, 0x38, 0x7, 0x8b, 0xc, 0x0, 0x66,
    0x0, 0x97, 0x72, 0xc0, 0x34, 0x80, 0x20, 0x0,
    0x2e, 0xc, 0xa0, 0x1f, 0xda, 0x1, 0x70, 0x6,
    0x23, 0x0, 0xce, 0x60, 0xe2, 0x0, 0x80, 0x4,
    0x0, 0x43, 0x9e, 0xe0, 0x10, 0xb8, 0x0, 0xb0,
    0x40, 0x3e, 0x78, 0x0, 0x48, 0x0, 0x98, 0x14,
    0x40, 0x2b, 0x30, 0x82, 0x0, 0xa8, 0x2, 0x3e,
    0x83, 0x0, 0x13, 0x6c, 0x0, 0x20, 0x40, 0x10,
    0x0, 0xc0, 0xc, 0x80, 0x12, 0x80, 0x44, 0x20,
    0x19, 0xf3, 0xfd, 0xb2, 0x40, 0x1, 0x70, 0x1,
    0x28, 0x1, 0x40, 0x21, 0x10, 0x5, 0xa0, 0x19,
    0x40, 0x3f, 0xf8, 0x32, 0x1, 0x48, 0x4, 0x20,
    0x11, 0x80, 0x61, 0x0, 0xc2, 0x1, 0xff, 0xc0,
    0x17, 0x0, 0x1a, 0x0, 0x7c, 0x20, 0x1f, 0xc6,
    0x1, 0xff, 0xc0, 0x80, 0xa, 0x0, 0x3f, 0x8,
    0x7, 0xf1, 0x80, 0x7f, 0xc4, 0xc0, 0x4, 0x40,
    0x6, 0x60, 0x8, 0xc0, 0x31, 0x0, 0x66, 0x0,
    0xff, 0xa0, 0x2, 0x80, 0xe, 0x30, 0x8, 0x44,
    0x1, 0x78, 0x6, 0x30, 0xf, 0xf1, 0x28, 0x1,
    0xc, 0x3, 0xac, 0x3, 0x30, 0x4, 0xe0, 0x11,
    0x80, 0x7f, 0xd0, 0x1, 0x48, 0x7, 0x8c, 0xc0,
    0x14, 0x32, 0x58, 0x80, 0x52, 0x1, 0xfe, 0x25,
    0x0, 0x29, 0x0, 0x7d, 0xe0, 0x1a, 0x6d, 0x0,
    0x23, 0x50, 0xf, 0xf5, 0x0, 0x50, 0x1, 0xf8,
    0xe4, 0x3, 0xf1, 0x68, 0x7, 0xff, 0xa, 0x8,
    0x3, 0xf9, 0xa8, 0x40, 0x39, 0x70, 0x40, 0x3f,
    0xe9, 0x69, 0x70, 0xf, 0xf9, 0x7a, 0xe6, 0x2b,
    0xa8, 0x40, 0x3f, 0xf8, 0x3, 0x2c, 0x1, 0xff,
    0xc2, 0x46, 0x75, 0x10, 0xe,

    /* U+0026 "&" */
    0x0, 0xf8, 0xa7, 0x7b, 0xfa, 0xdc, 0x3, 0xff,
    0x8f, 0x3a, 0xc4, 0x20, 0x29, 0x1c, 0x80, 0x1f,
    0xfc, 0x4b, 0x60, 0xf, 0xc3, 0x66, 0x1, 0xff,
    0xc2, 0x74, 0x0, 0xff, 0xb8, 0x3, 0xff, 0x85,
    0x0, 0x1c, 0xb2, 0x80, 0x18, 0x8c, 0x3, 0xff,
    0x80, 0xa0, 0x1c, 0xf4, 0xd6, 0x20, 0x19, 0x40,
    0x3f, 0xf8, 0x4, 0x1, 0xd4, 0x1, 0x10, 0x7,
    0xff, 0x17, 0xc0, 0x38, 0x80, 0x22, 0x0, 0xc4,
    0x1, 0xff, 0xc0, 0xe0, 0xe, 0x20, 0x4, 0x8,
    0x6, 0x40, 0xf, 0xfe, 0x2, 0x80, 0x72, 0x4,
    0x38, 0x6, 0x70, 0xf, 0xfe, 0x9, 0x88, 0x6,
    0x8c, 0x70, 0xc, 0x70, 0x1, 0xff, 0xc2, 0x60,
    0xc, 0x26, 0x1, 0x8b, 0x40, 0x3f, 0xf8, 0x72,
    0x1, 0xfc, 0x9a, 0x20, 0x18, 0xf7, 0xac, 0xc0,
    0x38, 0x68, 0x3, 0xf4, 0xd8, 0x7, 0xb4, 0x85,
    0x30, 0x80, 0x22, 0xf4, 0x0, 0xf8, 0x50, 0x3,
    0xcc, 0x20, 0x19, 0xc0, 0x5, 0x82, 0x1, 0xf8,
    0x70, 0xc0, 0x3a, 0x80, 0x38, 0x40, 0x1c, 0x20,
    0x1f, 0xe1, 0xc4, 0x0, 0x98, 0xc0, 0x39, 0x1,
    0x4c, 0x3, 0x91, 0xc0, 0x3d, 0x6e, 0x5, 0x20,
    0x1d, 0x0, 0xf, 0x0, 0xe1, 0xb8, 0x60, 0xf,
    0x45, 0xf0, 0x7, 0x1b, 0x80, 0x10, 0x3, 0x98,
    0x1, 0x2a, 0x1, 0xe4, 0x30, 0xe, 0xe0, 0x8,
    0x40, 0x3b, 0xc0, 0x2a, 0x70, 0xf, 0xfa, 0x88,
    0x2, 0x10, 0xe, 0xb0, 0xd, 0x12, 0x1, 0xfc,
    0x2e, 0x1, 0x94, 0x3, 0x8e, 0x44, 0x2, 0x75,
    0x0, 0xfc, 0x3b, 0x6a, 0x0, 0xd0, 0xf, 0x37,
    0x65, 0x67, 0x28, 0x7, 0xf9, 0x2a, 0xc1, 0x88,
    0x3, 0xe3, 0x53, 0x0, 0xff, 0xe1, 0x30, 0x3,
    0xc4, 0x3, 0xff, 0x96, 0xc0, 0x2, 0xc2, 0x0,
    0xff, 0xe0, 0xc, 0xfe, 0x18, 0x7, 0x60, 0x4,
    0x5b, 0x24, 0x1, 0xf8, 0xe7, 0xd8, 0xf, 0x2c,
    0xc0, 0xa, 0xe0, 0x1c, 0xdb, 0xaa, 0x98, 0x84,
    0xdf, 0xe3, 0x8, 0x6, 0x4c, 0xff, 0x50, 0x0,

    /* U+0027 "'" */
    0x1, 0x79, 0x84, 0x0, 0x17, 0x43, 0x3d, 0xb8,
    0x50, 0x7, 0x50, 0x8, 0x7, 0x10, 0x7, 0xc2,
    0x1c, 0x1, 0xc6, 0x2, 0x1, 0xcc, 0x4, 0x1,
    0xc4, 0xc, 0x1, 0xdc, 0x4, 0x1, 0xc4, 0x0,
    0x20, 0xc, 0xc0, 0x6, 0x0, 0xc6, 0x0, 0x30,
    0x8, 0x80, 0x2b, 0x0, 0x94, 0x2, 0x37, 0x4,
    0x90, 0x0,

    /* U+0028 "(" */
    0x0, 0xff, 0xe2, 0x10, 0x80, 0x7d, 0x5b, 0xcc,
    0x1, 0xd0, 0xa0, 0x9, 0x0, 0xc4, 0xe0, 0x10,
    0x80, 0x69, 0x0, 0xce, 0x1, 0x12, 0x0, 0x68,
    0x0, 0xac, 0x3, 0x28, 0x80, 0x4e, 0x1, 0xa4,
    0x2, 0x41, 0x0, 0x84, 0xc0, 0x2d, 0x0, 0xce,
    0x1, 0x90, 0x3, 0x78, 0x4, 0x24, 0x1, 0x90,
    0x2, 0x50, 0xe, 0x20, 0x8, 0xc0, 0x30, 0x80,
    0x6e, 0x0, 0xc4, 0x1, 0x88, 0x3, 0x30, 0x6,
    0x70, 0xc, 0x60, 0x18, 0x40, 0x3f, 0x8c, 0x3,
    0x8, 0x7, 0xff, 0x30, 0xc0, 0x3f, 0xf8, 0x42,
    0x1, 0x98, 0x3, 0xf8, 0x40, 0x31, 0x80, 0x62,
    0x0, 0xcc, 0x1, 0xb4, 0x3, 0x10, 0x6, 0x70,
    0xc, 0x20, 0x18, 0x84, 0x3, 0x10, 0x6, 0x40,
    0xc, 0x80, 0x1b, 0x0, 0x37, 0x80, 0x67, 0x0,
    0xce, 0x1, 0x84, 0xc0, 0x21, 0x30, 0xd, 0x40,
    0x1a, 0x80, 0x33, 0x80, 0x66, 0x10, 0x8, 0x58,
    0x3, 0x40, 0x6, 0xb0, 0xc, 0xe0, 0x18, 0x9c,
    0x2, 0x10, 0xe, 0x85, 0x0, 0x48, 0x7, 0xab,
    0x79, 0x80, 0x3e, 0x21, 0x0, 0x0,

    /* U+0029 ")" */
    0x0, 0xff, 0xe1, 0x10, 0x7, 0xe3, 0xed, 0xc1,
    0x0, 0xf7, 0x88, 0x1d, 0x0, 0x79, 0xc0, 0x24,
    0x50, 0xe, 0xe0, 0xd, 0x0, 0x1c, 0xa2, 0x1,
    0x12, 0x80, 0x74, 0x0, 0x69, 0x0, 0xe7, 0x0,
    0xc6, 0x40, 0x18, 0x50, 0x3, 0x28, 0x7, 0x68,
    0x6, 0xb0, 0xe, 0x50, 0xc, 0x62, 0x1, 0x8c,
    0x3, 0x94, 0x3, 0x88, 0x3, 0x18, 0x7, 0x38,
    0x6, 0xd0, 0xe, 0x30, 0xc, 0xc0, 0x1d, 0xc0,
    0x18, 0x80, 0x38, 0x40, 0x30, 0x80, 0x71, 0x80,
    0x7f, 0xf1, 0x4, 0x3, 0xff, 0xbe, 0x20, 0x18,
    0xc0, 0x3f, 0xc2, 0x1, 0x88, 0x3, 0xb8, 0x3,
    0x30, 0x7, 0x18, 0x6, 0x30, 0xe, 0x70, 0xd,
    0xc0, 0x1c, 0x40, 0x19, 0x0, 0x31, 0x80, 0x61,
    0x20, 0xc, 0xa0, 0x19, 0x0, 0x3b, 0x40, 0x37,
    0x0, 0x61, 0x40, 0xc, 0x80, 0x19, 0xc0, 0x33,
    0x0, 0x74, 0x0, 0x6a, 0x0, 0xca, 0x20, 0x11,
    0x98, 0x3, 0x70, 0x6, 0x90, 0xe, 0x70, 0x9,
    0x14, 0x3, 0xa0, 0x40, 0xe8, 0x3, 0xc9, 0xdb,
    0x82, 0x1, 0xf8, 0x80, 0x3e,

    /* U+002A "*" */
    0x0, 0xf8, 0xb7, 0x8c, 0x3, 0xff, 0x85, 0x4,
    0x3e, 0x1, 0xff, 0xc2, 0x40, 0x1, 0x80, 0x7f,
    0xf0, 0x44, 0x40, 0x11, 0x0, 0x7e, 0x33, 0x8,
    0x18, 0x6, 0x60, 0x13, 0x30, 0x5, 0x99, 0x77,
    0x40, 0x1a, 0x37, 0xb3, 0x1a, 0x2, 0x60, 0x10,
    0x98, 0x6, 0x32, 0x0, 0x88, 0xc5, 0x40, 0x3f,
    0xf8, 0x48, 0x61, 0x52, 0x20, 0x1f, 0xe1, 0x8b,
    0x0, 0x9b, 0xa4, 0x3, 0xf4, 0x73, 0x80, 0x79,
    0x0, 0x3f, 0x20, 0x7, 0xe9, 0x0, 0xfd, 0xe0,
    0x1f, 0x1a, 0x0, 0x44, 0x40, 0x8, 0xd0, 0x3,
    0xd4, 0x1, 0xf, 0xe1, 0x0, 0x5c, 0x1, 0xfc,
    0x38, 0x43, 0xe4, 0x1, 0xfd, 0xc, 0xcf, 0x20,
    0x1, 0x63, 0xac, 0x0, 0x78, 0x66, 0x42, 0x1,
    0x86, 0x28, 0x80, 0x20,

    /* U+002B "+" */
    0x0, 0xfe, 0x47, 0x50, 0xf, 0xfe, 0x2b, 0x5c,
    0x53, 0x80, 0x7f, 0xf1, 0x28, 0x2, 0x90, 0xf,
    0xfe, 0x21, 0x0, 0x42, 0x1, 0xff, 0xff, 0x0,
    0xff, 0xe3, 0x1c, 0xdd, 0xf0, 0x80, 0x6b, 0xbe,
    0x94, 0x3, 0xc6, 0x44, 0xe0, 0xe, 0x44, 0xe6,
    0xb5, 0x40, 0xf, 0xfe, 0x3e, 0x10, 0x7, 0xff,
    0x1f, 0x96, 0x8, 0x3, 0xff, 0x86, 0x2e, 0xe0,
    0x7d, 0xff, 0xe1, 0x0, 0xdf, 0xfd, 0xd0, 0x1,
    0xff, 0xff, 0x0, 0xff, 0xe3, 0x18, 0x4, 0x20,
    0x1f, 0xfc, 0x44, 0x0, 0x94, 0x3, 0xff, 0x89,
    0x8, 0x7, 0x20, 0x1f, 0x80,

    /* U+002C "," */
    0x0, 0x96, 0x1c, 0xc0, 0x31, 0x6d, 0x3c, 0x65,
    0x0, 0x5e, 0x40, 0x19, 0x5c, 0x10, 0x80, 0x3d,
    0x20, 0x20, 0x1f, 0x9, 0xb8, 0x7, 0xe5, 0x26,
    0x0, 0xf8, 0x42, 0x64, 0x40, 0x1c, 0x20, 0x6,
    0xde, 0x0, 0xc4, 0x1, 0x98, 0x3, 0x28, 0x4,
    0xd0, 0x1, 0x18, 0x80, 0x22, 0x40, 0x34, 0x80,
    0x29, 0xc0, 0x32, 0x28, 0x22, 0x80, 0x61, 0xa0,
    0x1, 0x0, 0x61, 0xd1, 0x0, 0x38, 0x80, 0xb,
    0xc, 0x2, 0x1f, 0xcd, 0xd1, 0x0, 0x60,

    /* U+002D "-" */
    0x1, 0x7a, 0xbb, 0xe9, 0x40, 0x6, 0xc2, 0xa2,
    0x73, 0x5a, 0x81, 0x80, 0x7f, 0x60, 0x8, 0x7,
    0xf7, 0x6, 0xa0, 0x7, 0x85, 0xdc,

    /* U+002E "." */
    0x0, 0x1d, 0x6d, 0xb0, 0x4, 0xb8, 0xa4, 0x93,
    0x40, 0xb, 0x0, 0xe5, 0x52, 0x8, 0x7, 0xbc,
    0x40, 0x3e, 0x17, 0x0, 0xf8, 0xc8, 0xc0, 0x3d,
    0x41, 0xa4, 0x1, 0xa8, 0x80, 0x76, 0xa2, 0x79,
    0x40,

    /* U+002F "/" */
    0x0, 0xff, 0xe5, 0x9d, 0x40, 0x7, 0xf8, 0x71,
    0x5d, 0xc0, 0x1f, 0xcc, 0x1, 0x68, 0x7, 0xf6,
    0x0, 0x46, 0x1, 0xfc, 0x80, 0x17, 0x80, 0x7e,
    0x20, 0xc, 0x80, 0x1f, 0x90, 0x3, 0x10, 0x7,
    0xef, 0x0, 0x90, 0x3, 0xf9, 0x0, 0x23, 0x0,
    0xfc, 0x24, 0x1, 0x60, 0x7, 0xe5, 0x0, 0xca,
    0x1, 0xfb, 0x0, 0x22, 0x10, 0xf, 0xc6, 0x1,
    0x20, 0x7, 0xf2, 0x0, 0x5e, 0x1, 0xf8, 0xc0,
    0x32, 0x0, 0x7e, 0x50, 0xc, 0x40, 0x1f, 0xb0,
    0x2, 0x40, 0xf, 0xe7, 0x0, 0x8c, 0x3, 0xf0,
    0x90, 0x5, 0x80, 0x1f, 0x94, 0x3, 0x28, 0x7,
    0xec, 0x0, 0x88, 0x40, 0x3f, 0x20, 0x4, 0x80,
    0x1f, 0xc6, 0x1, 0x78, 0x7, 0xe3, 0x0, 0xc8,
    0x1, 0xf9, 0x40, 0x31, 0x0, 0x7e, 0xc0, 0x9,
    0x0, 0x3f, 0x9c, 0x2, 0xc0, 0xf, 0xc2, 0x40,
    0x11, 0x80, 0x7e, 0x40, 0xc, 0x80, 0x1f, 0xb4,
    0x2, 0x20, 0xf, 0xe4, 0x0, 0x90, 0x3, 0xf8,
    0xc0, 0x2f, 0x0, 0xfc, 0x60, 0x19, 0x0, 0x3f,
    0x28, 0x4, 0x24, 0x1, 0xfb, 0x0, 0x25, 0x0,
    0xfe, 0x60, 0xb, 0x0, 0x3f, 0x98, 0x2, 0x50,
    0xf, 0xe8, 0x31, 0x92, 0x0, 0xfe, 0x2c, 0xe6,
    0x0, 0xfe,

    /* U+0030 "0" */
    0x0, 0xf1, 0x3e, 0x77, 0xf6, 0x41, 0x0, 0x7f,
    0xcf, 0xb0, 0x62, 0x2, 0x6f, 0xb2, 0x1, 0xfd,
    0x70, 0x1, 0xfc, 0xd8, 0x1, 0xf5, 0x20, 0x7,
    0xfc, 0x78, 0x1, 0xc8, 0xa0, 0x1f, 0xfc, 0x13,
    0x60, 0xd, 0x20, 0x1c, 0x35, 0xb6, 0x40, 0x1d,
    0x0, 0x11, 0x90, 0x7, 0x6a, 0x92, 0x60, 0x7,
    0xa, 0x80, 0x28, 0x3, 0x8c, 0xc0, 0x10, 0xb0,
    0x7, 0x70, 0x1, 0x0, 0x3a, 0xc0, 0x3b, 0x0,
    0x39, 0x0, 0x4, 0x1, 0xc6, 0x1, 0xc8, 0x1,
    0xe2, 0x30, 0xf, 0x28, 0x7, 0x8, 0x7, 0x9d,
    0xc0, 0x1e, 0x10, 0xf, 0x8, 0x7, 0x18, 0x80,
    0x7f, 0xf0, 0x4c, 0x3, 0x84, 0xc0, 0x3f, 0xf8,
    0xfe, 0x1, 0xff, 0xc2, 0x10, 0xf, 0x18, 0x7,
    0xff, 0x58, 0x40, 0x3b, 0xd8, 0x3, 0xc2, 0x1,
    0xff, 0xc0, 0x22, 0x0, 0x78, 0x80, 0x3c, 0x60,
    0x1c, 0xc2, 0x20, 0xe, 0x50, 0xf, 0x8, 0x7,
    0x18, 0x20, 0x7, 0x60, 0x7, 0x30, 0x7, 0x18,
    0x3, 0xc0, 0x39, 0x44, 0x3, 0x58, 0x7, 0x58,
    0x1, 0x44, 0x3, 0xa8, 0x2, 0x52, 0x0, 0xe6,
    0x0, 0xa4, 0x3, 0x93, 0xaf, 0x28, 0x3, 0x98,
    0x40, 0x27, 0x20, 0xe, 0x14, 0x30, 0xe, 0x18,
    0x0, 0xef, 0x10, 0xf, 0xfe, 0x5, 0x8, 0x7,
    0x16, 0x88, 0x7, 0xf0, 0xda, 0x0, 0x7c, 0x7c,
    0xc2, 0x1, 0xe5, 0xf4, 0x0, 0xff, 0x4f, 0x5c,
    0xc4, 0xdf, 0xd0, 0x80, 0x70,

    /* U+0031 "1" */
    0x0, 0xf8, 0xa7, 0x7f, 0xa0, 0x3, 0xfe, 0x39,
    0xd6, 0x20, 0x17, 0x60, 0xf, 0x8e, 0xbf, 0x18,
    0x3, 0xd8, 0x1, 0xe2, 0xc5, 0x0, 0xfe, 0x10,
    0xf, 0x20, 0x7, 0xff, 0x19, 0x0, 0x3f, 0xf8,
    0xc5, 0xae, 0xa8, 0x80, 0xf, 0xfe, 0x11, 0x45,
    0x5d, 0x80, 0x3f, 0xff, 0xe0, 0x1f, 0xff, 0xf0,
    0xf, 0xff, 0xf8, 0x7, 0xff, 0xac, 0x95, 0x9d,
    0xc0, 0x1e, 0x67, 0x65, 0x10, 0x3, 0x6d, 0x4c,
    0x40, 0x3, 0xc5, 0x13, 0x5c, 0x61, 0x0, 0x1f,
    0xfc, 0x48, 0x1, 0x0, 0xff, 0xe2, 0x38, 0x18,
    0x7, 0xff, 0x11, 0x3, 0x94, 0x40, 0x3f, 0xf8,
    0x2, 0xd0,

    /* U+0032 "2" */
    0x0, 0xe6, 0xce, 0xff, 0x76, 0xd2, 0x80, 0x7f,
    0x9f, 0xa4, 0xc4, 0x0, 0x24, 0xb5, 0xa8, 0x1,
    0xe1, 0xd8, 0x10, 0xf, 0xe2, 0xb7, 0x0, 0xec,
    0x20, 0xf, 0xfe, 0xc, 0x28, 0x6, 0x20, 0xf,
    0xfe, 0x1d, 0x80, 0x68, 0x0, 0xc5, 0x17, 0x4c,
    0x1, 0xe1, 0x60, 0x9, 0xe0, 0x0, 0xfa, 0xe8,
    0xb3, 0x20, 0xf, 0x60, 0x6, 0x7c, 0xb8, 0x0,
    0xe6, 0x20, 0xe, 0x60, 0xe, 0x34, 0x0, 0xf9,
    0x80, 0x38, 0x80, 0x3f, 0xf8, 0x42, 0x1, 0xc6,
    0x1, 0xff, 0xc2, 0x70, 0xe, 0x70, 0xf, 0xfe,
    0x9, 0x10, 0x3, 0xb0, 0x3, 0xff, 0x83, 0x60,
    0x1e, 0x70, 0xf, 0xfe, 0x1, 0xb0, 0x7, 0x30,
    0x80, 0x7f, 0xf0, 0x38, 0x3, 0xd0, 0x1, 0xff,
    0xc0, 0x92, 0x0, 0xe8, 0x10, 0xf, 0xf9, 0xd8,
    0x3, 0x8d, 0xc0, 0x3f, 0xe5, 0x80, 0xf, 0x70,
    0x7, 0xfc, 0x94, 0x1, 0xeb, 0x20, 0xf, 0xf2,
    0x58, 0x7, 0xa1, 0x0, 0x3f, 0xc9, 0x60, 0x1e,
    0x77, 0x0, 0x7f, 0x96, 0xc0, 0x3c, 0xd0, 0x1,
    0xfe, 0x6a, 0x0, 0xf1, 0x7c, 0x4d, 0x55, 0x2c,
    0x1, 0x2c, 0x80, 0x7c, 0x52, 0xec, 0xab, 0x34,
    0xd8, 0x2, 0x80, 0x3f, 0xf8, 0xa8, 0x2a, 0x1,
    0xff, 0xc7, 0x31, 0x0, 0xff, 0xe3, 0x9, 0x23,
    0x90, 0x7, 0xff, 0xd, 0x34, 0x0,

    /* U+0033 "3" */
    0x0, 0xe4, 0x9c, 0xef, 0xf7, 0x6d, 0xb8, 0x80,
    0x7f, 0xe, 0x5b, 0x18, 0x80, 0x4, 0x92, 0x3a,
    0x84, 0x3, 0xec, 0x30, 0xf, 0xf9, 0x7c, 0x80,
    0x39, 0x8, 0x3, 0xff, 0x82, 0x38, 0x1, 0xcc,
    0x1, 0xff, 0xc3, 0x18, 0x0, 0xc4, 0xe0, 0x11,
    0x3d, 0xda, 0x48, 0x3, 0xca, 0x1, 0xd0, 0xe1,
    0x1b, 0x8, 0x86, 0xc1, 0x0, 0xe2, 0x0, 0xf4,
    0x7b, 0x80, 0x70, 0xa8, 0x7, 0x84, 0x3, 0xff,
    0x92, 0x20, 0x1f, 0xfc, 0x12, 0x40, 0xe, 0x20,
    0xf, 0xfe, 0xa, 0xe0, 0x7, 0xa8, 0x3, 0xfc,
    0xf5, 0xb4, 0x20, 0x1c, 0x6e, 0x1, 0xfd, 0x50,
    0xa4, 0x1, 0xe5, 0xc0, 0xf, 0xf2, 0x0, 0x7c,
    0x39, 0x40, 0x1f, 0xf1, 0x0, 0x7c, 0x3c, 0xc0,
    0x1f, 0xf7, 0x20, 0x80, 0x78, 0xa6, 0xc0, 0x3f,
    0xc5, 0x7d, 0xf8, 0x60, 0x1c, 0x96, 0x1, 0xff,
    0xc1, 0x3c, 0x80, 0xe, 0x45, 0x0, 0xff, 0xe1,
    0x38, 0x80, 0x74, 0x80, 0x7f, 0xf0, 0xc8, 0x3,
    0x8c, 0x3, 0xff, 0x86, 0x20, 0x1f, 0xe4, 0x61,
    0x0, 0xf8, 0xc8, 0x3, 0x84, 0x2, 0xab, 0x9f,
    0x50, 0xc, 0x4f, 0x80, 0x1e, 0x50, 0x2, 0xa8,
    0x0, 0x35, 0xff, 0xb6, 0x0, 0x3e, 0xd0, 0x1,
    0x80, 0x7f, 0xf1, 0x4d, 0x80, 0x8, 0x1, 0xff,
    0xc4, 0x2d, 0x0, 0x8a, 0x40, 0x3f, 0xf8, 0x49,
    0x82, 0x1, 0x9b, 0x10, 0x3, 0xfc, 0xb7, 0x61,
    0x0, 0xf1, 0xdf, 0xe5, 0x4c, 0x45, 0x39, 0xf4,
    0x80, 0x1c,

    /* U+0034 "4" */
    0x0, 0xff, 0x15, 0x77, 0xfd, 0xd4, 0x20, 0x1f,
    0xfc, 0x12, 0xc5, 0x10, 0x8, 0x56, 0xc0, 0x3f,
    0xf8, 0x3e, 0x20, 0x1f, 0x20, 0x7, 0xff, 0x1,
    0xc8, 0x3, 0xf0, 0x80, 0x7f, 0xc3, 0x0, 0x1f,
    0xfc, 0x9b, 0x0, 0xc2, 0x1, 0xff, 0xc4, 0x35,
    0x0, 0xd2, 0x1, 0xff, 0xc4, 0xe0, 0xc, 0x2c,
    0x1, 0xff, 0xc3, 0x62, 0x0, 0xd2, 0x1, 0xff,
    0xc3, 0x18, 0x0, 0xc2, 0xe6, 0x1, 0xff, 0xc2,
    0xb1, 0x0, 0xd0, 0x1, 0xff, 0xc3, 0x35, 0x0,
    0xc2, 0xc0, 0x1f, 0xfc, 0x3f, 0x0, 0xeb, 0x0,
    0x8, 0x7, 0xff, 0x1, 0x8c, 0x3, 0x1a, 0x80,
    0x7f, 0xf0, 0x86, 0x0, 0x3b, 0xc0, 0x3f, 0xf8,
    0x72, 0x20, 0x19, 0x8, 0x46, 0x60, 0xf, 0x8,
    0x6, 0x60, 0xe, 0x4e, 0xed, 0x40, 0x1e, 0xee,
    0x28, 0x8, 0x80, 0x3f, 0xf8, 0xc3, 0x40, 0x60,
    0x1f, 0xfc, 0x91, 0x20, 0xf, 0xfe, 0x40, 0x88,
    0x2c, 0xc0, 0x3f, 0xf8, 0xa7, 0xa0, 0x4, 0xcf,
    0xff, 0xeb, 0x0, 0xf7, 0xe1, 0x80, 0x7f, 0xff,
    0xc0, 0x3e, 0x60, 0xe, 0x10, 0xf, 0xfe, 0x21,
    0x10, 0x3, 0x20, 0x7, 0xff, 0x17, 0xd0, 0x5,
    0x6c, 0x3, 0x0,

    /* U+0035 "5" */
    0x0, 0xc5, 0x5d, 0xff, 0xfe, 0xe8, 0x0, 0xfb,
    0x94, 0x40, 0x3f, 0xc2, 0xee, 0x0, 0xe1, 0x30,
    0xf, 0xfe, 0x16, 0x0, 0x72, 0x80, 0x7f, 0xf0,
    0xc4, 0x3, 0xff, 0x93, 0xc0, 0x1c, 0x20, 0x1c,
    0x2a, 0xbe, 0x67, 0xc4, 0x0, 0xe3, 0x0, 0xe4,
    0xaa, 0xf4, 0xc1, 0x80, 0x78, 0x40, 0x38, 0x80,
    0x3f, 0xf8, 0x7e, 0x1, 0xde, 0x1, 0xff, 0xc3,
    0x10, 0xe, 0x20, 0xf, 0xfe, 0x4c, 0xde, 0x62,
    0xe9, 0xc8, 0x3, 0xf1, 0x80, 0x71, 0xa1, 0x99,
    0x16, 0x36, 0xc4, 0x3, 0xc6, 0x1, 0xff, 0xc1,
    0x4c, 0x10, 0xe, 0xc0, 0xf, 0xfe, 0x11, 0x50,
    0x7, 0x2b, 0x0, 0x4d, 0x12, 0xc0, 0x1f, 0x22,
    0x0, 0x3a, 0x72, 0x7a, 0x5d, 0xa7, 0x88, 0x3,
    0xda, 0x1, 0xe3, 0x61, 0x0, 0xc3, 0xc0, 0x1e,
    0x40, 0xf, 0xfe, 0x11, 0x90, 0x7, 0x10, 0x7,
    0xff, 0xd, 0x80, 0x3f, 0xf9, 0x2e, 0x1, 0xff,
    0xc9, 0x30, 0xe, 0x20, 0xc, 0x6a, 0x20, 0x1f,
    0x40, 0x7, 0x9c, 0x2, 0x7c, 0xaf, 0x50, 0xc,
    0x52, 0xe0, 0x1e, 0xf0, 0x1, 0x40, 0x0, 0x6b,
    0xff, 0x6b, 0x0, 0x78, 0xd4, 0x0, 0x20, 0x1f,
    0xfc, 0x5f, 0x0, 0x8c, 0x80, 0x3f, 0xf8, 0x74,
    0x60, 0x1b, 0xc4, 0x3, 0xff, 0x80, 0x36, 0xa0,
    0x1c, 0x5c, 0xe4, 0x1, 0xf8, 0x63, 0xd0, 0x3,
    0xf4, 0x6f, 0x5c, 0xc4, 0x55, 0xbc, 0xe2, 0x1,
    0xc0,

    /* U+0036 "6" */
    0x0, 0xf8, 0x5a, 0xf7, 0xfe, 0xec, 0x82, 0x0,
    0xfe, 0x6e, 0x94, 0x20, 0x8, 0x4d, 0xf5, 0x40,
    0x3e, 0xb9, 0x0, 0xff, 0xa8, 0x40, 0x3b, 0x10,
    0x3, 0xff, 0x82, 0xa0, 0x1a, 0xc, 0x3, 0xff,
    0x82, 0x2a, 0x1, 0x1b, 0x80, 0x79, 0x22, 0x9c,
    0x80, 0x2d, 0x10, 0xa, 0x40, 0x3d, 0x76, 0x75,
    0x8d, 0xa4, 0xd3, 0x0, 0x85, 0x40, 0x3a, 0x90,
    0x3, 0x96, 0xc8, 0x3, 0x30, 0x7, 0x1a, 0x80,
    0x7f, 0xf0, 0x74, 0x3, 0xac, 0x3, 0xff, 0x84,
    0x80, 0x1c, 0x80, 0x5, 0x9b, 0xa7, 0x30, 0xe,
    0x11, 0x0, 0x71, 0xaf, 0x53, 0x22, 0xc6, 0x60,
    0xc0, 0x23, 0x0, 0xf4, 0x50, 0x80, 0x78, 0xf1,
    0x40, 0x2, 0x1, 0xe7, 0x0, 0xff, 0x51, 0x0,
    0x7f, 0xf2, 0x24, 0x3, 0xf9, 0x73, 0xfa, 0xc8,
    0x3, 0x90, 0x44, 0x1, 0xe5, 0xa3, 0x1, 0x4f,
    0x0, 0xf2, 0x10, 0x7, 0xb8, 0x3, 0x89, 0x0,
    0x3b, 0x40, 0x40, 0x39, 0xc0, 0x3c, 0x40, 0x1c,
    0x20, 0x80, 0x1c, 0xc0, 0x1e, 0x10, 0xf, 0xb4,
    0x3, 0xb0, 0x3, 0xc4, 0x1, 0xdc, 0xc, 0x1,
    0xcc, 0x20, 0x1c, 0xa0, 0x1c, 0x40, 0x2a, 0x1,
    0xd4, 0x1, 0xa4, 0x3, 0xca, 0x0, 0x80, 0xe,
    0x4e, 0x98, 0xd6, 0x0, 0xe6, 0x0, 0x8a, 0x0,
    0x38, 0x59, 0xc8, 0x3, 0xd0, 0x1, 0x9d, 0x40,
    0x3f, 0xf8, 0x36, 0x20, 0x1d, 0x4c, 0x1, 0xfe,
    0x1b, 0x40, 0xf, 0xa7, 0x10, 0x3, 0xe6, 0xf4,
    0x0, 0xfe, 0x3b, 0xea, 0x98, 0x9b, 0xf9, 0x10,
    0xc,

    /* U+0037 "7" */
    0x2, 0xae, 0xff, 0xff, 0xe1, 0x6b, 0x0, 0x39,
    0x44, 0x3, 0xff, 0x84, 0x52, 0x60, 0x60, 0x1f,
    0xfc, 0x67, 0x0, 0xff, 0xe4, 0x28, 0x30, 0x7,
    0xff, 0x15, 0x4, 0x26, 0x4c, 0x89, 0xfc, 0x1,
    0xc3, 0x40, 0x13, 0x4d, 0xdf, 0xe3, 0x0, 0xea,
    0x10, 0xf, 0xfe, 0x1, 0xb8, 0x6, 0x64, 0x0,
    0xff, 0xe0, 0xf0, 0x6, 0x19, 0x0, 0xff, 0xe0,
    0xb1, 0x0, 0x68, 0x0, 0xff, 0xe1, 0x40, 0x6,
    0x26, 0x0, 0xff, 0xe0, 0xb8, 0x80, 0x6b, 0x0,
    0xff, 0xe1, 0x48, 0x7, 0x38, 0x7, 0xff, 0x5,
    0x84, 0x3, 0x28, 0x80, 0x7f, 0xf0, 0x68, 0x3,
    0xb8, 0x3, 0xff, 0x82, 0x26, 0x1, 0xc8, 0x1,
    0xff, 0xc1, 0x60, 0xe, 0x20, 0xf, 0xfe, 0x16,
    0x0, 0x72, 0x0, 0x7f, 0xf0, 0x90, 0x3, 0xbc,
    0x3, 0xff, 0x82, 0x60, 0x1e, 0x50, 0xf, 0xfe,
    0xa, 0x0, 0x78, 0x80, 0x3f, 0xf8, 0x3c, 0x1,
    0xe1, 0x0, 0xff, 0xe0, 0xa8, 0x7, 0x8, 0x7,
    0xff, 0x8, 0x80, 0x38, 0xc0, 0x3f, 0xf8, 0x42,
    0x1, 0xcc, 0x1, 0xff, 0xc8, 0x20, 0xf, 0xfe,
    0x12, 0x0, 0x76, 0x80, 0x7f, 0xf0, 0xa9, 0x4,
    0xa, 0x50, 0x3, 0xf0,

    /* U+0038 "8" */
    0x0, 0xf1, 0xce, 0x77, 0xfb, 0x69, 0x40, 0x3f,
    0xc5, 0x98, 0x63, 0x10, 0x1, 0x2d, 0x72, 0x0,
    0x7c, 0x7a, 0x60, 0x1f, 0xc3, 0x6a, 0x1, 0xc3,
    0x80, 0x1f, 0xfc, 0x1a, 0x20, 0xd, 0x0, 0x1e,
    0x35, 0x30, 0xf, 0x40, 0x6, 0x60, 0xe, 0x9c,
    0xac, 0xb0, 0xe, 0x50, 0x8, 0x80, 0x38, 0x98,
    0x2, 0x47, 0x0, 0xe2, 0x0, 0x8, 0x7, 0x30,
    0x7, 0x68, 0x7, 0x8, 0x0, 0x80, 0x39, 0x80,
    0x38, 0x40, 0x38, 0x80, 0x2, 0x20, 0xc, 0x48,
    0x1, 0x88, 0x3, 0x10, 0x80, 0x4e, 0x1, 0xd6,
    0xa0, 0x16, 0x80, 0x68, 0x0, 0xd0, 0x1, 0xea,
    0xb3, 0x54, 0x0, 0x91, 0x40, 0x30, 0xd0, 0x7,
    0x93, 0x28, 0x2, 0x3a, 0x0, 0xf2, 0xd8, 0x7,
    0xf8, 0x74, 0x40, 0x3f, 0x10, 0x7, 0xf0, 0xe2,
    0x0, 0x7a, 0x6c, 0x80, 0x4, 0x1, 0xf1, 0x5a,
    0x80, 0x6a, 0x60, 0x9, 0x37, 0x9c, 0x3, 0xea,
    0x20, 0x2, 0x28, 0x6, 0x90, 0x18, 0xe5, 0x0,
    0xf4, 0x80, 0x3c, 0x3, 0x19, 0x0, 0x43, 0x4a,
    0x1, 0xc8, 0x20, 0x80, 0x19, 0x80, 0x3d, 0x60,
    0x1e, 0x52, 0x0, 0xe3, 0x0, 0xf0, 0x88, 0x3,
    0x84, 0x3, 0xc8, 0x1, 0xf0, 0x80, 0x78, 0x80,
    0x38, 0x9c, 0x3, 0x94, 0x3, 0xcc, 0x8, 0x1,
    0xd1, 0x8a, 0x66, 0x8a, 0x0, 0xe1, 0x30, 0x80,
    0xf, 0x1d, 0x66, 0x1c, 0x3, 0xd6, 0x0, 0x38,
    0x0, 0xff, 0xe1, 0xb2, 0x80, 0x4f, 0x42, 0x1,
    0xff, 0xc0, 0x89, 0x0, 0xe5, 0xf7, 0x10, 0xf,
    0x85, 0xb5, 0xc0, 0x3e, 0x18, 0xed, 0xa8, 0x8a,
    0xb7, 0xa4, 0x80, 0x30,

    /* U+0039 "9" */
    0x0, 0xe1, 0x7b, 0xef, 0xed, 0x94, 0x0, 0xff,
    0xa3, 0xa1, 0x4, 0x4, 0x9a, 0xf0, 0xc0, 0x3f,
    0x63, 0x80, 0x7f, 0x1e, 0x20, 0x7, 0xac, 0xc0,
    0x3f, 0xf8, 0x16, 0x80, 0x19, 0x90, 0x3, 0xff,
    0x85, 0x40, 0x1a, 0xc0, 0x38, 0x6b, 0xb9, 0x42,
    0x1, 0x86, 0x0, 0x6, 0x40, 0x1d, 0xaa, 0x22,
    0x5d, 0x0, 0xe6, 0x0, 0x28, 0x7, 0x19, 0x80,
    0x31, 0xa8, 0x6, 0x16, 0xe, 0x0, 0xe6, 0x0,
    0xf7, 0x80, 0x76, 0x0, 0x7f, 0xf0, 0x9c, 0x3,
    0x9c, 0x3c, 0x3, 0x98, 0x3, 0xc2, 0x1, 0xc4,
    0x24, 0x1, 0xc6, 0x40, 0x1d, 0x40, 0x1e, 0x34,
    0x0, 0xf7, 0xa0, 0x81, 0xcb, 0x0, 0x78, 0x44,
    0xa0, 0x1c, 0x57, 0xdf, 0x8c, 0x1, 0xf3, 0x84,
    0x0, 0x7f, 0xf2, 0xa, 0x80, 0x3f, 0xcc, 0x20,
    0x1c, 0xe0, 0x5, 0xc3, 0x0, 0xf0, 0xcc, 0x84,
    0x3, 0x84, 0x2, 0x3c, 0xc4, 0x2a, 0x34, 0xf3,
    0x10, 0x7, 0x88, 0x3, 0x8d, 0xea, 0xe5, 0x80,
    0xe, 0x1, 0xc4, 0x1, 0xff, 0xc2, 0xf0, 0xe,
    0x40, 0xf, 0xfe, 0x8, 0xa8, 0x7, 0x60, 0x7,
    0x20, 0x7, 0xd4, 0x1, 0xc2, 0xa0, 0x1a, 0x6f,
    0x9c, 0x40, 0x9, 0x88, 0x1, 0xd2, 0x1, 0xa9,
    0x80, 0x63, 0xbf, 0xd6, 0x60, 0x1c, 0x4e, 0x1,
    0x12, 0x80, 0x7f, 0xf0, 0xb8, 0x3, 0xff, 0x8f,
    0x46, 0x1, 0x89, 0x40, 0x3f, 0xe1, 0xb5, 0x0,
    0xf5, 0x30, 0x7, 0xe1, 0x7e, 0x40, 0xf, 0xd3,
    0xf9, 0x51, 0x15, 0x67, 0x40, 0x7, 0xc0,

    /* U+003A ":" */
    0x0, 0x2e, 0xff, 0x48, 0x4, 0xf4, 0x40, 0x2d,
    0x80, 0x30, 0x1, 0xc6, 0xca, 0x1, 0xf6, 0x8,
    0x7, 0xe7, 0x0, 0xf8, 0x88, 0xa0, 0x1c, 0x32,
    0x14, 0xa0, 0x11, 0x68, 0x80, 0x2b, 0xaf, 0x34,
    0xc0, 0x30, 0xa1, 0x80, 0x7f, 0xf7, 0x4e, 0xb6,
    0xd8, 0x2, 0x5c, 0x52, 0x49, 0xa0, 0x5, 0x80,
    0x72, 0xa9, 0x4, 0x3, 0xde, 0x20, 0x1f, 0xb,
    0x80, 0x7c, 0x64, 0x60, 0x1e, 0xa0, 0xd2, 0x0,
    0xd4, 0x40, 0x3b, 0x51, 0x3c, 0xa0,

    /* U+003B ";" */
    0x0, 0x2e, 0xff, 0x48, 0x6, 0x7a, 0x20, 0x16,
    0xc0, 0x0, 0xc0, 0x7, 0x1b, 0x2, 0x80, 0x7d,
    0x80, 0x20, 0x1f, 0xce, 0x1, 0xf1, 0x1, 0x28,
    0x7, 0xc, 0x80, 0x29, 0x40, 0x22, 0xd1, 0x0,
    0xab, 0xaf, 0x34, 0xc0, 0x38, 0x50, 0xc0, 0x3f,
    0xfc, 0x6b, 0xe, 0x60, 0x18, 0xb6, 0x9e, 0x32,
    0x80, 0x2f, 0x20, 0xc, 0xae, 0x8, 0x40, 0x1e,
    0x90, 0x10, 0xf, 0x84, 0xdc, 0x3, 0xf2, 0x93,
    0x0, 0x7c, 0x21, 0x32, 0x20, 0xe, 0x10, 0x3,
    0x6f, 0x0, 0x62, 0x0, 0xcc, 0x1, 0x94, 0x2,
    0x68, 0x0, 0x8c, 0x40, 0x11, 0x20, 0x1a, 0x40,
    0x14, 0xe0, 0x19, 0x14, 0x11, 0x40, 0x30, 0xd0,
    0x0, 0x80, 0x30, 0xe8, 0x80, 0x1c, 0x40, 0x5,
    0x86, 0x1, 0xf, 0xe6, 0xe8, 0x80, 0x30,

    /* U+003C "<" */
    0x0, 0xff, 0xe3, 0x10, 0x7, 0xff, 0x19, 0x6f,
    0xf7, 0x42, 0x1, 0xff, 0xc1, 0x39, 0xfa, 0x40,
    0x1, 0x40, 0x7, 0xf8, 0x5f, 0x71, 0x80, 0x3c,
    0xa0, 0x1f, 0x96, 0xfa, 0x8, 0x3, 0xf5, 0x80,
    0x71, 0x47, 0x52, 0x0, 0x7f, 0x14, 0xb8, 0x4,
    0xb9, 0xae, 0x20, 0x1f, 0x89, 0xf3, 0x58, 0x2,
    0xaa, 0x18, 0x7, 0xe2, 0x7c, 0xd8, 0x30, 0xc,
    0x8a, 0x1, 0xf1, 0x3e, 0x6c, 0x18, 0x7, 0xc6,
    0x1, 0xe3, 0xcd, 0x83, 0x0, 0xff, 0x10, 0x7,
    0x8f, 0xa0, 0xc0, 0x3f, 0xe5, 0x20, 0xf, 0x13,
    0xe6, 0xc1, 0x80, 0x7f, 0x62, 0x80, 0x7e, 0x27,
    0xcd, 0x83, 0x0, 0xf0, 0xd6, 0xb8, 0x80, 0x7e,
    0x27, 0xce, 0x81, 0x0, 0xe2, 0x8e, 0xb5, 0x0,
    0xfe, 0x17, 0xe3, 0x0, 0xf9, 0x2b, 0xa4, 0xc0,
    0x3f, 0xa0, 0x3, 0xf8, 0x5b, 0x35, 0xc4, 0x3,
    0xc2, 0x1, 0xff, 0xc0, 0x28, 0xeb, 0x50, 0xd,
    0xc0, 0x1f, 0xfc, 0x34, 0xae, 0xa8, 0xc4, 0x0,
    0xff, 0xe2, 0x8a, 0xb9, 0x80, 0x0,

    /* U+003D "=" */
    0x7, 0xdf, 0xff, 0xfe, 0x1f, 0x48, 0x2c, 0x10,
    0x7, 0xff, 0xc, 0x59, 0xc8, 0x3, 0xff, 0x8f,
    0xc8, 0x1, 0xff, 0xc7, 0xc3, 0xc6, 0x44, 0xff,
    0xe1, 0xb5, 0xa8, 0x1c, 0xdd, 0xff, 0xf0, 0xe5,
    0x0, 0x3f, 0xff, 0xe0, 0x1f, 0xf1, 0xcd, 0xdf,
    0xff, 0xe, 0x50, 0xf, 0x19, 0x13, 0xff, 0x86,
    0xd6, 0xa8, 0x1, 0xff, 0xc7, 0xc2, 0x0, 0xff,
    0xe3, 0xf2, 0xc1, 0x0, 0x7f, 0xf0, 0xc5, 0xdc,

    /* U+003E ">" */
    0x0, 0x88, 0x40, 0x3f, 0xf8, 0xf9, 0xbd, 0x8c,
    0x1, 0xff, 0xc4, 0x73, 0x0, 0x1c, 0xfd, 0x20,
    0x7, 0xff, 0x7, 0x80, 0x3c, 0xb7, 0xd0, 0x40,
    0x1f, 0xec, 0x0, 0xfc, 0x2f, 0xb8, 0xa0, 0x1f,
    0x96, 0x8c, 0x3, 0xf8, 0xeb, 0xe4, 0xc0, 0x3c,
    0xb9, 0xb0, 0x40, 0x1f, 0xcd, 0x9a, 0xc0, 0x1e,
    0x27, 0xdd, 0x41, 0x0, 0x7e, 0x29, 0xb0, 0xf,
    0xc4, 0xfb, 0xa8, 0x20, 0xf, 0x91, 0x80, 0x3f,
    0xc4, 0xfb, 0xa5, 0x0, 0xf7, 0x80, 0x7f, 0xc4,
    0xfe, 0xa0, 0x1e, 0x10, 0xf, 0xc4, 0xfb, 0xa8,
    0x20, 0xf, 0xc, 0x80, 0x71, 0x3e, 0xea, 0x8,
    0x3, 0xf2, 0x60, 0x80, 0x5, 0xf7, 0x50, 0x40,
    0x1f, 0x85, 0xb6, 0xc8, 0x0, 0x5f, 0x4, 0x1,
    0xfc, 0x95, 0xd2, 0x40, 0x1a, 0xc4, 0x3, 0xf1,
    0x47, 0x5a, 0x80, 0x7c, 0x20, 0x1f, 0x36, 0x6b,
    0x88, 0x7, 0xf5, 0x0, 0x64, 0xaf, 0x93, 0x0,
    0xff, 0xe0, 0x16, 0xc4, 0xf5, 0xa8, 0x7, 0xff,
    0x10, 0x9d, 0x84, 0x3, 0xff, 0x88,

    /* U+003F "?" */
    0x0, 0xf1, 0xaa, 0x99, 0x48, 0x3, 0xf9, 0x2f,
    0xf2, 0xa9, 0x35, 0xbf, 0x22, 0x1, 0xcb, 0x68,
    0x1, 0xf9, 0xb9, 0x0, 0x35, 0x80, 0x7f, 0xf0,
    0x2c, 0xc0, 0x6, 0x20, 0x1f, 0xfc, 0x1e, 0x0,
    0x10, 0x80, 0x7f, 0xf0, 0x48, 0xc0, 0x74, 0x40,
    0x6b, 0xbf, 0x8, 0x3, 0xca, 0x0, 0x3f, 0xaf,
    0x51, 0x3, 0xf0, 0xf, 0x70, 0x4, 0x2a, 0x20,
    0x18, 0x80, 0x3f, 0xf8, 0xa4, 0x1, 0xed, 0x0,
    0xff, 0x48, 0x7, 0xa, 0x80, 0x7f, 0x4a, 0x0,
    0x74, 0x80, 0x7f, 0x33, 0x0, 0x39, 0x1c, 0x3,
    0xf2, 0x48, 0x7, 0x1d, 0x80, 0x7e, 0x1a, 0x0,
    0xe2, 0xd0, 0xf, 0xe8, 0x10, 0xc, 0x3e, 0x20,
    0x1f, 0x85, 0x80, 0x3a, 0xc8, 0x3, 0xf9, 0x0,
    0x38, 0xd4, 0x3, 0xfc, 0x40, 0x1d, 0x60, 0x1f,
    0xf2, 0x98, 0x89, 0x1d, 0x80, 0x3f, 0xe2, 0xce,
    0xe5, 0xc0, 0x80, 0x7f, 0xf4, 0x92, 0xb6, 0xd8,
    0x3, 0xff, 0x80, 0xd6, 0xa4, 0x93, 0x20, 0xf,
    0xf0, 0xc8, 0x7, 0x32, 0x0, 0x7f, 0x20, 0x7,
    0xd8, 0x1, 0xfc, 0x60, 0x1f, 0x8, 0x7, 0xf2,
    0x80, 0x7d, 0xc0, 0x1f, 0xc6, 0x40, 0x1e, 0x60,
    0xf, 0xf7, 0x90, 0x6, 0xb1, 0x0, 0xff, 0x16,
    0xd4, 0x4f, 0x20, 0x7, 0x80,

    /* U+0040 "@" */
    0x0, 0xff, 0xe1, 0x24, 0x5e, 0xf7, 0xfb, 0xb6,
    0x9c, 0x80, 0x3f, 0xf9, 0x25, 0x3d, 0x6e, 0x84,
    0x20, 0x1, 0x25, 0x8d, 0xd2, 0x80, 0x7f, 0xf1,
    0x4a, 0xb5, 0x84, 0x3, 0xff, 0x80, 0x55, 0x84,
    0x1, 0xff, 0xc2, 0x7d, 0x50, 0xf, 0xfe, 0x29,
    0xea, 0x80, 0x7f, 0xf0, 0x2e, 0x0, 0x3c, 0xd3,
    0xbd, 0xfd, 0x94, 0xc4, 0x1, 0xd4, 0xc0, 0x1f,
    0xc3, 0xa8, 0x1, 0x86, 0x7e, 0x58, 0x84, 0x4,
    0xd6, 0x76, 0x88, 0x3, 0x4a, 0x0, 0x7e, 0xd2,
    0x0, 0xcf, 0xcc, 0x1, 0xff, 0x2e, 0xb0, 0x6,
    0xa1, 0x0, 0xf5, 0x98, 0x6, 0xb8, 0x0, 0xff,
    0xe1, 0xcb, 0x80, 0x43, 0x0, 0x1c, 0xc8, 0x1,
    0xb1, 0x0, 0x3f, 0xf8, 0xb0, 0x80, 0x13, 0x8,
    0x4, 0x32, 0x1, 0xac, 0xc0, 0x3c, 0x26, 0x60,
    0xc, 0x20, 0x1d, 0x20, 0x19, 0x80, 0x28, 0x0,
    0xce, 0x80, 0x1c, 0x97, 0xd9, 0x8e, 0x50, 0xce,
    0xe1, 0x0, 0x44, 0xa0, 0x15, 0x80, 0x5, 0x80,
    0x22, 0x80, 0xe, 0xab, 0x40, 0x8, 0x6a, 0x4c,
    0x6, 0x80, 0x37, 0x80, 0x46, 0x0, 0x90, 0xd,
    0x60, 0x1d, 0x6a, 0x1, 0xf3, 0x0, 0x42, 0x1,
    0x90, 0x3, 0x18, 0x28, 0x4, 0x2c, 0x1, 0xa1,
    0x0, 0x3f, 0xf8, 0x1e, 0x1, 0x84, 0x40, 0x13,
    0x11, 0x0, 0x26, 0x0, 0xc6, 0xe0, 0x19, 0x37,
    0xec, 0x3, 0x94, 0x3, 0x8c, 0x2, 0x37, 0x0,
    0xd6, 0x1, 0xa0, 0x3, 0x1d, 0x90, 0x20, 0x7,
    0x18, 0x7, 0x8, 0x6, 0xd0, 0xc, 0x60, 0x11,
    0x20, 0x6, 0xe0, 0xf, 0xc6, 0x1, 0xe1, 0x0,
    0x8c, 0xc0, 0x11, 0x0, 0x64, 0x0, 0xc8, 0x40,
    0x11, 0x80, 0x64, 0x0, 0xf1, 0x80, 0x42, 0xe0,
    0x13, 0x0, 0x6c, 0x0, 0xda, 0x1, 0x94, 0x3,
    0x60, 0x7, 0x10, 0x80, 0x4a, 0x20, 0x10, 0x80,
    0x61, 0x0, 0xc4, 0x1, 0xb8, 0x3, 0x28, 0x7,
    0x50, 0x4, 0x42, 0x60, 0x1f, 0x9c, 0x3, 0x8,
    0x6, 0x50, 0x8, 0x84, 0x3, 0xb, 0x80, 0x4a,
    0x6, 0x1, 0x8, 0x6, 0x70, 0xd, 0xa0, 0x12,
    0x10, 0x4, 0x80, 0x1d, 0xa0, 0x1a, 0x40, 0x40,
    0x27, 0x0, 0xc6, 0x1, 0x9d, 0x8d, 0xec, 0x3,
    0x58, 0x4, 0x9a, 0x60, 0x14, 0x8, 0x30, 0x4,
    0x40, 0x1a, 0xc0, 0x3a, 0x72, 0x0, 0x3b, 0x7f,
    0xeb, 0x20, 0x9, 0x1c, 0x0, 0x40, 0x10, 0x98,
    0x4, 0x68, 0x1, 0xf8, 0xe0, 0x3, 0xfc, 0x96,
    0x1, 0x60, 0x6, 0xb0, 0xd, 0x46, 0x1, 0xe4,
    0xd7, 0x30, 0xf, 0xcf, 0x60, 0x19, 0x0, 0x33,
    0x0, 0x61, 0xc8, 0x30, 0x14, 0xbb, 0x8, 0x64,
    0x10, 0x4, 0x4f, 0xb0, 0x1, 0xe5, 0x0, 0x86,
    0x0, 0x39, 0xf3, 0xfa, 0xd0, 0x3, 0x3e, 0xff,
    0x7e, 0xc1, 0x0, 0x7d, 0x20, 0x19, 0xd0, 0x3,
    0xff, 0x8a, 0x20, 0x1f, 0xf1, 0xa8, 0x6, 0xb3,
    0x0, 0xff, 0xe8, 0xd8, 0x80, 0x6c, 0x50, 0xf,
    0xfe, 0x80, 0xd0, 0x7, 0x55, 0x98, 0x7, 0xff,
    0x3d, 0x28, 0x3, 0x93, 0x31, 0x8, 0x42, 0x22,
    0x59, 0xce, 0xb1, 0x0, 0xff, 0xe1, 0xae, 0x8,
    0x7, 0x1b, 0xde, 0xf7, 0x36, 0x98, 0xc5, 0x2c,
    0x3, 0xff, 0x88, 0x7e, 0x80, 0x1f, 0xfc, 0x4d,
    0x0, 0xff, 0xe2, 0x8d, 0xd8, 0xc0, 0x3f, 0xe2,
    0x6c, 0x70, 0xf, 0xfe, 0x3a, 0x66, 0xc1, 0x90,
    0x0, 0x4d, 0xeb, 0xb6, 0x4c, 0x3, 0xff, 0x80,

    /* U+0041 "A" */
    0x0, 0xfe, 0x8e, 0xff, 0xba, 0x44, 0x3, 0xff,
    0x8b, 0x6e, 0x20, 0x10, 0xb6, 0x80, 0x7f, 0xf1,
    0xd, 0x0, 0x3e, 0x34, 0x0, 0xff, 0xe1, 0xd0,
    0x7, 0xf7, 0x0, 0x7f, 0xf0, 0xdc, 0x3, 0xf9,
    0x40, 0x3f, 0xf8, 0x46, 0x20, 0x18, 0x80, 0x39,
    0x0, 0x3f, 0xf8, 0x36, 0x1, 0xd2, 0x1, 0xda,
    0x1, 0xff, 0xc1, 0x50, 0xc, 0x68, 0x1, 0xce,
    0x1, 0xff, 0xc0, 0x22, 0x0, 0x65, 0x4, 0x0,
    0xc2, 0x60, 0x1f, 0xf2, 0x0, 0x76, 0x6, 0x0,
    0x75, 0x80, 0x7f, 0xda, 0x1, 0xc8, 0x8, 0x1,
    0xca, 0x1, 0xfe, 0x14, 0x0, 0xc4, 0x20, 0x60,
    0x1c, 0x44, 0x0, 0xfe, 0x40, 0xe, 0x40, 0x9,
    0x0, 0x39, 0x40, 0x3f, 0xbc, 0x3, 0xb0, 0x2,
    0xc0, 0xe, 0xb0, 0xf, 0xe5, 0x0, 0xe4, 0x0,
    0x90, 0x3, 0x8c, 0x40, 0x3e, 0x40, 0xe, 0x21,
    0x0, 0x8c, 0x3, 0xc8, 0x1, 0xf6, 0x80, 0x73,
    0x19, 0xf1, 0x0, 0x77, 0x80, 0x7c, 0xe0, 0x1c,
    0x99, 0x9c, 0x40, 0x1c, 0xa0, 0x1e, 0x31, 0x0,
    0xff, 0xe3, 0x20, 0x7, 0x58, 0x7, 0xff, 0x1f,
    0x40, 0x39, 0x40, 0x3f, 0xf8, 0xee, 0x1, 0x88,
    0x80, 0x1f, 0xfc, 0x71, 0x30, 0x9, 0x40, 0x3d,
    0xbf, 0xff, 0x58, 0x7, 0xac, 0x2, 0xb0, 0xe,
    0x22, 0x0, 0x7c, 0x80, 0x1e, 0x50, 0x0, 0x98,
    0x7, 0x20, 0x7, 0xf1, 0x80, 0x71, 0x10, 0x8,
    0x3, 0xd8, 0x1, 0xfc, 0x80, 0x1e, 0x70, 0x10,
    0xf, 0x20, 0x7, 0xf5, 0x80, 0x79, 0x80, 0xa0,
    0x3, 0x38, 0x80, 0x7f, 0x1a, 0x0, 0x67, 0x30,
    0x3, 0xec, 0xbd, 0x40, 0x7, 0xfd, 0x72, 0xf3,
    0xd0, 0x1, 0x89, 0xa1, 0x40, 0x3f, 0xf8, 0x2d,
    0xc, 0x20, 0x10,

    /* U+0042 "B" */
    0x7, 0xdf, 0xff, 0xee, 0xc9, 0x50, 0xf, 0x2c,
    0x10, 0x7, 0xf0, 0x9b, 0x57, 0xc0, 0x6, 0xf0,
    0xf, 0xfe, 0x23, 0xe8, 0x80, 0x4, 0x3, 0xff,
    0x8a, 0x54, 0x1, 0xff, 0xc9, 0x43, 0x0, 0xfd,
    0x9b, 0xac, 0xb6, 0x0, 0xfa, 0xc0, 0x3f, 0x11,
    0x46, 0x93, 0x40, 0x1e, 0x10, 0xf, 0xfe, 0x12,
    0x80, 0x78, 0xc0, 0x3f, 0xf9, 0x3a, 0x1, 0xff,
    0xc2, 0x50, 0xf, 0x28, 0x7, 0xff, 0x0, 0x5a,
    0x80, 0x39, 0x8, 0x3, 0xf7, 0x7f, 0xdd, 0x20,
    0x1c, 0x32, 0x1, 0xff, 0xc7, 0x3c, 0x20, 0xf,
    0xfe, 0x3b, 0xb0, 0x7, 0xff, 0x21, 0x2e, 0x80,
    0x3f, 0xf9, 0x2b, 0x40, 0x1f, 0xbb, 0xff, 0x6c,
    0x8, 0x7, 0x2a, 0x0, 0x7f, 0xf0, 0x9, 0xf0,
    0x3, 0xdc, 0x1, 0xff, 0xc2, 0x24, 0x0, 0xe4,
    0x0, 0xff, 0xe1, 0x88, 0x7, 0x8, 0x7, 0xff,
    0xd, 0xc0, 0x38, 0x40, 0x3f, 0xf8, 0x4c, 0x40,
    0x1c, 0x40, 0x1f, 0x11, 0x63, 0x6b, 0x90, 0xf,
    0x58, 0x7, 0xd9, 0xbb, 0x64, 0xa0, 0x7, 0xcc,
    0x1, 0xff, 0xc8, 0x91, 0x10, 0x7, 0xff, 0x1a,
    0x58, 0x3c, 0x3, 0xff, 0x88, 0x9a, 0xc0, 0x5,
    0x82, 0x0, 0xfe, 0x12, 0x58, 0xeb, 0x20, 0x8,

    /* U+0043 "C" */
    0x0, 0xfe, 0x16, 0xad, 0xef, 0xf7, 0x64, 0xa0,
    0x7, 0xfc, 0x55, 0xd2, 0xa4, 0x20, 0x1, 0x36,
    0xbc, 0x10, 0xf, 0xcd, 0xaa, 0x1, 0xff, 0x1e,
    0x80, 0x7d, 0x32, 0x0, 0xff, 0xe1, 0x19, 0x0,
    0x74, 0xb0, 0x7, 0xff, 0x25, 0x98, 0x1, 0xf8,
    0x4c, 0x80, 0x39, 0x48, 0x2, 0x19, 0x0, 0xf9,
    0x77, 0xb3, 0x7e, 0x84, 0x1a, 0x80, 0x34, 0x0,
    0x7d, 0x34, 0x40, 0x19, 0x7b, 0x92, 0x1, 0xcc,
    0x1, 0xe7, 0x60, 0xf, 0xc2, 0x1, 0xca, 0x1,
    0xe1, 0x80, 0xf, 0xfe, 0x1e, 0x0, 0x79, 0x80,
    0x3f, 0xf8, 0x8a, 0x1, 0xeb, 0x0, 0xff, 0xe2,
    0x10, 0x7, 0x8c, 0x3, 0xff, 0x88, 0x20, 0x1f,
    0xff, 0xb2, 0x0, 0xf1, 0x0, 0x7f, 0xf1, 0x4,
    0x3, 0xce, 0x1, 0xff, 0xc4, 0x40, 0xf, 0x78,
    0x7, 0xff, 0x13, 0x0, 0x3c, 0xa4, 0x1, 0xff,
    0xc3, 0x41, 0x0, 0xf7, 0x0, 0x7f, 0xf1, 0x24,
    0x3, 0xc7, 0x62, 0x1, 0xe6, 0xd9, 0x10, 0xc,
    0xe2, 0x1, 0xe4, 0xea, 0x65, 0x54, 0x64, 0x93,
    0x60, 0x80, 0x6a, 0x0, 0xfc, 0xb3, 0x54, 0x73,
    0x0, 0x8a, 0x0, 0x32, 0x48, 0x7, 0xff, 0x14,
    0xc0, 0x39, 0xa4, 0x3, 0xff, 0x89, 0xc0, 0x1e,
    0x6c, 0x30, 0xf, 0xfe, 0xb, 0xa0, 0x7, 0xc7,
    0x94, 0x80, 0x1f, 0xc9, 0x70, 0x1, 0xfe, 0x5b,
    0xfb, 0xa8, 0x8a, 0x73, 0xed, 0x0, 0x20,

    /* U+0044 "D" */
    0x7, 0xdf, 0xff, 0x76, 0xe4, 0xa8, 0x80, 0x7e,
    0x58, 0x20, 0xf, 0x9, 0x1b, 0x57, 0x5a, 0x0,
    0x7b, 0xc0, 0x3f, 0xf8, 0x49, 0x74, 0x20, 0x18,
    0x40, 0x3f, 0xf8, 0x8b, 0xe2, 0x1, 0xff, 0xc9,
    0x1c, 0x0, 0xff, 0x44, 0xc2, 0x88, 0x7, 0xc5,
    0x40, 0x1f, 0xcc, 0xc7, 0xae, 0x90, 0xf, 0x94,
    0x80, 0x3f, 0xf8, 0x2d, 0xa0, 0x1f, 0x40, 0x7,
    0xff, 0x8, 0xa4, 0x3, 0xc8, 0x1, 0xff, 0xc3,
    0x61, 0x0, 0xe1, 0x30, 0xf, 0xfe, 0x1a, 0x0,
    0x79, 0x0, 0x3f, 0xf8, 0x78, 0x1, 0xef, 0x0,
    0xff, 0xe1, 0x98, 0x7, 0x84, 0x3, 0xff, 0x86,
    0x20, 0x1e, 0x20, 0xf, 0xfe, 0x50, 0x80, 0x7f,
    0xf0, 0xc4, 0x3, 0xc6, 0x1, 0xff, 0xc3, 0x20,
    0xf, 0x8, 0x7, 0xff, 0xf, 0x40, 0x3d, 0xc0,
    0x1f, 0xfc, 0x21, 0x50, 0xf, 0x20, 0x7, 0xff,
    0xa, 0x40, 0x3c, 0x24, 0x1, 0xff, 0xc1, 0x47,
    0x0, 0xf3, 0x0, 0x7f, 0xf0, 0x5, 0xec, 0x3,
    0xe9, 0x0, 0xfc, 0xcf, 0x17, 0xd0, 0x1, 0xf3,
    0x88, 0x7, 0xe8, 0x83, 0xa0, 0x7, 0xe4, 0x80,
    0xf, 0xfe, 0x41, 0xd0, 0x4, 0x20, 0x1f, 0xfc,
    0x46, 0xc1, 0x0, 0xbc, 0x3, 0xff, 0x84, 0x99,
    0x20, 0x1c, 0xb0, 0x40, 0x1f, 0x9, 0xac, 0xed,
    0x98, 0x7, 0x80,

    /* U+0045 "E" */
    0x7, 0xdf, 0xff, 0xfe, 0xd, 0x98, 0x2c, 0x10,
    0x7, 0xff, 0x5, 0x34, 0x3c, 0x3, 0xff, 0x88,
    0x24, 0x20, 0x1f, 0xfc, 0x53, 0x0, 0xff, 0xe2,
    0xa8, 0x80, 0x7c, 0xab, 0xf9, 0xaa, 0x80, 0x1f,
    0xae, 0xab, 0xe9, 0x50, 0xf, 0xff, 0xf8, 0x7,
    0xfb, 0xbf, 0xfd, 0xac, 0x1, 0xff, 0xc5, 0x29,
    0x30, 0xf, 0xfe, 0x32, 0x0, 0x7f, 0xf1, 0x84,
    0x3, 0xff, 0x8a, 0x2e, 0x1, 0xfc, 0x8a, 0xbe,
    0x8f, 0x10, 0xf, 0xea, 0xaf, 0x9c, 0x40, 0x3f,
    0xff, 0xe0, 0x1f, 0xf5, 0x57, 0xf4, 0x10, 0x7,
    0xe4, 0x55, 0xfc, 0xfa, 0x40, 0x1f, 0xfc, 0x6a,
    0x10, 0xf, 0xfe, 0x28, 0xf8, 0x7, 0xff, 0x17,
    0x16, 0x8, 0x3, 0xff, 0x82, 0x50, 0xa0,

    /* U+0046 "F" */
    0x7, 0xdf, 0xff, 0xfe, 0xe, 0x20, 0x2c, 0x10,
    0x7, 0xff, 0x4, 0xec, 0x7c, 0x3, 0xff, 0x8a,
    0xa2, 0x1, 0xff, 0xc5, 0x70, 0xf, 0xfe, 0x29,
    0x98, 0x3, 0xe5, 0x5f, 0xcd, 0x38, 0x1, 0xfa,
    0xea, 0xbe, 0x96, 0x0, 0xff, 0xff, 0x80, 0x7f,
    0xae, 0xab, 0xa6, 0x8, 0x3, 0xfc, 0xab, 0xe6,
    0x7d, 0x30, 0xf, 0xfe, 0x35, 0x0, 0x7f, 0xf1,
    0x8c, 0x3, 0xff, 0x8d, 0x80, 0x1f, 0xfc, 0x41,
    0x76, 0x0, 0xfe, 0xef, 0xff, 0x74, 0x0, 0x7f,
    0xff, 0xc0, 0x3f, 0xfc, 0xa2, 0x1, 0xff, 0x8,
    0x7, 0xff, 0x1b, 0xc0, 0x39, 0x40, 0x3f, 0xf8,
    0xb, 0x4, 0x2, 0xb6, 0x1, 0xff, 0xc0,

    /* U+0047 "G" */
    0x0, 0xfe, 0x15, 0x9c, 0xef, 0xf7, 0x6d, 0xc1,
    0x80, 0x7f, 0xc3, 0x1d, 0x4c, 0x62, 0x0, 0x12,
    0x47, 0xca, 0x0, 0xfe, 0x5e, 0x70, 0xf, 0xfe,
    0x2, 0xc8, 0x7, 0xd3, 0x40, 0x1f, 0xfc, 0x36,
    0x0, 0xf4, 0xb0, 0x7, 0xff, 0x29, 0x98, 0x1,
    0xfc, 0x46, 0x40, 0x1c, 0xe0, 0x18, 0x64, 0x3,
    0xe4, 0xcf, 0xdc, 0xdd, 0x30, 0x1, 0xa0, 0x3,
    0x40, 0x7, 0xd1, 0x66, 0x1, 0x8a, 0x72, 0xe4,
    0x3, 0x98, 0x3, 0xcc, 0xe0, 0x1f, 0x8d, 0x0,
    0x39, 0x40, 0x3c, 0x32, 0x1, 0xff, 0xc4, 0xc0,
    0xf, 0x30, 0x7, 0xff, 0x15, 0x40, 0x3d, 0x60,
    0x1f, 0xfc, 0x52, 0x0, 0xf1, 0x80, 0x71, 0x5f,
    0x7f, 0xf6, 0x20, 0x0, 0x40, 0x3f, 0xf8, 0x1e,
    0x82, 0x1, 0xc7, 0x62, 0x1, 0xff, 0xc2, 0x20,
    0xf, 0xe4, 0x0, 0xff, 0xe6, 0x18, 0x8, 0x7,
    0x88, 0x3, 0x9c, 0x3, 0xfe, 0x20, 0xf, 0x38,
    0x7, 0x46, 0x4c, 0x10, 0x7, 0xca, 0x1, 0xee,
    0x0, 0xf1, 0xb3, 0xb8, 0x3, 0xed, 0x0, 0xf2,
    0x18, 0x7, 0xff, 0x11, 0x4, 0x3, 0xdc, 0x20,
    0x1f, 0xfc, 0x46, 0x0, 0xf1, 0x7a, 0x0, 0x78,
    0x40, 0x3f, 0x40, 0x80, 0x78, 0x6f, 0x61, 0x95,
    0x50, 0x80, 0x1f, 0xda, 0x1, 0xf8, 0x9e, 0x6a,
    0x8e, 0x1, 0xfe, 0x3a, 0x0, 0xff, 0xe3, 0xa8,
    0x6, 0x5b, 0x10, 0xf, 0xfe, 0x21, 0x18, 0x7,
    0x27, 0xa8, 0x7, 0xff, 0x9, 0xb0, 0x3, 0xe1,
    0xad, 0x61, 0x0, 0xfc, 0x71, 0xd2, 0x20, 0x1f,
    0xc5, 0x3d, 0xb7, 0x31, 0x9, 0xbe, 0xc7, 0x10,
    0x8,

    /* U+0048 "H" */
    0x7, 0xdf, 0xea, 0x10, 0xf, 0xf2, 0xef, 0xf5,
    0x8, 0x2c, 0x10, 0xa, 0xd8, 0x7, 0xf1, 0xd1,
    0x0, 0xae, 0x87, 0x80, 0x72, 0x80, 0x7f, 0x58,
    0x7, 0x18, 0x8, 0x7, 0xff, 0xc, 0x40, 0x3c,
    0x40, 0x1f, 0x8, 0x7, 0xe3, 0x0, 0xff, 0xff,
    0x80, 0x7f, 0xff, 0xc0, 0x3f, 0x77, 0xff, 0xe5,
    0x0, 0xff, 0xff, 0x80, 0x7f, 0xf5, 0xc8, 0xbf,
    0x80, 0x3f, 0xf8, 0x79, 0xbb, 0xf9, 0x40, 0x3f,
    0xff, 0xe0, 0x1f, 0xff, 0xf0, 0xf, 0xc2, 0x1,
    0xf8, 0xc0, 0x3e, 0x10, 0xf, 0xfe, 0x18, 0x80,
    0x78, 0xbc, 0x3, 0x90, 0x3, 0xfb, 0x0, 0x38,
    0xc1, 0x60, 0x80, 0x56, 0x80, 0x3f, 0x92, 0x48,
    0x5, 0x74, 0x0,

    /* U+0049 "I" */
    0x7, 0xdf, 0xea, 0x10, 0x58, 0x20, 0x15, 0xb0,
    0xf0, 0xe, 0x50, 0x10, 0xf, 0xfe, 0x10, 0x80,
    0x7f, 0xff, 0xc0, 0x3f, 0xff, 0xe0, 0x1f, 0xc2,
    0x20, 0xf, 0xbc, 0x3, 0x94, 0x16, 0x8, 0x5,
    0x6c, 0x0,

    /* U+004A "J" */
    0x0, 0xff, 0xe0, 0xb6, 0xff, 0x59, 0x0, 0x7f,
    0xf0, 0x4e, 0x48, 0x5, 0x38, 0x3, 0xff, 0x83,
    0x60, 0x1c, 0x62, 0x1, 0xff, 0xc0, 0x10, 0xf,
    0x18, 0x7, 0xff, 0x1c, 0x40, 0x3f, 0xff, 0xe0,
    0x1f, 0xff, 0xf0, 0xf, 0xff, 0xf8, 0x7, 0xff,
    0x8c, 0xc0, 0x3c, 0x20, 0x1f, 0xfc, 0x73, 0x0,
    0xff, 0xe0, 0x38, 0x7, 0x84, 0x0, 0x33, 0xfc,
    0x20, 0x19, 0x48, 0x3, 0x88, 0x0, 0x5e, 0xc0,
    0x3f, 0xa, 0xa7, 0xa0, 0xf, 0x20, 0x2, 0x84,
    0x2, 0x17, 0xaa, 0x40, 0x7, 0xd4, 0x1, 0xff,
    0xc6, 0x53, 0x0, 0x50, 0x7, 0xff, 0x8, 0x6c,
    0x2, 0x2d, 0x40, 0xf, 0xf8, 0xbc, 0x40, 0x31,
    0x5d, 0x90, 0x3, 0xe1, 0x8d, 0x10, 0xf, 0x92,
    0xfa, 0xe6, 0x21, 0x59, 0xce, 0x1, 0xc0,

    /* U+004B "K" */
    0x7, 0xdf, 0xea, 0x10, 0xf, 0xcf, 0xbf, 0xf5,
    0x80, 0x65, 0x82, 0x1, 0x5b, 0x0, 0xfb, 0x20,
    0x80, 0x24, 0x20, 0xb, 0xc0, 0x39, 0x40, 0x3d,
    0x46, 0x1, 0xc8, 0x40, 0x10, 0x80, 0x7f, 0xca,
    0xa0, 0xe, 0x1a, 0x0, 0xff, 0x84, 0x2, 0x2a,
    0x0, 0xf6, 0x88, 0x7, 0xff, 0xf, 0x80, 0x3d,
    0x6, 0x1, 0xff, 0xc3, 0x83, 0x0, 0xe4, 0x70,
    0xf, 0xfe, 0x1a, 0x38, 0x7, 0x15, 0x0, 0x7f,
    0xf0, 0xc6, 0x80, 0x3d, 0xc2, 0x1, 0xff, 0xc3,
    0xa1, 0x0, 0xe9, 0x30, 0xf, 0xfe, 0x1c, 0xa0,
    0x7, 0x2b, 0x0, 0x7f, 0xf1, 0x1c, 0x3, 0xde,
    0x1, 0xff, 0xcc, 0x80, 0xf, 0xfe, 0x61, 0x38,
    0x7, 0xff, 0x32, 0x4, 0x3, 0xff, 0x99, 0x60,
    0x1f, 0xfc, 0x61, 0x0, 0xe5, 0x40, 0xf, 0xfe,
    0x24, 0xd0, 0x7, 0xa4, 0x3, 0xff, 0x86, 0xac,
    0x88, 0x0, 0xe2, 0x70, 0xf, 0xfe, 0x9, 0x50,
    0x2, 0x40, 0x3d, 0x2, 0x1, 0xff, 0xc0, 0x80,
    0x8, 0x9c, 0x3, 0xd6, 0x1, 0xff, 0xc0, 0x40,
    0xd, 0x2, 0x1, 0xca, 0x80, 0x1f, 0xfc, 0x58,
    0x0, 0xf4, 0x80, 0x7f, 0xf1, 0x58, 0xc0, 0x38,
    0x9c, 0x3, 0xfc, 0x20, 0x1e, 0xf0, 0xf, 0x41,
    0x0, 0x4, 0x3, 0xff, 0x82, 0x6c, 0x1, 0xe8,
    0x0, 0x78, 0x7, 0x28, 0x7, 0xe9, 0x20, 0xe,
    0x40, 0x2, 0xc1, 0x0, 0xad, 0x80, 0x7f, 0x6b,
    0x88, 0x0, 0x64, 0x0,

    /* U+004C "L" */
    0x7, 0xdf, 0xea, 0x10, 0xf, 0xfe, 0x2, 0xc1,
    0x0, 0xad, 0x80, 0x7f, 0xf0, 0x3c, 0x3, 0x94,
    0x3, 0xff, 0x80, 0x20, 0x1f, 0xfc, 0xd1, 0x0,
    0xff, 0xff, 0x80, 0x7f, 0xff, 0xc0, 0x3f, 0xff,
    0xe0, 0x1f, 0xff, 0xf0, 0xf, 0xfe, 0xed, 0x57,
    0xe9, 0x50, 0xf, 0xe4, 0x55, 0xf9, 0xaa, 0x40,
    0x3f, 0xf8, 0xcc, 0x2, 0x1, 0xff, 0xc6, 0xf0,
    0xf, 0xfe, 0x21, 0x82, 0xc1, 0x0, 0x7f, 0xf0,
    0x5, 0x38, 0x0,

    /* U+004D "M" */
    0x7, 0xdf, 0xf7, 0x48, 0x80, 0x7f, 0xf0, 0x1f,
    0x7f, 0xdd, 0x42, 0xb, 0x4, 0x0, 0x16, 0xc0,
    0xf, 0xfa, 0x20, 0x40, 0x1, 0x5a, 0xf, 0x0,
    0xf1, 0x38, 0x7, 0xf0, 0xb8, 0x7, 0x90, 0x4,
    0x3, 0xea, 0x0, 0xfe, 0x60, 0xf, 0xc2, 0x1,
    0xf8, 0x88, 0x1, 0xfa, 0x80, 0x3f, 0xf8, 0xd4,
    0x1, 0xf1, 0x10, 0x3, 0xff, 0x8c, 0xc0, 0x1f,
    0x28, 0x7, 0xff, 0x1c, 0x4c, 0x3, 0xd4, 0x1,
    0xff, 0xc8, 0xa0, 0xe, 0x22, 0x0, 0x7f, 0xf0,
    0xd4, 0x3, 0x38, 0x7, 0x50, 0x6, 0x50, 0xf,
    0xf8, 0x50, 0x2, 0x14, 0x0, 0xca, 0x1, 0xe,
    0x80, 0x7f, 0xcd, 0xc0, 0x1b, 0x80, 0x23, 0x20,
    0x9, 0xfc, 0x3, 0xfe, 0x35, 0x0, 0xca, 0x1,
    0x58, 0x6, 0xa2, 0x0, 0xff, 0x84, 0x14, 0x3,
    0x28, 0x1, 0x80, 0x22, 0x36, 0x0, 0xff, 0xe0,
    0x17, 0x0, 0x6f, 0x3, 0x10, 0x9, 0x40, 0x80,
    0x3f, 0xf8, 0x2, 0x82, 0x1, 0x28, 0x50, 0x6,
    0xa0, 0x10, 0xf, 0xfe, 0x3, 0x83, 0x0, 0x66,
    0x70, 0x8, 0xc8, 0x3, 0xff, 0x84, 0x21, 0x60,
    0x1a, 0x44, 0x2, 0xa0, 0x10, 0xf, 0xfe, 0x19,
    0x90, 0x7, 0xe7, 0x0, 0xff, 0xe3, 0x50, 0x7,
    0xc8, 0x20, 0x1f, 0xfc, 0x66, 0x0, 0xfb, 0x80,
    0x3f, 0xf8, 0xe2, 0x80, 0x1c, 0x2a, 0x1, 0xff,
    0xc8, 0xd0, 0xe, 0x70, 0xf, 0xfe, 0x4b, 0x8,
    0x6, 0xa0, 0xf, 0xfe, 0x54, 0x0, 0x4c, 0x60,
    0x1f, 0xf0, 0x80, 0x70, 0x80, 0x66, 0xb6, 0x99,
    0x0, 0x61, 0x0, 0xf0, 0xe0, 0x6, 0x14, 0x0,
    0xe4, 0x96, 0x0, 0xf2, 0x0, 0x64, 0x6, 0x71,
    0x3, 0xd0, 0xf, 0xfe, 0x1d, 0x28, 0x89, 0x28,
    0x0,

    /* U+004E "N" */
    0x7, 0xdf, 0xf6, 0xc0, 0x7, 0xf9, 0xf7, 0xf5,
    0xc1, 0x60, 0x80, 0x4, 0xf8, 0x1, 0xf9, 0x60,
    0x80, 0xa1, 0x7c, 0x3, 0xc6, 0xe0, 0x1f, 0x78,
    0x7, 0x60, 0x80, 0x7d, 0x2, 0x1, 0xe1, 0x0,
    0xe2, 0x0, 0xfe, 0x90, 0xf, 0xfe, 0x53, 0x88,
    0x7, 0xff, 0x2a, 0x0, 0x3f, 0xf9, 0x4c, 0x40,
    0x1f, 0xfc, 0x51, 0x0, 0xd0, 0x1, 0xff, 0xc5,
    0x80, 0xc, 0xa4, 0x1, 0xff, 0xc4, 0x41, 0x0,
    0xd0, 0x1, 0xff, 0xc4, 0x16, 0x0, 0xca, 0x60,
    0x1, 0x0, 0xff, 0xe0, 0x3c, 0x80, 0x74, 0x0,
    0xc, 0x3, 0xff, 0x80, 0x42, 0xc0, 0x19, 0x8,
    0x4, 0x3, 0xff, 0x80, 0x21, 0x60, 0x1d, 0x1,
    0xc0, 0x1f, 0xfc, 0xe, 0x2, 0x50, 0xc, 0xa4,
    0x40, 0xf, 0xfe, 0x1, 0x80, 0x20, 0x3, 0xad,
    0xc0, 0x3f, 0xf8, 0x2, 0x0, 0x26, 0x0, 0xcc,
    0x20, 0x1f, 0xfc, 0x48, 0x0, 0xe5, 0x0, 0xff,
    0xe2, 0xb, 0x0, 0x69, 0x10, 0xf, 0xfe, 0x24,
    0x0, 0x61, 0x10, 0x7, 0xff, 0x10, 0x5c, 0x3,
    0xff, 0x95, 0x20, 0x1f, 0xfc, 0xa1, 0x70, 0xf,
    0xfe, 0x54, 0x80, 0x7f, 0x8, 0x7, 0x8, 0x7,
    0x86, 0x0, 0x3e, 0x2f, 0x0, 0xef, 0x0, 0xf9,
    0xcc, 0x3, 0xd8, 0xb0, 0x40, 0x50, 0xa0, 0x1f,
    0xb1, 0xc8, 0x0, 0x50, 0xa0,

    /* U+004F "O" */
    0x0, 0xfe, 0x59, 0xce, 0xff, 0x6e, 0x42, 0x0,
    0x7f, 0xf0, 0xdf, 0xe9, 0x8c, 0x40, 0x4, 0x6f,
    0x7c, 0xc0, 0x1f, 0xf1, 0xf4, 0x0, 0x7f, 0xc3,
    0x38, 0x20, 0x1f, 0x93, 0x4, 0x3, 0xff, 0x84,
    0x7e, 0x40, 0x1e, 0x2b, 0x0, 0xff, 0xe2, 0x8f,
    0x80, 0x7b, 0x80, 0x3f, 0x88, 0x80, 0x1f, 0x8a,
    0x80, 0x32, 0x98, 0x7, 0x86, 0xbf, 0x75, 0xf2,
    0x20, 0x1e, 0x53, 0x0, 0xa0, 0x3, 0xc5, 0xea,
    0x1, 0x9b, 0x4, 0x3, 0xd2, 0x0, 0x32, 0x0,
    0xf7, 0x8, 0x7, 0x8a, 0xc0, 0x3c, 0xa2, 0x8,
    0x1, 0xe4, 0x30, 0xf, 0xca, 0x40, 0x1e, 0x50,
    0xc0, 0xf, 0x68, 0x7, 0xfa, 0x80, 0x3d, 0x80,
    0xc0, 0x1e, 0x40, 0xf, 0xf1, 0x80, 0x78, 0xc0,
    0xc0, 0x3c, 0x40, 0x1f, 0xe6, 0x0, 0xf3, 0x80,
    0x80, 0x7f, 0xf1, 0x4c, 0x3, 0xc2, 0x1, 0xff,
    0xc7, 0x10, 0xf, 0xfe, 0x70, 0x80, 0x78, 0x40,
    0x80, 0x3c, 0x40, 0x1f, 0xe2, 0x0, 0xf3, 0x80,
    0x80, 0x79, 0xc0, 0x3f, 0xca, 0x1, 0xe2, 0x4,
    0x0, 0xf7, 0x80, 0x7f, 0xb4, 0x3, 0xde, 0x18,
    0x1, 0xe5, 0x10, 0xf, 0xc6, 0x80, 0x1e, 0x40,
    0x41, 0x0, 0xf5, 0x80, 0x7e, 0xf0, 0xf, 0x19,
    0x0, 0x18, 0x3, 0xcb, 0x20, 0x1c, 0x36, 0x60,
    0x1e, 0x90, 0xa, 0x40, 0x3e, 0x6d, 0x85, 0x68,
    0xf4, 0x0, 0xf1, 0x28, 0x4, 0x34, 0x1, 0xf1,
    0x3d, 0x4b, 0x88, 0x7, 0xdc, 0x1, 0xca, 0xc0,
    0x1f, 0xfc, 0x69, 0x30, 0xf, 0x4b, 0x80, 0x7f,
    0xf1, 0x29, 0x80, 0x3f, 0x45, 0x8, 0x7, 0xff,
    0x0, 0xb1, 0x40, 0x3f, 0xcb, 0xd0, 0x60, 0x1f,
    0x92, 0xb4, 0xc0, 0x3f, 0xf8, 0x2f, 0x9d, 0x73,
    0x10, 0xab, 0xfb, 0x50, 0xf, 0x80,

    /* U+0050 "P" */
    0x7, 0xdf, 0xff, 0xdd, 0xb7, 0x8, 0x1, 0xe5,
    0x82, 0x0, 0xfc, 0x24, 0x8f, 0x7c, 0xc0, 0x1b,
    0xc0, 0x3f, 0xf8, 0x63, 0x36, 0x1, 0x8, 0x7,
    0xff, 0x15, 0x2c, 0x3, 0xff, 0x92, 0x8c, 0x1,
    0xfa, 0x6a, 0x93, 0x26, 0x0, 0xfa, 0x0, 0x3f,
    0x3a, 0xa9, 0x99, 0x3a, 0x40, 0x1c, 0x26, 0x1,
    0xff, 0xc1, 0x29, 0x0, 0xf2, 0x80, 0x7f, 0xf0,
    0x94, 0x3, 0xc2, 0x1, 0xff, 0xc9, 0xf0, 0xf,
    0xfe, 0x11, 0x0, 0x7b, 0x80, 0x3f, 0xf8, 0x56,
    0x1, 0xe2, 0x0, 0xff, 0xe0, 0xa3, 0x80, 0x79,
    0x0, 0x3e, 0x75, 0x59, 0xee, 0xc0, 0x1e, 0x50,
    0xf, 0xd3, 0x55, 0x42, 0x0, 0x7d, 0x0, 0x1f,
    0xfc, 0x89, 0x20, 0xf, 0xfe, 0x3d, 0x30, 0x7,
    0xff, 0x19, 0x35, 0x40, 0x3f, 0xf8, 0x42, 0x4b,
    0x1d, 0x64, 0x1, 0xff, 0x77, 0xfd, 0xdb, 0x4e,
    0x20, 0x1f, 0xff, 0xf0, 0xf, 0xfe, 0x70, 0x80,
    0x7f, 0xf0, 0x84, 0x3, 0xff, 0x93, 0xe0, 0x1c,
    0x80, 0x1f, 0xfc, 0x35, 0x82, 0x1, 0x5a, 0x0,
    0xff, 0xe1, 0x80,

    /* U+0051 "Q" */
    0x0, 0xfe, 0x59, 0xce, 0xff, 0x6e, 0x42, 0x0,
    0x7f, 0xf1, 0x9f, 0xa9, 0x8c, 0x40, 0x4, 0x6f,
    0x7c, 0xc0, 0x1f, 0xfc, 0x22, 0xe8, 0x10, 0xf,
    0xf0, 0xce, 0x8, 0x7, 0xfc, 0x9a, 0x20, 0x1f,
    0xfc, 0x23, 0xf2, 0x0, 0xfe, 0x2a, 0x0, 0xff,
    0xe2, 0x8f, 0x80, 0x7f, 0x70, 0x80, 0x7e, 0x22,
    0x0, 0x7e, 0x2a, 0x0, 0xf9, 0x4c, 0x3, 0xc3,
    0x5f, 0xba, 0xf9, 0x0, 0xf9, 0x4c, 0x3, 0xd2,
    0x1, 0xe1, 0xf5, 0x0, 0xcd, 0xa0, 0x1f, 0x48,
    0x7, 0x19, 0x80, 0x3d, 0xa2, 0x1, 0xe2, 0xa0,
    0xf, 0x28, 0x80, 0x64, 0x0, 0xf2, 0x18, 0x7,
    0xe5, 0x20, 0xf, 0x28, 0x6, 0xd0, 0xf, 0x68,
    0x7, 0xf9, 0x40, 0x3d, 0x80, 0x19, 0xc0, 0x3c,
    0xa0, 0x1f, 0xec, 0x0, 0xf1, 0x80, 0x63, 0x0,
    0xf1, 0x80, 0x7f, 0x98, 0x3, 0xce, 0x1, 0x84,
    0x3, 0xff, 0x8a, 0x60, 0x1e, 0x10, 0xf, 0xfe,
    0x50, 0x80, 0x7f, 0xf4, 0x44, 0x3, 0xc2, 0x1,
    0x84, 0x3, 0xc2, 0x1, 0xfe, 0x30, 0xf, 0xf8,
    0x80, 0x3c, 0x40, 0x1f, 0xe7, 0x0, 0xf2, 0x80,
    0x64, 0x0, 0xf2, 0x0, 0x7f, 0xb0, 0x3, 0xde,
    0x1, 0xb4, 0x3, 0xd4, 0x1, 0xfe, 0x70, 0xf,
    0x20, 0x6, 0x50, 0xf, 0x12, 0x80, 0x7e, 0x71,
    0x0, 0xe2, 0x20, 0x7, 0x30, 0x7, 0xac, 0x80,
    0x3c, 0x70, 0x1, 0xea, 0x0, 0xf4, 0x0, 0x78,
    0x71, 0x40, 0x33, 0x60, 0x7, 0x85, 0xc0, 0x3c,
    0x30, 0x1, 0xe1, 0xae, 0xcc, 0x7c, 0x80, 0x7d,
    0x60, 0x1f, 0x9d, 0x0, 0x3e, 0x13, 0x30, 0x7,
    0xe7, 0x50, 0xf, 0xeb, 0x30, 0xf, 0xfe, 0x23,
    0xc0, 0x7, 0xfd, 0x8c, 0x1, 0xff, 0xc1, 0x19,
    0x80, 0xf, 0xfe, 0xc, 0xe2, 0x0, 0x7f, 0xb,
    0xfb, 0x0, 0x7f, 0xf0, 0xce, 0xfa, 0x0, 0x3e,
    0x88, 0x8, 0x7, 0xff, 0x18, 0x5d, 0x80, 0x3d,
    0x30, 0x20, 0x1f, 0xfc, 0x88, 0x10, 0xf, 0x3f,
    0x53, 0xaa, 0xce, 0x1, 0xff, 0xc2, 0x1d, 0x0,
    0xfc, 0xb1, 0x55, 0x44, 0x0, 0x3f, 0xf8, 0x47,
    0x60, 0x1f, 0xfc, 0x17, 0x10, 0xf, 0xfe, 0x12,
    0x69, 0x80, 0x7f, 0xf0, 0x1c, 0x3, 0xff, 0x86,
    0x59, 0x24, 0x1, 0xfe, 0x10, 0xf, 0xfe, 0x2b,
    0x6e, 0x3a, 0x8, 0x4, 0x26, 0xee, 0x0,

    /* U+0052 "R" */
    0x7, 0xdf, 0xff, 0xee, 0xca, 0x61, 0x0, 0xf9,
    0x60, 0x80, 0x3f, 0x84, 0xd6, 0x7a, 0x84, 0x3,
    0xbc, 0x3, 0xff, 0x88, 0xbc, 0x80, 0x18, 0x40,
    0x3f, 0xf8, 0xd6, 0x60, 0x1f, 0xfc, 0xbf, 0x0,
    0xff, 0x4d, 0x52, 0x61, 0x84, 0x3, 0xc6, 0x40,
    0x1f, 0xce, 0xaa, 0x67, 0x9e, 0x40, 0xf, 0x28,
    0x7, 0xff, 0x12, 0x40, 0x3d, 0xc0, 0x1f, 0xfc,
    0x42, 0x10, 0xe, 0x30, 0xf, 0xfe, 0x28, 0x80,
    0x7f, 0xf2, 0x90, 0x3, 0xc6, 0x1, 0xff, 0xc3,
    0x29, 0x0, 0xf6, 0x0, 0x7f, 0x22, 0xac, 0xd5,
    0xa4, 0x1, 0xe4, 0x0, 0xfe, 0xaa, 0xd2, 0xa0,
    0x1f, 0x30, 0x80, 0x7f, 0xf2, 0x4a, 0x40, 0x3f,
    0xf9, 0x27, 0x80, 0x1f, 0xfc, 0x99, 0xc1, 0x0,
    0xff, 0xe4, 0xa8, 0x7, 0xff, 0x7, 0xbf, 0xd0,
    0x1, 0xef, 0x0, 0xff, 0xe2, 0x39, 0x0, 0x71,
    0xa8, 0x7, 0xff, 0x12, 0x0, 0x3d, 0x60, 0x1f,
    0xfc, 0x45, 0x20, 0xe, 0x17, 0x0, 0xff, 0xe2,
    0x48, 0x7, 0xa0, 0x40, 0x3f, 0xf8, 0x68, 0x60,
    0x1e, 0x80, 0xf, 0xf0, 0x80, 0x74, 0x0, 0x79,
    0x88, 0x0, 0x20, 0x1f, 0xfc, 0x4, 0x40, 0x7,
    0xa0, 0x1, 0xe0, 0x1c, 0xa0, 0x1f, 0x48, 0x80,
    0x73, 0x80, 0x16, 0x8, 0x5, 0x6c, 0x3, 0xe2,
    0xc5, 0x10, 0x0, 0xd8, 0x0,

    /* U+0053 "S" */
    0x0, 0xf9, 0x27, 0x3b, 0xfb, 0x6d, 0x88, 0x3,
    0xfc, 0xbb, 0x6c, 0x62, 0x2, 0x49, 0x3b, 0x68,
    0x1, 0xf4, 0xd1, 0x0, 0x7f, 0x92, 0xe8, 0x3,
    0xa9, 0x80, 0x3f, 0xf8, 0x4a, 0xe0, 0x13, 0x28,
    0x7, 0xff, 0x10, 0x80, 0x28, 0x0, 0xf8, 0x4c,
    0xe1, 0x0, 0xc8, 0xa0, 0x3, 0x10, 0xf, 0x57,
    0x66, 0x5d, 0x66, 0x2b, 0x60, 0x12, 0x80, 0x79,
    0x94, 0x3, 0x93, 0x3a, 0x80, 0x3f, 0xe1, 0x0,
    0xff, 0xe1, 0x18, 0x7, 0x9d, 0x80, 0x3f, 0xf8,
    0x28, 0x1, 0xf4, 0xf3, 0x88, 0x7, 0xf8, 0x50,
    0x3, 0xe1, 0x8e, 0xa4, 0x0, 0xfe, 0x90, 0xf,
    0xf2, 0xde, 0xb8, 0x80, 0x78, 0xa8, 0x3, 0xfe,
    0x28, 0xe9, 0x10, 0xe, 0x5b, 0x0, 0xff, 0xe0,
    0xb6, 0x8, 0x7, 0x27, 0x41, 0x0, 0x7f, 0xc5,
    0xa0, 0x1e, 0x17, 0xdc, 0x50, 0xf, 0xf1, 0xa0,
    0x7, 0xe3, 0xae, 0x82, 0x0, 0xfd, 0xa0, 0x1f,
    0xe1, 0x7d, 0xa1, 0x0, 0xf1, 0x0, 0x7f, 0xf0,
    0x56, 0x80, 0x3c, 0xc0, 0x10, 0xc2, 0x0, 0x7e,
    0x60, 0xf, 0x8, 0x0, 0xbd, 0xee, 0x8c, 0x3,
    0xd4, 0x1, 0xe6, 0x1, 0xc1, 0x0, 0x2e, 0x6c,
    0x32, 0xb5, 0xb8, 0x7, 0xb0, 0x20, 0x40, 0x38,
    0x9e, 0x6a, 0x50, 0x3, 0xc2, 0xc0, 0x80, 0x1f,
    0xfc, 0x6b, 0x0, 0x40, 0x7, 0xff, 0x16, 0x14,
    0x0, 0xba, 0xa0, 0x1f, 0xfc, 0x11, 0xb7, 0x0,
    0xc5, 0x5d, 0x6, 0x1, 0xf8, 0xa3, 0x90, 0x3,
    0xe1, 0x7c, 0xeb, 0x98, 0x84, 0xdf, 0x6b, 0x80,
    0x70,

    /* U+0054 "T" */
    0x9, 0xef, 0xff, 0xfe, 0x2d, 0x98, 0x4b, 0x8,
    0x7, 0xff, 0x15, 0x34, 0x10, 0x3, 0xff, 0x90,
    0x24, 0x20, 0x1f, 0xfc, 0x93, 0x90, 0xf, 0xfe,
    0x42, 0xa, 0xe3, 0xb2, 0xac, 0x80, 0x1e, 0x25,
    0x5c, 0xd5, 0x60, 0x3, 0x89, 0xaa, 0xbc, 0x3,
    0xcb, 0x55, 0xa5, 0x40, 0x3f, 0xff, 0xe0, 0x1f,
    0xff, 0xf0, 0xf, 0xff, 0xf8, 0x7, 0xff, 0xfc,
    0x3, 0xff, 0xfe, 0x1, 0xff, 0xe4, 0x60, 0xf,
    0x78, 0x7, 0xff, 0xc, 0x88, 0x1, 0xca, 0x1,
    0xff, 0xc4, 0xf4, 0x0, 0x15, 0x10, 0x7, 0xe0,

    /* U+0055 "U" */
    0x8, 0xef, 0xe8, 0x0, 0xff, 0x9b, 0x7f, 0xa4,
    0x21, 0xc4, 0x5, 0xdc, 0x1, 0xfc, 0x72, 0x40,
    0x2d, 0x8, 0x1, 0xd6, 0x1, 0xfd, 0x60, 0x1c,
    0xa4, 0x1, 0xc2, 0x1, 0xfc, 0x20, 0x1c, 0x60,
    0x1e, 0x30, 0xf, 0xe3, 0x0, 0xff, 0xff, 0x80,
    0x7f, 0xff, 0xc0, 0x3f, 0xff, 0xe0, 0x1f, 0xf1,
    0x80, 0x7f, 0xf2, 0x84, 0x3, 0xff, 0x92, 0x6e,
    0x1, 0xc2, 0x1, 0xfc, 0x20, 0x1c, 0x22, 0x0,
    0xf0, 0x80, 0x7e, 0x50, 0xe, 0x6d, 0x0, 0xf2,
    0x0, 0x7c, 0x42, 0x1, 0xda, 0x80, 0x1e, 0x90,
    0xf, 0xa8, 0x3, 0xc6, 0x61, 0x0, 0xe3, 0x70,
    0xe, 0x47, 0x0, 0xf2, 0x3, 0x80, 0x7a, 0x31,
    0x95, 0xaa, 0xc0, 0x3c, 0xa0, 0xb, 0x0, 0xf8,
    0xe6, 0xa5, 0x40, 0x3e, 0x90, 0x1, 0x40, 0x7,
    0xff, 0x15, 0xcc, 0x2, 0x76, 0x0, 0xff, 0xe1,
    0xa4, 0x0, 0x74, 0xb8, 0x7, 0xff, 0x5, 0xac,
    0x3, 0xe8, 0xe6, 0x10, 0xf, 0xcb, 0xb2, 0x1,
    0xfc, 0x33, 0xdb, 0x53, 0x13, 0x59, 0xf4, 0x40,
    0x1c,

    /* U+0056 "V" */
    0x0, 0xff, 0xe7, 0x8d, 0x7f, 0xba, 0x88, 0x3,
    0xfe, 0xaf, 0xf6, 0xb0, 0x4, 0xca, 0x0, 0x15,
    0xc1, 0x0, 0xfe, 0x65, 0x0, 0x14, 0xb8, 0x3,
    0xc0, 0x38, 0x5c, 0x3, 0xfa, 0x80, 0x3b, 0x0,
    0x18, 0x1, 0xed, 0x0, 0xfe, 0x30, 0xe, 0x10,
    0x2, 0x0, 0x79, 0x0, 0x3f, 0x20, 0x7, 0xb0,
    0x2, 0x40, 0xf, 0x18, 0x7, 0xd8, 0x1, 0xe7,
    0x0, 0xb4, 0x3, 0xc8, 0x1, 0xf1, 0x80, 0x71,
    0x88, 0x4, 0xe0, 0x1e, 0xc0, 0xf, 0x90, 0x3,
    0x90, 0x3, 0x9, 0x80, 0x72, 0x0, 0x78, 0xc0,
    0x3d, 0x60, 0x1d, 0x60, 0x1e, 0x30, 0xe, 0x40,
    0xe, 0x13, 0x0, 0xe5, 0x0, 0xf2, 0x0, 0x76,
    0x0, 0x73, 0x80, 0x78, 0x88, 0x1, 0xd8, 0x1,
    0xc8, 0x1, 0xda, 0x1, 0xf2, 0x0, 0x72, 0x0,
    0x63, 0x0, 0xf2, 0x0, 0x7d, 0xa0, 0x1e, 0x30,
    0x9, 0x0, 0x39, 0x0, 0x3f, 0x20, 0x7, 0x90,
    0x2, 0xc0, 0xe, 0xd0, 0xf, 0xe5, 0x0, 0xec,
    0x0, 0x90, 0x3, 0x9c, 0x3, 0xfb, 0xc0, 0x39,
    0x0, 0x6, 0x1, 0xc6, 0x20, 0x1f, 0xc8, 0x1,
    0xe3, 0x4, 0x0, 0xeb, 0x0, 0xff, 0x9, 0x80,
    0x72, 0x6, 0x0, 0x72, 0x80, 0x7f, 0xd6, 0x1,
    0xd8, 0x8, 0x1, 0x84, 0x80, 0x3f, 0xe5, 0x0,
    0xe5, 0x30, 0xe, 0x70, 0xf, 0xfe, 0x1, 0x10,
    0x3, 0xc, 0x0, 0x76, 0x80, 0x7f, 0xf0, 0x54,
    0x3, 0x90, 0x3, 0x90, 0x3, 0xff, 0x83, 0x60,
    0x1f, 0xe5, 0x0, 0xff, 0xe1, 0x18, 0x80, 0x7f,
    0x78, 0x7, 0xff, 0xd, 0xc0, 0x3f, 0x90, 0x3,
    0xff, 0x87, 0x60, 0x1f, 0x9c, 0x40, 0x3f, 0xf8,
    0x65, 0x88, 0x20, 0x11, 0x44, 0x0, 0x3f, 0x0,

    /* U+0057 "W" */
    0x0, 0xff, 0xec, 0xb6, 0x7f, 0xa4, 0x3, 0xf1,
    0x57, 0x72, 0xc8, 0x3, 0xf4, 0xf7, 0x2c, 0xc0,
    0xf, 0x26, 0x0, 0x67, 0x0, 0xfb, 0xd4, 0x44,
    0x9e, 0x1, 0xf3, 0xb0, 0x89, 0x30, 0x42, 0xc0,
    0x3a, 0xc0, 0x3c, 0xa4, 0x1, 0x89, 0x40, 0x3d,
    0x60, 0x1c, 0x80, 0x1f, 0x18, 0x7, 0xb0, 0x3,
    0xd8, 0x1, 0xe3, 0x0, 0xe1, 0x5, 0x0, 0xf0,
    0x80, 0x72, 0x0, 0x79, 0x40, 0x38, 0x40, 0x3c,
    0xc1, 0xe0, 0x1e, 0x20, 0xe, 0x20, 0xf, 0x18,
    0x7, 0x10, 0x7, 0x88, 0x14, 0x3, 0xcc, 0x1,
    0x8c, 0x3, 0xf1, 0x80, 0x66, 0x0, 0xe2, 0x0,
    0x18, 0x7, 0xb4, 0x3, 0x20, 0x7, 0xe4, 0x0,
    0xc4, 0x1, 0xce, 0x1, 0x10, 0x7, 0x10, 0x6,
    0xd0, 0xf, 0xda, 0x1, 0xb8, 0x3, 0xb4, 0x2,
    0x60, 0xe, 0x60, 0xc, 0x80, 0x11, 0x80, 0x67,
    0x0, 0xca, 0x1, 0xc6, 0x1, 0x18, 0x7, 0x10,
    0x4, 0x22, 0x0, 0xac, 0x3, 0x10, 0x80, 0x44,
    0x1, 0xca, 0x1, 0x68, 0x7, 0x8, 0x4, 0xa0,
    0x18, 0xc8, 0x3, 0x28, 0x4, 0x20, 0x1c, 0x20,
    0x13, 0x80, 0x78, 0x80, 0x18, 0x1, 0x95, 0xc0,
    0x31, 0x80, 0x8, 0x3, 0x8c, 0x3, 0x10, 0x7,
    0x9c, 0x0, 0x60, 0x10, 0x8b, 0x40, 0x36, 0x0,
    0x18, 0x3, 0x94, 0x3, 0x8c, 0x3, 0x88, 0x0,
    0xa0, 0x12, 0x1, 0x80, 0x65, 0x0, 0x10, 0x7,
    0x78, 0x7, 0x28, 0x7, 0x70, 0x10, 0x80, 0x5a,
    0xa, 0x1, 0x84, 0x83, 0x80, 0x38, 0x80, 0x3b,
    0xc0, 0x38, 0x81, 0xc0, 0x31, 0x80, 0x88, 0x3,
    0x38, 0x18, 0x7, 0x28, 0x7, 0x28, 0x7, 0x30,
    0x60, 0x6, 0x50, 0x2, 0x0, 0x6d, 0x6, 0x0,
    0xc2, 0x20, 0xe, 0x30, 0xe, 0x20, 0x50, 0x8,
    0x44, 0x0, 0xd0, 0xc, 0x80, 0x40, 0x19, 0x40,
    0x3e, 0x20, 0xe, 0x23, 0x0, 0x94, 0x2, 0x30,
    0xc, 0x62, 0x1, 0xc6, 0x1, 0xf3, 0x80, 0x72,
    0x80, 0x63, 0x0, 0x90, 0x3, 0x9c, 0x3, 0xb8,
    0x3, 0xed, 0x0, 0xea, 0x0, 0xda, 0x1, 0x88,
    0x3, 0x58, 0x7, 0x28, 0x7, 0xc6, 0x1, 0xc4,
    0x1, 0x9c, 0x3, 0x38, 0x6, 0x20, 0xe, 0x30,
    0xf, 0x94, 0x3, 0xfc, 0x40, 0x1b, 0x0, 0x3f,
    0x88, 0x3, 0xf0, 0x88, 0x3, 0xf1, 0x80, 0x72,
    0x80, 0x7f, 0x30, 0x7, 0xf2, 0x80, 0x7e, 0x40,
    0xe, 0x31, 0x0, 0xfd, 0x80, 0x1f, 0xde, 0x1,
    0xfa, 0x80, 0x3d, 0x20, 0x1f, 0xb, 0x0, 0x7f,
    0x25, 0x10, 0x6, 0x4c, 0x20, 0xf, 0x3c, 0x10,
    0x6, 0x4d, 0x10, 0xc,

    /* U+0058 "X" */
    0x0, 0x37, 0x7f, 0xba, 0x44, 0x3, 0xf3, 0xef,
    0xfb, 0x54, 0x3, 0x58, 0x80, 0x5, 0xb0, 0x40,
    0x3d, 0x30, 0x40, 0x2, 0x90, 0xc, 0xe0, 0x1c,
    0x50, 0x1, 0xc4, 0xc0, 0x1c, 0xa0, 0x1a, 0x40,
    0x3c, 0xc2, 0x1, 0xac, 0x3, 0xd6, 0x1, 0x8d,
    0x40, 0x3c, 0xc0, 0x19, 0x80, 0x39, 0x48, 0x3,
    0xa0, 0x3, 0xd2, 0x1, 0x38, 0x7, 0xa0, 0x3,
    0xc4, 0xc0, 0x1c, 0x2c, 0x0, 0xa0, 0xe, 0x62,
    0x0, 0xfa, 0x0, 0x3d, 0x60, 0x84, 0x1, 0xd0,
    0x1, 0xf8, 0x5c, 0x3, 0x89, 0x38, 0x3, 0x9c,
    0x40, 0x3f, 0xa0, 0x40, 0x3a, 0x14, 0x3, 0xa4,
    0x3, 0xfe, 0x80, 0xe, 0x30, 0xe, 0x71, 0x0,
    0xff, 0x98, 0x80, 0x3f, 0x86, 0x0, 0x3f, 0xf8,
    0x30, 0x1, 0xfd, 0x20, 0x1f, 0xfc, 0x25, 0x0,
    0xfe, 0x70, 0xf, 0xfe, 0x11, 0x80, 0x7f, 0x8,
    0x7, 0xff, 0xb, 0xc0, 0x3f, 0xa0, 0x3, 0xff,
    0x82, 0xa6, 0x1, 0xfc, 0xc4, 0x1, 0xff, 0xc0,
    0x80, 0xf, 0xfa, 0x40, 0x3f, 0xe6, 0x20, 0xc,
    0x70, 0x1, 0xc8, 0x60, 0x1f, 0xe8, 0x0, 0xe9,
    0x70, 0xf, 0x78, 0x7, 0xf3, 0x88, 0x6, 0x15,
    0x7, 0x0, 0xe3, 0x50, 0xf, 0x86, 0x40, 0x39,
    0x80, 0x12, 0x1, 0xe8, 0x0, 0xfa, 0x44, 0x3,
    0xa4, 0x0, 0x2c, 0x1, 0xc4, 0xe0, 0x1c, 0x2e,
    0x1, 0xca, 0x20, 0x15, 0x80, 0x7a, 0x44, 0x3,
    0x40, 0x7, 0xa4, 0x3, 0x12, 0x80, 0x70, 0xc8,
    0x4, 0x2c, 0x1, 0xc6, 0x60, 0xe, 0x90, 0xf,
    0x38, 0x80, 0x14, 0x3, 0xde, 0x1, 0xe3, 0x70,
    0xf, 0x28, 0x1, 0x10, 0x0, 0x14, 0xc3, 0x0,
    0xfa, 0x24, 0x80, 0x24, 0x40, 0x0,

    /* U+0059 "Y" */
    0x0, 0xff, 0xef, 0x11, 0x80, 0x7a, 0x7b, 0xfd,
    0x66, 0x1, 0xfc, 0xfb, 0x9f, 0x0, 0x11, 0xb0,
    0x80, 0x13, 0xc, 0x3, 0xe2, 0x80, 0x9, 0xe4,
    0x0, 0x40, 0x1e, 0xf0, 0xf, 0xac, 0x3, 0x90,
    0x0, 0x28, 0x1, 0xc6, 0x40, 0x1e, 0x70, 0xe,
    0x60, 0xa, 0x0, 0x3d, 0x40, 0x1c, 0xa2, 0x1,
    0xdc, 0x1, 0x19, 0x80, 0x39, 0x80, 0x3b, 0x80,
    0x38, 0x94, 0x3, 0x40, 0x7, 0xa, 0x0, 0x42,
    0x80, 0x1d, 0x60, 0x1c, 0x84, 0x1, 0xdc, 0x1,
    0x30, 0x7, 0xb, 0x0, 0x7a, 0x0, 0x39, 0x40,
    0x2a, 0x0, 0xe9, 0x0, 0xf9, 0x48, 0x3, 0x98,
    0xc, 0x80, 0x30, 0xb8, 0x7, 0xeb, 0x0, 0xea,
    0xa, 0x0, 0xe6, 0x0, 0xfe, 0x61, 0x0, 0xc6,
    0x4e, 0x1, 0xd2, 0x1, 0xfe, 0x90, 0xe, 0xf1,
    0x0, 0xcc, 0x20, 0x1f, 0xe7, 0x0, 0xe2, 0x0,
    0xe8, 0x0, 0xff, 0xe0, 0x38, 0x7, 0xf3, 0x8,
    0x7, 0xff, 0x2, 0x40, 0x3f, 0xac, 0x3, 0xff,
    0x82, 0x2c, 0x1, 0xf2, 0x90, 0x7, 0xff, 0xa,
    0xc0, 0x3e, 0xe0, 0xf, 0xfe, 0x19, 0x8, 0x7,
    0x90, 0x3, 0xff, 0x88, 0x60, 0x1f, 0xff, 0xf0,
    0xf, 0xff, 0x30, 0x80, 0x7f, 0xf1, 0x58, 0x3,
    0x8c, 0x3, 0xff, 0x8b, 0x80, 0x1c, 0xa0, 0x1f,
    0xfc, 0x57, 0x70, 0x80, 0xb4, 0x0, 0x7e,

    /* U+005A "Z" */
    0x0, 0x26, 0x7f, 0xff, 0xf0, 0xf0, 0xc0, 0x3,
    0x66, 0x1, 0xff, 0xc3, 0x3d, 0x0, 0x28, 0x7,
    0xff, 0x18, 0x40, 0xe, 0x1, 0xff, 0xc6, 0x20,
    0x1, 0x90, 0x7, 0xff, 0x15, 0x40, 0x2c, 0x85,
    0x44, 0xf8, 0x80, 0x3e, 0x90, 0x8, 0x5e, 0xae,
    0xfd, 0x46, 0x1, 0xe9, 0x10, 0xf, 0xfe, 0x5,
    0x88, 0x7, 0x23, 0x0, 0x7f, 0xf0, 0x11, 0x40,
    0x3d, 0x20, 0x1f, 0xfc, 0x1a, 0x0, 0xf4, 0x90,
    0x7, 0xff, 0x2, 0x44, 0x3, 0x8d, 0x80, 0x3f,
    0xf8, 0x8, 0xc0, 0x1e, 0xe0, 0xf, 0xfe, 0xd,
    0x0, 0x7a, 0x48, 0x3, 0xff, 0x81, 0x22, 0x1,
    0xc6, 0xc0, 0x1f, 0xfc, 0x4, 0x60, 0xf, 0x70,
    0x7, 0xff, 0x6, 0x40, 0x3d, 0x4, 0x1, 0xff,
    0xc0, 0x92, 0x0, 0xe3, 0x70, 0xf, 0xfe, 0x1,
    0xb0, 0x7, 0xb8, 0x3, 0xff, 0x83, 0xc0, 0x1e,
    0x82, 0x0, 0xff, 0xe0, 0x49, 0x0, 0x71, 0xb8,
    0x7, 0xff, 0x0, 0xd8, 0x3, 0xdc, 0x1, 0xff,
    0xc1, 0xe0, 0xf, 0x41, 0x0, 0x7f, 0xf0, 0x20,
    0x80, 0x3d, 0x97, 0x7f, 0xa9, 0xc0, 0x27, 0x0,
    0xf9, 0x13, 0xf9, 0x62, 0xc1, 0x40, 0x3f, 0xf8,
    0xe8, 0x4, 0x1, 0xff, 0xc8, 0x11, 0x0, 0x7f,
    0xf1, 0xc8, 0x59, 0xc4, 0x3, 0xff, 0x86, 0x29,
    0xe0,

    /* U+005B "[" */
    0x2, 0xbe, 0xff, 0xda, 0xa0, 0xf, 0x41, 0x0,
    0xc5, 0x40, 0x44, 0x0, 0xf8, 0x80, 0x40, 0x30,
    0xbb, 0xab, 0x40, 0x3c, 0x51, 0x5, 0x0, 0xff,
    0xff, 0x80, 0x7f, 0xff, 0xc0, 0x3f, 0xff, 0xe0,
    0x1f, 0xff, 0xf0, 0xf, 0xfe, 0x19, 0x43, 0xa8,
    0x0, 0x40, 0x30, 0xbc, 0x56, 0x81, 0x10, 0x3,
    0xe2, 0x0, 0x7a, 0x8, 0x6, 0x2a, 0x0,

    /* U+005C "\\" */
    0x0, 0xff, 0xe1, 0x14, 0xc8, 0x40, 0x3f, 0xbd,
    0x99, 0x40, 0x1f, 0xc4, 0x0, 0x41, 0x0, 0xfc,
    0x20, 0x13, 0x80, 0x7e, 0x50, 0xb, 0xc0, 0x3f,
    0x18, 0x4, 0x80, 0x1f, 0xb0, 0x2, 0x20, 0xf,
    0xca, 0x1, 0x90, 0x3, 0xe1, 0x20, 0x8, 0xc0,
    0x3f, 0x20, 0x5, 0x80, 0x1f, 0xbc, 0x2, 0x50,
    0xf, 0xc8, 0x1, 0x9, 0x0, 0x7c, 0x40, 0x19,
    0x0, 0x3f, 0x20, 0x5, 0xe0, 0x1f, 0x8c, 0x2,
    0x40, 0xf, 0xd8, 0x1, 0x10, 0x80, 0x7c, 0xa0,
    0x19, 0x40, 0x3e, 0x12, 0x0, 0xb0, 0x3, 0xf2,
    0x0, 0x46, 0x1, 0xfb, 0xc0, 0x24, 0x0, 0xfc,
    0x80, 0x18, 0x80, 0x3e, 0x20, 0xc, 0x80, 0x1f,
    0x90, 0x2, 0xf0, 0xf, 0xc6, 0x1, 0x20, 0x7,
    0xec, 0x0, 0x88, 0x40, 0x3e, 0x40, 0xc, 0xa0,
    0x1f, 0x88, 0x2, 0xc0, 0xf, 0xc8, 0x1, 0x18,
    0x7, 0xef, 0x0, 0x90, 0x3, 0xf2, 0x0, 0x62,
    0x0, 0xf8, 0x84, 0x2, 0x40, 0xf, 0xca, 0x1,
    0x60, 0x7, 0xec, 0x0, 0x9c, 0x3, 0xf1, 0x80,
    0x44, 0x20, 0x1f, 0x20, 0x6, 0x50, 0xf, 0xc6,
    0x1, 0x10, 0x7, 0xeb, 0x0, 0x88, 0x3, 0xf3,
    0xa8, 0xb2, 0x0, 0x7f, 0x57, 0x48, 0x0,

    /* U+005D "]" */
    0x3c, 0xef, 0xfd, 0x88, 0x1c, 0x62, 0x1, 0x8e,
    0xc5, 0xc0, 0x3f, 0x25, 0x5c, 0x39, 0x0, 0x63,
    0x4, 0x78, 0x40, 0xc, 0x20, 0x1f, 0xff, 0xf0,
    0xf, 0xff, 0xf8, 0x7, 0xff, 0xfc, 0x3, 0xff,
    0xd8, 0x8f, 0x8, 0x1, 0x86, 0xae, 0x1c, 0x80,
    0x31, 0xb8, 0x7, 0xe4, 0xe3, 0x0, 0xe3, 0xb1,

    /* U+005E "^" */
    0x0, 0xf9, 0xb7, 0xf6, 0x0, 0x3f, 0xf8, 0x31,
    0x24, 0x4, 0xf4, 0x1, 0xff, 0x13, 0x80, 0x72,
    0x98, 0x7, 0xfa, 0x80, 0x3e, 0x90, 0xf, 0xf3,
    0x0, 0x7c, 0xa2, 0x1, 0xf9, 0x44, 0x3, 0xf3,
    0x0, 0x7e, 0xe0, 0xc, 0xc0, 0x1a, 0x80, 0x3e,
    0x14, 0x0, 0xd2, 0x40, 0x11, 0x18, 0x7, 0x98,
    0x3, 0x28, 0x28, 0x6, 0x90, 0xf, 0x50, 0x6,
    0xe0, 0xa0, 0xc, 0xa0, 0x1c, 0x84, 0x1, 0x90,
    0x8, 0x80, 0x19, 0x80, 0x37, 0x0, 0x65, 0x0,
    0xa8, 0x3, 0x50, 0x4, 0x2a, 0x1, 0xb8, 0x2,
    0x50, 0xc, 0x66, 0x0, 0x38, 0x6, 0x14, 0x0,
    0x88, 0xc0, 0x35, 0x80, 0x30, 0x3, 0x38, 0x7,
    0x58, 0x6, 0x40, 0x1, 0x80, 0x6a, 0x0, 0xe6,
    0x0, 0xce, 0x0, 0xb2, 0x0, 0x39, 0x80, 0x70,
    0xc8, 0x0, 0x60, 0x0, 0x5b, 0x98, 0x80, 0xf,
    0x9b, 0x73, 0x8c, 0x0,

    /* U+005F "_" */
    0x4, 0x9b, 0xbf, 0xfe, 0x24, 0x10, 0x25, 0xb2,
    0x27, 0xff, 0x11, 0xf4, 0x8, 0x3, 0xff, 0x90,
    0x2c, 0xc1, 0x0, 0xff, 0xe2, 0x14, 0x88,

    /* U+0060 "`" */
    0x0, 0xff, 0xe1, 0x8b, 0xc0, 0x80, 0x7c, 0x5f,
    0xf, 0xc6, 0x1, 0xee, 0x10, 0xb, 0x44, 0x3,
    0x8c, 0x3, 0xe, 0x80, 0x71, 0x0, 0x71, 0xd0,
    0x6, 0xf1, 0x0, 0xe5, 0x60, 0x8, 0xbc, 0x80,
    0x3a, 0x0, 0x30, 0xea, 0x0, 0x61, 0x0, 0xf5,
    0xb8, 0x5, 0x0, 0x1f, 0x46, 0xc5, 0xb8, 0x7,
    0xe2, 0x74, 0x0, 0x0,

    /* U+0061 "a" */
    0x0, 0xe4, 0x9c, 0xef, 0xfb, 0x69, 0x80, 0x3f,
    0x26, 0xdb, 0x18, 0x80, 0x44, 0xb3, 0xca, 0x1,
    0xc9, 0x64, 0x1, 0xfe, 0x1a, 0x50, 0xd, 0xc0,
    0x1f, 0xfc, 0x2a, 0x20, 0x8, 0xc0, 0x3f, 0xf8,
    0x76, 0x1, 0x40, 0x80, 0x12, 0x26, 0x50, 0x40,
    0x1e, 0x60, 0x8, 0x7b, 0x36, 0xdd, 0x98, 0xfa,
    0x80, 0x1e, 0x30, 0xc, 0x64, 0x1, 0xee, 0x0,
    0xf2, 0x80, 0x7e, 0x26, 0x9b, 0xb0, 0x7, 0x84,
    0x3, 0x92, 0xbf, 0x65, 0x90, 0x40, 0x3d, 0xe0,
    0x11, 0xe5, 0xa8, 0x7, 0xff, 0x0, 0x40, 0xb,
    0x86, 0x1, 0xff, 0xc4, 0x3a, 0x0, 0xf0, 0xb4,
    0xc8, 0x3, 0xf4, 0x0, 0x7a, 0x7a, 0x59, 0x40,
    0x3f, 0x20, 0x7, 0x43, 0x0, 0x7f, 0xc4, 0x1,
    0xe4, 0x0, 0xca, 0x1, 0xff, 0xc2, 0xa0, 0x8,
    0xe0, 0x3, 0xe3, 0x0, 0xf3, 0x6d, 0xee, 0x8,
    0x7, 0xc2, 0x60, 0x1e, 0x24, 0x20, 0xf, 0xc2,
    0x10, 0x1, 0xff, 0xc5, 0xf0, 0x47, 0x0, 0xfe,
    0x6c, 0x0, 0xe3, 0x0, 0x44, 0x88, 0x7, 0x15,
    0x49, 0xb0, 0x4, 0xc8, 0x1, 0x37, 0x5c, 0x42,
    0x77, 0x4a, 0x0, 0x9d, 0xce, 0x90,

    /* U+0062 "b" */
    0x2, 0xbf, 0xf6, 0xa8, 0x7, 0xff, 0x13, 0xd0,
    0x0, 0x54, 0x40, 0x1f, 0xfc, 0x22, 0x20, 0x7,
    0x20, 0x7, 0xff, 0x9, 0x80, 0x3c, 0x20, 0x1f,
    0xfc, 0x9f, 0x0, 0xff, 0xe4, 0xf8, 0x7, 0xff,
    0x7c, 0x40, 0x3f, 0xf9, 0x67, 0x3b, 0xfd, 0xb0,
    0x40, 0x1f, 0xfc, 0x19, 0xc6, 0x20, 0x12, 0x7d,
    0x80, 0xf, 0xfa, 0x58, 0x3, 0xf3, 0xc8, 0x7,
    0xff, 0x25, 0x98, 0x1, 0xff, 0xc9, 0x91, 0x0,
    0xff, 0x23, 0xb8, 0x80, 0x3e, 0x60, 0xf, 0xea,
    0xb8, 0x86, 0xa0, 0x7, 0xac, 0x3, 0xf2, 0xa8,
    0x3, 0x48, 0x7, 0x8c, 0x3, 0xf1, 0x0, 0x71,
    0x10, 0x3, 0xc6, 0x1, 0xff, 0xc2, 0x70, 0xf,
    0x38, 0x7, 0xff, 0x8, 0xc0, 0x3c, 0x20, 0x1f,
    0xfd, 0xf1, 0x0, 0xff, 0xe1, 0x18, 0x7, 0x98,
    0x3, 0xff, 0x84, 0xe0, 0x1c, 0x24, 0x1, 0xf1,
    0x0, 0x74, 0x90, 0x7, 0x28, 0x7, 0xe5, 0x71,
    0x1, 0x76, 0x0, 0xf7, 0x80, 0x7f, 0x47, 0x7f,
    0x40, 0x7, 0x89, 0x0, 0x3f, 0xf9, 0x1c, 0x0,
    0x70, 0xe, 0x10, 0xf, 0xfa, 0xc, 0x0, 0x60,
    0x1d, 0x50, 0x1, 0xfd, 0xe, 0x1, 0xa8, 0x2,
    0x54, 0x7a, 0x10, 0xe, 0x3c, 0x70, 0xe, 0x5f,
    0xcd, 0xa0, 0x2, 0xf5, 0xcc, 0x56, 0xe1, 0x80,
    0x70,

    /* U+0063 "c" */
    0x0, 0xf8, 0xe3, 0x3b, 0xfe, 0xec, 0x20, 0xf,
    0x8f, 0x30, 0xe6, 0x20, 0x10, 0x9e, 0x0, 0x79,
    0xf0, 0xc0, 0x3f, 0x85, 0x0, 0x34, 0x40, 0x3,
    0xff, 0x80, 0xc0, 0x13, 0x38, 0x7, 0xff, 0x1,
    0xc8, 0x0, 0x32, 0x1, 0xf1, 0xbc, 0x28, 0x34,
    0x0, 0x52, 0x1, 0xf5, 0x64, 0x3d, 0x7c, 0x80,
    0x66, 0x0, 0xf4, 0xa8, 0x7, 0xf1, 0x8, 0x7,
    0xb, 0x0, 0x7f, 0x9c, 0x3, 0xce, 0x1, 0xff,
    0x18, 0x7, 0xb8, 0x3, 0xfe, 0x10, 0xf, 0xfe,
    0x30, 0x80, 0x7b, 0xc0, 0x3f, 0xe2, 0x0, 0xf1,
    0x80, 0x7f, 0xca, 0x1, 0xe4, 0x20, 0xf, 0xf0,
    0x90, 0x7, 0xb8, 0x3, 0xfe, 0xb0, 0xf, 0x1e,
    0x18, 0x0, 0x5e, 0x44, 0x2, 0x61, 0x0, 0xf1,
    0xe7, 0xfb, 0xa1, 0xb0, 0x40, 0x2d, 0x0, 0xff,
    0xe0, 0x94, 0x80, 0x47, 0x40, 0x1f, 0xfc, 0x13,
    0x0, 0xcb, 0x82, 0x1, 0xff, 0x68, 0x7, 0x1f,
    0x40, 0x80, 0x7e, 0x76, 0x0, 0xf9, 0xfb, 0x6a,
    0x22, 0x9a, 0xe8, 0x0, 0x0,

    /* U+0064 "d" */
    0x0, 0xff, 0xe1, 0xa6, 0x7f, 0xac, 0xc0, 0x3f,
    0xf8, 0x63, 0x66, 0x0, 0x4d, 0x0, 0xff, 0xe1,
    0xa0, 0x7, 0x9, 0x80, 0x7f, 0xf0, 0x88, 0x3,
    0xce, 0x1, 0xff, 0xc9, 0x10, 0xf, 0xfe, 0xc0,
    0x80, 0x7f, 0xf5, 0xd6, 0xfb, 0xfa, 0xd4, 0xc,
    0x3, 0xfe, 0x2c, 0xa4, 0x10, 0x14, 0xac, 0x30,
    0xf, 0xf1, 0x61, 0x80, 0x7c, 0x72, 0x1, 0xfc,
    0x38, 0x20, 0x1f, 0xfc, 0x7b, 0x10, 0xf, 0xfe,
    0x39, 0x28, 0x7, 0x85, 0xa1, 0x84, 0x3, 0xfa,
    0xc0, 0x3c, 0x3f, 0x2f, 0x3c, 0x40, 0x1f, 0x90,
    0x3, 0xd6, 0x20, 0x1a, 0x80, 0x3e, 0x12, 0x0,
    0xe1, 0x50, 0xf, 0xfe, 0x9, 0x0, 0x79, 0x40,
    0x3f, 0xf8, 0x4e, 0x1, 0xe1, 0x0, 0xff, 0xe1,
    0x8, 0x7, 0x8c, 0x3, 0xff, 0x84, 0x20, 0x1e,
    0x30, 0xf, 0xfe, 0x13, 0x80, 0x79, 0x80, 0x3f,
    0xf8, 0x46, 0x1, 0xe3, 0x10, 0xe, 0xf0, 0xf,
    0xc4, 0x1, 0xe9, 0x0, 0xe4, 0x0, 0xfc, 0xa0,
    0x1e, 0x78, 0x10, 0x29, 0x30, 0xf, 0xd4, 0x1,
    0xf3, 0xf7, 0xeb, 0x0, 0x7f, 0x13, 0x0, 0x7f,
    0xf1, 0x84, 0x1, 0x24, 0x1, 0xff, 0xc5, 0x70,
    0xb, 0x8, 0x3, 0xf9, 0xe0, 0x3, 0x88, 0x2,
    0x1d, 0x70, 0xf, 0x15, 0x43, 0x10, 0x5, 0x42,
    0x1, 0xd1, 0xf7, 0x31, 0x39, 0xaa, 0x3, 0xb9,
    0x8f, 0x50,

    /* U+0065 "e" */
    0x0, 0xf0, 0xb5, 0xf7, 0xf6, 0xd2, 0x80, 0x7f,
    0xcd, 0xf2, 0x82, 0x2, 0x4b, 0x58, 0x60, 0x1f,
    0xaa, 0x44, 0x3, 0xf1, 0xe2, 0x0, 0x7a, 0x94,
    0x3, 0xff, 0x81, 0x64, 0x1, 0x9d, 0x40, 0x3f,
    0xf8, 0x52, 0x1, 0xc, 0x0, 0x70, 0xc6, 0x62,
    0x0, 0x39, 0x8, 0x1, 0x0, 0x1c, 0x38, 0xe6,
    0x67, 0xb0, 0xe, 0xa0, 0x3, 0x80, 0x74, 0x10,
    0x6, 0x42, 0x0, 0xc6, 0x6, 0x20, 0x1c, 0xe0,
    0x1e, 0x10, 0xc, 0xa0, 0xc0, 0x1e, 0xef, 0xff,
    0x18, 0x6, 0x10, 0x30, 0xf, 0xfe, 0x40, 0x80,
    0x7f, 0xf2, 0x4, 0x3, 0xff, 0x90, 0x40, 0x1e,
    0x79, 0x9f, 0xf5, 0x68, 0x28, 0x7, 0xbd, 0x9b,
    0xfc, 0xa4, 0x2, 0x60, 0x1d, 0x22, 0x1, 0xff,
    0xc1, 0xa0, 0xe, 0x1c, 0x40, 0xe, 0x26, 0x0,
    0xe6, 0x20, 0xe, 0x2b, 0xeb, 0xab, 0xdd, 0x4e,
    0x0, 0x77, 0x80, 0x7c, 0x28, 0xa8, 0x40, 0x3,
    0x80, 0xc, 0x56, 0x1, 0xff, 0xc2, 0x60, 0xe,
    0x4c, 0x20, 0xf, 0xfe, 0x3, 0x0, 0x78, 0xf6,
    0x48, 0x3, 0xe2, 0x7d, 0x80, 0xf, 0xcd, 0xbd,
    0x53, 0x13, 0x5d, 0xb0, 0x40, 0x10,

    /* U+0066 "f" */
    0x0, 0xfc, 0xb5, 0xbf, 0xf6, 0xc8, 0x7, 0xc7,
    0xb4, 0xa4, 0x1, 0x13, 0x10, 0x7, 0x1e, 0x10,
    0x7, 0xe2, 0x0, 0xee, 0x0, 0xfe, 0x60, 0xe,
    0x52, 0x0, 0xfe, 0xb0, 0xe, 0xe0, 0xf, 0x1d,
    0x5d, 0x88, 0x3, 0x94, 0x3, 0xda, 0xa8, 0x80,
    0xf, 0x8, 0x7, 0x18, 0x80, 0x7e, 0x10, 0xf,
    0x30, 0x7, 0xf2, 0x80, 0x79, 0x8c, 0x40, 0x39,
    0x7e, 0xc0, 0x3c, 0x79, 0xd4, 0x1, 0xa8, 0x3,
    0xfe, 0x55, 0x0, 0x4, 0x3, 0xff, 0x82, 0x60,
    0x1, 0x10, 0x7, 0xff, 0x1, 0x40, 0x2d, 0x30,
    0xf, 0xe2, 0x93, 0x0, 0x8f, 0x34, 0x3, 0xcb,
    0xfa, 0xc0, 0x1f, 0xff, 0xf0, 0xf, 0xff, 0xf8,
    0x7, 0xff, 0x7c, 0xc0, 0x3f, 0xf8, 0x82, 0x1,
    0xe2, 0x0, 0xff, 0x18, 0x7, 0x60, 0x7, 0xfb,
    0x54, 0x40, 0xa5, 0x0, 0x3c,

    /* U+0067 "g" */
    0x0, 0xe1, 0x7b, 0xef, 0xfd, 0xdb, 0xbd, 0x46,
    0x1, 0xd1, 0xd0, 0x82, 0x1, 0x84, 0x8b, 0x97,
    0x8, 0x0, 0x38, 0xe0, 0x1f, 0xfc, 0x47, 0x0,
    0x51, 0x80, 0x7f, 0xf1, 0x5c, 0x15, 0x0, 0x38,
    0x59, 0x82, 0x1, 0xf1, 0x51, 0x7, 0x80, 0x70,
    0xfc, 0xcb, 0xc8, 0x3, 0xaf, 0x54, 0x0, 0x80,
    0x1d, 0x22, 0x0, 0x1b, 0x0, 0xec, 0x0, 0xc2,
    0x1, 0xc4, 0x1, 0x94, 0x3, 0x84, 0x3, 0x8,
    0x7, 0x18, 0x6, 0x60, 0xf, 0xf1, 0x0, 0x76,
    0x80, 0x6c, 0x0, 0xef, 0x0, 0xd4, 0x1, 0xc9,
    0x4, 0x2e, 0xc0, 0x1c, 0x80, 0x19, 0x88, 0x3,
    0x9f, 0x7a, 0x0, 0x39, 0x48, 0x3, 0xbc, 0x40,
    0x3f, 0xf8, 0x5, 0x60, 0x1e, 0x2b, 0x0, 0xff,
    0x97, 0x4, 0x3, 0xc7, 0x40, 0x11, 0x8, 0x0,
    0x4d, 0xf6, 0x84, 0x3, 0xee, 0x0, 0x8b, 0x7b,
    0xfd, 0xd9, 0x4, 0x1, 0xf9, 0x8, 0x2, 0x31,
    0x0, 0xff, 0xe1, 0x98, 0x6, 0x1e, 0xba, 0xad,
    0x32, 0x85, 0x20, 0xe, 0x10, 0xf, 0x22, 0xae,
    0x66, 0x3d, 0x6e, 0x20, 0x4, 0x80, 0x1f, 0xfc,
    0x43, 0xb7, 0x0, 0x14, 0x80, 0x7f, 0xf1, 0x60,
    0x80, 0xe, 0x60, 0x1f, 0xfc, 0x5a, 0x4, 0xe3,
    0x0, 0x24, 0xc4, 0x1d, 0xe6, 0x20, 0xf, 0x18,
    0xd8, 0x6, 0xa6, 0x77, 0x44, 0x53, 0xa4, 0x1,
    0xe7, 0x0, 0xe1, 0x0, 0xfc, 0x20, 0x1c, 0x5c,
    0x1, 0xcc, 0x1, 0xf2, 0x98, 0x7, 0x57, 0x80,
    0x74, 0xdb, 0x21, 0xa3, 0x65, 0x0, 0x72, 0x1a,
    0x80, 0x79, 0x26, 0xf2, 0xe4, 0xc0, 0x38, 0xa8,
    0xa, 0x0, 0x3f, 0xf8, 0x89, 0x82, 0x0, 0x7a,
    0x10, 0xf, 0xfe, 0x1, 0xdd, 0x84, 0x3, 0x2f,
    0x53, 0x18, 0x80, 0x42, 0x6b, 0x3b, 0x88, 0x1,
    0x80,

    /* U+0068 "h" */
    0x2, 0xbf, 0xf6, 0xa8, 0x7, 0xff, 0xf, 0xd0,
    0x0, 0x54, 0x40, 0x1f, 0xfc, 0x12, 0x20, 0x7,
    0x20, 0x7, 0xff, 0x5, 0x80, 0x3c, 0x20, 0x1f,
    0xfc, 0x8f, 0x0, 0xff, 0xe4, 0x78, 0x7, 0xff,
    0x74, 0x40, 0x3f, 0xf9, 0x6, 0x0, 0x4a, 0xdf,
    0xec, 0x81, 0x0, 0xff, 0x9, 0xe5, 0xa9, 0x0,
    0x9b, 0xf9, 0x80, 0x7f, 0x66, 0xc, 0x3, 0xe1,
    0xd1, 0x0, 0xfc, 0xe0, 0x1f, 0xe1, 0x90, 0xf,
    0xfe, 0x43, 0x0, 0x7f, 0xc4, 0x60, 0x1f, 0x9,
    0x0, 0x7e, 0x3d, 0xd6, 0x68, 0x80, 0x79, 0xc0,
    0x3e, 0x2c, 0x20, 0x1, 0x48, 0x7, 0x8c, 0x3,
    0xe5, 0x0, 0xe2, 0x0, 0xf0, 0x80, 0x7f, 0xf0,
    0x44, 0x3, 0xde, 0x1, 0xff, 0xff, 0x0, 0xff,
    0xff, 0x80, 0x7f, 0xf3, 0x7c, 0x3, 0xff, 0x81,
    0xec, 0x1, 0xe1, 0x0, 0xe6, 0x0, 0xf0, 0x91,
    0x0, 0x39, 0x0, 0x38, 0x88, 0x1, 0xc8, 0x1e,
    0x80, 0x2, 0xb2, 0x0, 0xf7, 0xa0, 0x0, 0xec,
    0x80,

    /* U+0069 "i" */
    0x2, 0xae, 0xe5, 0x98, 0xe, 0x28, 0x89, 0x31,
    0x24, 0x40, 0x3b, 0xc4, 0x3, 0xcd, 0xc0, 0x1e,
    0x66, 0x8, 0x7, 0x40, 0xfb, 0x11, 0x17, 0x4c,
    0x6, 0x77, 0x54, 0x40, 0x1f, 0xf1, 0xb3, 0x10,
    0x2, 0x8c, 0x99, 0x5d, 0x80, 0x5c, 0x3, 0x22,
    0x8, 0x3, 0xc6, 0xe0, 0x1e, 0xf0, 0xf, 0xff,
    0xf8, 0x7, 0xff, 0x63, 0xd8, 0x3, 0xc2, 0x44,
    0x0, 0xe4, 0xf, 0x40, 0x1, 0x59, 0x0,

    /* U+006A "j" */
    0x0, 0xf0, 0xc6, 0x6d, 0x18, 0x7, 0x87, 0x1c,
    0xc9, 0x71, 0x0, 0x39, 0x88, 0x3, 0xa0, 0x3,
    0xb8, 0x3, 0xc4, 0x1, 0xdc, 0x1, 0xe3, 0x0,
    0xe6, 0x10, 0xe, 0x80, 0xe, 0x1c, 0x51, 0x3,
    0xb5, 0x0, 0xf1, 0x57, 0x7e, 0x20, 0x7, 0xff,
    0x54, 0xaf, 0xbf, 0x54, 0x3, 0xef, 0x41, 0x2,
    0xa3, 0x0, 0xe1, 0x20, 0xe, 0x40, 0xe, 0x20,
    0xf, 0x70, 0x7, 0xff, 0xfc, 0x3, 0xff, 0xfe,
    0x1, 0xff, 0xff, 0x0, 0xfc, 0x20, 0x1c, 0xc0,
    0x1e, 0xf0, 0xe, 0xd0, 0xf, 0x10, 0x1, 0x10,
    0xee, 0x0, 0xf3, 0x81, 0x5d, 0xa0, 0x3, 0xc4,
    0x40, 0xb0, 0xf, 0xe8, 0x0, 0x38, 0x7, 0xe5,
    0x50, 0x8, 0x80, 0x3e, 0x6a, 0x0, 0xa, 0x88,
    0x0, 0x49, 0xb2, 0x40, 0x20,

    /* U+006B "k" */
    0x2, 0xbf, 0xf6, 0x18, 0x7, 0xff, 0x13, 0xd0,
    0x0, 0x7a, 0x1, 0xff, 0xc3, 0x22, 0x0, 0x61,
    0x30, 0xf, 0xfe, 0x13, 0x0, 0x79, 0xc0, 0x3f,
    0xf9, 0x22, 0x1, 0xff, 0xff, 0x0, 0xff, 0xe3,
    0x8a, 0xbb, 0x98, 0x40, 0x3f, 0xf8, 0x6f, 0xd5,
    0x10, 0x9d, 0x0, 0xff, 0xe1, 0x3c, 0x0, 0x72,
    0x0, 0x7f, 0xf0, 0x56, 0x0, 0x38, 0xe0, 0x3,
    0xff, 0x80, 0x54, 0x1, 0xc5, 0xa0, 0x1f, 0xfc,
    0x1, 0xf0, 0xe, 0x1f, 0x10, 0xf, 0xfe, 0x5,
    0x10, 0x7, 0x51, 0x0, 0x7f, 0xf0, 0x21, 0x0,
    0x3a, 0x90, 0x3, 0xff, 0x81, 0xce, 0x1, 0xce,
    0xa0, 0x1f, 0xfc, 0x14, 0x0, 0xf4, 0x0, 0x7f,
    0xf2, 0x58, 0x3, 0xff, 0x93, 0x22, 0x1, 0xff,
    0xc9, 0xa0, 0xf, 0xfe, 0x4a, 0x28, 0x7, 0xff,
    0xa, 0x90, 0x3, 0xac, 0x40, 0x3f, 0xf8, 0x12,
    0xb2, 0x1, 0xc3, 0x60, 0x1f, 0xf2, 0xb0, 0x13,
    0x0, 0x72, 0xa0, 0x7, 0xfb, 0xc0, 0x28, 0x0,
    0xf5, 0x0, 0x7f, 0x84, 0x2, 0x18, 0x0, 0xe1,
    0x90, 0x3, 0x0, 0x79, 0xc0, 0x33, 0x90, 0x7,
    0x31, 0x81, 0x10, 0x3, 0x9, 0x80, 0x77, 0x0,
    0x7a, 0xc0, 0x1e, 0x80, 0x3, 0xd0, 0xf, 0x1e,
    0xa8, 0x80, 0xa, 0xc0,

    /* U+006C "l" */
    0x2, 0xbf, 0xf6, 0x20, 0x7, 0x7a, 0x0, 0xe,
    0xc8, 0x2, 0x22, 0x0, 0x72, 0x0, 0x4c, 0x1,
    0xe1, 0x0, 0xff, 0x78, 0x7, 0xff, 0xfc, 0x3,
    0xff, 0xfe, 0x1, 0xff, 0xe7, 0x70, 0xf, 0xfe,
    0x29, 0x0, 0x46, 0x1, 0xe5, 0xf8, 0x0, 0x10,
    0x7, 0xce, 0x0, 0xa0, 0xf, 0xc6, 0xe, 0x60,
    0x1f, 0x30, 0x3, 0x54, 0x3, 0xc2, 0x0, 0x1a,
    0xea, 0x88, 0x4e, 0x20,

    /* U+006D "m" */
    0x0, 0x3d, 0x49, 0x80, 0x65, 0xbe, 0xfe, 0xb5,
    0x0, 0xe1, 0x7c, 0xff, 0x76, 0x38, 0x6, 0xb8,
    0x56, 0xc2, 0x4, 0xda, 0x41, 0x1, 0x4a, 0xb1,
    0x0, 0x2f, 0xc1, 0x80, 0x4, 0xe2, 0x80, 0x2,
    0x80, 0x1a, 0x9a, 0xc8, 0x3, 0xe4, 0xa0, 0x8a,
    0x10, 0xf, 0x95, 0x80, 0x80, 0x39, 0xe4, 0x3,
    0xfc, 0x98, 0xe0, 0x1f, 0xe9, 0x27, 0x0, 0xff,
    0xe3, 0x18, 0x7, 0xff, 0x2, 0x80, 0x3f, 0xc6,
    0x40, 0x1f, 0xe1, 0x31, 0x0, 0xf8, 0xc0, 0x3f,
    0x2f, 0x66, 0xd0, 0x7, 0xe8, 0xec, 0xe6, 0x0,
    0xf3, 0x0, 0x7c, 0x74, 0x20, 0x5, 0x30, 0xf,
    0x3b, 0x80, 0x28, 0x0, 0xff, 0xe1, 0x20, 0x7,
    0x30, 0x7, 0xac, 0x3, 0x8, 0x80, 0x38, 0xc0,
    0x3f, 0xf8, 0x26, 0x1, 0xff, 0xff, 0x0, 0xff,
    0xff, 0x80, 0x7f, 0xff, 0xc0, 0x3f, 0xfe, 0xbe,
    0x1, 0xff, 0xc0, 0x10, 0xe, 0x30, 0xf, 0x30,
    0x7, 0x84, 0x3, 0xb8, 0x3, 0xc6, 0x1, 0xc2,
    0x1, 0xc4, 0x50, 0x7, 0x20, 0x7, 0x20, 0x7,
    0x18, 0x80, 0x75, 0x80, 0x72, 0x7, 0xa0, 0x0,
    0xac, 0x80, 0x38, 0xe8, 0x80, 0x53, 0x80, 0x3c,
    0xee, 0x10, 0x17, 0x80,

    /* U+006E "n" */
    0x0, 0x3d, 0x49, 0x80, 0x65, 0xae, 0xfe, 0xc8,
    0x10, 0xd, 0x70, 0xad, 0x84, 0x9, 0xb4, 0xa2,
    0x2, 0x6f, 0xe6, 0x0, 0x14, 0x0, 0xd4, 0xd6,
    0x40, 0x1f, 0xe, 0x88, 0x10, 0x7, 0x3c, 0x80,
    0x7f, 0x86, 0x41, 0xc0, 0x3f, 0xf8, 0xcc, 0x1,
    0xff, 0x11, 0x80, 0x7c, 0x24, 0x1, 0xf8, 0xf7,
    0x59, 0xa2, 0x1, 0xe7, 0x0, 0xf8, 0xb0, 0x80,
    0x5, 0x20, 0x1e, 0x30, 0xf, 0x94, 0x3, 0x88,
    0x3, 0xc2, 0x1, 0xff, 0xc1, 0x10, 0xf, 0x78,
    0x7, 0xff, 0xfc, 0x3, 0xff, 0xfe, 0x1, 0xff,
    0xcd, 0xf0, 0xf, 0xfe, 0x7, 0xb0, 0x7, 0x84,
    0x3, 0x98, 0x3, 0xc2, 0x44, 0x0, 0xe4, 0x0,
    0xe2, 0x20, 0x7, 0x20, 0x7a, 0x0, 0xa, 0xc8,
    0x3, 0xde, 0x80, 0x3, 0xb2,

    /* U+006F "o" */
    0x0, 0xf9, 0x6b, 0x7f, 0xdd, 0x6e, 0x20, 0x1f,
    0xf3, 0x75, 0x29, 0x0, 0x5, 0x23, 0xa0, 0x3,
    0xfa, 0xa4, 0x40, 0x3f, 0x9f, 0x4, 0x3, 0xd6,
    0xa0, 0x1f, 0xfc, 0x3, 0xc1, 0x0, 0xd0, 0x80,
    0x1f, 0xfc, 0x22, 0xa0, 0x8, 0x5c, 0x3, 0xc4,
    0xf0, 0x60, 0x1e, 0x44, 0x0, 0x20, 0x3, 0xcb,
    0xb0, 0xf8, 0xe0, 0x1e, 0x80, 0x3, 0x80, 0x7a,
    0xc0, 0x34, 0x10, 0x7, 0x18, 0x98, 0x80, 0x72,
    0x8, 0x7, 0x28, 0x7, 0x9d, 0x80, 0x3c, 0x60,
    0x1e, 0xd0, 0xf, 0x71, 0x80, 0x7b, 0xc0, 0x3c,
    0x20, 0x1e, 0x11, 0x0, 0x7f, 0xf0, 0x5c, 0x3,
    0xc6, 0x20, 0x1f, 0xfc, 0x17, 0x0, 0xf1, 0x90,
    0x7, 0xb8, 0x3, 0xc4, 0x1, 0xee, 0x50, 0xf,
    0x20, 0x7, 0xb0, 0x3, 0xc6, 0x26, 0x1, 0xc4,
    0xa0, 0x18, 0x94, 0x3, 0xc8, 0x12, 0x1, 0xeb,
    0x50, 0x1, 0xf8, 0x7, 0x9c, 0x0, 0xa4, 0x1,
    0xc3, 0x5f, 0xec, 0x20, 0xf, 0x48, 0x5, 0xe0,
    0x1f, 0xfc, 0x4b, 0x10, 0x8, 0xac, 0x3, 0xff,
    0x85, 0x28, 0x1, 0xc9, 0xa4, 0x1, 0xff, 0x5b,
    0x0, 0x7c, 0x5b, 0x24, 0x1, 0xe1, 0x7e, 0x40,
    0xf, 0xf3, 0x6e, 0xaa, 0x21, 0x39, 0xd0, 0x20,
    0x1c,

    /* U+0070 "p" */
    0x0, 0xff, 0xe6, 0x3d, 0xd9, 0x40, 0x23, 0xad,
    0xff, 0x6c, 0x98, 0x7, 0xae, 0x11, 0x14, 0x83,
    0x78, 0xa4, 0x0, 0x26, 0xc8, 0x0, 0xc2, 0x80,
    0x1a, 0x31, 0x0, 0x3f, 0x3d, 0x0, 0x44, 0x1,
    0xc6, 0x40, 0x1f, 0xe5, 0x60, 0x3, 0x80, 0x7f,
    0xf1, 0xa4, 0x40, 0x3f, 0xc8, 0xee, 0x20, 0xf,
    0x98, 0x3, 0xfa, 0xae, 0x21, 0xa8, 0x1, 0xeb,
    0x0, 0xfc, 0xaa, 0x0, 0xd2, 0x1, 0xe3, 0x0,
    0xfc, 0x40, 0x1c, 0x44, 0x0, 0xf1, 0x80, 0x7f,
    0xf0, 0x9c, 0x3, 0xce, 0x1, 0xff, 0xc2, 0x30,
    0xf, 0x8, 0x7, 0xff, 0x7c, 0x40, 0x3f, 0xf8,
    0x46, 0x1, 0xe6, 0x0, 0xff, 0xe1, 0x38, 0x7,
    0x9, 0x0, 0x7c, 0x40, 0x1d, 0x24, 0x1, 0xca,
    0x1, 0xf9, 0x60, 0x80, 0x5d, 0x80, 0x3d, 0xe0,
    0x1f, 0xcf, 0xbf, 0xd0, 0x1, 0xe2, 0x40, 0xf,
    0xfe, 0x47, 0x0, 0x7f, 0xf2, 0x20, 0xc0, 0x3f,
    0x90, 0x3, 0xfa, 0x1c, 0x3, 0xfd, 0xd6, 0x40,
    0x1c, 0x78, 0xe0, 0x1f, 0xf1, 0xa6, 0xe4, 0xc5,
    0x6e, 0x18, 0x7, 0xff, 0x0, 0x40, 0x6, 0xce,
    0xa4, 0x1, 0xff, 0xfd, 0x60, 0xf, 0x8, 0x7,
    0xff, 0x8, 0x88, 0x1, 0xc8, 0x1, 0xff, 0xc3,
    0xf4, 0x0, 0x1d, 0x90, 0x7, 0xff, 0x8,

    /* U+0071 "q" */
    0x0, 0xff, 0xe8, 0x2d, 0xf7, 0xf6, 0x38, 0x4,
    0x97, 0x92, 0x20, 0x1c, 0x59, 0x48, 0x20, 0x27,
    0x1c, 0x63, 0x68, 0x6d, 0xa0, 0x18, 0xb0, 0xc0,
    0x3e, 0x1c, 0xa0, 0xc, 0x64, 0x0, 0x1c, 0x10,
    0xf, 0xf2, 0x0, 0x73, 0x0, 0x2c, 0x40, 0x3f,
    0xf8, 0xa2, 0x4, 0xa0, 0x1e, 0x16, 0x86, 0x10,
    0xf, 0xeb, 0x0, 0xf0, 0xfc, 0xbc, 0xf1, 0x0,
    0x7e, 0x40, 0xf, 0x58, 0x80, 0x6a, 0x0, 0xf8,
    0x48, 0x3, 0x85, 0x40, 0x3f, 0xf8, 0x24, 0x1,
    0xe5, 0x0, 0xff, 0xe1, 0x38, 0x7, 0x84, 0x3,
    0xff, 0x84, 0x20, 0x1e, 0x30, 0xf, 0xfe, 0x10,
    0x80, 0x78, 0xc0, 0x3f, 0xf8, 0x4e, 0x1, 0xe6,
    0x0, 0xff, 0xe1, 0x18, 0x7, 0x8c, 0x40, 0x3b,
    0xc0, 0x3f, 0x10, 0x7, 0xa4, 0x3, 0x90, 0x3,
    0xf2, 0x80, 0x79, 0xe0, 0x40, 0xa4, 0xc0, 0x3f,
    0x50, 0x7, 0xcf, 0xdf, 0xac, 0x1, 0xfc, 0x4c,
    0x1, 0xff, 0xc9, 0x92, 0x0, 0xff, 0xe4, 0xe1,
    0x0, 0x7f, 0x28, 0x7, 0xf8, 0x75, 0xc0, 0x3c,
    0x99, 0xe0, 0x1f, 0xfc, 0x8, 0xfb, 0x98, 0x9d,
    0xb3, 0x0, 0xff, 0xe1, 0xa3, 0x3b, 0x10, 0x0,
    0xc0, 0x3f, 0xfb, 0xe2, 0x1, 0xff, 0xd0, 0x10,
    0xf, 0xfe, 0x11, 0x0, 0x79, 0xc0, 0x3f, 0xf8,
    0x48, 0x1, 0xc2, 0x60, 0x1f, 0xfc, 0x21, 0xb3,
    0x0, 0x26, 0x80,

    /* U+0072 "r" */
    0x3, 0xdf, 0xd4, 0x0, 0x85, 0xf3, 0xfd, 0xae,
    0x0, 0xd2, 0x2, 0xb2, 0x2, 0xf8, 0x30, 0x1,
    0x58, 0x10, 0x80, 0x65, 0x2d, 0x10, 0xe, 0x50,
    0x60, 0xe, 0xde, 0x0, 0xfb, 0x40, 0x3e, 0x53,
    0x0, 0xf0, 0xa0, 0x7, 0xff, 0x4, 0x42, 0x0,
    0x3f, 0xe2, 0xbf, 0xef, 0x60, 0xf, 0xf2, 0x6a,
    0x0, 0x7f, 0xf0, 0xa8, 0x3, 0xff, 0x86, 0x82,
    0x1, 0xff, 0xc3, 0x30, 0xf, 0xff, 0xf8, 0x7,
    0xff, 0xc3, 0xc0, 0x3f, 0x98, 0x3, 0xc2, 0x1,
    0xfc, 0x44, 0x0, 0xe4, 0x0, 0xff, 0x7a, 0x0,
    0xa, 0xc8, 0x3, 0xf8,

    /* U+0073 "s" */
    0x0, 0xf2, 0x56, 0xf7, 0xfb, 0xb2, 0x4c, 0x3,
    0xe3, 0xdb, 0x52, 0x10, 0x0, 0x9b, 0x62, 0x80,
    0x72, 0x61, 0x0, 0x7f, 0xa8, 0x40, 0x21, 0xa0,
    0xf, 0xfe, 0x9, 0x0, 0x4c, 0x20, 0x1f, 0xfc,
    0x2, 0x30, 0xa, 0xc0, 0x38, 0xfb, 0xfd, 0x88,
    0x5, 0xe0, 0x18, 0x80, 0x3a, 0xc4, 0x0, 0x77,
    0xda, 0x40, 0x18, 0xc0, 0x3a, 0xc8, 0x3, 0x8,
    0x7, 0x9c, 0x3, 0x8f, 0x6d, 0x40, 0x3f, 0xbc,
    0x3, 0xe4, 0xae, 0x81, 0x0, 0xf2, 0xa0, 0x7,
    0xe1, 0x7e, 0x70, 0xf, 0x5a, 0x80, 0x7f, 0xa2,
    0x80, 0x3d, 0x58, 0xa0, 0x1f, 0xca, 0xc0, 0x1e,
    0x3a, 0xe8, 0x10, 0xf, 0xac, 0x3, 0xf0, 0xbf,
    0x51, 0x0, 0x71, 0x8, 0x7, 0xf9, 0x78, 0x3,
    0xc6, 0x1, 0x3c, 0xa8, 0x7, 0x38, 0x7, 0x8c,
    0x1, 0x70, 0xd5, 0x90, 0xee, 0x9b, 0x0, 0xe1,
    0x10, 0x32, 0x0, 0x46, 0xf1, 0x6, 0x0, 0xf4,
    0x80, 0x30, 0x3, 0xff, 0x84, 0x6e, 0x0, 0xb5,
    0x0, 0xff, 0xe0, 0x26, 0x80, 0x43, 0x5a, 0xe4,
    0x1, 0xf1, 0xd5, 0x88, 0x7, 0x14, 0x6e, 0xaa,
    0x62, 0x6b, 0xb1, 0x40, 0x30,

    /* U+0074 "t" */
    0x0, 0xf2, 0x3a, 0x80, 0x7f, 0xf0, 0x6a, 0xe2,
    0xac, 0x3, 0xfe, 0x45, 0x0, 0x90, 0x80, 0x3f,
    0xd8, 0x1, 0xce, 0x1, 0xfe, 0x30, 0xe, 0x30,
    0xf, 0xf3, 0x0, 0x7f, 0xf0, 0x85, 0x8, 0x3,
    0xb9, 0xc, 0x40, 0x34, 0xf5, 0x80, 0x79, 0xef,
    0x3a, 0x80, 0x8, 0xc0, 0x1f, 0xfc, 0x5, 0x40,
    0x20, 0xf, 0xfe, 0x11, 0x2, 0x80, 0x7f, 0xf0,
    0x94, 0xe, 0x48, 0x3, 0xfc, 0x52, 0x60, 0x6,
    0xd9, 0x0, 0xf4, 0xff, 0xb5, 0x80, 0x3f, 0xff,
    0xe0, 0x1f, 0xfe, 0x53, 0x0, 0xff, 0xe2, 0x8,
    0x7, 0xbc, 0x3, 0xf9, 0x80, 0x3c, 0xc8, 0x1,
    0xf8, 0x80, 0x3e, 0xbd, 0xcb, 0x0, 0xf3, 0x0,
    0x7c, 0x46, 0x88, 0x0, 0xe8, 0x0, 0xff, 0x68,
    0x7, 0xd, 0x80, 0x7f, 0x28, 0x7, 0x93, 0x10,
    0x3, 0xe5, 0x0, 0xf8, 0xef, 0xaa, 0x22, 0xad,
    0x90,

    /* U+0075 "u" */
    0x0, 0x23, 0xb8, 0xc0, 0x3f, 0x95, 0xd8, 0xc0,
    0x2c, 0xb8, 0x86, 0x40, 0x7, 0xdb, 0x51, 0x38,
    0xe0, 0x86, 0x1, 0x9c, 0x40, 0x39, 0x88, 0x3,
    0x40, 0x18, 0x7, 0x88, 0x3, 0xbc, 0x3, 0xc2,
    0x1, 0xf3, 0x80, 0x7f, 0xf0, 0xc, 0x3, 0xff,
    0xfe, 0x1, 0xff, 0xff, 0x0, 0xff, 0xe9, 0x98,
    0x7, 0xff, 0x8, 0x80, 0x39, 0x80, 0x3e, 0x10,
    0xf, 0x60, 0x6, 0x53, 0x0, 0xf8, 0x80, 0x3c,
    0xb2, 0x8b, 0x54, 0x0, 0xfc, 0xa0, 0x1f, 0x35,
    0xd2, 0x80, 0x7f, 0xa, 0x0, 0x7f, 0xf2, 0x3c,
    0x3, 0xfe, 0x64, 0x0, 0xe3, 0x4, 0x60, 0xf,
    0xe6, 0x9d, 0x0, 0xc4, 0x20, 0x9, 0x80, 0xf,
    0x15, 0xc8, 0x32, 0x0, 0x7, 0x80, 0x33, 0xfd,
    0xc4, 0x27, 0x74, 0x80, 0x15, 0xf6, 0xf1, 0x80,

    /* U+0076 "v" */
    0x0, 0xff, 0xe7, 0x13, 0xc2, 0x0, 0x7f, 0xb,
    0xb9, 0x0, 0x3a, 0x76, 0x1e, 0xd4, 0x3, 0xf6,
    0x44, 0x2e, 0xc0, 0x11, 0xb0, 0x6, 0x80, 0xf,
    0x98, 0x80, 0x24, 0x50, 0x3, 0x0, 0x71, 0x8,
    0x7, 0xb4, 0x3, 0x8c, 0x0, 0x80, 0x1e, 0x40,
    0xf, 0x20, 0x7, 0x28, 0x0, 0x4c, 0x3, 0xb0,
    0x3, 0x90, 0x3, 0x84, 0xc0, 0x2b, 0x0, 0xe7,
    0x0, 0xec, 0x0, 0xe7, 0x0, 0xcc, 0x1, 0xc2,
    0x40, 0x19, 0x0, 0x3b, 0x40, 0x30, 0x98, 0x7,
    0x20, 0x6, 0x30, 0xc, 0x28, 0x1, 0xd6, 0x1,
    0xd8, 0x1, 0x20, 0x7, 0x38, 0x7, 0x94, 0x3,
    0x90, 0x2, 0xc0, 0xe, 0xd0, 0xf, 0x11, 0x80,
    0x61, 0x20, 0x2, 0x0, 0x61, 0x40, 0xf, 0xac,
    0x3, 0x90, 0x4, 0xc0, 0x32, 0x0, 0x7e, 0x50,
    0xe, 0xc0, 0x40, 0xe, 0xe0, 0xf, 0xc4, 0x60,
    0x19, 0x3, 0x0, 0x39, 0x0, 0x3f, 0xac, 0x3,
    0x9, 0x20, 0x6, 0x50, 0xf, 0xf2, 0x80, 0x75,
    0x10, 0x6, 0xf0, 0xf, 0xf1, 0x18, 0x6, 0x70,
    0xe, 0x50, 0xf, 0xfa, 0xc0, 0x3f, 0x94, 0x3,
    0xff, 0x80, 0xc0, 0x1f, 0xdc, 0x1, 0xff, 0xc0,
    0x17, 0x0, 0xf8, 0xd0, 0x3, 0xff, 0x83, 0x10,
    0x20, 0x8, 0x5b, 0x40, 0x3e,

    /* U+0077 "w" */
    0x0, 0xff, 0xeb, 0xb, 0x42, 0x80, 0x7e, 0x26,
    0x74, 0x0, 0xfc, 0x2c, 0xc3, 0x0, 0x9b, 0xa5,
    0xea, 0x40, 0x3c, 0xbb, 0x31, 0x76, 0x0, 0xf0,
    0xfc, 0xcb, 0x24, 0x1, 0x20, 0x19, 0x84, 0x3,
    0xd, 0x0, 0x64, 0x60, 0xe, 0x91, 0x0, 0x98,
    0x84, 0x3, 0xc8, 0x1, 0x90, 0x3, 0xd4, 0x1,
    0xc8, 0x1, 0xc2, 0x20, 0xf, 0x68, 0x6, 0xc0,
    0xf, 0x18, 0x7, 0x18, 0x7, 0x10, 0x20, 0x7,
    0x18, 0x6, 0x40, 0xf, 0x8c, 0x2, 0x10, 0xe,
    0x21, 0xc, 0x0, 0xe4, 0x0, 0xc4, 0x1, 0xf2,
    0x0, 0x4a, 0x1, 0xc8, 0x0, 0x40, 0xf, 0x10,
    0x0, 0xc0, 0x21, 0x0, 0xd8, 0x1, 0x18, 0x7,
    0x60, 0x0, 0xc0, 0x3c, 0xe0, 0x4, 0x0, 0x91,
    0x0, 0x12, 0x80, 0x5a, 0x1, 0xc8, 0x1, 0x20,
    0x7, 0x68, 0x3, 0x40, 0x2d, 0x30, 0x8, 0x48,
    0x0, 0xe0, 0x18, 0x44, 0x1, 0x60, 0x7, 0x18,
    0x1, 0x0, 0x23, 0xd0, 0xc, 0x80, 0x2, 0x0,
    0xc8, 0x1, 0x90, 0x3, 0x94, 0x4, 0x40, 0x12,
    0xb8, 0x6, 0xf0, 0x20, 0xe, 0xc0, 0xc, 0x60,
    0x1c, 0x20, 0x80, 0x10, 0x88, 0x84, 0x2, 0x40,
    0x70, 0xe, 0x40, 0xe, 0x40, 0xe, 0x2d, 0x0,
    0x94, 0x0, 0xa0, 0x11, 0xe, 0x80, 0x61, 0x20,
    0xe, 0xc0, 0xe, 0x74, 0x0, 0x8c, 0x0, 0x60,
    0x19, 0x48, 0x3, 0x28, 0x7, 0x8c, 0x3, 0x88,
    0xc0, 0x2d, 0x0, 0x68, 0x6, 0xc7, 0x0, 0xd8,
    0x1, 0xe4, 0x0, 0xea, 0x0, 0xce, 0x0, 0x40,
    0xc, 0xa4, 0x1, 0x90, 0x3, 0xe3, 0x0, 0xc4,
    0x1, 0x88, 0x0, 0x22, 0x0, 0x88, 0x3, 0x8c,
    0x3, 0xe4, 0x0, 0xfc, 0x60, 0x19, 0x40, 0x3f,
    0x18, 0x7, 0xeb, 0x0, 0xfc, 0x80, 0x1b, 0x40,
    0x3f, 0x58, 0x7, 0xe3, 0x40, 0xf, 0xa8, 0x3,
    0x38, 0x80, 0x78, 0x58, 0x3, 0xfa, 0xd8, 0x40,
    0x24, 0xc2, 0x0, 0xc3, 0x88, 0x20, 0x1, 0x4c,
    0x10, 0xc,

    /* U+0078 "x" */
    0x0, 0xff, 0xe7, 0x2b, 0xb9, 0x84, 0x3, 0xe7,
    0xb8, 0x10, 0xf, 0x55, 0x22, 0x13, 0xca, 0x1,
    0xd1, 0x4, 0x7e, 0x40, 0xe, 0x30, 0xe, 0xa3,
    0x0, 0x85, 0xc0, 0x34, 0x0, 0x75, 0x80, 0x7b,
    0xc0, 0x26, 0x0, 0xff, 0x89, 0x80, 0x38, 0xd0,
    0x1, 0x40, 0x1d, 0x60, 0x1e, 0x81, 0x0, 0xe8,
    0x3, 0x20, 0xc, 0x4e, 0x1, 0xe1, 0x80, 0xe,
    0x34, 0xa0, 0xe, 0x80, 0xf, 0xcc, 0x60, 0x1d,
    0x2c, 0x1, 0x8d, 0x40, 0x3f, 0xbc, 0x3, 0x88,
    0x3, 0xbc, 0x3, 0xfc, 0x6c, 0x1, 0xfc, 0xa6,
    0x1, 0xff, 0x40, 0x7, 0xf5, 0x80, 0x7f, 0xf0,
    0x8, 0x3, 0xf2, 0x8, 0x7, 0xff, 0x3, 0xc0,
    0x3f, 0x21, 0x0, 0x7f, 0xca, 0x60, 0x1f, 0xd2,
    0x1, 0xff, 0x58, 0x7, 0xf9, 0x14, 0x3, 0xfa,
    0x4, 0x3, 0x41, 0x80, 0x75, 0x88, 0x7, 0xc4,
    0xe0, 0x1c, 0xfe, 0x1, 0xc3, 0x60, 0x1f, 0x48,
    0x7, 0x30, 0x1a, 0x80, 0x72, 0xa0, 0x7, 0x1a,
    0x0, 0x75, 0x80, 0x20, 0x3, 0xd2, 0x1, 0xca,
    0x1, 0xc8, 0x40, 0x2, 0x70, 0xe, 0x27, 0x0,
    0xca, 0x1, 0xde, 0x1, 0xa0, 0xc0, 0x3a, 0xc0,
    0x31, 0xd0, 0x80, 0x19, 0x0, 0x3b, 0x1c, 0x80,
    0x3, 0x40, 0x1c, 0xbd, 0x79, 0x20, 0x1f, 0x46,
    0xff, 0xb9, 0x80, 0x3e, 0x43, 0x0, 0xff, 0xe2,
    0x0,

    /* U+0079 "y" */
    0x0, 0xff, 0xe7, 0x35, 0xec, 0x80, 0x7f, 0x25,
    0xd9, 0xc0, 0x3a, 0xa5, 0x9, 0xa4, 0x3, 0xe2,
    0xb4, 0x44, 0x60, 0x4, 0x2a, 0x1, 0x98, 0x3,
    0xea, 0x0, 0xc6, 0x60, 0xf, 0xe5, 0x0, 0xf2,
    0x80, 0x7e, 0x13, 0x0, 0xec, 0x0, 0xe1, 0x20,
    0xe, 0x30, 0xa, 0x80, 0x39, 0xc0, 0x39, 0x0,
    0x39, 0x40, 0x33, 0x0, 0x70, 0x98, 0x6, 0xf0,
    0xe, 0xe0, 0xe, 0x60, 0xe, 0xb0, 0xc, 0x80,
    0x18, 0x50, 0x3, 0xa8, 0x3, 0x94, 0x2, 0x21,
    0x0, 0xce, 0x1, 0xe3, 0x30, 0x6, 0x22, 0x0,
    0x10, 0x3, 0xb4, 0x3, 0xea, 0x0, 0xe5, 0x0,
    0x60, 0x6, 0x14, 0x0, 0xf9, 0x80, 0x3a, 0xc0,
    0x8, 0x1, 0x9c, 0x3, 0xf9, 0x80, 0x31, 0x89,
    0x88, 0x6, 0xa0, 0xf, 0xea, 0x0, 0xe4, 0x40,
    0x6, 0x23, 0x0, 0xfe, 0x32, 0x0, 0xdf, 0x80,
    0x19, 0x40, 0x3f, 0xeb, 0x0, 0xca, 0x80, 0x1a,
    0xc0, 0x3f, 0xe6, 0x0, 0xfe, 0x23, 0x0, 0xff,
    0xe0, 0x30, 0x7, 0xea, 0x0, 0xff, 0xe0, 0xd0,
    0x7, 0xe5, 0x0, 0xff, 0xe0, 0x99, 0x0, 0x78,
    0xc8, 0x3, 0xff, 0x85, 0x40, 0x1e, 0xb0, 0xf,
    0xfe, 0x19, 0x80, 0x79, 0x80, 0x3f, 0xf8, 0x7a,
    0x1, 0xc8, 0x20, 0x1f, 0xfc, 0x37, 0x0, 0xee,
    0x0, 0xff, 0xe0, 0x1a, 0x22, 0x84, 0x3, 0x12,
    0x80, 0x7f, 0xd5, 0x97, 0x65, 0x0, 0xe8, 0x0,
    0xff, 0x85, 0x40, 0x3f, 0x32, 0x80, 0x7f, 0xc8,
    0x1, 0xf9, 0x24, 0x3, 0xff, 0x81, 0xa0, 0x1f,
    0x35, 0x80, 0x7f, 0xf0, 0x70, 0x40, 0x2, 0x6f,
    0xb2, 0x1, 0xff, 0xc0,

    /* U+007A "z" */
    0x0, 0x85, 0x15, 0x7f, 0x90, 0xc4, 0x3, 0x4f,
    0x5d, 0x57, 0xf5, 0xe7, 0x38, 0x0, 0xd8, 0x3,
    0xff, 0x85, 0x40, 0x7, 0x0, 0xff, 0xe1, 0x88,
    0x1, 0x40, 0x3f, 0xf8, 0x76, 0x0, 0x1b, 0x30,
    0xf, 0xfe, 0x0, 0xb8, 0x4, 0x99, 0xff, 0xb8,
    0x40, 0x3d, 0x40, 0x1f, 0xea, 0x10, 0xe, 0x64,
    0x0, 0xfe, 0x64, 0x0, 0xe2, 0x90, 0xf, 0xe2,
    0x90, 0xf, 0x70, 0x7, 0xfb, 0x80, 0x3c, 0xe6,
    0x1, 0xfc, 0xe6, 0x1, 0xc7, 0x0, 0x1f, 0xc7,
    0x0, 0x1e, 0xe0, 0xf, 0xf7, 0x0, 0x7a, 0x48,
    0x3, 0xfa, 0x48, 0x3, 0x91, 0x80, 0x3f, 0x91,
    0x80, 0x38, 0x68, 0x3, 0xf8, 0x68, 0x3, 0xc8,
    0x85, 0x5c, 0x82, 0x1, 0x40, 0x80, 0x79, 0x6a,
    0xba, 0xf9, 0xc0, 0xc, 0x1, 0xff, 0xc3, 0x80,
    0x40, 0xf, 0xfe, 0x29, 0x38, 0x7, 0xff, 0x10,
    0x48, 0xe0, 0x80, 0x3f, 0xf8, 0x27, 0xa0,

    /* U+007B "{" */
    0x0, 0xe3, 0xef, 0xfb, 0x54, 0x3, 0x8b, 0x44,
    0x2, 0x2a, 0x0, 0xc3, 0x82, 0x1, 0xfe, 0x51,
    0x0, 0xe5, 0x90, 0xc, 0x20, 0x1d, 0x54, 0x60,
    0xf, 0xf2, 0x0, 0x78, 0x40, 0x3f, 0xf8, 0xc6,
    0x1, 0xe7, 0x0, 0xff, 0xe0, 0x8, 0x7, 0xff,
    0x0, 0xc0, 0x38, 0x40, 0x3c, 0x20, 0x1f, 0xfd,
    0xa1, 0x0, 0xe7, 0x0, 0xf3, 0x0, 0x73, 0x0,
    0x73, 0x40, 0x6, 0x42, 0x0, 0x9b, 0xe4, 0x3,
    0x1d, 0x0, 0x6c, 0x0, 0xe8, 0xc1, 0x0, 0xff,
    0x45, 0x80, 0x77, 0x80, 0x79, 0x28, 0x3, 0x2f,
    0xc8, 0x7, 0x29, 0x0, 0x73, 0x48, 0x7, 0x30,
    0x7, 0x98, 0x3, 0x9c, 0x3, 0xff, 0xc2, 0x40,
    0x1c, 0x20, 0x1e, 0x10, 0xf, 0xfe, 0x3, 0x80,
    0x7f, 0xf1, 0x8c, 0x3, 0xc2, 0x1, 0xff, 0xc6,
    0x40, 0xf, 0x30, 0x7, 0x55, 0x14, 0x3, 0x19,
    0x0, 0x72, 0xd0, 0x7, 0x70, 0x7, 0xff, 0x0,
    0xf5, 0x88, 0x0, 0x52, 0x0,

    /* U+007C "|" */
    0x0, 0x8, 0x6, 0x8e, 0xf5, 0x1, 0x70, 0x5,
    0x81, 0x0, 0x42, 0xe, 0x1, 0x84, 0x3, 0xff,
    0xfe, 0x1, 0xff, 0xff, 0x0, 0xff, 0xfb, 0x38,
    0x6, 0x13, 0x0, 0x88, 0x1, 0x22, 0x29, 0x0,

    /* U+007D "}" */
    0x4c, 0xff, 0xb9, 0x80, 0x3a, 0x4c, 0x2, 0x19,
    0x50, 0xf, 0xfa, 0x8c, 0x2, 0x85, 0x0, 0xf5,
    0x80, 0x4b, 0x5a, 0x1, 0xff, 0x10, 0x80, 0x7f,
    0xf2, 0xc4, 0x3, 0x78, 0x7, 0xff, 0x2c, 0x40,
    0x3f, 0xe2, 0x0, 0xff, 0x9c, 0x3, 0xfe, 0x10,
    0xf, 0xfe, 0x58, 0x80, 0x7f, 0xd6, 0x1, 0xe7,
    0x0, 0xcf, 0x2, 0x1, 0xa1, 0x40, 0x33, 0xf4,
    0x80, 0x6a, 0xa0, 0x7, 0x38, 0x6, 0x9a, 0x0,
    0xfe, 0x76, 0x0, 0xf3, 0x80, 0x52, 0x1, 0xd1,
    0xf2, 0x1, 0x8, 0x6, 0x77, 0x0, 0x7f, 0xac,
    0x3, 0xfe, 0x10, 0xf, 0xfe, 0x5b, 0x0, 0x7f,
    0xc2, 0x1, 0xff, 0x18, 0x7, 0xfc, 0x20, 0x1e,
    0x10, 0xf, 0xfe, 0x27, 0x80, 0x71, 0x8, 0x7,
    0xe4, 0xac, 0x0, 0xef, 0x0, 0xa5, 0x44, 0x3,
    0x98, 0x3, 0xfd, 0x22, 0x1, 0x49, 0x80, 0x5,
    0x71, 0x80, 0x30,

    /* U+007E "~" */
    0x2, 0xce, 0xff, 0xb1, 0x40, 0x3f, 0xf8, 0x10,
    0x62, 0x1, 0x1d, 0x61, 0x0, 0x72, 0x8, 0x4,
    0xa0, 0x1f, 0x1e, 0xb0, 0x5, 0x37, 0xcc, 0x0,
    0x20, 0xf, 0xe9, 0xec, 0xe6, 0x0, 0x48, 0x3,
    0x65, 0x91, 0x4, 0x1, 0xc2, 0x62, 0x1, 0x8,
    0x4, 0xd3, 0x76, 0xdb, 0x10, 0xf, 0xe6, 0x0,
    0xfc, 0x9c, 0xc0, 0x1f, 0x24, 0x0, 0x7f, 0xa7,
    0x10, 0x0, 0x29, 0x36, 0x0,

    /* U+4E00 "一" */
    0x6, 0xce, 0xff, 0xff, 0xe8, 0xeb, 0x82, 0x49,
    0x88, 0x7, 0xff, 0x44, 0xa1, 0xb4, 0x3, 0xff,
    0xad, 0x80, 0x1f, 0xfd, 0x71, 0xc0, 0xf, 0xfe,
    0xb6, 0x2b, 0x80, 0x7f, 0xf5, 0x19, 0xc2, 0x3f,
    0xbb, 0xff, 0xa5, 0xf2, 0x0,

    /* U+4E09 "三" */
    0x0, 0x9b, 0x7b, 0xff, 0xff, 0x95, 0xd8, 0xa0,
    0x1c, 0xb2, 0x42, 0x1, 0xff, 0xca, 0x13, 0xa2,
    0x0, 0xd8, 0x1, 0xff, 0xd0, 0x40, 0xc, 0x20,
    0x1f, 0xfd, 0x5b, 0x0, 0xff, 0xe7, 0x8b, 0x80,
    0x63, 0xd6, 0x54, 0x4f, 0xfe, 0x52, 0xbf, 0x88,
    0x7, 0x14, 0xd5, 0xdf, 0xff, 0x2a, 0xa0, 0x40,
    0x3f, 0xff, 0xe0, 0x1f, 0xff, 0xf0, 0xf, 0xfe,
    0x8a, 0x4d, 0x57, 0xff, 0x19, 0xc4, 0x3, 0xfe,
    0x6b, 0x65, 0x5f, 0xfe, 0x34, 0x60, 0x7, 0xfd,
    0x40, 0x1f, 0xfc, 0x92, 0x40, 0xf, 0xf0, 0x80,
    0x7f, 0xf2, 0x84, 0x3, 0xfc, 0x80, 0x1f, 0xfc,
    0xa4, 0x0, 0xff, 0x4b, 0x10, 0x7, 0xff, 0x14,
    0x4e, 0xc4, 0x3, 0xfe, 0x9d, 0xff, 0xff, 0xe2,
    0xf6, 0x20, 0x7, 0xff, 0xfc, 0x3, 0xff, 0xfe,
    0x1, 0xff, 0xf1, 0x9e, 0xff, 0xff, 0xe8, 0x6b,
    0x3, 0xb0, 0x80, 0x7f, 0xf4, 0xa, 0x4b, 0x0,
    0x3f, 0xfa, 0x88, 0x20, 0x1f, 0xfd, 0x43, 0x90,
    0xf, 0xfe, 0x99, 0x29, 0xec, 0x33, 0x7f, 0xf4,
    0x27, 0x40,

    /* U+4E0E "与" */
    0x0, 0xff, 0xf0, 0x45, 0x49, 0x0, 0x7f, 0xf4,
    0xa9, 0xd5, 0xb4, 0x80, 0x3f, 0xfa, 0x2a, 0x1,
    0x94, 0x3, 0xff, 0xa0, 0x60, 0x1d, 0xc6, 0x7f,
    0xfc, 0x42, 0x0, 0xff, 0x94, 0x3, 0x9b, 0x33,
    0xff, 0x89, 0xbc, 0xa0, 0x1f, 0xdc, 0x1, 0xff,
    0xcb, 0x1b, 0x0, 0xfe, 0x20, 0xf, 0xfe, 0x60,
    0x80, 0x7f, 0x38, 0x7, 0xff, 0x30, 0x80, 0x3f,
    0x88, 0x3, 0xff, 0x96, 0x7c, 0x1, 0xf8, 0xc0,
    0x3a, 0x3f, 0xff, 0xf8, 0xd8, 0x60, 0x1f, 0x94,
    0x3, 0x90, 0x3, 0xff, 0xa1, 0xe0, 0x1c, 0x60,
    0x1f, 0xfd, 0x4, 0x0, 0xc4, 0x1, 0xff, 0xd0,
    0x12, 0x0, 0xc5, 0xff, 0xff, 0xc7, 0xea, 0x10,
    0xf, 0x28, 0x7, 0xff, 0x34, 0x57, 0x40, 0x3c,
    0x60, 0x1f, 0xfc, 0xf3, 0x0, 0xff, 0xee, 0xb2,
    0x0, 0x7f, 0xf5, 0x46, 0xff, 0xbb, 0xff, 0x81,
    0xbb, 0xf8, 0x80, 0x31, 0x0, 0x7f, 0x8, 0xff,
    0xf0, 0x8, 0xbf, 0x18, 0x6, 0x10, 0xf, 0xfe,
    0x88, 0x80, 0x66, 0x0, 0x85, 0x15, 0x7f, 0xf8,
    0xa8, 0x40, 0x18, 0x40, 0x38, 0x80, 0x11, 0xd7,
    0x55, 0xff, 0xc5, 0xbd, 0xc0, 0x8, 0x80, 0x3b,
    0x80, 0x5c, 0x3, 0xff, 0x92, 0x6c, 0x0, 0x60,
    0xe, 0x20, 0x30, 0xf, 0xfe, 0x58, 0x80, 0xc,
    0x3, 0x98, 0x8, 0x40, 0x3f, 0xf9, 0x46, 0x0,
    0xf0, 0xe, 0x20, 0x6, 0xa0, 0x80, 0x7f, 0xf1,
    0x44, 0xe5, 0x0, 0x4, 0x1, 0x8c, 0x2, 0x3b,
    0xef, 0xff, 0xfe, 0x2f, 0x63, 0x0, 0x4a, 0x1,
    0x94, 0x3, 0xff, 0xa1, 0x2, 0x1, 0xb0, 0x3,
    0xff, 0x8e, 0x4c, 0xc5, 0x5c, 0xd8, 0xe0, 0x1c,
    0x80, 0x1f, 0xfc, 0x79, 0x9a, 0xab, 0x49, 0x80,
    0x72, 0x8, 0x7, 0xff, 0x1d, 0x40, 0x3f, 0xf8,
    0x30, 0x1, 0xff, 0xd5, 0x73, 0x0, 0xff, 0xe4,
    0x28, 0x7, 0xfd, 0x10, 0x0, 0xff, 0xe4, 0xd2,
    0x88, 0x7, 0x12, 0x3f, 0x38, 0x7, 0xff, 0x28,
    0x6b, 0xbf, 0xfb, 0x6e, 0x4, 0x3, 0xc0,

    /* U+4E1A "业" */
    0x0, 0xff, 0xf1, 0xcf, 0x72, 0x40, 0x3d, 0x5d,
    0xca, 0x0, 0xff, 0xe4, 0xbb, 0x8, 0x9a, 0x0,
    0x34, 0x28, 0x89, 0x60, 0x3, 0xff, 0x91, 0x80,
    0x19, 0x0, 0x32, 0x0, 0x64, 0x0, 0xff, 0xe4,
    0x38, 0x6, 0x20, 0xc, 0x20, 0x18, 0x40, 0x3f,
    0xf9, 0x2, 0x1, 0xff, 0xff, 0x0, 0xff, 0xe6,
    0x89, 0x88, 0x7, 0xff, 0x51, 0xfb, 0x38, 0xc0,
    0x3f, 0xf9, 0x67, 0x30, 0x40, 0x10, 0xc0, 0x5,
    0xc0, 0x1f, 0xfc, 0xa2, 0xc6, 0x7d, 0x30, 0x1,
    0x80, 0x62, 0x30, 0xf, 0xfe, 0x4d, 0x0, 0x6b,
    0x0, 0x10, 0x7, 0x58, 0x7, 0xff, 0x25, 0x80,
    0x3f, 0x20, 0x6, 0x60, 0xf, 0xfe, 0x41, 0x88,
    0x6, 0xc0, 0xb, 0x40, 0x30, 0x98, 0x7, 0xff,
    0x1e, 0x80, 0x30, 0xa0, 0x4, 0xe0, 0x1d, 0x60,
    0x1f, 0xfc, 0x76, 0x0, 0xce, 0x1, 0x84, 0xc0,
    0x32, 0x80, 0x7f, 0xf1, 0x98, 0x3, 0xa8, 0x3,
    0xac, 0x3, 0x11, 0x0, 0x3f, 0xf8, 0xb6, 0x1,
    0x88, 0xc0, 0x39, 0x40, 0x3a, 0x80, 0x3f, 0xf8,
    0x88, 0x40, 0x1a, 0x80, 0x3c, 0x44, 0x0, 0xca,
    0x1, 0xff, 0xc4, 0xf0, 0xe, 0x60, 0xf, 0x90,
    0x3, 0x11, 0x80, 0x7f, 0xf0, 0x89, 0x0, 0x33,
    0x8, 0x7, 0xd8, 0x1, 0xff, 0xce, 0xb0, 0xf,
    0xca, 0x40, 0x12, 0x98, 0x7, 0xff, 0x1d, 0xc8,
    0x3, 0xfb, 0xd9, 0x95, 0x40, 0xf, 0xfe, 0x19,
    0x59, 0x2, 0xc0, 0x7, 0xf8, 0xa6, 0x4a, 0x1,
    0xff, 0xc5, 0x4d, 0xfa, 0x0, 0xff, 0xff, 0x80,
    0x7f, 0xff, 0xc0, 0xb, 0x13, 0x3e, 0x30, 0xc,
    0x33, 0x38, 0x80, 0x31, 0x4c, 0xfa, 0x14, 0x2,
    0xba, 0x76, 0x6f, 0x8, 0x7, 0x33, 0x60, 0xf,
    0x33, 0x79, 0xeb, 0x0, 0x90, 0x3, 0xff, 0xa8,
    0x66, 0x0, 0xff, 0xeb, 0xb9, 0x8, 0x7, 0xff,
    0x55, 0x43, 0x10, 0x40, 0x3f, 0xfa, 0x2, 0x98,
    0x20,

    /* U+4E8C "二" */
    0x0, 0xf1, 0x17, 0xff, 0x28, 0x40, 0x3f, 0x86,
    0xff, 0x77, 0xff, 0x95, 0xd8, 0x20, 0x1f, 0x4a,
    0x0, 0x7f, 0xf3, 0xe, 0xc0, 0x3e, 0x40, 0xf,
    0xfe, 0x73, 0x80, 0x7c, 0xe0, 0x1f, 0xfd, 0x6c,
    0x0, 0xff, 0xe7, 0x28, 0x7, 0xcf, 0x4, 0x1,
    0xff, 0xca, 0x27, 0x80, 0xf, 0xcf, 0xbf, 0xff,
    0xfc, 0xad, 0x80, 0xf, 0xff, 0xf8, 0x7, 0xff,
    0xfc, 0x3, 0xff, 0xfe, 0x1, 0xff, 0xff, 0x0,
    0xff, 0xff, 0x80, 0x7f, 0xff, 0xc0, 0x3f, 0xfc,
    0x42, 0xac, 0xef, 0xff, 0xce, 0x65, 0x10, 0x2,
    0x75, 0x4c, 0x47, 0xff, 0x3a, 0x6b, 0x90, 0x20,
    0x3, 0xff, 0xa9, 0x20, 0x60, 0x1f, 0xfd, 0x42,
    0x1, 0x0, 0xff, 0xeb, 0x38, 0x7, 0xff, 0x51,
    0x42, 0x5c, 0x80, 0x3f, 0xfa, 0x4, 0xd6, 0x0,

    /* U+4E94 "五" */
    0x0, 0xf1, 0x17, 0xff, 0x30, 0x3, 0xf8, 0xb3,
    0xf7, 0x7f, 0xf9, 0x9f, 0x62, 0x1, 0xe9, 0x30,
    0xf, 0xfe, 0x72, 0x58, 0x7, 0x94, 0x3, 0xff,
    0xa0, 0xe0, 0x1e, 0x20, 0xf, 0xfe, 0x83, 0x0,
    0x7b, 0xc4, 0x3, 0xff, 0x9c, 0x32, 0x1, 0xe3,
    0xec, 0xaa, 0xf4, 0x0, 0x7a, 0x6a, 0xbf, 0xd9,
    0xc4, 0x1, 0xf8, 0xd5, 0x7c, 0x60, 0x1c, 0x2c,
    0xab, 0xfe, 0x30, 0xf, 0xfe, 0x29, 0x0, 0x71,
    0x0, 0x7f, 0xf4, 0x78, 0x3, 0x94, 0x3, 0xff,
    0xa2, 0x40, 0x1d, 0xc0, 0x1f, 0xfc, 0xd2, 0x2c,
    0xe0, 0x1e, 0x22, 0xf8, 0x3, 0xff, 0x86, 0x37,
    0xfb, 0xb8, 0x80, 0x3a, 0x37, 0x7e, 0xfc, 0x20,
    0xf, 0xfe, 0x4, 0x20, 0x7, 0xff, 0x20, 0xf8,
    0x3, 0xff, 0x80, 0xa0, 0x1f, 0xfc, 0xa3, 0x0,
    0xff, 0xe0, 0x30, 0x7, 0xff, 0x2c, 0x40, 0x3f,
    0xe8, 0x20, 0xf, 0xfe, 0x50, 0x80, 0x7f, 0xc5,
    0xba, 0xbb, 0x88, 0x3, 0x9e, 0xef, 0x50, 0x7,
    0xff, 0x20, 0x91, 0x23, 0x0, 0xea, 0x44, 0xce,
    0x1, 0xc4, 0x1, 0xff, 0xc5, 0x11, 0x0, 0x71,
    0x0, 0x61, 0x0, 0xe1, 0x0, 0xff, 0xe2, 0xa8,
    0x7, 0x18, 0x7, 0x30, 0x7, 0x30, 0x7, 0xff,
    0x14, 0xc0, 0x39, 0x40, 0x38, 0xc0, 0x38, 0xc0,
    0x3f, 0xf8, 0xba, 0x1, 0xdc, 0x1, 0xc2, 0x1,
    0xdc, 0x1, 0xff, 0xc5, 0x70, 0xe, 0x30, 0xe,
    0xe0, 0xe, 0x10, 0xf, 0xfe, 0x29, 0x0, 0x72,
    0x80, 0x71, 0x80, 0x71, 0x0, 0x7f, 0xf1, 0xc,
    0x3, 0x84, 0x40, 0x1c, 0x20, 0x1c, 0xc0, 0x1f,
    0xc6, 0xd1, 0x1e, 0x0, 0xf4, 0x47, 0x94, 0x3,
    0xae, 0x22, 0x74, 0x0, 0x9f, 0x25, 0xdf, 0x90,
    0x3, 0x85, 0xdf, 0xc2, 0x1, 0xcc, 0xef, 0x45,
    0xd0, 0x2, 0x40, 0x3f, 0xfa, 0x8a, 0x20, 0x20,
    0x1f, 0xfd, 0x53, 0x4, 0x0, 0xff, 0xea, 0x9,
    0x5, 0x28, 0x80, 0x7f, 0xf4, 0x5, 0x30, 0x0,

    /* U+4ECA "今" */
    0x0, 0xff, 0xf4, 0x88, 0x7, 0xff, 0x5a, 0x7b,
    0xe4, 0x3, 0xff, 0xa7, 0xc, 0x0, 0x6d, 0x20,
    0xf, 0xfe, 0x82, 0xb8, 0x6, 0x29, 0x0, 0xff,
    0xe7, 0xa5, 0x0, 0x79, 0x14, 0x3, 0xff, 0x9a,
    0xd6, 0x1, 0xfa, 0x9c, 0x3, 0xff, 0x97, 0x12,
    0x1, 0xfe, 0x8b, 0x10, 0xf, 0xfe, 0x38, 0xdb,
    0x80, 0x7f, 0xf0, 0x13, 0xd0, 0x3, 0xff, 0x8a,
    0x7e, 0x80, 0x1e, 0x2b, 0x10, 0xe, 0x1b, 0x90,
    0xf, 0xfe, 0x1c, 0x60, 0x80, 0x78, 0xb1, 0x30,
    0x40, 0x3c, 0xdc, 0xa0, 0x1f, 0xf1, 0x63, 0x80,
    0x7c, 0x58, 0x20, 0x58, 0x20, 0x1e, 0x1a, 0xb2,
    0x0, 0xfd, 0x1a, 0x60, 0x1f, 0x1e, 0x29, 0x80,
    0xb, 0xcc, 0x3, 0xe4, 0xd9, 0x10, 0xc, 0xbc,
    0xe0, 0x1f, 0x97, 0x36, 0xf3, 0x6, 0x3, 0x88,
    0x1, 0xf9, 0xb9, 0x0, 0x5, 0x42, 0x1, 0xfa,
    0x29, 0x4c, 0x0, 0x78, 0xe0, 0xb, 0x70, 0xf,
    0xed, 0x0, 0x20, 0x7, 0xe1, 0xb7, 0x3, 0x0,
    0xe8, 0xb1, 0x8, 0xb1, 0x0, 0xfb, 0xc0, 0xa,
    0x1, 0xf2, 0xfa, 0x0, 0x1c, 0x40, 0x39, 0x3c,
    0x81, 0x3d, 0x0, 0x38, 0x58, 0x0, 0x66, 0x0,
    0xc5, 0x74, 0x20, 0x10, 0xe1, 0x0, 0x70, 0xc8,
    0x0, 0x6e, 0x84, 0x2, 0x80, 0xd, 0xc4, 0x3,
    0x1a, 0x80, 0x1e, 0x2c, 0x30, 0xe, 0xd0, 0xc,
    0xbd, 0x2d, 0x6c, 0x1, 0x8b, 0x7b, 0x8e, 0x1,
    0xfc, 0x3a, 0x60, 0x12, 0x20, 0xd5, 0xa2, 0x60,
    0xa5, 0x0, 0x3e, 0x14, 0xcf, 0xff, 0xf7, 0x18,
    0x4, 0x9b, 0x95, 0x2e, 0xcf, 0x72, 0x1, 0xfd,
    0x46, 0x1, 0xff, 0xcc, 0x63, 0x0, 0xf8, 0xc4,
    0x3, 0xff, 0xac, 0x20, 0x1f, 0xfc, 0xe1, 0x30,
    0xf, 0x89, 0x0, 0x3f, 0xf9, 0xb6, 0x1, 0xfd,
    0x72, 0xca, 0xbf, 0xfc, 0x30, 0xf, 0x95, 0x40,
    0x1f, 0xe6, 0x9a, 0xaf, 0xfe, 0x11, 0x0, 0x78,
    0x6c, 0x3, 0xff, 0x9c, 0xae, 0x1, 0xed, 0x10,
    0xf, 0xfe, 0x69, 0xd0, 0x7, 0xa0, 0xc0, 0x3f,
    0xf9, 0xa3, 0xa0, 0x1e, 0x47, 0x0, 0xff, 0xe7,
    0x68, 0x80, 0x70, 0xd0, 0x7, 0xff, 0x3a, 0x4c,
    0x3, 0xda, 0x20, 0x1f, 0xfc, 0xd6, 0x60, 0x7,
    0xa4, 0xc0, 0x3f, 0xf9, 0xd0, 0x1, 0xe5, 0x60,
    0xf, 0xfe, 0x70, 0x88, 0x3, 0x8a, 0x80, 0x3f,
    0xf9, 0xe2, 0x40, 0x18, 0x7c, 0x3, 0xff, 0xa3,
    0xe4, 0x1, 0x51, 0x0, 0x7f, 0xf4, 0x4b, 0x65,
    0xf5, 0x0, 0x3f, 0xfa, 0x8d, 0x4, 0x1, 0xff,
    0xc2,

    /* U+4F5C "作" */
    0x0, 0xff, 0xf2, 0xbd, 0x30, 0x7, 0xc2, 0xee,
    0x20, 0xf, 0xfe, 0x65, 0x42, 0xce, 0x0, 0x70,
    0xe4, 0x43, 0x68, 0x3, 0xff, 0x94, 0x4a, 0x1,
    0x19, 0x80, 0x33, 0x10, 0x4, 0xa4, 0x1, 0xff,
    0xc9, 0x80, 0xf, 0xf5, 0x0, 0x62, 0x20, 0x7,
    0xff, 0x20, 0x94, 0x3, 0x9, 0x80, 0x4a, 0x40,
    0x1a, 0xc0, 0x3f, 0xf9, 0x32, 0x1, 0xcc, 0x1,
    0xa0, 0x3, 0x8d, 0x13, 0xfc, 0x60, 0x1f, 0xca,
    0x80, 0x1d, 0x20, 0x12, 0x90, 0x7, 0x55, 0xdf,
    0xfb, 0x3d, 0x40, 0x3e, 0xb0, 0xe, 0x81, 0x0,
    0xa0, 0x3, 0xff, 0x8f, 0x60, 0x1e, 0x81, 0x0,
    0xe7, 0x0, 0x9c, 0x80, 0x3f, 0xf8, 0xe2, 0x1,
    0xc6, 0xe0, 0x1c, 0x80, 0x10, 0xc8, 0x7, 0xff,
    0x20, 0xc0, 0x3b, 0x80, 0x3c, 0x20, 0x14, 0x8,
    0x7, 0xff, 0x18, 0x57, 0x80, 0x34, 0x90, 0x7,
    0xf1, 0x30, 0x7, 0x68, 0x80, 0x63, 0xff, 0xfb,
    0xa8, 0x80, 0x26, 0x60, 0x7, 0xfb, 0xc0, 0x39,
    0xc8, 0x3, 0xff, 0x8f, 0x20, 0x1f, 0xe6, 0x20,
    0xc, 0x30, 0x1, 0xff, 0xd9, 0xb0, 0xf, 0x8f,
    0xff, 0xdd, 0x44, 0x1, 0x94, 0x3, 0xfc, 0xe4,
    0x1, 0x22, 0x80, 0x7f, 0xf0, 0x85, 0x78, 0x3,
    0x52, 0x0, 0x7f, 0xe, 0x29, 0x3d, 0x80, 0x7f,
    0xf1, 0x4c, 0x3, 0xad, 0xc4, 0x3, 0xf0, 0xd6,
    0xc0, 0x7, 0xff, 0x18, 0x80, 0x3d, 0x1c, 0x20,
    0x1f, 0xfd, 0x3, 0xf0, 0xf, 0xfe, 0x89, 0xff,
    0xfd, 0x84, 0x1, 0xff, 0xff, 0x0, 0xff, 0xea,
    0xa, 0xaf, 0x90, 0x80, 0x3f, 0xfa, 0x45, 0x55,
    0xeb, 0xdc, 0x0, 0xff, 0xed, 0x1b, 0x0, 0x7f,
    0xf6, 0x84, 0x3, 0xff, 0xb4, 0x80, 0x1f, 0xfd,
    0x12, 0x2f, 0x1a, 0xd9, 0x80, 0x7f, 0xf4, 0xf,
    0x77, 0xd9, 0x48, 0x1, 0xff, 0xff, 0x0, 0xff,
    0xff, 0x80, 0x7f, 0xf0, 0x8c, 0x3, 0x10, 0x7,
    0xf8, 0xc0, 0x33, 0x0, 0x7f, 0xf1, 0x54, 0x3,
    0x60, 0x7, 0xf9, 0x0, 0x36, 0x0, 0x7f, 0xf1,
    0x61, 0x84, 0xa1, 0x0, 0x3f, 0xd0, 0xa2, 0x27,
    0x60, 0xf, 0xf8,

    /* U+4FDD "保" */
    0x0, 0xff, 0xf2, 0x9c, 0x30, 0x7, 0xff, 0x5c,
    0xf1, 0xe7, 0x40, 0x3, 0x39, 0xdd, 0xff, 0xc1,
    0xdc, 0x80, 0xf, 0xfe, 0xf, 0x80, 0x44, 0xa1,
    0xac, 0x62, 0x3f, 0xfc, 0x12, 0x37, 0x90, 0xf,
    0xf9, 0xc, 0x3, 0x84, 0xc0, 0x3f, 0xf8, 0xcc,
    0x1, 0xff, 0x40, 0x7, 0x21, 0x0, 0x7f, 0xf4,
    0x98, 0xc0, 0x33, 0x8, 0x7, 0xff, 0x24, 0x40,
    0x3f, 0xc, 0x0, 0x74, 0x0, 0x7d, 0xff, 0xfc,
    0xe0, 0x1f, 0xfc, 0x2b, 0x10, 0xc, 0xe2, 0x1,
    0xff, 0xd2, 0x45, 0x0, 0xea, 0x0, 0xff, 0xe9,
    0xd0, 0x7, 0x88, 0x3, 0xf0, 0x80, 0x7f, 0xf2,
    0x68, 0x40, 0x3f, 0xf8, 0x7d, 0xff, 0xf9, 0xc0,
    0x3f, 0xe6, 0x50, 0xf, 0xfe, 0x98, 0x80, 0x64,
    0x90, 0xf, 0xf8, 0x80, 0x3f, 0xf8, 0xe2, 0x1,
    0xd2, 0x1, 0xff, 0xc0, 0x14, 0x0, 0xff, 0xe3,
    0x30, 0x7, 0x10, 0x7, 0xff, 0x6, 0xe1, 0xc,
    0xe2, 0x0, 0xe1, 0x33, 0xc9, 0x30, 0x1, 0xcc,
    0x1, 0xff, 0xc2, 0x7b, 0xcc, 0xbc, 0x3, 0xa3,
    0x33, 0x5b, 0x0, 0x7a, 0x4c, 0x3, 0xff, 0xb5,
    0x86, 0x10, 0x1, 0xf8, 0x91, 0x3e, 0x0, 0xef,
    0x44, 0xf1, 0x80, 0x7d, 0x9a, 0x60, 0x1f, 0x66,
    0xdd, 0xfa, 0x40, 0x39, 0xae, 0xfd, 0x9c, 0x40,
    0x1e, 0x20, 0xf, 0x98, 0xc0, 0x3f, 0xf9, 0x23,
    0x0, 0x1f, 0xfc, 0x21, 0x0, 0xff, 0xe5, 0x88,
    0x7, 0xff, 0x9, 0x0, 0x3f, 0xf9, 0x7c, 0x1,
    0xff, 0xc2, 0x3d, 0x75, 0x44, 0x80, 0x3f, 0xe4,
    0x49, 0x5a, 0xd4, 0x3, 0xff, 0x86, 0x51, 0x57,
    0x6e, 0x0, 0xff, 0x8e, 0xed, 0x52, 0x80, 0x1f,
    0xfc, 0x82, 0xb0, 0xf, 0xf9, 0xcc, 0x3, 0xff,
    0x99, 0xc2, 0x1, 0xff, 0xc0, 0xd1, 0x0, 0xff,
    0xe5, 0x51, 0x80, 0x7f, 0xf0, 0x47, 0x40, 0x3f,
    0xf9, 0x32, 0xa0, 0x18, 0x40, 0x38, 0x80, 0x31,
    0xd0, 0x7, 0xff, 0x18, 0xb1, 0x80, 0x3a, 0xc0,
    0x3a, 0xcc, 0x3, 0x2e, 0x10, 0x7, 0xff, 0xc,
    0xb0, 0xc0, 0x3a, 0x9c, 0x3, 0xdc, 0x1, 0xc7,
    0x82, 0x1, 0xff, 0xc2, 0x51, 0x0, 0xe7, 0x50,
    0xf, 0x8a, 0x40, 0x38, 0x50, 0x3, 0xff, 0x84,
    0x20, 0x1c, 0xb0, 0x1, 0xfc, 0xca, 0x1, 0xcc,
    0x1, 0xff, 0xc0, 0x10, 0x62, 0x0, 0x96, 0x80,
    0x3f, 0x18, 0x2, 0x90, 0x2, 0x43, 0x0, 0xf9,
    0xc0, 0x31, 0x80, 0x31, 0x96, 0xe8, 0x2, 0x30,
    0xe, 0x10, 0xa, 0xe9, 0x5e, 0xc0, 0x3f, 0x18,
    0x80, 0x48, 0x0, 0x19, 0xa4, 0x0, 0xc2, 0x40,
    0x19, 0x40, 0x32, 0xd4, 0x0, 0x7f, 0xa8, 0x81,
    0x20, 0x3, 0xfe, 0xe1, 0x0, 0x48, 0x80, 0x7f,
    0xf1, 0x53, 0x7e, 0xc4, 0x3, 0xfe, 0x3e, 0xe7,
    0xb0, 0x7, 0xfc,

    /* U+505C "停" */
    0x0, 0xff, 0xf9, 0xbe, 0xfb, 0x80, 0x7f, 0xf2,
    0xf, 0x30, 0xc0, 0x1f, 0xc3, 0xb0, 0x41, 0x2,
    0x1, 0xff, 0xc6, 0x1c, 0x33, 0x4a, 0x80, 0x42,
    0x3c, 0xe4, 0x1, 0xa4, 0x47, 0xc0, 0x1f, 0xfc,
    0x9, 0x0, 0xd8, 0xdd, 0xfd, 0xdd, 0x20, 0x1c,
    0xfd, 0xde, 0xfb, 0x10, 0xf, 0xe6, 0x0, 0xc3,
    0x22, 0x1, 0xff, 0xc8, 0x48, 0x0, 0xfc, 0xe2,
    0x1, 0xb0, 0x3, 0xff, 0x96, 0x40, 0x1f, 0xc,
    0x0, 0x65, 0x44, 0x0, 0x7f, 0xf2, 0xbc, 0x3,
    0xe8, 0x0, 0xe9, 0xb, 0xca, 0x99, 0xff, 0xe3,
    0x57, 0x20, 0x7, 0x89, 0x80, 0x31, 0x98, 0x0,
    0x6a, 0x43, 0xdd, 0xff, 0xc1, 0x12, 0x65, 0x10,
    0xf, 0xa4, 0x3, 0xa4, 0x3, 0x4d, 0xc3, 0xbf,
    0xff, 0x6, 0x2e, 0xc0, 0x1f, 0x95, 0x0, 0x39,
    0x40, 0x21, 0x60, 0xf, 0xfe, 0x2a, 0x20, 0x3,
    0xc3, 0x60, 0x1c, 0x20, 0x19, 0x40, 0x3f, 0xf8,
    0xe4, 0x1, 0xea, 0x10, 0xf, 0xfe, 0x1a, 0xff,
    0xff, 0x0, 0x70, 0x80, 0x73, 0xa0, 0x7, 0xff,
    0x11, 0xe2, 0x3f, 0x80, 0x3f, 0xe9, 0x0, 0xff,
    0xe0, 0x38, 0x6, 0x27, 0x7f, 0xe0, 0xe, 0x20,
    0xf, 0xfe, 0x31, 0x88, 0x7, 0xff, 0x19, 0x0,
    0x3a, 0x0, 0x3f, 0xf8, 0x3a, 0x60, 0x1f, 0xfc,
    0x32, 0xb1, 0x0, 0xe6, 0xa0, 0xf, 0xfe, 0x1,
    0xe7, 0xff, 0xff, 0xf, 0x50, 0x3, 0xe5, 0xd6,
    0x0, 0xf8, 0xef, 0xbb, 0xff, 0x91, 0xb0, 0x1,
    0xe2, 0x80, 0xf, 0xe, 0x20, 0x8f, 0xff, 0x20,
    0x9e, 0x40, 0x3f, 0xf8, 0x28, 0x1, 0xff, 0xcc,
    0x70, 0xf, 0xfe, 0x9, 0x0, 0x7f, 0xf3, 0x4,
    0x3, 0xff, 0x8c, 0xf3, 0x3f, 0xfc, 0x32, 0x0,
    0xff, 0xe2, 0x90, 0x6, 0xa6, 0x6f, 0xfe, 0x1a,
    0x0, 0x42, 0x1, 0xff, 0xc1, 0x51, 0x0, 0x13,
    0x5f, 0x7f, 0xff, 0xdb, 0x5e, 0x1, 0x30, 0x7,
    0xff, 0xb, 0x1e, 0x3e, 0xd0, 0x40, 0x3f, 0xe2,
    0x5d, 0xb7, 0x98, 0x0, 0xff, 0xe1, 0x14, 0x39,
    0x80, 0x7f, 0xf1, 0x1d, 0x21, 0x80, 0x3f, 0xf8,
    0xc2, 0xc0, 0x1f, 0xfc, 0x39, 0x0, 0xff, 0xe5,
    0x4f, 0x5d, 0x52, 0x0, 0x39, 0x6a, 0xf3, 0xd4,
    0x3, 0xff, 0x96, 0x28, 0xab, 0x0, 0x76, 0xaa,
    0x18, 0x7, 0xff, 0xe0, 0x40, 0x3f, 0xfa, 0xeb,
    0x79, 0xa0, 0x1c, 0x20, 0x1f, 0xfd, 0x4, 0xa4,
    0x31, 0x0, 0xe2, 0x0, 0xff, 0xe1, 0x88, 0x6,
    0x30, 0xf, 0xb0, 0x3, 0xf0, 0xa0, 0x7, 0xff,
    0x10, 0xc0, 0x24, 0x0, 0xfb, 0x80, 0x3e, 0x1a,
    0x0, 0xff, 0xe2, 0xf1, 0x82, 0x40, 0x7, 0xcc,
    0xe6, 0x46, 0x8b, 0x3c, 0x80, 0x1f, 0xf0,

    /* U+50A8 "储" */
    0x0, 0xfc, 0x22, 0x0, 0xff, 0xe1, 0x13, 0x28,
    0x7, 0xff, 0x1d, 0x7b, 0x94, 0x1, 0xff, 0xc0,
    0x2d, 0x9a, 0xb0, 0xe, 0xbc, 0x81, 0x0, 0xfe,
    0xa0, 0x2, 0xa8, 0x3, 0xfe, 0xa0, 0x9, 0x8,
    0x2, 0x64, 0x37, 0xc0, 0xf, 0xca, 0x1, 0x8c,
    0x1e, 0xd8, 0x3, 0xe3, 0x0, 0xce, 0x1, 0x50,
    0x4, 0x44, 0x0, 0xfb, 0xc0, 0x32, 0xaa, 0x12,
    0x6c, 0x2, 0x4d, 0xf4, 0x0, 0xd5, 0xf4, 0x66,
    0x0, 0xc6, 0x1, 0xe1, 0x50, 0x8, 0x4c, 0x80,
    0x24, 0xc0, 0x5, 0x90, 0x7, 0xe5, 0xe0, 0xc,
    0x62, 0x1, 0xe6, 0x0, 0xcc, 0xa, 0x1, 0x8e,
    0x0, 0x3f, 0xf8, 0x4, 0x1, 0xa8, 0x3, 0xea,
    0x0, 0xd4, 0x5, 0x20, 0x19, 0xc1, 0x80, 0x3f,
    0xf8, 0x42, 0xc0, 0x1e, 0x42, 0x0, 0x88, 0x80,
    0x6, 0x60, 0x4, 0x41, 0x39, 0x24, 0x1, 0x99,
    0x80, 0x1d, 0x0, 0x1f, 0x78, 0x6, 0x70, 0xd,
    0x2, 0x27, 0xd0, 0x1, 0xb3, 0x0, 0x36, 0x90,
    0x6, 0x26, 0x0, 0xf1, 0x20, 0x7, 0xf0, 0xf7,
    0x20, 0x3, 0xfd, 0xa8, 0x1, 0xa0, 0x3, 0xe8,
    0x0, 0xff, 0xe1, 0xad, 0xef, 0x20, 0x6, 0x60,
    0xe, 0xbd, 0xa2, 0x0, 0x8d, 0x40, 0x3e, 0x4b,
    0xdd, 0x5b, 0x1, 0xd2, 0x10, 0x80, 0x7f, 0xc2,
    0x4b, 0xe0, 0x17, 0x80, 0x7c, 0x76, 0x84, 0x44,
    0x97, 0x50, 0xf, 0xfe, 0x31, 0x0, 0x10, 0xc0,
    0x3e, 0xb0, 0xf, 0x59, 0x0, 0x7f, 0xf1, 0x88,
    0x0, 0x40, 0x1f, 0xbc, 0x3, 0xc4, 0x92, 0x40,
    0x1f, 0xfc, 0x33, 0xe0, 0x3, 0x88, 0x7, 0xcc,
    0x20, 0x1f, 0x36, 0xff, 0xb0, 0x3, 0xcf, 0xff,
    0xd8, 0x60, 0x1, 0xc2, 0x0, 0xf0, 0xfd, 0x10,
    0x7, 0xe3, 0xd0, 0xe, 0x58, 0x0, 0xff, 0x16,
    0xc0, 0x7, 0x85, 0x5c, 0x3, 0xe3, 0xc1, 0x0,
    0xc7, 0x40, 0x1f, 0xfc, 0x16, 0x0, 0xff, 0xe1,
    0xbe, 0x0, 0x78, 0xff, 0xfb, 0x5c, 0x3, 0xff,
    0x94, 0xf0, 0x1, 0xff, 0xc1, 0x28, 0x60, 0xf,
    0xfe, 0x4d, 0x80, 0x7f, 0xf1, 0x30, 0x3, 0xff,
    0x92, 0xc0, 0x1f, 0xfc, 0x46, 0x0, 0xff, 0xe4,
    0xd8, 0x80, 0x70, 0xd5, 0x69, 0x0, 0xff, 0xe7,
    0xe, 0xa0, 0x80, 0x65, 0x5c, 0xe0, 0x1f, 0xfc,
    0xf3, 0xb2, 0x0, 0x87, 0x77, 0x60, 0x7, 0xff,
    0x58, 0x8b, 0x80, 0x3f, 0xf9, 0x2, 0x1, 0xe,
    0xfc, 0x0, 0x7f, 0xf4, 0xd8, 0x3, 0x10, 0x39,
    0x80, 0x7f, 0xf4, 0x50, 0x80, 0x3e, 0x70, 0xc,
    0x3f, 0xfb, 0x80, 0x3f, 0xf8, 0xc3, 0x20, 0x1f,
    0x22, 0x0, 0x38, 0x8b, 0x80, 0x3f, 0xf8, 0xca,
    0x40, 0x1e, 0x7b, 0x0, 0xe1, 0xdd, 0xd8, 0x1,
    0xff, 0xc6, 0x46, 0x0, 0xc7, 0xb0, 0x1, 0xff,
    0xd0, 0x30, 0x4, 0xa8, 0xc, 0xe1, 0x0, 0x4e,
    0x1, 0xff, 0xc8, 0x10, 0xc, 0x20, 0x15, 0x5f,
    0xb0, 0x7, 0x8, 0x7, 0xff, 0x5, 0xc0, 0x3e,
    0x30, 0xb, 0x40, 0x32, 0x8, 0x7, 0xb4, 0x2,
    0x1d, 0xdd, 0x80, 0x1b, 0x40, 0x3e, 0xf2, 0x6,
    0x50, 0xf, 0xfe, 0x3, 0xa8, 0xd, 0x91, 0x63,
    0x93, 0x33, 0xb0, 0x0,

    /* U+5212 "划" */
    0x0, 0xf8, 0x84, 0x3, 0xff, 0xa8, 0x7d, 0xbd,
    0x20, 0x15, 0x6c, 0x8, 0x7, 0xff, 0xa, 0x77,
    0x10, 0x3, 0xdc, 0x20, 0x6, 0x40, 0x95, 0x27,
    0xf3, 0x0, 0xff, 0xe0, 0x43, 0x11, 0xd8, 0x80,
    0x71, 0x0, 0x63, 0x5, 0x0, 0x87, 0x10, 0x3,
    0xfe, 0x50, 0xc, 0xe0, 0x1f, 0xef, 0xb, 0x0,
    0xeb, 0x20, 0xc, 0x26, 0x20, 0x11, 0x80, 0x61,
    0x0, 0xff, 0xe0, 0x3a, 0x80, 0x73, 0x80, 0x49,
    0xd9, 0xce, 0x1, 0xff, 0xc6, 0x10, 0x5, 0x28,
    0x4, 0x8a, 0x1, 0x40, 0x5, 0x2, 0x1, 0xff,
    0xc0, 0x10, 0xc, 0x60, 0x15, 0x18, 0xcd, 0x80,
    0x63, 0x0, 0xc4, 0x1, 0xff, 0xc0, 0x30, 0xc,
    0x20, 0x1b, 0x39, 0x80, 0x3f, 0xce, 0x1, 0xff,
    0xc0, 0x10, 0xc, 0xc6, 0xad, 0x15, 0x7b, 0xfe,
    0xb1, 0x0, 0xff, 0xe2, 0xa, 0x39, 0x0, 0x62,
    0xca, 0x97, 0x54, 0x20, 0x2, 0x58, 0x7, 0xff,
    0xd, 0x7a, 0xe0, 0x40, 0x3f, 0xf8, 0x6e, 0x1,
    0xff, 0xc3, 0x80, 0xf, 0xfe, 0x3b, 0x0, 0x7f,
    0xf0, 0xcc, 0x3, 0xff, 0x8c, 0x52, 0x1, 0xff,
    0xc3, 0x40, 0xf, 0xf8, 0x91, 0x5e, 0x6f, 0x74,
    0x40, 0x1f, 0xfc, 0x3b, 0x52, 0x28, 0x3, 0xa7,
    0xf6, 0xeb, 0x49, 0x8, 0x3, 0xff, 0x8a, 0x35,
    0xba, 0xf0, 0xe, 0x10, 0xb, 0x2a, 0xf4, 0x80,
    0x3f, 0xf9, 0x24, 0x1, 0xdc, 0x0, 0x63, 0x0,
    0x14, 0x0, 0x7f, 0xf2, 0x88, 0x3, 0x28, 0x2,
    0x0, 0x30, 0x80, 0x7f, 0xf2, 0x98, 0x3, 0x10,
    0x48, 0x80, 0x6c, 0x0, 0xff, 0xe5, 0x18, 0x6,
    0x15, 0x60, 0xc, 0x2c, 0x1, 0xff, 0xca, 0xe0,
    0xe, 0xa0, 0xe, 0x81, 0x0, 0xff, 0xe5, 0x20,
    0x7, 0xf8, 0xd8, 0x3, 0xff, 0x96, 0x40, 0x1f,
    0xc3, 0xc0, 0x1c, 0x20, 0x19, 0x80, 0x3f, 0xf8,
    0x48, 0x1, 0xfa, 0x88, 0x3, 0x9c, 0x2, 0x22,
    0x0, 0x7f, 0xf0, 0xb0, 0x3, 0xe8, 0x40, 0x1,
    0x90, 0x2, 0x5d, 0x1b, 0x0, 0x3f, 0xf8, 0x62,
    0x1, 0xe5, 0x70, 0x7, 0x66, 0xe0, 0x2, 0x2e,
    0x44, 0x3, 0xff, 0x84, 0x92, 0x1, 0xe9, 0x0,
    0x8, 0x80, 0x6, 0xa0, 0x1f, 0xfc, 0x64, 0xb0,
    0xf, 0xac, 0x0, 0x40, 0x18, 0x80, 0x3f, 0xf8,
    0xad, 0x60, 0x1f, 0x9c, 0xc1, 0x0, 0x30, 0x80,
    0x7f, 0xf1, 0x2e, 0x40, 0x3f, 0xd9, 0x32, 0x0,
    0xc4, 0x1, 0xff, 0xc3, 0x84, 0x0, 0xff, 0xe0,
    0x30, 0x80, 0x65, 0x0, 0xc8, 0xce, 0x20, 0x1f,
    0x10, 0x7, 0xa9, 0xc0, 0x3f, 0xc4, 0x20, 0x2,
    0xeb, 0x98, 0x0, 0xe1, 0x0, 0x60, 0x7, 0x5a,
    0xc2, 0x0, 0x7f, 0x48, 0x5, 0x62, 0x1, 0xf9,
    0x40, 0xc, 0x80, 0x3, 0xd4, 0x0, 0x5a, 0x80,
    0x7d, 0x8, 0x1, 0x18, 0x7, 0xe3, 0x30, 0x5,
    0x79, 0x91, 0x0, 0x6a, 0xb4, 0x10, 0x0, 0xb3,
    0x80, 0x6d, 0x0, 0xf8, 0xf4, 0x3, 0x8c, 0xc0,
    0x1f, 0x25, 0xf7, 0xfb, 0xa4, 0x3, 0x9d, 0xc2,
    0x0, 0x25, 0xbc, 0x10,

    /* U+53D6 "取" */
    0x0, 0xff, 0xed, 0x2e, 0xff, 0xff, 0xf0, 0x71,
    0x0, 0x3f, 0xf8, 0xe5, 0x44, 0x1, 0xff, 0xc1,
    0x3a, 0x0, 0xff, 0xe3, 0xb0, 0x7, 0xff, 0x10,
    0x46, 0x7a, 0xae, 0xbb, 0xea, 0x85, 0x0, 0x98,
    0x3, 0xff, 0x8a, 0x7d, 0xa, 0xbc, 0x89, 0xca,
    0xf5, 0x20, 0x2, 0x71, 0x0, 0xe2, 0x20, 0x80,
    0x71, 0x4a, 0x0, 0x7f, 0xf0, 0xd8, 0x2, 0x86,
    0x0, 0xc7, 0xba, 0xc0, 0xe, 0xe6, 0x10, 0xf,
    0xfe, 0xc0, 0x80, 0x7f, 0xf4, 0x4, 0x3, 0xe7,
    0x30, 0xc, 0x8e, 0xf8, 0xc0, 0x31, 0x0, 0x7f,
    0x1f, 0xfb, 0x0, 0x3e, 0x19, 0x0, 0xc7, 0x11,
    0x94, 0x3, 0x30, 0x7, 0xff, 0x25, 0xc0, 0x31,
    0x80, 0x65, 0x0, 0xc4, 0x1, 0xff, 0xc9, 0x20,
    0xc, 0xa0, 0x18, 0xc0, 0x37, 0x0, 0x7f, 0xf2,
    0x8c, 0x2, 0x12, 0x0, 0x18, 0x7, 0x18, 0x7,
    0xf0, 0xb3, 0x14, 0x3, 0xf9, 0x40, 0x32, 0x0,
    0x14, 0x3, 0x94, 0x3, 0xf8, 0xa6, 0x50, 0x1,
    0xfd, 0x80, 0x1b, 0x0, 0x18, 0x1, 0x88, 0x40,
    0x3f, 0xf9, 0x48, 0x1, 0x94, 0x0, 0xa0, 0x19,
    0xc0, 0x3f, 0xf8, 0x22, 0x1, 0xfc, 0x24, 0x1,
    0x91, 0x0, 0x1d, 0x80, 0x1f, 0xe3, 0xff, 0x60,
    0x7, 0xf9, 0x40, 0x37, 0x68, 0x7, 0x38, 0x7,
    0xff, 0x33, 0x0, 0x32, 0xb8, 0x6, 0x31, 0x0,
    0xff, 0xe6, 0x20, 0x80, 0x61, 0x0, 0xd6, 0x1,
    0xff, 0xce, 0x70, 0xf, 0xe5, 0x0, 0xff, 0x85,
    0x98, 0xa0, 0x1f, 0xf6, 0x80, 0x7e, 0x42, 0x0,
    0xff, 0x8a, 0x65, 0x0, 0x1f, 0xf2, 0x10, 0x7,
    0xde, 0x1, 0xff, 0xd0, 0xa0, 0xf, 0x12, 0x0,
    0x7f, 0xf0, 0xdc, 0x3, 0xb3, 0xd8, 0x3, 0x28,
    0x7, 0xa8, 0x3, 0xff, 0x82, 0x7d, 0xf4, 0x1,
    0xf4, 0x88, 0x4, 0x80, 0x1e, 0xe0, 0xf, 0xad,
    0xc0, 0x38, 0x40, 0x3f, 0xc4, 0x0, 0x18, 0x0,
    0xf3, 0x18, 0x7, 0x1a, 0x0, 0x7f, 0xf1, 0x8,
    0xc0, 0x14, 0x20, 0x1f, 0x70, 0x7, 0xff, 0x24,
    0x9f, 0x0, 0xc, 0x80, 0x1f, 0x8a, 0x40, 0x31,
    0x80, 0x7f, 0xf0, 0xfa, 0x4, 0x12, 0x40, 0x3f,
    0xcd, 0x0, 0x1a, 0x84, 0x4, 0xda, 0x2f, 0x74,
    0x1, 0xfa, 0x2c, 0x3, 0x99, 0xc0, 0x39, 0xe4,
    0x2, 0x5e, 0xfe, 0xc9, 0x74, 0x20, 0xf, 0xca,
    0xe0, 0x1c, 0x93, 0x6, 0x1, 0xcc, 0x20, 0x1f,
    0xfc, 0x7c, 0x0, 0xe2, 0xb0, 0x6, 0x88, 0x7,
    0x8, 0x7, 0xfc, 0x60, 0x1c, 0x21, 0xa0, 0x18,
    0xb0, 0x2, 0x1d, 0x10, 0x9, 0xc0, 0x3f, 0xf8,
    0x2, 0x40, 0x11, 0x10, 0x11, 0xc0, 0xf, 0xa2,
    0x1, 0x8f, 0xd8, 0xe2, 0x0, 0x1f, 0xfc, 0x1f,
    0x30, 0x3e, 0x0, 0xa3, 0xfd, 0x0, 0x1f, 0xc,
    0xe3, 0x80, 0x7f, 0xf0, 0x8b, 0x3f, 0xc, 0x3,
    0xff, 0x92,

    /* U+5468 "周" */
    0x0, 0xe3, 0xbd, 0xee, 0xff, 0xe6, 0x63, 0x80,
    0x70, 0xe2, 0x10, 0x8f, 0xff, 0x30, 0xe1, 0xc0,
    0x33, 0x80, 0x7f, 0xf4, 0x6c, 0x3, 0x70, 0x7,
    0xff, 0x44, 0x80, 0x3f, 0xfc, 0x39, 0x9f, 0xd7,
    0x99, 0xfc, 0x80, 0x1f, 0xfc, 0x21, 0x33, 0xfa,
    0x72, 0xf5, 0x8c, 0xfe, 0x10, 0xf, 0xfe, 0x4a,
    0x28, 0x0, 0x60, 0x3, 0xff, 0x9a, 0xfd, 0xfe,
    0xb0, 0xc, 0x5f, 0xf6, 0xb0, 0x7, 0xff, 0x1c,
    0xe0, 0x40, 0x3f, 0xe2, 0x91, 0x0, 0xff, 0xeb,
    0x18, 0x7, 0xff, 0x18, 0xdc, 0x3, 0xff, 0x80,
    0x30, 0x40, 0x1f, 0xfc, 0x78, 0xfe, 0xe4, 0x80,
    0x61, 0xee, 0xce, 0x1, 0xff, 0xc9, 0x32, 0x51,
    0x0, 0xe5, 0x51, 0x10, 0x3, 0xff, 0x90, 0xdf,
    0x98, 0xb8, 0x0, 0xc3, 0x76, 0xcd, 0xe5, 0x0,
    0xff, 0x84, 0x3, 0xd2, 0x1, 0xff, 0xc2, 0x18,
    0x0, 0xff, 0xe3, 0x8, 0x7, 0xff, 0xc, 0x40,
    0x3f, 0xe3, 0x0, 0xc6, 0x14, 0x60, 0x1f, 0xfc,
    0x13, 0xe0, 0xf, 0xfe, 0x32, 0x67, 0xff, 0xff,
    0x7, 0x8, 0x3, 0xfe, 0x10, 0xc, 0x20, 0x1c,
    0x45, 0xfc, 0x1, 0xff, 0xc3, 0x60, 0xc, 0xe0,
    0x1, 0xbf, 0xdd, 0xfe, 0xf9, 0x0, 0xff, 0xe0,
    0x90, 0x6, 0x10, 0x5, 0xa0, 0x7, 0xfc, 0xcc,
    0x0, 0xff, 0x84, 0x3, 0x8c, 0x0, 0x80, 0x1f,
    0xfc, 0x1c, 0x0, 0xff, 0x88, 0x3, 0x84, 0x0,
    0x20, 0x1f, 0xfc, 0x11, 0x0, 0xff, 0x94, 0x3,
    0xb8, 0x3, 0xef, 0xfd, 0x20, 0x1f, 0xfc, 0x4f,
    0x0, 0xe2, 0x0, 0xf8, 0x47, 0x80, 0x3f, 0xf8,
    0x8a, 0x1, 0xca, 0x1, 0xf7, 0x76, 0x80, 0xf,
    0xfe, 0x21, 0x80, 0x61, 0x10, 0x7, 0xff, 0x10,
    0x40, 0x3f, 0xca, 0x1, 0xc8, 0x1, 0xff, 0xc5,
    0xc0, 0xf, 0xf5, 0x80, 0x77, 0x80, 0x7f, 0xf0,
    0xc5, 0xc2, 0x6d, 0x40, 0x3c, 0x62, 0x1, 0xca,
    0x1, 0x10, 0x6, 0xff, 0xfb, 0x8e, 0x59, 0x0,
    0x38, 0xc0, 0x40, 0x3a, 0x0, 0x35, 0x80, 0x4a,
    0x1, 0xf1, 0x20, 0x7, 0xe7, 0x2, 0x80, 0x9,
    0x1c, 0x3, 0x35, 0xc5, 0x50, 0x3, 0xff, 0x8b,
    0xc0, 0x7, 0xc7, 0x9b, 0x0, 0xf2, 0x3a, 0x80,
    0x7e, 0x21, 0x0, 0xf9, 0xd0, 0x2, 0x38, 0x60,
    0xf, 0xfe, 0x3e, 0xa0, 0x88, 0x8d, 0x72, 0x0,
    0x3f, 0xf9, 0xc7, 0x7d, 0xcd, 0xca, 0x30, 0x0,

    /* U+56DB "四" */
    0x0, 0x12, 0xb3, 0x7f, 0xf3, 0x55, 0x4, 0x2,
    0xad, 0xa9, 0x9f, 0xfe, 0x6d, 0x5f, 0x20, 0x22,
    0x80, 0x7f, 0xf4, 0xa4, 0xc, 0x3, 0xff, 0xa6,
    0x41, 0xe0, 0x1f, 0xfd, 0x41, 0x0, 0xff, 0xee,
    0x77, 0xfb, 0x80, 0x3a, 0xff, 0xc2, 0x1, 0xb3,
    0xfe, 0x30, 0xf, 0xff, 0x29, 0x80, 0x73, 0x80,
    0x7f, 0xf3, 0xc4, 0x3, 0x84, 0x3, 0xff, 0xaa,
    0x60, 0x1f, 0x38, 0x7, 0xff, 0x1d, 0x80, 0x38,
    0x40, 0x3f, 0xf9, 0xe4, 0x1, 0x84, 0x3, 0xff,
    0xa1, 0xa0, 0x18, 0x80, 0x3f, 0xfa, 0xe, 0x1,
    0x98, 0x3, 0xff, 0x9e, 0x44, 0x0, 0xd8, 0x1,
    0xf8, 0x40, 0x3f, 0xf8, 0xca, 0x1, 0xc8, 0x1,
    0x18, 0x6, 0x30, 0x0, 0x80, 0x7f, 0xf0, 0x8a,
    0x40, 0x31, 0x10, 0x2, 0x10, 0xd, 0x3f, 0xee,
    0x30, 0xf, 0xfe, 0x1, 0xe0, 0x80, 0x65, 0x0,
    0xc8, 0x1, 0xff, 0xc9, 0x51, 0x0, 0xe9, 0x0,
    0xd6, 0x1, 0xff, 0xc9, 0x10, 0xe, 0x61, 0x0,
    0xc7, 0x20, 0x1f, 0xfc, 0x87, 0x20, 0x8, 0xa0,
    0x3, 0xcd, 0xd2, 0xef, 0xc2, 0x1, 0xff, 0xc1,
    0xc6, 0x48, 0xc1, 0x0, 0xf8, 0x5a, 0x23, 0x88,
    0x3, 0xff, 0x82, 0x33, 0x6e, 0x20, 0x1f, 0xfd,
    0x7, 0x55, 0xff, 0xe4, 0x8, 0x7, 0xff, 0x2,
    0x6a, 0xbf, 0xf9, 0x4, 0x1, 0xff, 0xff, 0x0,
    0xff, 0xea, 0xf8, 0x7, 0xff, 0x50, 0x4c, 0x3,
    0xbf, 0xff, 0xf9, 0x28, 0x1, 0x90, 0x11, 0x0,
    0x13, 0x0, 0x7f, 0xf2, 0x64, 0xc0, 0x7, 0x20,
    0xb, 0xca, 0xd9, 0x0, 0xff, 0xe4, 0x96, 0x7f,
    0xb0, 0x80,

    /* U+58F0 "声" */
    0x0, 0xff, 0xe2, 0x9b, 0x30, 0x80, 0x3f, 0xfa,
    0x6d, 0x93, 0x2d, 0x30, 0xf, 0xfe, 0x95, 0x0,
    0x6a, 0x0, 0xff, 0xe2, 0xac, 0xd5, 0xdf, 0xf8,
    0xc0, 0x33, 0xdd, 0xff, 0xaa, 0x54, 0x2, 0x8a,
    0x65, 0x44, 0xff, 0x0, 0x70, 0xa2, 0x7f, 0x95,
    0xa9, 0xc0, 0xa, 0x1, 0xff, 0xd4, 0xc0, 0x3,
    0x0, 0x7f, 0xf5, 0x8, 0x1, 0x4a, 0x20, 0x1f,
    0xfd, 0x2, 0x69, 0x0, 0xd, 0x77, 0xff, 0xfc,
    0x20, 0x19, 0x3f, 0xff, 0xed, 0x90, 0xf, 0xb,
    0xcd, 0x57, 0xe1, 0x0, 0xcb, 0x55, 0xfd, 0x2c,
    0x1, 0xf0, 0xfc, 0x32, 0xaf, 0xe0, 0xe, 0x15,
    0x5f, 0xe6, 0x9a, 0x0, 0xf2, 0x8, 0x7, 0xff,
    0x3d, 0x40, 0x3c, 0xc0, 0x1f, 0xfd, 0x2, 0x0,
    0xf1, 0xc9, 0x88, 0x7, 0xff, 0x2c, 0x53, 0xc0,
    0x3e, 0x6c, 0xef, 0xff, 0xfe, 0x5f, 0x59, 0x0,
    0x7e, 0x15, 0x67, 0x7f, 0xfe, 0x4b, 0x20, 0x7,
    0xf1, 0xfd, 0x4c, 0x47, 0xff, 0x26, 0x6f, 0x0,
    0x3f, 0x40, 0x80, 0x7f, 0xf3, 0x4d, 0x80, 0x3e,
    0x60, 0xf, 0xfe, 0x7f, 0x0, 0x7c, 0x60, 0x1f,
    0xfc, 0xf1, 0x0, 0xff, 0xe0, 0x37, 0xff, 0x18,
    0x6, 0x5f, 0xff, 0x0, 0x7f, 0xf0, 0x44, 0x3,
    0x8, 0x7, 0x38, 0x7, 0xff, 0x5d, 0xc0, 0x3f,
    0xf9, 0x62, 0x1, 0xcf, 0xff, 0xc6, 0x1, 0x97,
    0xff, 0xc0, 0x1f, 0xfc, 0x2, 0x0, 0xff, 0xeb,
    0xa8, 0x7, 0xff, 0x5f, 0xc0, 0x3f, 0xfa, 0xe8,
    0x1, 0x85, 0x9b, 0xff, 0x8c, 0x1, 0xdc, 0x1,
    0xc4, 0x40, 0xc, 0xd3, 0x3f, 0xfc, 0x64, 0x0,
    0xcc, 0x1, 0xc8, 0x1, 0xd8, 0x1, 0xff, 0xc6,
    0xa8, 0x67, 0xd1, 0x0, 0xea, 0x0, 0xe4, 0x0,
    0xff, 0xe3, 0xb, 0xcc, 0x10, 0x7, 0x49, 0x80,
    0x64, 0x0, 0xff, 0xe8, 0xb, 0x0, 0x77, 0x0,
    0x7f, 0xf5, 0x89, 0x40, 0x3f, 0xfa, 0x2, 0xa0,
    0x1a, 0x40, 0x3f, 0xfa, 0x54, 0xc2, 0x78, 0x80,
    0x1f, 0xfd, 0x39, 0xec, 0x30, 0xf, 0xff, 0xa8,

    /* U+5916 "外" */
    0x0, 0xff, 0xf0, 0xb7, 0x7d, 0x8, 0x7, 0xf8,
    0xb3, 0xfd, 0x40, 0x1f, 0xfc, 0x52, 0x91, 0x5,
    0xb0, 0xf, 0xf7, 0x18, 0x1, 0x5c, 0x3, 0xff,
    0x88, 0xa0, 0x19, 0xc0, 0x3f, 0xc6, 0x1, 0xb0,
    0x3, 0xff, 0x89, 0x80, 0x18, 0x40, 0x3f, 0x84,
    0x3, 0x9c, 0x3, 0xff, 0x88, 0x80, 0x19, 0x84,
    0x88, 0x64, 0x20, 0x1f, 0xfc, 0xd4, 0x0, 0xe5,
    0xed, 0xd6, 0x6f, 0x72, 0x44, 0x3, 0xff, 0x95,
    0xc0, 0x1f, 0xfc, 0x1, 0x6a, 0x0, 0xff, 0xe5,
    0x28, 0x7, 0xff, 0x9, 0x0, 0x3f, 0xf9, 0x2a,
    0x1, 0xff, 0xc4, 0x30, 0xf, 0xfe, 0x47, 0x0,
    0x7f, 0xf1, 0xc, 0x3, 0xff, 0x8e, 0x28, 0x1,
    0x8b, 0x7b, 0xa9, 0x0, 0xe3, 0x0, 0xff, 0xe4,
    0x30, 0x7, 0x59, 0x8, 0xe0, 0xe, 0x60, 0xf,
    0xc4, 0x1, 0xff, 0x50, 0x7, 0x38, 0x6, 0xd0,
    0xe, 0x20, 0xf, 0x17, 0x6e, 0x88, 0x3, 0xf2,
    0x90, 0x6, 0x51, 0x0, 0xc8, 0x1, 0xda, 0x1,
    0xe1, 0x10, 0x16, 0x10, 0x7, 0xd6, 0x1, 0xdc,
    0x1, 0x88, 0x40, 0x39, 0xc0, 0x3f, 0xc3, 0xe2,
    0x1, 0xc8, 0x20, 0x18, 0x90, 0x3, 0x20, 0x7,
    0x9, 0x0, 0x7f, 0xc5, 0xa0, 0x1c, 0xa0, 0x1d,
    0x13, 0xf8, 0x81, 0x40, 0x1c, 0xa0, 0x1f, 0xfc,
    0x13, 0xa0, 0xc, 0x32, 0x1, 0x36, 0xb0, 0x1d,
    0xc9, 0x80, 0x76, 0x0, 0x7c, 0x44, 0x0, 0xe5,
    0x70, 0xc, 0xdb, 0x17, 0x28, 0x1, 0x98, 0x3,
    0xca, 0x1, 0xf0, 0xe0, 0x80, 0x74, 0x8, 0x6,
    0x27, 0x40, 0x50, 0xf, 0xf1, 0x10, 0x3, 0xf0,
    0xe8, 0x7, 0x88, 0x3, 0xf4, 0x10, 0x7, 0xf5,
    0x0, 0x7f, 0x8e, 0x40, 0x30, 0x98, 0x7, 0xe1,
    0xc3, 0x0, 0xfc, 0xa0, 0x1f, 0xf3, 0x30, 0x0,
    0x78, 0x1, 0xfe, 0x1c, 0x20, 0xf, 0x21, 0x0,
    0x7f, 0xf0, 0x25, 0xa7, 0x8, 0x3, 0xfe, 0x42,
    0x0, 0xf7, 0x80, 0x7f, 0xf0, 0xa5, 0x80, 0x3f,
    0xf8, 0x3, 0x40, 0x1e, 0x34, 0x0, 0xff, 0xe8,
    0x50, 0x80, 0x7a, 0x0, 0x3f, 0xfa, 0x10, 0x80,
    0x1e, 0x54, 0x0, 0xff, 0xe7, 0xbb, 0x80, 0x3c,
    0x36, 0x1, 0xff, 0xce, 0x1a, 0x80, 0xf, 0xa8,
    0x40, 0x3f, 0xf9, 0xad, 0xca, 0x1, 0xf4, 0xa0,
    0x7, 0xff, 0x34, 0xa4, 0x3, 0xf3, 0xb0, 0x7,
    0xff, 0x39, 0x80, 0x3f, 0x4c, 0x0, 0x7f, 0xf3,
    0xd4, 0x3, 0xc3, 0x6c, 0x1, 0xff, 0xd0, 0x16,
    0x0, 0xcd, 0xc8, 0x1, 0xfe, 0x10, 0xe, 0x60,
    0xf, 0xfe, 0xc, 0xba, 0x36, 0xc8, 0x7, 0xff,
    0x5, 0x0, 0x36, 0x0, 0x7f, 0xf0, 0xa2, 0xe4,
    0x80, 0x3f, 0xf8, 0x54, 0x80, 0x2e, 0xc0, 0x1f,
    0xe0,

    /* U+59CB "始" */
    0x0, 0xff, 0xee, 0xb7, 0xfa, 0x80, 0x3f, 0xf8,
    0x33, 0xd8, 0xa0, 0x1f, 0xfc, 0x31, 0x90, 0x2,
    0xb8, 0x7, 0xfd, 0xc, 0x27, 0x4c, 0x1, 0xff,
    0xc2, 0x40, 0xd, 0xa0, 0x1f, 0xf3, 0x0, 0x6c,
    0x0, 0xff, 0xe1, 0x68, 0x7, 0xff, 0xd, 0x84,
    0x3, 0x18, 0x7, 0xff, 0x8, 0x80, 0x31, 0x0,
    0x7f, 0xac, 0x3, 0xb4, 0x3, 0xff, 0x84, 0xc0,
    0x1b, 0x40, 0x3f, 0x90, 0x80, 0x31, 0x20, 0x1,
    0x6e, 0x4, 0x3, 0xf1, 0x0, 0x61, 0x10, 0x7,
    0xe8, 0x0, 0xe8, 0x0, 0x4d, 0x23, 0xe8, 0x7,
    0xe, 0x78, 0x80, 0x6b, 0xef, 0xf7, 0x18, 0x4,
    0x66, 0x0, 0xc6, 0xa0, 0x4c, 0x1, 0x1c, 0x80,
    0x68, 0x30, 0xf, 0xf0, 0xc8, 0x5, 0x0, 0x1d,
    0xe0, 0x2, 0x30, 0xc, 0xc4, 0x1, 0x10, 0x7,
    0xff, 0x1, 0x80, 0x8, 0x80, 0xc, 0xc6, 0x1,
    0x70, 0x7, 0x48, 0x4, 0x20, 0x1f, 0xfc, 0x1,
    0x1, 0xa0, 0xc, 0x30, 0x1, 0x8d, 0x40, 0x32,
    0x28, 0x2, 0x8, 0x3, 0xfe, 0x10, 0xd1, 0x0,
    0xea, 0xde, 0xff, 0x72, 0x80, 0x74, 0x0, 0xb,
    0x44, 0x3, 0x6d, 0x0, 0x66, 0x33, 0x0, 0x70,
    0xa1, 0x8, 0x7, 0xf1, 0x30, 0x0, 0x44, 0x1,
    0x9, 0x10, 0x3, 0x1b, 0x0, 0x7f, 0xf2, 0x20,
    0x0, 0xa0, 0x19, 0x43, 0x80, 0x37, 0x30, 0x7,
    0xff, 0x20, 0x50, 0xc, 0x3, 0x60, 0x10, 0x6,
    0x23, 0x10, 0xf, 0xfe, 0x0, 0x92, 0x0, 0x7d,
    0xa0, 0x18, 0xc1, 0x40, 0x33, 0x5, 0x0, 0x42,
    0x6a, 0xf1, 0x59, 0xbf, 0xdb, 0x72, 0x0, 0x3b,
    0x40, 0x40, 0xc, 0x84, 0x20, 0x18, 0x81, 0x3f,
    0x7b, 0x99, 0x50, 0xea, 0x64, 0x1, 0x9b, 0xb9,
    0x88, 0x2, 0x20, 0xc, 0x2e, 0x1, 0x88, 0x40,
    0x22, 0x10, 0xf, 0xfe, 0x8, 0x88, 0x2, 0x10,
    0xe, 0xdf, 0x0, 0xce, 0x1, 0x9a, 0xf3, 0x3f,
    0xf8, 0x16, 0xc0, 0x1c, 0x60, 0x18, 0xd4, 0x3,
    0x60, 0x5, 0x12, 0x86, 0x7f, 0xfc, 0x4, 0x98,
    0x0, 0xde, 0x1, 0xfe, 0x40, 0x9, 0xc0, 0x3f,
    0xf8, 0x8c, 0x1, 0x8e, 0xc0, 0x3f, 0x11, 0x0,
    0x3f, 0xf9, 0x2, 0x1, 0xc9, 0x80, 0x1f, 0x38,
    0x4, 0x20, 0x1f, 0xfc, 0x61, 0x0, 0xe3, 0xc1,
    0x0, 0xe5, 0x30, 0xf, 0x87, 0xff, 0xec, 0x0,
    0xff, 0xe0, 0x19, 0x80, 0x3d, 0xa4, 0x1, 0xff,
    0xcf, 0x52, 0x0, 0xf0, 0xf0, 0x7, 0xff, 0x3e,
    0x0, 0x3f, 0x1b, 0x0, 0x7f, 0xf3, 0x58, 0x80,
    0x3f, 0x90, 0x3, 0xff, 0x98, 0x92, 0x1, 0x8a,
    0x0, 0x5, 0x84, 0x1, 0xc3, 0x99, 0xf7, 0x0,
    0x7f, 0x2d, 0x80, 0x77, 0x3e, 0xde, 0x98, 0x7,
    0xc6, 0x7f, 0x10, 0x7, 0xf4, 0x0, 0x73, 0x18,
    0x12, 0x0, 0x7f, 0xf3, 0x84, 0x3, 0x1c, 0x80,
    0x7f, 0xf3, 0x84, 0x2, 0x80, 0x8, 0xf4, 0x3,
    0xf0, 0x80, 0x7f, 0xf2, 0x93, 0x1e, 0xb0, 0x40,
    0x3f, 0x8c, 0x2, 0x2f, 0xff, 0xb0, 0x3, 0x20,
    0x7, 0x1c, 0x28, 0x7, 0xfd, 0xc6, 0x5, 0x0,
    0x1f, 0x1b, 0x88, 0x1c, 0x80, 0x40,

    /* U+5B58 "存" */
    0x0, 0xff, 0xf3, 0x2e, 0xe4, 0x8, 0x7, 0xff,
    0x52, 0x8, 0xdf, 0xc8, 0x3, 0xff, 0xa4, 0x44,
    0x0, 0x85, 0x40, 0x3f, 0xfa, 0x54, 0x1, 0xc2,
    0x1, 0xff, 0xc9, 0x25, 0x66, 0xfc, 0x1, 0xde,
    0xcd, 0xff, 0xc2, 0x52, 0x0, 0xcd, 0xb5, 0x33,
    0xf0, 0x80, 0x73, 0x4c, 0xff, 0xf0, 0xab, 0x60,
    0x2, 0x80, 0xf, 0xfe, 0xa3, 0x80, 0x42, 0x1,
    0xff, 0xd5, 0x10, 0x2, 0x0, 0x7f, 0xf5, 0x8,
    0x40, 0x14, 0xc6, 0x42, 0x38, 0x3, 0xc2, 0x3f,
    0xfc, 0x52, 0x6f, 0x0, 0x86, 0x73, 0x7b, 0xa5,
    0x0, 0xe5, 0xee, 0xff, 0xe2, 0xec, 0x90, 0x7,
    0xf2, 0x20, 0x3, 0xa0, 0x2, 0x23, 0x44, 0x2a,
    0x99, 0xdd, 0x13, 0x27, 0x20, 0xf, 0xfe, 0x4,
    0x80, 0x72, 0x90, 0x57, 0xee, 0x5d, 0xaa, 0x93,
    0x10, 0x76, 0x64, 0x6a, 0x0, 0x7f, 0xa0, 0x80,
    0x3a, 0xc1, 0xd4, 0x3, 0xff, 0x87, 0x40, 0x1f,
    0xc8, 0xe0, 0x1d, 0x2, 0x1a, 0x1, 0xff, 0xcd,
    0x1a, 0x0, 0xe2, 0x70, 0x6, 0x0, 0x7f, 0xf1,
    0x2c, 0x3, 0xe1, 0xc1, 0x0, 0xee, 0x0, 0x9a,
    0x4c, 0x84, 0x78, 0x3, 0xe9, 0x50, 0xf, 0xe,
    0x90, 0x7, 0x21, 0x80, 0x66, 0xcd, 0xee, 0xd0,
    0x1, 0xea, 0x60, 0xf, 0x27, 0x98, 0x7, 0x88,
    0x3, 0xfe, 0xa9, 0x0, 0xc3, 0x8a, 0x1, 0xe5,
    0xb1, 0x0, 0xff, 0xe3, 0x1a, 0x80, 0x61, 0xc3,
    0x0, 0xfa, 0x40, 0x3f, 0xf9, 0xe, 0x1, 0xd0,
    0x40, 0x1f, 0x9c, 0x3, 0xff, 0x80, 0x97, 0xbb,
    0xea, 0x0, 0xe8, 0xdd, 0xeb, 0x50, 0x7, 0x80,
    0x7f, 0xc5, 0x68, 0x45, 0xe1, 0x0, 0xe1, 0x22,
    0xe4, 0xa5, 0x4, 0x60, 0x4, 0x80, 0x7c, 0x80,
    0x1f, 0xfc, 0xac, 0x0, 0x4b, 0xe3, 0x0, 0x7c,
    0x60, 0x1f, 0xfc, 0xae, 0x0, 0xa0, 0xc0, 0x3f,
    0x2a, 0x80, 0x3f, 0xf9, 0x6, 0xe0, 0x1f, 0xfc,
    0x2a, 0xec, 0xbb, 0xe7, 0x0, 0xe8, 0xbb, 0xd9,
    0xb8, 0x1, 0xff, 0xc4, 0x13, 0x44, 0xed, 0x0,
    0xe3, 0x44, 0xc6, 0x40, 0x1f, 0xff, 0xf0, 0xf,
    0xfe, 0x48, 0x9e, 0x80, 0x7f, 0xf5, 0x7, 0x3b,
    0x1c, 0x3, 0x9c, 0x3, 0xff, 0x9d, 0x26, 0x1,
    0xf8, 0x80, 0x3f, 0xf8, 0x42, 0x1, 0xb8, 0x3,
    0xc4, 0x1, 0xf8, 0xc4, 0x3, 0xff, 0x84, 0xe0,
    0x19, 0x0, 0x3d, 0xa0, 0x1f, 0x17, 0x0, 0x7f,
    0xf0, 0xe5, 0x88, 0xe8, 0xc0, 0x3c, 0xee, 0x10,
    0x12, 0x6b, 0xd2, 0x0, 0xff, 0xe2, 0x4e, 0xe2,
    0x80, 0x7e, 0x8e, 0xfe, 0xd9, 0x40, 0xf, 0xf8,

    /* U+5B8C "完" */
    0x0, 0xff, 0xf4, 0xa5, 0xfe, 0x0, 0x7f, 0xf5,
    0x26, 0xd0, 0xd, 0xc0, 0x3f, 0xfa, 0x44, 0xc0,
    0x1a, 0x40, 0x3f, 0xfa, 0x42, 0x1, 0xc2, 0xa0,
    0x1f, 0xfc, 0x54, 0xce, 0xff, 0xfe, 0xc0, 0xf,
    0x57, 0xff, 0xf7, 0x59, 0x80, 0x62, 0xb3, 0x10,
    0xf, 0xfe, 0x70, 0xa6, 0x8, 0x4, 0xa0, 0x1f,
    0xfd, 0x44, 0x0, 0xbc, 0x3, 0xff, 0xa8, 0x40,
    0x10, 0x80, 0x7f, 0xf7, 0xaa, 0xbf, 0xf9, 0x2e,
    0x1, 0xff, 0xc3, 0x55, 0xff, 0xe4, 0xe8, 0x7,
    0xf0, 0x80, 0x61, 0x0, 0x8d, 0x13, 0xff, 0x84,
    0x20, 0x6, 0x0, 0xe1, 0x0, 0xb0, 0x3, 0x28,
    0x17, 0x65, 0xdf, 0xff, 0xb, 0xa8, 0x8, 0x3,
    0x90, 0x2, 0x46, 0x0, 0x14, 0x84, 0x8, 0x7,
    0xff, 0x11, 0x50, 0x68, 0x2, 0x82, 0x0, 0xd3,
    0xfd, 0xa4, 0x2, 0x1, 0xff, 0xc6, 0x10, 0x5f,
    0xef, 0x70, 0xf, 0x84, 0x2, 0xc0, 0xf, 0xfe,
    0x28, 0xa0, 0x4, 0x20, 0x1f, 0xfc, 0x17, 0xa5,
    0x33, 0xff, 0xe0, 0xa3, 0x60, 0x80, 0x7f, 0xf1,
    0x96, 0xb3, 0x3f, 0xf8, 0x37, 0x24, 0x1, 0xff,
    0xc0, 0x14, 0x55, 0xff, 0xe8, 0x20, 0x80, 0x66,
    0xeb, 0xaa, 0xff, 0xe8, 0x5f, 0x30, 0x5, 0x20,
    0x1f, 0xfd, 0x49, 0x0, 0xff, 0xec, 0x88, 0x0,
    0xc0, 0x3f, 0xfa, 0x86, 0x20, 0xd, 0x73, 0x22,
    0xf0, 0x7, 0x9, 0x14, 0x20, 0x1c, 0x24, 0x5e,
    0x36, 0xd0, 0x8, 0x63, 0x37, 0x7b, 0x80, 0x3a,
    0x77, 0x70, 0x7, 0x46, 0xef, 0xb2, 0x44, 0x3,
    0xfe, 0x60, 0xe, 0x20, 0xf, 0xfe, 0x91, 0x0,
    0x73, 0x0, 0x7f, 0xf4, 0xac, 0x3, 0x88, 0x3,
    0xff, 0x86, 0x28, 0x60, 0x1f, 0xf3, 0x18, 0x6,
    0x21, 0x0, 0xff, 0xe1, 0xf, 0x5e, 0x71, 0x0,
    0x7c, 0x33, 0x20, 0xe, 0x50, 0xf, 0xfe, 0x1a,
    0x80, 0x43, 0x60, 0x1c, 0x73, 0xcc, 0x1, 0xe9,
    0x0, 0xff, 0x78, 0x6, 0xd0, 0xc, 0x40, 0x11,
    0xe6, 0x18, 0x3, 0xe7, 0x10, 0xf, 0xf3, 0x7f,
    0xe6, 0x0, 0xc2, 0x0, 0x1c, 0x30, 0xf, 0xc9,
    0x0, 0x1c, 0x20, 0x1f, 0xfc, 0x3c, 0x0, 0x38,
    0x7, 0xf2, 0xd8, 0x7, 0x88, 0x40, 0x3f, 0xf8,
    0x22, 0xc0, 0x3, 0x0, 0xf8, 0xaa, 0x80, 0x1f,
    0xb0, 0x40, 0x3f, 0xf8, 0x14, 0x1, 0x20, 0x80,
    0x63, 0xad, 0x50, 0xf, 0xe2, 0xd2, 0x0, 0xfc,
    0x2b, 0xa8, 0x1, 0xf, 0xcc, 0x57, 0x62, 0x80,
    0x7f, 0xf0, 0xf, 0x7f, 0xff, 0x75, 0x10, 0x4,

    /* U+5F00 "开" */
    0x0, 0xc4, 0x68, 0x9f, 0xfc, 0xd3, 0x10, 0xe,
    0x5e, 0xdc, 0xbb, 0xff, 0xe6, 0xe7, 0x60, 0x6,
    0xb1, 0x0, 0xff, 0xe8, 0x9b, 0x80, 0x42, 0x1,
    0xff, 0xd3, 0xe0, 0x8, 0xc0, 0x3f, 0xfa, 0x78,
    0x1, 0x72, 0x88, 0x7, 0xff, 0x38, 0x4a, 0x14,
    0x2, 0x2a, 0xef, 0xfc, 0x20, 0x18, 0xff, 0xfe,
    0x60, 0xe, 0xcf, 0xf7, 0x6b, 0x80, 0x7f, 0xff,
    0xc0, 0x3f, 0xff, 0xe0, 0x1f, 0xff, 0xf0, 0xf,
    0xfe, 0x91, 0xdf, 0x7f, 0xf0, 0x80, 0x63, 0xff,
    0xf9, 0x80, 0x3b, 0x3f, 0xf6, 0xb8, 0x3, 0x50,
    0x40, 0x3f, 0xfa, 0x25, 0xc, 0x42, 0x1, 0xff,
    0xd5, 0xc3, 0x0, 0xff, 0xeb, 0x10, 0xc0, 0x7,
    0xff, 0x50, 0xa4, 0x1f, 0xae, 0xab, 0x28, 0x7,
    0x35, 0x57, 0xc8, 0x1, 0xcf, 0x55, 0xb3, 0x44,
    0x0, 0x28, 0xab, 0x80, 0x3d, 0xaa, 0xbf, 0x10,
    0x7, 0x5a, 0xae, 0x30, 0xf, 0xf2, 0x0, 0x72,
    0x80, 0x7f, 0xf4, 0xc, 0x40, 0x31, 0x8, 0x7,
    0xff, 0x42, 0xc0, 0x39, 0x0, 0x3f, 0xfa, 0x2c,
    0x1, 0xd8, 0x1, 0xff, 0xd0, 0x71, 0x0, 0xe5,
    0x0, 0xff, 0xe7, 0x8c, 0x80, 0x73, 0x0, 0x7f,
    0xf3, 0xc7, 0x44, 0x3, 0xac, 0x3, 0xff, 0x9c,
    0x78, 0x60, 0x1c, 0xc4, 0x1, 0xff, 0xcd, 0x3c,
    0x20, 0xe, 0x18, 0x0, 0xff, 0xe7, 0x48, 0x7,
    0xd4, 0x20, 0x1f, 0xfc, 0xe3, 0x0, 0xf5, 0x20,
    0x7, 0xff, 0x3e, 0x80, 0x30, 0xda, 0x80, 0x7f,
    0xf0, 0x38, 0x3, 0x84, 0x3, 0xf8, 0xe8, 0x41,
    0x7d, 0x0, 0x3f, 0xf8, 0x28, 0x1, 0x88, 0x80,
    0x1f, 0xe5, 0xef, 0xa1, 0x0, 0xff, 0xe1, 0x1c,
    0x90, 0x1f, 0x0, 0x7f, 0xf4, 0xdb, 0x7f, 0xc,
    0x3, 0xf0,

    /* U+5F0F "式" */
    0x0, 0xff, 0xf7, 0x19, 0x84, 0x3, 0x84, 0x3,
    0xff, 0x9c, 0x3b, 0x98, 0xe4, 0x0, 0xe, 0x75,
    0x88, 0x7, 0xff, 0x32, 0x8, 0x2, 0x90, 0x3,
    0x18, 0x27, 0x88, 0x7, 0xff, 0x2d, 0x40, 0x31,
    0x0, 0x3c, 0x2, 0x1a, 0x0, 0xff, 0xe5, 0x88,
    0x7, 0x8, 0x50, 0x6, 0x40, 0xf, 0xfe, 0x58,
    0x80, 0x7c, 0x52, 0x1, 0x18, 0x7, 0x85, 0x15,
    0x9b, 0xff, 0x84, 0x40, 0x1c, 0xec, 0xc0, 0x40,
    0x5, 0x10, 0x6, 0x7e, 0xba, 0x99, 0xff, 0xe1,
    0x8, 0x7, 0x4c, 0xe4, 0x0, 0x4e, 0xc0, 0x5,
    0x0, 0x1f, 0xfd, 0x47, 0x10, 0x10, 0xf, 0xfe,
    0xb1, 0x0, 0x88, 0x3, 0xff, 0xaa, 0x60, 0xd,
    0x30, 0xf, 0xfe, 0x91, 0xd8, 0x4, 0x79, 0xff,
    0xff, 0xc4, 0x70, 0xe, 0xaf, 0xff, 0xb1, 0x0,
    0x3f, 0xf9, 0x3c, 0x1, 0xc6, 0x1, 0xff, 0xd2,
    0x30, 0xe, 0x10, 0xf, 0xfe, 0x19, 0xaa, 0xff,
    0xc6, 0x0, 0x10, 0xe, 0xe0, 0xf, 0xfe, 0x8,
    0xee, 0x55, 0x7f, 0xd9, 0xa2, 0xc0, 0x1c, 0x60,
    0x1f, 0xfc, 0x19, 0x20, 0xf, 0xfe, 0x9, 0x31,
    0x0, 0x73, 0x0, 0x7f, 0xf0, 0x44, 0x3, 0xff,
    0x87, 0xe0, 0x1e, 0x20, 0xf, 0xfe, 0xe, 0x0,
    0x7f, 0xf0, 0xf4, 0x8, 0x3, 0x8, 0x7, 0xff,
    0x5, 0x60, 0x80, 0x3f, 0xc2, 0x52, 0xa0, 0xe0,
    0x1c, 0x60, 0x1f, 0xfc, 0x17, 0xdf, 0xf4, 0x0,
    0x77, 0xfb, 0xb5, 0x80, 0x4, 0x1, 0xca, 0x1,
    0xff, 0xd2, 0xd0, 0xe, 0xe0, 0xf, 0xfe, 0x93,
    0x80, 0x72, 0x0, 0x7f, 0xf4, 0x88, 0x3, 0x8c,
    0x3, 0xff, 0xa6, 0x80, 0x1c, 0x60, 0x1f, 0xfd,
    0x2c, 0x0, 0xe4, 0x0, 0xd3, 0xda, 0xa0, 0x1f,
    0xfc, 0x51, 0x20, 0x9, 0x0, 0x3a, 0xc0, 0x25,
    0x61, 0x2a, 0x0, 0xff, 0xe1, 0x56, 0x7f, 0x6f,
    0x10, 0x18, 0x80, 0x63, 0x10, 0x6, 0x0, 0x62,
    0x0, 0xc6, 0xd1, 0x40, 0x1c, 0xa6, 0x1, 0xc,
    0x0, 0x1c, 0x3, 0xa4, 0x0, 0x40, 0x1f, 0x47,
    0xe4, 0xb9, 0x0, 0x7f, 0xcc, 0x0, 0xa0, 0xe,
    0x73, 0x5, 0x0, 0xc4, 0x8, 0xe0, 0x1f, 0xfc,
    0x4b, 0x0, 0x19, 0x80, 0x3b, 0x38, 0x40, 0x22,
    0x0, 0x10, 0x7, 0xff, 0xd, 0x29, 0xc0, 0x28,
    0x0, 0xf0, 0x80, 0x65, 0x0, 0x10, 0x7, 0xf8,
    0xda, 0x73, 0xed, 0x40, 0x32, 0x28, 0x7, 0xfa,
    0xc0, 0x8, 0x80, 0xc, 0x6d, 0x39, 0xf9, 0x2c,
    0x60, 0x1f, 0xac, 0x80, 0x3f, 0x21, 0x80, 0x57,
    0x76, 0x7e, 0x4b, 0x18, 0x7, 0xff, 0x4, 0x7c,
    0x80, 0x3c, 0x54, 0x1, 0xc8, 0x83, 0x0, 0xff,
    0xe3, 0x96, 0xc1, 0x0, 0xe, 0x34, 0x40, 0x0,

    /* U+6210 "成" */
    0x0, 0xff, 0xf7, 0xa, 0xa8, 0x80, 0x21, 0x88,
    0x18, 0x7, 0xff, 0x38, 0xbe, 0xa9, 0xa8, 0x0,
    0xc7, 0x76, 0x59, 0x0, 0x7f, 0xf3, 0x2c, 0x40,
    0x28, 0x6, 0x20, 0x9, 0x35, 0x40, 0x3f, 0xf9,
    0x64, 0x1, 0x8c, 0x38, 0x3, 0xd4, 0x1, 0xff,
    0xcb, 0x70, 0xf, 0x44, 0x0, 0x38, 0x80, 0x3f,
    0xc2, 0x67, 0xff, 0xc0, 0x10, 0xe, 0x33, 0x24,
    0x80, 0x68, 0x10, 0xf, 0x8f, 0x7b, 0x33, 0xff,
    0x80, 0x40, 0x1d, 0x99, 0x48, 0x6, 0xae, 0xd2,
    0x0, 0xef, 0x20, 0xf, 0xfe, 0x89, 0x48, 0x7,
    0x18, 0x7, 0xff, 0x4d, 0x80, 0x30, 0x80, 0x7f,
    0xf5, 0x18, 0x3, 0xff, 0xb0, 0x52, 0x1, 0xfe,
    0x3c, 0xcf, 0xe8, 0x0, 0xe8, 0xcc, 0xfd, 0xba,
    0x20, 0xf, 0xf3, 0x99, 0xff, 0x20, 0x7, 0x9,
    0x9f, 0xe2, 0x0, 0xff, 0xe5, 0x8, 0x7, 0x70,
    0x4, 0x31, 0x2a, 0x1, 0xff, 0xc2, 0x71, 0x1e,
    0x0, 0xc4, 0x1, 0xc4, 0x1, 0x6b, 0xb5, 0x58,
    0x7, 0xff, 0x4, 0xfb, 0xbb, 0xfd, 0x62, 0x1,
    0xe6, 0x0, 0x21, 0x80, 0x48, 0x40, 0x1f, 0xfc,
    0x84, 0xb0, 0x20, 0xc, 0x40, 0xf, 0x0, 0xff,
    0xe7, 0xa0, 0x38, 0x6, 0x11, 0x1a, 0x0, 0x61,
    0x20, 0xf, 0xfe, 0x48, 0x81, 0x0, 0x71, 0x40,
    0x7, 0x30, 0x7, 0xc6, 0x1, 0xff, 0xc4, 0xe0,
    0xe, 0xa4, 0x0, 0xea, 0x0, 0xff, 0xe0, 0xaf,
    0xfd, 0x20, 0x18, 0x41, 0x40, 0x39, 0x80, 0x39,
    0x48, 0x3, 0xe1, 0x0, 0xe3, 0x0, 0x84, 0x3,
    0xc6, 0x1, 0xff, 0x40, 0x7, 0xe7, 0x0, 0xee,
    0x0, 0xfc, 0x60, 0x3, 0x0, 0xfe, 0x62, 0x0,
    0xfc, 0x20, 0x1c, 0x20, 0x17, 0x80, 0x7c, 0x80,
    0x1f, 0x86, 0x0, 0x3f, 0x88, 0x3, 0x8c, 0x2,
    0x10, 0xc, 0x20, 0xc, 0x0, 0xfd, 0x62, 0x1,
    0xfd, 0xe0, 0x1c, 0x20, 0x12, 0x0, 0x66, 0x0,
    0x20, 0x7, 0xca, 0xa0, 0x1, 0x32, 0x80, 0x71,
    0x80, 0x77, 0xf6, 0xf1, 0x0, 0x63, 0x0, 0x18,
    0x7, 0x86, 0x80, 0x3, 0xb3, 0x54, 0x0, 0xcc,
    0x1, 0xd2, 0x24, 0x20, 0x1d, 0xc0, 0x5a, 0x1,
    0xe5, 0x0, 0x98, 0x2, 0x50, 0xc, 0x40, 0x18,
    0xc8, 0xc0, 0x3e, 0x41, 0xc1, 0x0, 0xf2, 0x10,
    0x3, 0x80, 0x3e, 0x30, 0xe, 0x60, 0x40, 0xf,
    0x30, 0xe0, 0x80, 0x7e, 0x90, 0x2, 0x80, 0x7c,
    0xa0, 0x1d, 0xa1, 0x80, 0x18, 0x9f, 0xf4, 0x80,
    0x3f, 0x93, 0x6c, 0xc0, 0x23, 0x0, 0xac, 0x3,
    0x8c, 0x13, 0xb7, 0x5f, 0xb7, 0x20, 0x1f, 0xfc,
    0x2, 0x40, 0xc, 0x80, 0x3, 0x20, 0xe, 0x50,
    0x0, 0x91, 0x0, 0x8, 0x1, 0xe2, 0xc1, 0x0,
    0xff, 0x50, 0x0, 0x40, 0x38, 0x84, 0x3, 0xe3,
    0x0, 0xe2, 0xc3, 0xa0, 0xf, 0xe5, 0x20, 0x1,
    0x28, 0x6, 0x80, 0xf, 0xc8, 0xa0, 0x12, 0x60,
    0x82, 0x58, 0x80, 0x78, 0xac, 0x3, 0x54, 0x91,
    0x25, 0x40, 0x3f, 0xaa, 0x1a, 0xec, 0x20, 0x12,
    0x7b, 0x90, 0x0, 0xe3, 0x44, 0x3, 0x9b, 0x74,
    0xc0, 0x1f, 0xf3, 0xca, 0x0, 0x78, 0x63, 0x7f,
    0xd8, 0xe0, 0x18,

    /* U+63A5 "接" */
    0x0, 0xff, 0xef, 0xb4, 0x20, 0x7, 0xff, 0xc,
    0x84, 0x3, 0xff, 0x89, 0x72, 0xf6, 0xa0, 0x1f,
    0xfc, 0x2, 0xcd, 0xe7, 0x0, 0xff, 0xe1, 0xa,
    0x0, 0x5c, 0x1, 0xff, 0xc0, 0xc3, 0x0, 0x42,
    0x0, 0x7f, 0xf0, 0x4c, 0x3, 0x38, 0x7, 0xb,
    0x44, 0x70, 0x80, 0x6a, 0x98, 0x8c, 0xe6, 0x1,
    0xe1, 0x0, 0xc2, 0x1, 0x8b, 0xa5, 0xdf, 0x80,
    0x38, 0x59, 0xdf, 0x46, 0x30, 0x7, 0xff, 0xd,
    0x40, 0x3f, 0xf9, 0x14, 0x1, 0xff, 0xc3, 0x10,
    0xf, 0xfe, 0x43, 0x0, 0x47, 0x10, 0x0, 0xc5,
    0x28, 0x0, 0x67, 0x10, 0xf, 0xfe, 0x2a, 0x58,
    0x1, 0x71, 0xd0, 0x3, 0x9a, 0xcc, 0x1, 0x1d,
    0xee, 0x0, 0x5f, 0xfe, 0xa1, 0x3a, 0xff, 0xac,
    0x40, 0x1c, 0x1, 0xfe, 0x40, 0xc, 0x8e, 0x0,
    0x53, 0x0, 0xd2, 0x27, 0x4a, 0x1, 0xe1, 0x0,
    0xff, 0xe1, 0x88, 0x6, 0x50, 0x8, 0xcc, 0x1,
    0x60, 0x7, 0xb8, 0x3, 0xfc, 0xa0, 0x19, 0x44,
    0x2, 0x40, 0xa, 0x0, 0x36, 0x0, 0x79, 0x36,
    0x14, 0x3, 0x9f, 0x48, 0xe, 0x2a, 0xcc, 0x0,
    0x73, 0x76, 0xc4, 0x0, 0xdd, 0x75, 0x4, 0x1,
    0x13, 0xc8, 0x6, 0x28, 0x20, 0x3c, 0x75, 0x42,
    0x0, 0x1a, 0x24, 0x60, 0x1c, 0x88, 0x57, 0xd2,
    0x0, 0xff, 0xe0, 0xd8, 0x7, 0xff, 0x29, 0x40,
    0x3f, 0xf8, 0x3a, 0x1, 0xff, 0xca, 0x30, 0xf,
    0xfe, 0xa, 0xc1, 0x8, 0x7, 0xff, 0x10, 0x4a,
    0x50, 0x3, 0xf8, 0xb6, 0x80, 0xf, 0xbd, 0xff,
    0x94, 0x6, 0x7f, 0xff, 0x76, 0xb0, 0x6, 0x2b,
    0x0, 0xe2, 0x56, 0x0, 0xfa, 0x14, 0x6, 0x50,
    0x3, 0xff, 0x80, 0x39, 0xae, 0x1, 0xf6, 0x0,
    0x78, 0x9c, 0x3, 0x10, 0x7, 0xff, 0x2, 0x8c,
    0x3, 0xf8, 0x8e, 0xfb, 0xfe, 0xd0, 0xe, 0x9f,
    0xff, 0xdd, 0x44, 0xc, 0x1, 0xfc, 0xb3, 0xa8,
    0x20, 0x1f, 0xfc, 0x61, 0x5e, 0x4, 0x0, 0xf8,
    0x7a, 0x80, 0x40, 0x3f, 0xf9, 0x44, 0x16, 0x40,
    0x1e, 0x31, 0x1, 0x30, 0xf, 0xfe, 0x53, 0x81,
    0x6e, 0xac, 0x3, 0xf6, 0x53, 0xa8, 0x7, 0xb,
    0x36, 0x20, 0xe, 0x57, 0xa9, 0x0, 0x89, 0xc0,
    0x3f, 0x96, 0xc, 0x3, 0xb6, 0x67, 0x0, 0x72,
    0x54, 0x28, 0x7, 0xff, 0x11, 0x18, 0x3, 0x90,
    0x80, 0xe, 0x40, 0x1b, 0xc0, 0x3f, 0xf8, 0xc3,
    0x60, 0x1e, 0x8d, 0xc8, 0x80, 0x6, 0x34, 0x0,
    0xff, 0xe3, 0xb, 0x90, 0x7, 0xc6, 0xe0, 0x1d,
    0xe0, 0x1f, 0xfc, 0x88, 0xdc, 0x71, 0x0, 0xff,
    0x10, 0x7, 0xf9, 0x80, 0x3f, 0xf8, 0x7, 0x14,
    0x40, 0x1f, 0xc5, 0x98, 0x50, 0xe, 0x5f, 0xa0,
    0xc, 0x20, 0x18, 0x9e, 0xb3, 0xec, 0x80, 0x3f,
    0xe3, 0xad, 0x10, 0xa, 0xc0, 0x3c, 0xc0, 0x12,
    0xec, 0x29, 0x80, 0x7f, 0xf1, 0x9, 0x40, 0x21,
    0x0, 0xf7, 0x80, 0x5c, 0x1, 0xfe, 0x29, 0xea,
    0x30, 0xe, 0x14, 0x0, 0x8c, 0x3, 0x95, 0x40,
    0x11, 0x0, 0x7c, 0x2d, 0x7a, 0xc2, 0xb9, 0x64,
    0x1, 0x50, 0x6, 0xe4, 0x10, 0x3a, 0xa0, 0x6,
    0x85, 0x12, 0x46, 0x9d, 0xe9, 0x40, 0xe, 0x4d,
    0x93, 0x94, 0x0, 0xc5, 0x7d, 0xf8, 0xa0, 0x1c,
    0x35, 0xdb, 0x72, 0xc4, 0x1, 0xfe, 0x6c, 0x60,
    0x8,

    /* U+65B0 "新" */
    0x0, 0xff, 0xf1, 0x23, 0x90, 0x7, 0xff, 0x57,
    0x2e, 0x34, 0x80, 0x3f, 0xf8, 0x82, 0xf9, 0x66,
    0x1, 0xfe, 0x43, 0x0, 0xa4, 0x3, 0xff, 0x82,
    0x2b, 0x5d, 0x6, 0x9a, 0x20, 0x1f, 0xce, 0x1,
    0x90, 0x80, 0x3f, 0xb, 0x4e, 0xf5, 0x28, 0x6,
    0x17, 0x0, 0xc7, 0x7d, 0xfe, 0xc0, 0xe, 0xdf,
    0xf7, 0x59, 0x80, 0x13, 0xa5, 0x88, 0x3, 0xf1,
    0x80, 0x6c, 0x41, 0x0, 0xff, 0x85, 0x30, 0x1,
    0x40, 0x1f, 0xf2, 0xa8, 0x2, 0x10, 0xf, 0xfe,
    0x28, 0x90, 0x80, 0x7e, 0x47, 0xba, 0x0, 0xc2,
    0x80, 0x1f, 0xfc, 0x34, 0x16, 0x0, 0xe7, 0xad,
    0xfb, 0x84, 0x0, 0xf5, 0xda, 0x1d, 0x54, 0xef,
    0xca, 0x4d, 0x17, 0x60, 0xf, 0xa1, 0x48, 0x3,
    0xfe, 0x41, 0x65, 0x56, 0x44, 0x5a, 0xa4, 0xc6,
    0x80, 0x1f, 0xfc, 0xb8, 0x10, 0x7, 0x0, 0x56,
    0x1, 0x78, 0x7, 0xff, 0x31, 0x0, 0x21, 0x0,
    0x20, 0x80, 0x44, 0x1, 0xff, 0xca, 0x26, 0x60,
    0x4, 0x2e, 0xe9, 0x0, 0xc6, 0xc2, 0x1, 0xf0,
    0x8f, 0xc0, 0x1c, 0xbb, 0x26, 0x1, 0x2c, 0x40,
    0x80, 0x32, 0xcf, 0x20, 0x7, 0xbb, 0xbe, 0xff,
    0x59, 0x7, 0x0, 0x7f, 0xf1, 0x7c, 0x3, 0xff,
    0x86, 0x9c, 0x4, 0x1, 0xff, 0xc5, 0x20, 0xf,
    0xfe, 0x21, 0x4, 0x28, 0x80, 0x7f, 0xf0, 0x45,
    0x60, 0x3, 0xff, 0x88, 0x40, 0x35, 0xdf, 0xf8,
    0xc0, 0x36, 0x7f, 0xdd, 0x42, 0x1, 0xff, 0xc3,
    0x3e, 0x0, 0xff, 0xe7, 0x7f, 0xa0, 0x3, 0xf,
    0xe1, 0x0, 0xa, 0x2a, 0xee, 0x30, 0xd, 0xf7,
    0x52, 0xc0, 0x1f, 0x8, 0x7, 0xff, 0x0, 0xb5,
    0xd5, 0x12, 0x0, 0xe3, 0x45, 0x69, 0xa0, 0xf,
    0xfe, 0x3a, 0x0, 0x7f, 0xf1, 0x14, 0x4, 0x3,
    0xff, 0x8a, 0x40, 0x1f, 0xfc, 0x43, 0x0, 0xf1,
    0x80, 0x7f, 0xf0, 0x12, 0x4c, 0x47, 0x0, 0x78,
    0x44, 0x4b, 0xc0, 0x60, 0x1f, 0xfc, 0x66, 0xce,
    0xec, 0x60, 0x1b, 0x3b, 0x9b, 0x44, 0x2, 0x1,
    0x84, 0x3, 0xff, 0x84, 0x37, 0x8a, 0x1, 0xf3,
    0x7f, 0x90, 0x1, 0xc0, 0x19, 0xc0, 0x3f, 0xf8,
    0x54, 0x87, 0x42, 0x1, 0xe8, 0x0, 0x58, 0x81,
    0x0, 0x61, 0x0, 0xff, 0xe0, 0x92, 0x0, 0x46,
    0x1, 0xfe, 0x90, 0x40, 0xc, 0x40, 0x1f, 0xfc,
    0x1, 0xf0, 0x8, 0x48, 0x3, 0xcc, 0x1, 0x2a,
    0x0, 0x77, 0x0, 0x7f, 0xf0, 0x18, 0x80, 0x27,
    0x0, 0xfa, 0x4, 0x0, 0x38, 0x1, 0xc4, 0x1,
    0xff, 0xc0, 0x50, 0x8, 0xa0, 0x3, 0xf6, 0x2b,
    0x6b, 0x0, 0x72, 0x80, 0x7f, 0xf0, 0xb, 0x15,
    0xf4, 0x18, 0x80, 0x30, 0x81, 0x54, 0xa8, 0x80,
    0x62, 0x10, 0xf, 0xfe, 0x9, 0xd4, 0xf, 0xc8,
    0x80, 0x63, 0x0, 0xdc, 0x1, 0xca, 0x1, 0xff,
    0xc5, 0x51, 0x0, 0xe1, 0x10, 0x6, 0x91, 0x0,
    0x86, 0x40, 0x21, 0x0, 0xff, 0xe0, 0xb0, 0x7,
    0xac, 0x3, 0x8f, 0xd4, 0xf, 0x4, 0x2, 0x30,
    0xc, 0x60, 0x1f, 0x8a, 0x88, 0x5, 0x75, 0x40,
    0x3c, 0x35, 0xf8, 0x40, 0x19, 0x0, 0x32, 0x0,
    0x7f, 0x2e, 0xff, 0x51, 0x0, 0x7f, 0xf1, 0x6,
    0x88, 0x12, 0x0, 0x20,

    /* U+65E5 "日" */
    0x0, 0x2c, 0x47, 0xff, 0x29, 0x84, 0x7, 0xa9,
    0xdf, 0xff, 0x95, 0x3c, 0x6c, 0x20, 0x1f, 0xfc,
    0xd8, 0xe0, 0xf, 0xfe, 0x73, 0x18, 0x7, 0xff,
    0x38, 0xc0, 0x3f, 0xfa, 0xdd, 0xff, 0xff, 0xc2,
    0xd0, 0xf, 0xfe, 0x79, 0x80, 0x7f, 0xff, 0xc0,
    0x3f, 0xff, 0xe0, 0xe, 0xff, 0xff, 0xe1, 0x70,
    0x7, 0xff, 0xfc, 0x3, 0xff, 0xca, 0xce, 0xff,
    0xfc, 0x26, 0x0, 0xff, 0xe0, 0x44, 0x7f, 0xf1,
    0x0, 0x3f, 0xff, 0xe0, 0x1f, 0xff, 0xf0, 0xf,
    0xfe, 0x97, 0x7f, 0xff, 0xf0, 0xb8, 0x3, 0xff,
    0xfe, 0x1, 0xff, 0xdf, 0x20, 0xe, 0x55, 0xff,
    0xe2, 0x0, 0x71, 0x60, 0x6, 0x1a, 0xaf, 0xfe,
    0x20, 0x80, 0x64, 0x44, 0x8, 0x1d, 0x0, 0x7f,
    0xf1, 0x28, 0xc0, 0x5a, 0x0,

    /* U+65F6 "时" */
    0x0, 0xff, 0xe8, 0x19, 0x0, 0x7f, 0xf4, 0xd3,
    0xf3, 0x6c, 0x3, 0xff, 0xa5, 0x0, 0x12, 0x28,
    0x6, 0x49, 0xbb, 0xfd, 0x28, 0x1, 0xff, 0xc1,
    0x30, 0xd, 0xa0, 0x12, 0xdb, 0x22, 0x7e, 0x6b,
    0x50, 0xf, 0xfe, 0x28, 0x80, 0x52, 0x1, 0xff,
    0xc0, 0x90, 0xf, 0xfe, 0x49, 0x0, 0x7f, 0xf0,
    0x8, 0x3, 0xff, 0xb2, 0xf9, 0xbb, 0xf7, 0x0,
    0x73, 0x64, 0x0, 0x7a, 0x73, 0x12, 0x1, 0xe8,
    0x81, 0x91, 0x7c, 0x20, 0x1e, 0x37, 0xa0, 0xe,
    0x53, 0x32, 0x80, 0x79, 0x0, 0x3f, 0xf8, 0xc8,
    0x1, 0xff, 0xe6, 0x90, 0xf, 0xfe, 0x34, 0x80,
    0x7f, 0xf0, 0xd7, 0x1d, 0x9b, 0xe5, 0x0, 0xe2,
    0x7b, 0x70, 0xe, 0x70, 0xf, 0xf1, 0xc4, 0xcf,
    0xd4, 0x1, 0xc9, 0x8, 0x1, 0xeb, 0xff, 0x60,
    0x7, 0xff, 0x7c, 0x5d, 0x80, 0x3f, 0xfa, 0x69,
    0xd1, 0x36, 0x1, 0xff, 0xd2, 0xa0, 0x9, 0x24,
    0x3, 0xff, 0x8c, 0x46, 0x62, 0x0, 0xf8, 0x40,
    0x33, 0x20, 0x7, 0xff, 0x17, 0xb3, 0x1c, 0x1,
    0xf4, 0x0, 0x75, 0x8, 0x7, 0xff, 0x3d, 0xcc,
    0x3, 0xd, 0x0, 0x7f, 0xf4, 0x3c, 0x3, 0x91,
    0x80, 0x3f, 0xf9, 0xe6, 0xe0, 0x1d, 0xa0, 0x1f,
    0xfd, 0x8, 0x20, 0x9, 0x28, 0x3, 0xff, 0x86,
    0xc2, 0x27, 0x0, 0xff, 0x48, 0x1d, 0x58, 0x80,
    0x7f, 0xf0, 0xeb, 0xb9, 0x60, 0x1f, 0xe4, 0xfc,
    0x50, 0xf, 0xff, 0x81, 0x0, 0x7f, 0xf5, 0xa8,
    0x3, 0xff, 0x9c, 0x46, 0x7c, 0xb4, 0xc0, 0x1f,
    0xfc, 0x51, 0x0, 0x88, 0x3, 0x7e, 0x67, 0x52,
    0x80, 0x7e, 0x57, 0x87, 0xa0, 0xf, 0xeb, 0x0,
    0x88, 0x80, 0x1f, 0xfc, 0x2c, 0xa8, 0x78, 0x50,
    0xe, 0xe0, 0x9, 0xe9, 0x9f, 0x0, 0x3f, 0xf8,
    0x46, 0x60, 0xf, 0xf2, 0x80, 0x65, 0x98, 0x10,
    0xf, 0xfe, 0x13, 0x80, 0x7f, 0x8c, 0xc0, 0x1f,
    0xfc, 0xa5, 0x0, 0xfe, 0x3e, 0x0, 0xff, 0xe5,
    0x8d, 0x98, 0x6, 0x25, 0xcc, 0x10, 0x7, 0xff,
    0x31, 0x33, 0xff, 0x6d, 0x18, 0x7, 0x80,

    /* U+663E "显" */
    0x0, 0xf0, 0xd7, 0x7f, 0xff, 0xf2, 0x36, 0x84,
    0x3, 0xff, 0x81, 0xaa, 0x20, 0x1f, 0xfc, 0x82,
    0x5a, 0x0, 0xff, 0x84, 0xc0, 0x3f, 0xf9, 0x88,
    0x1, 0xff, 0x18, 0x7, 0xff, 0x38, 0x80, 0x3f,
    0xc2, 0x1, 0xd3, 0x99, 0xff, 0xc2, 0x50, 0xf,
    0xfe, 0x51, 0x19, 0xff, 0xf0, 0x88, 0x3, 0xff,
    0x95, 0x5d, 0xdf, 0xfc, 0x27, 0x0, 0xff, 0xe5,
    0x8, 0xff, 0xf0, 0xc0, 0x3f, 0xff, 0xe0, 0x1f,
    0xfc, 0xcb, 0xff, 0xff, 0xe1, 0x30, 0x7, 0xff,
    0x28, 0x8b, 0xff, 0x86, 0x60, 0x1f, 0xfc, 0x41,
    0x0, 0xe9, 0xdd, 0xff, 0xe1, 0x28, 0x7, 0xff,
    0x10, 0xc0, 0x3f, 0xf9, 0xc4, 0x1, 0xfe, 0x12,
    0x0, 0xff, 0xe6, 0x18, 0x7, 0xff, 0x3, 0xcc,
    0x3, 0xff, 0x94, 0x9c, 0x1, 0xff, 0xc0, 0x2c,
    0xfe, 0xef, 0xfe, 0x3f, 0xfa, 0xc8, 0x3, 0xff,
    0x80, 0x4c, 0x2, 0x31, 0xd6, 0x58, 0x8, 0xe2,
    0xdf, 0xb0, 0x11, 0x0, 0x7f, 0xf0, 0xe7, 0x64,
    0xc0, 0x2f, 0x42, 0x5a, 0x0, 0xdc, 0x62, 0xb6,
    0x1, 0xa2, 0xdc, 0x3, 0xf9, 0x98, 0x0, 0x80,
    0x0, 0x90, 0x4, 0x80, 0x11, 0x10, 0x2, 0x40,
    0x9, 0xdc, 0x91, 0x0, 0xf, 0xdc, 0x1, 0x21,
    0x81, 0x80, 0x7e, 0x10, 0xc, 0x20, 0x1, 0x80,
    0x9, 0x0, 0x3f, 0x68, 0x6, 0x80, 0x10, 0xe,
    0x10, 0xf, 0xf4, 0x0, 0x65, 0x0, 0xfc, 0xa2,
    0x1, 0x21, 0x80, 0x7f, 0xf1, 0x9, 0x80, 0x35,
    0x80, 0x7f, 0x30, 0x6, 0x90, 0xf, 0xfe, 0x22,
    0x80, 0x66, 0x20, 0xf, 0xe9, 0x0, 0xc6, 0x1,
    0xff, 0xc4, 0x10, 0x8, 0xa4, 0x3, 0xfc, 0x2c,
    0x29, 0x52, 0x1, 0xff, 0xc4, 0x65, 0x4, 0xc0,
    0xf, 0xfe, 0x4, 0xf5, 0xa8, 0x7, 0xff, 0x1a,
    0xbe, 0xc4, 0x3, 0xf0, 0xa2, 0xaf, 0xc8, 0x1,
    0xce, 0xaa, 0x40, 0xe, 0x55, 0xfc, 0x82, 0x1,
    0x2f, 0x5d, 0x57, 0xd0, 0x1, 0xd3, 0x54, 0x80,
    0xe, 0xaa, 0xfd, 0x7c, 0xa0, 0xb, 0x0, 0xff,
    0xeb, 0x58, 0x0, 0x40, 0x3f, 0xfa, 0xc2, 0x0,
    0x30, 0xf, 0xfe, 0xb1, 0x80, 0x35, 0x44, 0x3,
    0xff, 0xa4, 0x2b, 0xa0,

    /* U+6682 "暂" */
    0x0, 0xff, 0xef, 0x47, 0xf3, 0x80, 0x7f, 0xf1,
    0xcd, 0xea, 0x84, 0x1, 0x8d, 0x5a, 0x1c, 0x6,
    0x3a, 0x15, 0x72, 0x8, 0x6, 0x25, 0x78, 0xad,
    0xfc, 0x85, 0x56, 0x0, 0x59, 0x8a, 0x97, 0x0,
    0xc2, 0xf5, 0x5a, 0xf9, 0xc0, 0x17, 0xb5, 0xe,
    0xa4, 0x1, 0xc2, 0x20, 0x23, 0x0, 0xff, 0xe2,
    0x48, 0x3a, 0x0, 0x7f, 0xc8, 0x20, 0x60, 0x1f,
    0xfc, 0x54, 0xc, 0x0, 0xfc, 0x28, 0xf7, 0x60,
    0x0, 0xe3, 0x0, 0x79, 0x57, 0xcc, 0xf5, 0x40,
    0x70, 0xc, 0xd5, 0x9f, 0xd7, 0x8, 0x1, 0x8c,
    0x40, 0x30, 0xec, 0x3, 0xb6, 0x54, 0xc2, 0x80,
    0x7d, 0xa, 0x60, 0x1f, 0xce, 0xe0, 0xd, 0xa5,
    0xa, 0x47, 0x24, 0x1, 0xfe, 0x44, 0xf8, 0xc4,
    0x0, 0x30, 0x1, 0xd9, 0xea, 0x1, 0xb7, 0xb9,
    0x66, 0x1, 0xea, 0xbb, 0xf6, 0x76, 0x8, 0x98,
    0x3, 0xff, 0x82, 0x22, 0x4d, 0x1, 0x0, 0xff,
    0xe0, 0x9b, 0x84, 0x8, 0x7, 0xff, 0xc, 0x40,
    0xc0, 0x3f, 0xf8, 0x46, 0x3, 0x20, 0x1f, 0xfc,
    0x38, 0x1, 0x0, 0xff, 0xe0, 0xb, 0xa8, 0x1,
    0xf3, 0x3c, 0x40, 0x1a, 0x73, 0x7d, 0xcc, 0x3,
    0x27, 0xf8, 0x40, 0x37, 0x72, 0x0, 0x31, 0x98,
    0x85, 0xd8, 0x3, 0xaa, 0x2c, 0x81, 0x0, 0x31,
    0x0, 0x7f, 0xf0, 0xe, 0xff, 0xdd, 0xb7, 0x44,
    0x1, 0x8d, 0x1b, 0x2, 0xc0, 0x37, 0x0, 0x7f,
    0xf0, 0x35, 0x0, 0x3f, 0xf8, 0x42, 0xe6, 0x1,
    0x8c, 0x3, 0xff, 0x80, 0x20, 0x1f, 0xfc, 0x48,
    0x0, 0xe5, 0x0, 0xf8, 0x40, 0x33, 0x80, 0x70,
    0x98, 0x7, 0x4e, 0xff, 0x84, 0x3, 0x18, 0x80,
    0xc, 0x3, 0xfa, 0x3b, 0x37, 0xbf, 0xb1, 0x80,
    0x33, 0x10, 0x3, 0x4, 0x0, 0x3e, 0x1, 0x20,
    0x4, 0x80, 0x1e, 0x13, 0x21, 0x0, 0xa1, 0xd5,
    0xb0, 0x3, 0x17, 0x44, 0x3c, 0xc0, 0x29, 0x62,
    0x5a, 0x0, 0xff, 0x88, 0xd7, 0x3b, 0x5d, 0x13,
    0xc6, 0x65, 0x44, 0xea, 0xda, 0x10, 0xf, 0xe3,
    0xed, 0xcb, 0xbf, 0xfe, 0x3e, 0x7a, 0x80, 0x7f,
    0xb8, 0x40, 0x3f, 0xf9, 0x74, 0x20, 0x1f, 0x84,
    0x80, 0x3f, 0xf9, 0xa4, 0x1, 0xf8, 0xc0, 0x38,
    0x8b, 0xff, 0x88, 0x1, 0xce, 0x1, 0xff, 0xc2,
    0xef, 0xff, 0xfe, 0x14, 0x80, 0x7f, 0xf2, 0x33,
    0x77, 0xff, 0x85, 0x60, 0x1f, 0xff, 0xf0, 0xf,
    0xfe, 0x2e, 0x6e, 0xff, 0xf0, 0xa8, 0x3, 0xff,
    0x91, 0xdd, 0xff, 0xc3, 0x80, 0xf, 0xfe, 0x41,
    0x19, 0xff, 0xf0, 0x88, 0x3, 0xff, 0xcc, 0x40,
    0x1f, 0xfc, 0xe7, 0x0, 0xfe, 0x20, 0xd, 0x57,
    0x7f, 0xfc, 0x29, 0x0, 0xc2, 0x60, 0x1f, 0xdc,
    0x60, 0x2e, 0xa8, 0x9f, 0xfc, 0x26, 0x60, 0x81,
    0x50, 0x7, 0x0,

    /* U+6700 "最" */
    0x0, 0xf8, 0xd5, 0x7f, 0xf8, 0xe8, 0x40, 0x1f,
    0xfc, 0x4, 0xec, 0xaa, 0xff, 0xe3, 0xde, 0xd0,
    0x7, 0xfd, 0x22, 0x1, 0xff, 0xca, 0x54, 0x0,
    0xff, 0x10, 0x7, 0xff, 0x33, 0x0, 0x3f, 0x84,
    0x3, 0xab, 0x77, 0xff, 0x84, 0x1, 0xc2, 0x1,
    0xff, 0xc3, 0xad, 0xdf, 0xfe, 0x10, 0x7, 0xff,
    0xfc, 0x3, 0xff, 0x8d, 0x37, 0x7f, 0xfc, 0x20,
    0xf, 0xfe, 0x4d, 0xc4, 0x7f, 0xf0, 0x80, 0x38,
    0x40, 0x3f, 0x84, 0x3, 0x88, 0xcf, 0xff, 0x84,
    0x1, 0xdc, 0x1, 0xfe, 0x70, 0xf, 0xfe, 0x58,
    0xb8, 0x7, 0xfa, 0x25, 0x51, 0x3f, 0xf9, 0xd,
    0x82, 0x1, 0xf1, 0xa2, 0xa8, 0xff, 0xbb, 0xff,
    0x91, 0x8e, 0xaa, 0x42, 0x0, 0x17, 0x65, 0xd5,
    0x7f, 0xf4, 0x2f, 0x68, 0x2c, 0x40, 0x3f, 0xfa,
    0x8a, 0x42, 0x1, 0xff, 0xd6, 0x39, 0x50, 0xf,
    0xfe, 0x99, 0x50, 0x8a, 0xbd, 0xc0, 0x33, 0x6e,
    0xc8, 0x1, 0x93, 0xfe, 0xdc, 0xcf, 0x5d, 0xb3,
    0x7f, 0x54, 0x3, 0xf9, 0xb7, 0x64, 0x0, 0xc2,
    0x11, 0xfb, 0x99, 0xeb, 0xb6, 0x6f, 0xc8, 0x7,
    0xff, 0x20, 0x9c, 0x3, 0xff, 0x82, 0xca, 0x1,
    0xff, 0xc7, 0x30, 0xf, 0xfe, 0x19, 0x80, 0x7f,
    0x24, 0x44, 0x60, 0x1c, 0x36, 0x80, 0x10, 0x8e,
    0x0, 0xf2, 0x80, 0x7f, 0x37, 0x74, 0x20, 0x1e,
    0x4e, 0x0, 0xab, 0xba, 0x60, 0xc, 0x26, 0x1,
    0xfc, 0x4c, 0xd1, 0x0, 0x7d, 0x0, 0x15, 0x8,
    0x1b, 0x0, 0x69, 0x0, 0xff, 0xe5, 0x30, 0x4,
    0x38, 0x5a, 0x1, 0x89, 0xc0, 0x3f, 0xf9, 0x52,
    0x1, 0x8b, 0x44, 0x3, 0x48, 0x7, 0xfc, 0xfd,
    0xd2, 0x80, 0x66, 0x20, 0x28, 0x0, 0xfe, 0x74,
    0x0, 0xf0, 0x80, 0x64, 0xba, 0xd5, 0x0, 0xc7,
    0x80, 0x7, 0x50, 0xf, 0x92, 0x0, 0x3a, 0x3d,
    0x80, 0x31, 0xaa, 0x18, 0x7, 0x84, 0x80, 0x18,
    0x1, 0xf2, 0x38, 0x6, 0x47, 0x0, 0xff, 0xe2,
    0x8a, 0x64, 0x80, 0x7e, 0x8e, 0x81, 0x2, 0x0,
    0xff, 0xe3, 0x6d, 0x98, 0x7, 0xf8, 0x5e, 0x41,
    0x40, 0x3f, 0xf8, 0x87, 0x20, 0x1f, 0xfc, 0x53,
    0xa4, 0x34, 0x67, 0x9a, 0xce, 0xf6, 0x0, 0xca,
    0xd8, 0x1, 0xcd, 0xf4, 0x20, 0x1d, 0x80, 0x5,
    0xbc, 0xb9, 0x86, 0x53, 0x10, 0xc0, 0xd, 0x80,
    0x4e, 0x0, 0x2a, 0x90, 0x5f, 0x60, 0x8, 0xd0,
    0x3, 0xff, 0x82, 0xac, 0x22, 0x75, 0x0, 0x45,
    0xee, 0x94, 0x2, 0x19, 0xfb, 0xb6, 0x0, 0x7f,
    0xf0, 0xe7, 0xb9, 0x0, 0x19, 0x8, 0x3, 0xf2,
    0x20, 0x2,

    /* U+672C "本" */
    0x0, 0xff, 0xf4, 0x96, 0x7f, 0xb0, 0x40, 0x3f,
    0xfa, 0x72, 0x60, 0x3, 0xb0, 0xf, 0xfe, 0x9a,
    0x80, 0x67, 0x0, 0xff, 0xe9, 0x88, 0x6, 0x30,
    0xf, 0xff, 0xf8, 0x7, 0xff, 0x15, 0x26, 0xab,
    0xfe, 0x0, 0xe1, 0xaa, 0xff, 0xa5, 0x40, 0x33,
    0x5b, 0x2a, 0xff, 0xc0, 0x1e, 0x55, 0xff, 0x9a,
    0xa0, 0x2, 0xa0, 0xf, 0xfe, 0xa3, 0x0, 0x42,
    0x1, 0xff, 0xd8, 0x40, 0xf, 0xfe, 0xa2, 0x0,
    0x52, 0xe4, 0x20, 0x1f, 0xfc, 0xe1, 0x26, 0xb0,
    0xd, 0x1b, 0xdf, 0xf8, 0x40, 0x31, 0x0, 0x78,
    0x40, 0x31, 0xff, 0xee, 0xd9, 0x10, 0xf, 0xf3,
    0x8, 0x6, 0xa0, 0xe, 0x17, 0x0, 0xc6, 0x80,
    0x1f, 0xfc, 0x5b, 0x0, 0xe6, 0x0, 0xf5, 0x0,
    0x74, 0x0, 0x7f, 0xf1, 0x14, 0x80, 0x32, 0x8,
    0x7, 0x8c, 0x80, 0x31, 0xa0, 0x7, 0xff, 0xe,
    0x0, 0x3b, 0xc0, 0x3f, 0x58, 0x7, 0x48, 0x7,
    0xff, 0xa, 0x8, 0x3, 0x12, 0x0, 0x7e, 0x60,
    0xe, 0x28, 0x0, 0xff, 0xe0, 0x13, 0x80, 0x74,
    0x0, 0x7f, 0x9c, 0x3, 0x9c, 0xc0, 0x3f, 0xee,
    0x0, 0xe2, 0x50, 0xf, 0xf4, 0x80, 0x7b, 0x80,
    0x3f, 0xce, 0x60, 0x1d, 0x0, 0x1f, 0xf0, 0xb8,
    0x7, 0x14, 0x80, 0x7e, 0x38, 0x0, 0xe4, 0x50,
    0xf, 0xfe, 0x4, 0x8, 0x7, 0x33, 0x0, 0x3e,
    0xe0, 0xe, 0x1a, 0x0, 0xff, 0xe1, 0x50, 0x7,
    0xa5, 0x0, 0x3a, 0xc8, 0x3, 0xa8, 0x40, 0x3f,
    0xf8, 0x48, 0xc0, 0x1e, 0xb5, 0x0, 0xa9, 0x0,
    0x3d, 0x3f, 0xfc, 0x1, 0xc3, 0xff, 0xc8, 0x1,
    0xf5, 0x80, 0x4a, 0x1, 0xf1, 0x0, 0x7f, 0xf1,
    0x8, 0x3, 0xe2, 0x0, 0x84, 0x3, 0xb, 0x80,
    0x7f, 0xf2, 0x18, 0x3, 0xa0, 0x2, 0x80, 0xd,
    0xba, 0x0, 0xff, 0xe4, 0x5b, 0x0, 0x50, 0x80,
    0x13, 0x38, 0x2, 0x8d, 0x48, 0x3, 0xff, 0x8c,
    0x85, 0x2a, 0xe, 0xe0, 0xe, 0x8c, 0xd5, 0x0,
    0x6c, 0xbb, 0x36, 0x0, 0xf3, 0x36, 0x7a, 0xb0,
    0x5, 0x7c, 0x0, 0x7c, 0x64, 0x1, 0x9a, 0x26,
    0x70, 0x7, 0xc, 0xce, 0x85, 0x0, 0xff, 0xff,
    0x80, 0x7f, 0xf3, 0x8, 0x3, 0x10, 0x7, 0xff,
    0x4d, 0x0, 0x32, 0x0, 0x7f, 0xf4, 0xe5, 0x44,
    0x4d, 0x0, 0x1f, 0xfc, 0x30,

    /* U+6A21 "模" */
    0x0, 0xff, 0xf0, 0xd7, 0xfa, 0x80, 0x3f, 0x27,
    0x7f, 0xb0, 0x40, 0x24, 0xef, 0xf6, 0x90, 0x7,
    0xf9, 0x94, 0x0, 0xaa, 0x0, 0xe1, 0x28, 0x10,
    0x1, 0xc1, 0x9d, 0x2, 0x0, 0x28, 0x20, 0xf,
    0xef, 0x0, 0xda, 0x1, 0xaf, 0xb4, 0xc0, 0x33,
    0x66, 0x46, 0x1, 0x97, 0x7e, 0x0, 0x3e, 0x30,
    0xc, 0x20, 0x13, 0x20, 0x7, 0xff, 0x1d, 0xcc,
    0x3, 0xff, 0xd2, 0xe6, 0x1, 0xff, 0xc7, 0x53,
    0x0, 0xca, 0xee, 0x0, 0xca, 0xc4, 0x3, 0x9b,
    0x64, 0x1, 0x96, 0xee, 0x20, 0xc, 0x99, 0xd4,
    0x1, 0xb2, 0xa0, 0x80, 0x31, 0xce, 0xa0, 0x0,
    0x92, 0x0, 0x21, 0x84, 0x4a, 0x0, 0x21, 0x83,
    0x10, 0xc, 0x86, 0x1, 0xfe, 0xe0, 0xc, 0x9b,
    0x76, 0xc3, 0x11, 0x93, 0x6e, 0xde, 0x60, 0x1e,
    0x10, 0xf, 0xf8, 0x40, 0x15, 0xfd, 0xb7, 0x6d,
    0xee, 0xed, 0xbb, 0x77, 0xc0, 0x7, 0x20, 0x80,
    0x7f, 0xb4, 0x21, 0x40, 0x3f, 0xf8, 0x8e, 0xa0,
    0x18, 0x71, 0x90, 0x3, 0x85, 0x25, 0x81, 0x0,
    0x3f, 0xf8, 0xd8, 0x1, 0xc5, 0x36, 0xa0, 0x19,
    0x2d, 0x80, 0x2, 0x1, 0x8d, 0x57, 0xf0, 0x80,
    0x63, 0x0, 0xfc, 0xc0, 0x19, 0x44, 0x3, 0xf3,
    0x11, 0x7e, 0x30, 0xc, 0x20, 0x1f, 0x8c, 0x3,
    0xa8, 0x3, 0xf2, 0xbb, 0xfe, 0x20, 0xf, 0xfe,
    0x2, 0x80, 0x79, 0x18, 0x3, 0xff, 0xa3, 0x80,
    0x1f, 0x49, 0x0, 0x7f, 0xf4, 0x1c, 0x3, 0xf7,
    0x80, 0x7a, 0xff, 0xff, 0x28, 0x7, 0xfc, 0xa2,
    0x1, 0xf8, 0x98, 0x3, 0xaf, 0xff, 0xf2, 0x80,
    0x61, 0x0, 0xf7, 0x0, 0x7f, 0xb1, 0x80, 0x3f,
    0xf8, 0xc4, 0x1, 0xc6, 0x80, 0x1e, 0x51, 0x0,
    0x77, 0x0, 0x3f, 0xf8, 0xd4, 0x1, 0xde, 0x1,
    0xf1, 0xe4, 0xea, 0x2d, 0xb2, 0x26, 0x0, 0xf2,
    0x26, 0x6c, 0x20, 0xc, 0xe6, 0x1, 0xf8, 0x98,
    0x80, 0x9, 0x37, 0x78, 0x80, 0x32, 0x5d, 0xe9,
    0x30, 0xc, 0x30, 0x1, 0xff, 0xc1, 0x58, 0x99,
    0xe2, 0x0, 0xcb, 0x33, 0xe7, 0x20, 0x1, 0x0,
    0x7f, 0xf0, 0x6e, 0x9d, 0x9b, 0x80, 0x38, 0x59,
    0xbd, 0x1a, 0x60, 0x64, 0x1, 0x20, 0x7, 0xe4,
    0x0, 0xff, 0xe4, 0xa0, 0x3, 0x10, 0x14, 0x40,
    0x3f, 0x10, 0x7, 0xff, 0x24, 0x80, 0x3, 0x73,
    0x20, 0xf, 0xef, 0x52, 0x11, 0x80, 0x3f, 0xe1,
    0x11, 0x1c, 0xa8, 0x6, 0x63, 0x0, 0xfe, 0x2a,
    0xde, 0xe3, 0x80, 0x7f, 0xc5, 0xdb, 0x8c, 0x1,
    0xff, 0xc7, 0x1b, 0x60, 0xe, 0x42, 0x0, 0xc7,
    0xa4, 0x1, 0xff, 0xc7, 0x49, 0xe4, 0x0, 0xe1,
    0xae, 0x0, 0xe2, 0xda, 0x30, 0xf, 0xfe, 0x18,
    0xed, 0xb0, 0x7, 0x87, 0x44, 0xe0, 0x3, 0xcb,
    0xa0, 0x1f, 0xfc, 0x37, 0x20, 0xf, 0x97, 0xcc,
    0x0, 0xec, 0x1, 0xe1, 0x0, 0xf8, 0x80, 0x37,
    0x0, 0x7f, 0x15, 0xd0, 0x80, 0x69, 0x70, 0xe,
    0x30, 0xf, 0xb0, 0x3, 0x18, 0x1, 0x88, 0x2,
    0x4a, 0xd4, 0x0, 0xfa, 0x31, 0x0, 0x28, 0x0,
    0xf9, 0x1c, 0x44, 0xe8, 0x1, 0x6e, 0x63, 0xed,
    0x40, 0x3f, 0xc7, 0x7f, 0xbe, 0x80,

    /* U+6D88 "消" */
    0x0, 0xff, 0xe5, 0x23, 0xb0, 0x7, 0xff, 0xd,
    0xe5, 0x40, 0x3f, 0xf8, 0x4f, 0x71, 0x3a, 0x1,
    0xff, 0xc1, 0xa8, 0x6a, 0xe6, 0x0, 0xe9, 0xda,
    0x10, 0xa, 0x40, 0x22, 0x50, 0x8, 0xee, 0xca,
    0x1, 0x8d, 0x40, 0x21, 0x9c, 0x20, 0x5, 0x31,
    0x2e, 0x80, 0x42, 0x1, 0x88, 0x0, 0x3a, 0x88,
    0xa8, 0x0, 0x90, 0x3, 0xc7, 0x80, 0x4, 0x0,
    0x8e, 0x40, 0x40, 0x3b, 0xc0, 0xe, 0x20, 0x12,
    0x80, 0x4c, 0x80, 0x1e, 0x11, 0x2, 0x80, 0x66,
    0x30, 0xf, 0xeb, 0x0, 0xcc, 0x1, 0xd, 0xd0,
    0x80, 0x67, 0x10, 0x80, 0xe, 0x40, 0xf, 0xc6,
    0x40, 0x1b, 0x40, 0x39, 0x7c, 0xc0, 0xd, 0x0,
    0x3, 0x40, 0xf, 0xfe, 0xa, 0x80, 0x61, 0x60,
    0xf, 0xe, 0x3c, 0x48, 0x6, 0xd0, 0x8, 0x54,
    0x3, 0xf2, 0x0, 0x6b, 0x0, 0xfe, 0x87, 0x0,
    0xe6, 0x76, 0x9f, 0x20, 0xf, 0xc5, 0x88, 0x74,
    0xa0, 0x1f, 0xfc, 0x58, 0x96, 0x10, 0xf, 0xf1,
    0xde, 0x28, 0x7, 0x2c, 0x30, 0x7, 0xf4, 0xf7,
    0xfe, 0xe0, 0xe, 0x7f, 0xfd, 0xd4, 0x20, 0x13,
    0x53, 0xcf, 0xc0, 0x80, 0x74, 0x30, 0x80, 0x7f,
    0xf0, 0xc5, 0x6c, 0x2, 0x80, 0xc, 0xfc, 0x60,
    0x19, 0x40, 0x3f, 0xf8, 0xea, 0x0, 0x31, 0x0,
    0xf6, 0x80, 0x63, 0x0, 0xff, 0xe5, 0x1b, 0x0,
    0x78, 0x48, 0x3, 0xff, 0x9f, 0x38, 0x40, 0x18,
    0x88, 0x1, 0xf9, 0xf7, 0x7f, 0xa0, 0x3, 0xf8,
    0xf5, 0x80, 0x3, 0xe0, 0x1f, 0xde, 0x45, 0xfe,
    0x0, 0xff, 0xa6, 0x93, 0x8, 0x3, 0xfa, 0xab,
    0xfd, 0x20, 0x1f, 0xfc, 0x5, 0xb2, 0x0, 0xff,
    0x12, 0xaf, 0xf1, 0x80, 0x7f, 0xff, 0xc0, 0x3f,
    0xe7, 0xa6, 0x0, 0xff, 0xea, 0x4c, 0x2c, 0xc8,
    0x3, 0xe8, 0xff, 0xfe, 0xa0, 0xf, 0xfe, 0x1,
    0xb0, 0x4, 0xc0, 0x1f, 0x78, 0x7, 0xf1, 0x80,
    0x7f, 0xf0, 0x20, 0x3, 0x10, 0x7, 0xcf, 0xff,
    0xfd, 0x20, 0x1f, 0xf1, 0xa0, 0x6, 0x50, 0xf,
    0xfe, 0x8f, 0x80, 0x75, 0x0, 0x7f, 0xf4, 0x14,
    0xc0, 0x32, 0x10, 0x7, 0xff, 0x42, 0xc0, 0x3a,
    0x0, 0x3f, 0x1b, 0x37, 0xf2, 0x0, 0x7f, 0x40,
    0x80, 0x63, 0x30, 0x7, 0xeb, 0x99, 0xfe, 0xe0,
    0xf, 0xe7, 0x0, 0xe8, 0x0, 0xff, 0xe3, 0x90,
    0x7, 0xe2, 0x0, 0xe3, 0x40, 0xf, 0xfe, 0x22,
    0xef, 0xc0, 0x7, 0xe2, 0x20, 0x6, 0x80, 0xf,
    0xfe, 0x20, 0xd1, 0x0, 0x78, 0x80, 0x36, 0x20,
    0x2, 0x10, 0x3, 0x8c, 0x3, 0x10, 0x7, 0x28,
    0x7, 0xe5, 0x0, 0xc3, 0x7d, 0xc7, 0x0, 0xf2,
    0x0, 0x64, 0x0, 0xe6, 0x0, 0xf9, 0x20, 0x3,
    0xc2, 0x20, 0xf, 0xa1, 0x40, 0xa8, 0x40, 0x38,
    0x9c, 0x40, 0x49, 0x6a, 0xc0, 0x3f, 0xf8, 0x83,
    0x5f, 0xaa, 0x1, 0xf4, 0x77, 0xf6, 0xd2, 0x80,
    0x60,

    /* U+7528 "用" */
    0x0, 0xff, 0xee, 0xcf, 0x7f, 0xff, 0xf3, 0x35,
    0x40, 0x3d, 0xc, 0x20, 0x1f, 0xfc, 0xc2, 0xa2,
    0x0, 0xe5, 0x0, 0xff, 0xe8, 0x20, 0x7, 0x18,
    0x7, 0xff, 0x43, 0x80, 0x3f, 0xfc, 0x2b, 0x99,
    0xca, 0x1, 0xd7, 0x99, 0xe0, 0xf, 0xfe, 0x21,
    0x9f, 0x88, 0x3, 0x94, 0xcf, 0xc0, 0x1f, 0xfe,
    0x73, 0x22, 0xe1, 0x0, 0xe5, 0x22, 0xe3, 0x0,
    0xff, 0xe2, 0x2e, 0xef, 0x30, 0x7, 0x5e, 0xef,
    0x60, 0x7, 0xff, 0xfc, 0x3, 0xff, 0xfe, 0x2,
    0x1, 0x9b, 0xff, 0x9c, 0x3, 0xbb, 0xff, 0xc0,
    0x1f, 0xfc, 0x41, 0x0, 0xff, 0xeb, 0x78, 0x7,
    0xff, 0x5b, 0x91, 0x38, 0x80, 0x39, 0x13, 0xe0,
    0xf, 0xf0, 0x80, 0x73, 0x5d, 0xf2, 0x80, 0x75,
    0x5d, 0xf8, 0x3, 0xfc, 0x40, 0x1f, 0xfd, 0x67,
    0x0, 0xff, 0xeb, 0x18, 0x7, 0xff, 0x5b, 0x80,
    0x3f, 0xfa, 0xc8, 0x1, 0x97, 0xff, 0xce, 0x1,
    0xdd, 0xff, 0xe0, 0xf, 0xf1, 0x0, 0x6d, 0x0,
    0xff, 0xe8, 0x20, 0x7, 0x18, 0x7, 0xff, 0x43,
    0x0, 0x39, 0x0, 0x3f, 0xfa, 0xa, 0x1, 0x8c,
    0x3, 0xff, 0x8a, 0x24, 0x60, 0x1f, 0x9c, 0x80,
    0x32, 0x0, 0x7f, 0xf0, 0xcf, 0x7b, 0x70, 0x3,
    0xb8, 0x6, 0x0, 0x3a, 0xc0, 0x3f, 0xf8, 0x7c,
    0x40, 0x1f, 0x88, 0xc, 0x3, 0x88, 0xc0, 0x3e,
    0xf0, 0xe, 0x10, 0x20, 0xf, 0xc2, 0x80, 0x46,
    0x1, 0xa4, 0x3, 0xf2, 0x0, 0x63, 0x0, 0x18,
    0x7, 0xc3, 0xa0, 0x16, 0xa0, 0xd, 0x20, 0x7,
    0xe3, 0x91, 0x4, 0xe0, 0x7, 0x20, 0x80, 0x91,
    0xc7, 0x98, 0x4, 0x37, 0xdc, 0x50, 0xf, 0xf3,
    0x77, 0xd9, 0x0, 0xa, 0xfb, 0xfb, 0x71, 0xc4,
    0x3, 0xc2, 0x1, 0xff, 0xd2,

    /* U+7559 "留" */
    0x0, 0xff, 0xf1, 0xa2, 0x0, 0x3f, 0xfa, 0x4b,
    0x5f, 0x77, 0x0, 0x7f, 0xf3, 0x49, 0xef, 0xe9,
    0x40, 0x24, 0x40, 0x0, 0xab, 0xbf, 0xff, 0xed,
    0x60, 0xc, 0x37, 0xb0, 0x80, 0x1f, 0x18, 0x3,
    0x94, 0x40, 0x3f, 0xe2, 0x94, 0x0, 0xad, 0x0,
    0x3f, 0xc6, 0x0, 0x30, 0xf, 0xfe, 0x1e, 0x80,
    0x4a, 0x1, 0xf1, 0xb5, 0x7a, 0x0, 0x10, 0x3,
    0xff, 0x86, 0x60, 0x1, 0x0, 0xe5, 0xcf, 0xc9,
    0x50, 0xd, 0x4e, 0x80, 0x1c, 0x46, 0x61, 0x0,
    0xc6, 0x1, 0xfb, 0xcc, 0x12, 0x54, 0x3, 0xc,
    0x58, 0x7, 0x66, 0x4a, 0x1, 0x84, 0x3, 0xfc,
    0xd6, 0xd4, 0xe0, 0x1c, 0x60, 0x18, 0x44, 0x0,
    0x70, 0xd, 0xe0, 0x1f, 0xea, 0x0, 0xa0, 0xc0,
    0x32, 0x0, 0x65, 0x0, 0x84, 0x3, 0x8, 0x7,
    0xf9, 0x80, 0x34, 0x0, 0x6a, 0x0, 0xc6, 0x1,
    0x18, 0x6, 0x30, 0x1, 0x80, 0x7c, 0x40, 0x19,
    0x8, 0x0, 0x84, 0x1, 0xac, 0x2, 0x10, 0xc,
    0xc0, 0x6, 0x0, 0xea, 0xf7, 0x0, 0xea, 0x0,
    0x48, 0x6, 0x23, 0x0, 0x10, 0x7, 0x8, 0x3,
    0x80, 0x3f, 0xf8, 0x28, 0x14, 0x40, 0x19, 0x44,
    0x68, 0x0, 0xe2, 0x4, 0x50, 0xf, 0xfe, 0x9,
    0x62, 0x80, 0x62, 0xe, 0xe9, 0x40, 0x31, 0x0,
    0xc, 0x3, 0xff, 0x86, 0x60, 0x1d, 0xd2, 0x1,
    0xf9, 0x0, 0xc, 0x20, 0x1f, 0x24, 0x38, 0x9c,
    0x58, 0x7, 0x39, 0x8a, 0x80, 0x7d, 0x40, 0x1,
    0xa0, 0x8, 0x9e, 0xfe, 0xde, 0x3b, 0x1d, 0x48,
    0x2, 0x78, 0x0, 0x60, 0x7, 0xa4, 0xc0, 0x24,
    0xa7, 0xed, 0x84, 0x0, 0xfd, 0x93, 0x2d, 0x80,
    0x9, 0xad, 0xd9, 0xeb, 0x58, 0x3, 0x96, 0x4,
    0x48, 0xab, 0xfc, 0x86, 0x67, 0x55, 0xe1, 0xdc,
    0xb5, 0x20, 0xf, 0xcb, 0xd7, 0x55, 0xff, 0xc9,
    0xcd, 0x10, 0xf, 0xd6, 0x1, 0xff, 0xcc, 0x28,
    0x0, 0xf8, 0x84, 0x3, 0xff, 0x9a, 0xa0, 0x1f,
    0x8, 0x7, 0xff, 0x38, 0x40, 0x3f, 0xf8, 0x31,
    0xff, 0xac, 0x3, 0xf, 0xfe, 0xe0, 0xf, 0xfe,
    0x3d, 0x5d, 0xe8, 0x0, 0xc3, 0x77, 0xa8, 0x3,
    0xff, 0x8e, 0x48, 0x98, 0xc0, 0x39, 0x13, 0x80,
    0x3f, 0xff, 0xe0, 0x1f, 0xfc, 0x26, 0xcc, 0xd0,
    0x1, 0xd9, 0x9a, 0xc0, 0x3f, 0xf8, 0xfc, 0x67,
    0xc0, 0x18, 0x4c, 0xf2, 0x80, 0x7f, 0xf1, 0xe3,
    0xff, 0x58, 0x6, 0x1f, 0xfd, 0xc0, 0x1f, 0xfe,
    0x41, 0x0, 0xff, 0xeb, 0x18, 0x7, 0xff, 0x39,
    0x80, 0x3e, 0x12, 0x0, 0xcb, 0x33, 0xff, 0xc3,
    0x0, 0xed, 0x0, 0xfd, 0xe6, 0x0, 0x4b, 0x66,
    0xff, 0xe1, 0xca, 0x11, 0xcb, 0x0, 0x40,

    /* U+793A "示" */
    0x0, 0xf0, 0x9a, 0x27, 0xff, 0x20, 0xc4, 0x3,
    0xfe, 0xae, 0xcb, 0xbf, 0xfe, 0x46, 0x74, 0x80,
    0x7f, 0x32, 0x80, 0x7f, 0xf3, 0x19, 0x0, 0x3f,
    0x70, 0x7, 0xff, 0x38, 0xc0, 0x3f, 0x68, 0x7,
    0xff, 0x38, 0xc0, 0x3f, 0x2a, 0x80, 0x3f, 0xf9,
    0x8c, 0x80, 0x1f, 0xd5, 0xd9, 0x9f, 0xfc, 0xae,
    0x90, 0xf, 0xf8, 0x4c, 0xff, 0xf9, 0x42, 0x1,
    0xff, 0xff, 0x0, 0xc5, 0x7f, 0xff, 0xfd, 0x2c,
    0x30, 0x7, 0x20, 0x7, 0xff, 0x48, 0xf4, 0x0,
    0x60, 0x1f, 0xfd, 0x41, 0x10, 0x8, 0x7, 0xff,
    0x54, 0x42, 0x0, 0x3f, 0xfa, 0x8e, 0x0, 0x6d,
    0x98, 0x8f, 0xf8, 0x3, 0xcd, 0x11, 0xfe, 0x9c,
    0x80, 0x8, 0x99, 0xdf, 0xfe, 0x20, 0xe, 0xa7,
    0x7f, 0xf3, 0x18, 0x7, 0xff, 0x48, 0x40, 0x3f,
    0xf8, 0xb, 0xdb, 0x24, 0x1, 0xff, 0xc4, 0x5e,
    0xe6, 0x90, 0x7, 0xfa, 0xc4, 0x9b, 0x5c, 0x3,
    0xff, 0x84, 0xf4, 0x20, 0x5e, 0x1, 0xfc, 0xc2,
    0x1, 0xa4, 0x3, 0xff, 0x85, 0x20, 0x18, 0xa0,
    0x3, 0xf5, 0x80, 0x72, 0x0, 0x7f, 0xf0, 0x9c,
    0x3, 0x9c, 0xc0, 0x3c, 0xe4, 0x1, 0xd2, 0x1,
    0xff, 0xc2, 0x80, 0xf, 0x70, 0x7, 0xc, 0x0,
    0x72, 0x98, 0x7, 0xff, 0x8, 0x5c, 0x3, 0x89,
    0xc0, 0x35, 0x80, 0x7a, 0x0, 0x3f, 0xf8, 0x92,
    0x1, 0xe9, 0x10, 0x2, 0xa8, 0x3, 0x98, 0x80,
    0x3f, 0xf8, 0x82, 0xe0, 0x1c, 0x2c, 0x5, 0x60,
    0x1c, 0x30, 0x1, 0xff, 0xc6, 0x90, 0xf, 0x58,
    0x8, 0x80, 0x3a, 0x4, 0x3, 0xff, 0x8c, 0x2c,
    0x1, 0xc2, 0x6, 0xe0, 0x19, 0x18, 0x3, 0xe3,
    0x0, 0xff, 0xe0, 0x58, 0x7, 0x28, 0x2, 0x1c,
    0x0, 0x34, 0x1, 0x3d, 0xd5, 0xe0, 0x80, 0x70,
    0x80, 0x78, 0x90, 0x0, 0x31, 0x0, 0xa, 0x2d,
    0xb0, 0x40, 0x28, 0x45, 0x43, 0x0, 0xf1, 0x80,
    0x7d, 0x57, 0xbc, 0xe0, 0x1c, 0x92, 0x40, 0x11,
    0x80, 0x7f, 0x88, 0x40, 0x3e, 0x14, 0x20, 0xf,
    0xfe, 0x64, 0x0, 0x7f, 0xf3, 0xc, 0x40, 0x3f,
    0x42, 0x80, 0x7f, 0xf3, 0x74, 0xc0, 0x2, 0x4b,
    0x3c, 0xe0, 0x1f, 0xfc, 0x40,

    /* U+7EDC "络" */
    0x0, 0xff, 0xf7, 0x2a, 0x80, 0x3f, 0xf9, 0x3,
    0x54, 0x50, 0xf, 0xf5, 0xd5, 0x38, 0x80, 0x3f,
    0xf8, 0xcc, 0xaa, 0xad, 0x20, 0xf, 0x95, 0x0,
    0x3, 0x0, 0x1f, 0xfc, 0x6a, 0x0, 0x8a, 0xc0,
    0x3c, 0x36, 0x1, 0x88, 0x44, 0x45, 0x80, 0x3f,
    0xe5, 0x20, 0xf, 0xfa, 0x84, 0x3, 0x3f, 0x73,
    0x77, 0x7e, 0xb8, 0x7, 0xe8, 0x0, 0xec, 0x0,
    0xe6, 0x40, 0xf, 0xfe, 0x9, 0x45, 0x0, 0x79,
    0x48, 0x3, 0x1a, 0x80, 0x63, 0x90, 0xf, 0xfe,
    0x23, 0x80, 0x7a, 0x0, 0x3b, 0xc0, 0x30, 0xe8,
    0x7, 0xff, 0x15, 0x80, 0x39, 0x88, 0x3, 0x39,
    0x80, 0x43, 0xa2, 0x1, 0xc2, 0x3e, 0x0, 0xf6,
    0x80, 0x61, 0x80, 0xc, 0x70, 0xa, 0x61, 0xa6,
    0x1, 0xeb, 0xee, 0xd4, 0x1, 0xc2, 0xc0, 0x1b,
    0x4, 0x3, 0x70, 0xed, 0x66, 0xc, 0x3, 0xea,
    0x20, 0x1, 0x50, 0x7, 0x58, 0x6, 0xa2, 0x0,
    0xd0, 0x34, 0x40, 0x3, 0x0, 0xfe, 0xc2, 0x3c,
    0x10, 0xc, 0xca, 0x1, 0x94, 0x3, 0xa3, 0x10,
    0x3, 0x2a, 0x80, 0x6, 0x1, 0x87, 0x30, 0x20,
    0x19, 0x24, 0x3, 0x8, 0x7, 0xff, 0x7, 0xab,
    0x32, 0x80, 0xc, 0x20, 0x1c, 0x76, 0x1, 0xc2,
    0x20, 0xf, 0xf9, 0x10, 0x6, 0x60, 0x76, 0x0,
    0xfc, 0x7a, 0x1, 0xf4, 0x0, 0x7f, 0x86, 0x80,
    0x39, 0x50, 0x3, 0xf0, 0xa0, 0x7, 0xcd, 0x48,
    0x90, 0x7, 0xa8, 0x40, 0x2, 0xdb, 0x44, 0x1,
    0xf8, 0xab, 0x58, 0x40, 0x39, 0x6e, 0xc0, 0x1e,
    0x84, 0x17, 0xce, 0x92, 0x0, 0xff, 0xe0, 0x14,
    0xf5, 0x90, 0x7, 0x42, 0x0, 0x65, 0x72, 0xa8,
    0x30, 0xf, 0xc6, 0x80, 0x1f, 0x93, 0x80, 0x34,
    0xb8, 0x7, 0x3f, 0xea, 0x0, 0x7e, 0x1a, 0xcb,
    0xb1, 0x0, 0x7c, 0x20, 0x15, 0x30, 0x7, 0x88,
    0x2, 0x10, 0xe, 0x29, 0xe5, 0x0, 0x26, 0xd2,
    0x0, 0x73, 0x80, 0x11, 0x40, 0x3f, 0xe7, 0x0,
    0xc2, 0xf9, 0x55, 0xef, 0x14, 0x0, 0x8a, 0x0,
    0x18, 0x1, 0xff, 0xc0, 0xa4, 0x10, 0x0, 0xaa,
    0xff, 0x90, 0x1, 0x5a, 0x40, 0xe, 0x0, 0xfe,
    0x15, 0xb3, 0xb2, 0x0, 0xff, 0xe2, 0x48, 0x6,
    0x70, 0xe, 0x15, 0x9c, 0xea, 0x40, 0xf, 0xfe,
    0x39, 0x0, 0x61, 0xa1, 0x38, 0xde, 0xa6, 0x30,
    0xf, 0xfe, 0x82, 0xf6, 0x39, 0x0, 0x4b, 0x34,
    0xc0, 0x1f, 0x4e, 0xef, 0x9c, 0x3, 0xff, 0x86,
    0x93, 0xf4, 0xcb, 0x2a, 0x1, 0xe2, 0x2f, 0xb8,
    0x3, 0xff, 0x80, 0x73, 0xd6, 0xc0, 0x1d, 0xe0,
    0x1f, 0xfc, 0xc4, 0xcc, 0x30, 0x80, 0x7d, 0xa0,
    0x1e, 0x9b, 0xbf, 0x80, 0x3f, 0x8a, 0xcc, 0x3,
    0xf9, 0x9c, 0x3, 0xc4, 0x89, 0xe2, 0x0, 0xfe,
    0x50, 0xf, 0xe6, 0xd9, 0x0, 0xff, 0xe6, 0x10,
    0x7, 0x86, 0x3a, 0x48, 0x3, 0xff, 0x9a, 0xa4,
    0x1, 0x1d, 0x73, 0x88, 0x7, 0x38, 0x7, 0xff,
    0x10, 0xc0, 0x3b, 0x66, 0x5b, 0x8a, 0x1, 0xfb,
    0x0, 0x35, 0xf7, 0x7a, 0x40, 0x32, 0x80, 0x79,
    0x98, 0x40, 0x1f, 0xe7, 0x50, 0x16, 0x41, 0x1f,
    0x33, 0x99, 0x9e, 0x0, 0x20,

    /* U+7F51 "网" */
    0x0, 0x9, 0xa2, 0x7f, 0xf3, 0x4c, 0x80, 0x33,
    0xf6, 0x5d, 0xff, 0xf3, 0x73, 0x78, 0xc0, 0xe0,
    0x3, 0xff, 0xa2, 0x3e, 0xa, 0x1, 0xff, 0xd3,
    0x30, 0x10, 0xf, 0xfe, 0xa0, 0x80, 0x7f, 0xf7,
    0x3b, 0xff, 0xff, 0x91, 0x0, 0x1f, 0xfc, 0x63,
    0x97, 0x10, 0xf, 0x34, 0x38, 0x80, 0x7f, 0xf1,
    0xcb, 0x1a, 0x34, 0x3, 0x92, 0x5e, 0x3c, 0x3,
    0xff, 0x8f, 0x40, 0x11, 0x88, 0x6, 0x30, 0x8,
    0x50, 0x3, 0xff, 0x84, 0x20, 0x11, 0x80, 0x7f,
    0x70, 0x7, 0xff, 0x1a, 0xbb, 0x8c, 0xc, 0x1,
    0xd9, 0xf4, 0x24, 0x1, 0x9c, 0x3, 0xff, 0x82,
    0x80, 0x32, 0xe4, 0x1, 0x14, 0x18, 0x2e, 0x28,
    0x6, 0x30, 0xf, 0xfe, 0x2c, 0x0, 0x67, 0x30,
    0x8, 0x84, 0x2, 0x20, 0xf, 0xfe, 0x11, 0x0,
    0x7e, 0xd9, 0x0, 0xfc, 0xe0, 0x1f, 0xfc, 0x2e,
    0x10, 0xf, 0x8c, 0xd4, 0x1, 0xf6, 0x80, 0x7f,
    0xf0, 0x8b, 0x40, 0x3e, 0x50, 0x56, 0x0, 0xf2,
    0x0, 0x7f, 0xf0, 0xce, 0x80, 0x3c, 0x60, 0x9,
    0x30, 0xe, 0x70, 0xf, 0xfe, 0x22, 0xa8, 0x3,
    0xa4, 0x2, 0xa0, 0xe, 0x90, 0xf, 0xfe, 0x5a,
    0x38, 0x3, 0xc0, 0x38, 0xa0, 0x3, 0xff, 0x88,
    0x80, 0x1e, 0x81, 0x4, 0x0, 0xf3, 0xf0, 0x7,
    0xff, 0x9, 0x4, 0x3, 0xe4, 0x32, 0x0, 0xf9,
    0x80, 0x3f, 0xf8, 0x5e, 0x1, 0xf9, 0xec, 0x3,
    0xff, 0x94, 0x68, 0x1, 0xc, 0x1, 0x59, 0x30,
    0x6, 0x40, 0x8, 0x80, 0x3f, 0xf8, 0x3e, 0x1,
    0x9d, 0xdf, 0xa8, 0xa2, 0x1, 0x25, 0x2, 0x65,
    0x0, 0x7f, 0xf0, 0x24, 0xc0, 0x35, 0x80, 0x43,
    0x60, 0x1b, 0xc7, 0xec, 0xc0, 0x3f, 0xf8, 0x2e,
    0x1, 0x8c, 0x80, 0x2d, 0x10, 0x8, 0x90, 0x3,
    0xff, 0x95, 0x0, 0x11, 0x98, 0x3, 0x40, 0x7,
    0xff, 0x29, 0x90, 0x2, 0x10, 0xc, 0x6a, 0x1,
    0xff, 0xc6, 0xc4, 0x28, 0x90, 0xc, 0x4e, 0x0,
    0x3d, 0x0, 0x2b, 0xbd, 0x40, 0x1c, 0x20, 0x1e,
    0x2b, 0xd7, 0x0, 0xf4, 0x6e, 0x60, 0x45, 0xd5,
    0x11, 0x10, 0x6, 0x10, 0xf, 0xfe, 0x31, 0x18,
    0x1, 0x84, 0x3, 0xf9, 0x0, 0x40, 0x38, 0x40,
    0x3f, 0xf8, 0x5e, 0x1, 0xfe, 0x90, 0x40, 0xc,
    0x80, 0x1f, 0xfc, 0x3c, 0x0, 0xfc, 0x34, 0x60,
    0x54, 0x40, 0x92, 0x1, 0xff, 0xc3, 0x49, 0x21,
    0x11, 0x1a, 0xc7, 0xa8, 0x4, 0xbb, 0xf6, 0x40,
    0x1f, 0xfc, 0x46, 0xde, 0xe6, 0xe5, 0x38, 0x80,
    0x40,

    /* U+7F6E "置" */
    0x0, 0xff, 0xed, 0x9e, 0x7f, 0xff, 0xf3, 0xb5,
    0x0, 0x3d, 0xc6, 0x1, 0xff, 0xce, 0x2b, 0x10,
    0xc, 0x44, 0x0, 0xff, 0xe8, 0xa8, 0x6, 0x10,
    0xe, 0x77, 0x84, 0x3, 0x2b, 0xb8, 0xc0, 0x31,
    0xbb, 0x94, 0x3, 0x88, 0x3, 0x38, 0x7, 0x4c,
    0x40, 0x80, 0x37, 0x44, 0x14, 0x3, 0x24, 0x43,
    0x80, 0x3f, 0xce, 0x1, 0xdd, 0xfe, 0x30, 0xd,
    0x7f, 0xe6, 0x0, 0xcf, 0xfe, 0xb0, 0xe, 0x30,
    0xc, 0x40, 0x1f, 0xfd, 0x26, 0x0, 0xc2, 0xc0,
    0x1f, 0xfd, 0x4, 0x30, 0xe, 0x9b, 0x76, 0x6f,
    0xe0, 0xe, 0x26, 0x6f, 0xe7, 0xab, 0x0, 0xf9,
    0x26, 0x23, 0xf8, 0x3, 0x92, 0x23, 0xfc, 0xa0,
    0x1c, 0x35, 0xfe, 0xee, 0xff, 0x0, 0x73, 0x77,
    0x7f, 0x7f, 0xb5, 0x40, 0x29, 0x50, 0xf, 0xfe,
    0x89, 0x50, 0x5, 0xe0, 0x1f, 0xfd, 0x31, 0x0,
    0x9d, 0xc6, 0x23, 0xfe, 0x0, 0xf0, 0x8f, 0xfc,
    0x4b, 0xa0, 0x1a, 0x33, 0xba, 0xca, 0xaf, 0x30,
    0x6, 0x1a, 0xaf, 0xd9, 0xdc, 0xda, 0x30, 0xf,
    0x8f, 0xb6, 0xef, 0xcc, 0x1, 0x86, 0xef, 0xf6,
    0xe8, 0xc0, 0x3f, 0xdc, 0x20, 0x1f, 0xfc, 0xa2,
    0xf0, 0xf, 0xf1, 0x0, 0x7f, 0xf3, 0xc, 0x3,
    0xf8, 0x40, 0x3b, 0x3b, 0xbf, 0xf8, 0x4e, 0x1,
    0xff, 0xc8, 0xce, 0xef, 0xfe, 0x13, 0x80, 0x7f,
    0xfb, 0x1e, 0x23, 0xff, 0x84, 0x80, 0x1f, 0xfc,
    0x81, 0xff, 0xff, 0xe1, 0x38, 0x7, 0xff, 0x21,
    0x9d, 0xff, 0xf8, 0x46, 0x1, 0xff, 0xec, 0xdf,
    0xff, 0xfe, 0x14, 0x0, 0x7f, 0xf2, 0x3a, 0xef,
    0xff, 0x85, 0x40, 0x1f, 0xfc, 0x83, 0x44, 0xff,
    0xe1, 0x10, 0x7, 0xff, 0x98, 0xc0, 0x3b, 0x7f,
    0xff, 0xf8, 0x50, 0x1, 0xc2, 0x1, 0xcd, 0xbf,
    0xa0, 0x1d, 0xbf, 0xff, 0xfc, 0x28, 0x0, 0xee,
    0xfe, 0x80, 0x29, 0x20, 0xf, 0xfe, 0x90, 0xba,
    0x18, 0x7, 0xff, 0x59, 0x87, 0x59, 0xc, 0xff,
    0xfa, 0x8, 0xd6, 0x40,

    /* U+89C2 "观" */
    0x0, 0xff, 0xe2, 0x8d, 0x77, 0xff, 0xff, 0x7,
    0xa4, 0x40, 0x31, 0xde, 0xf7, 0xff, 0xbb, 0x20,
    0x42, 0x94, 0x40, 0x3f, 0xf8, 0x22, 0xd6, 0x1,
    0xe, 0x21, 0x8, 0x7, 0x84, 0xde, 0x81, 0x0,
    0x3f, 0xf8, 0xa8, 0x1, 0x28, 0x7, 0xff, 0x5,
    0x8, 0x3, 0xff, 0x8c, 0x20, 0x13, 0x80, 0x7f,
    0xf2, 0x8, 0xcf, 0xe1, 0x0, 0xfc, 0x6a, 0x1,
    0xff, 0xc7, 0xcc, 0xfd, 0x0, 0x1f, 0xd5, 0xb5,
    0x5e, 0x30, 0xc, 0x40, 0x1f, 0xc6, 0xa4, 0x1,
    0xff, 0xc1, 0x25, 0x5f, 0x0, 0x73, 0x0, 0x7e,
    0x8c, 0xad, 0x40, 0xf, 0xfe, 0x39, 0x80, 0x62,
    0x0, 0xfc, 0xe0, 0x14, 0x0, 0x7f, 0xf0, 0x55,
    0x40, 0x11, 0x0, 0x77, 0x80, 0x7c, 0x40, 0x18,
    0x80, 0x3f, 0xf8, 0x19, 0x54, 0xc0, 0x3, 0x80,
    0x72, 0x80, 0x7c, 0x20, 0x18, 0x40, 0x3f, 0xe5,
    0x30, 0x1, 0xd8, 0x78, 0x7, 0x18, 0x7, 0xff,
    0x30, 0x40, 0x32, 0x3a, 0x0, 0x63, 0x0, 0xff,
    0xe0, 0x88, 0x7, 0xfc, 0x84, 0x1, 0xa0, 0x40,
    0x32, 0x0, 0x7e, 0x70, 0xf, 0xfe, 0x2f, 0x0,
    0x7f, 0xb0, 0x3, 0xf0, 0x80, 0x63, 0x0, 0xff,
    0xe0, 0x1b, 0x80, 0x7f, 0x20, 0x7, 0xe2, 0x0,
    0xc2, 0x1, 0xff, 0xc1, 0x82, 0x0, 0xf9, 0x0,
    0x3f, 0xb8, 0x3, 0x30, 0x7, 0xff, 0xb, 0x80,
    0x3e, 0xd0, 0x1, 0x80, 0x70, 0x90, 0x6, 0x20,
    0x30, 0xf, 0xfe, 0x1, 0xb0, 0x7, 0x94, 0x0,
    0x22, 0x0, 0x84, 0x10, 0x3, 0x68, 0x30, 0x6,
    0x20, 0xf, 0xda, 0x1, 0xe4, 0x0, 0xa4, 0x2,
    0x83, 0x0, 0xe4, 0x3, 0x40, 0xa, 0x0, 0x3f,
    0x68, 0x7, 0xa0, 0x80, 0xf, 0xb5, 0xad, 0x60,
    0x18, 0x4c, 0x1, 0x76, 0xad, 0x50, 0xf, 0x85,
    0x80, 0x3e, 0xe0, 0x8, 0x94, 0x81, 0x80, 0x30,
    0xed, 0x0, 0x11, 0x48, 0x3, 0xf3, 0x0, 0x7e,
    0x37, 0x0, 0xe6, 0x10, 0xf, 0x29, 0x80, 0x7f,
    0xf0, 0x24, 0x3, 0xfa, 0x40, 0x3a, 0x0, 0x3f,
    0x30, 0x7, 0xfc, 0xc2, 0x1, 0xfc, 0x24, 0x1,
    0x38, 0x80, 0x7e, 0x30, 0xf, 0xf0, 0xc0, 0x7,
    0x38, 0x7, 0x18, 0x0, 0xa0, 0x3, 0xff, 0x80,
    0xd7, 0x44, 0x1, 0xac, 0x40, 0x32, 0x41, 0x80,
    0x52, 0x20, 0xf, 0x0, 0xe2, 0x0, 0xfa, 0x51,
    0x78, 0x2, 0x95, 0x0, 0xe9, 0xf, 0x48, 0xe6,
    0x0, 0x61, 0x0, 0x66, 0x70, 0xf, 0x10, 0x4,
    0x60, 0x4, 0x60, 0xe, 0x62, 0x3, 0xb7, 0x10,
    0x3d, 0x30, 0xc, 0x52, 0x1, 0xf0, 0x80, 0x7b,
    0x0, 0x38, 0x60, 0x3, 0xcf, 0x84, 0x1, 0xdc,
    0x1, 0xee, 0x4, 0x0, 0x88, 0x1, 0x80, 0x1d,
    0x42, 0x1, 0xc9, 0x0, 0x1e, 0xa3, 0x3, 0x0,
    0xcf, 0xf0, 0x1, 0x38, 0x1, 0x1c, 0x2, 0x94,
    0x0, 0xf1, 0x80, 0x7a, 0x94, 0x1, 0xe0, 0x1f,
    0xef, 0x0, 0xa3, 0x27, 0x58, 0x3, 0xe4, 0x0,
    0xc5, 0x8a, 0x1, 0x38, 0x80, 0x7e, 0x35, 0x0,
    0xc6, 0xc4, 0x1, 0xf8, 0xe4, 0x89, 0x1a, 0x60,
    0x18, 0x71, 0x44, 0x3, 0x13, 0xe0, 0x7, 0xff,
    0x15, 0xb7, 0x4e, 0x1, 0xf1, 0x57, 0x7f, 0xed,
    0x80, 0x8,

    /* U+8A00 "言" */
    0x0, 0xff, 0xf4, 0x1d, 0x50, 0x80, 0x3f, 0xfa,
    0x6f, 0x8a, 0xad, 0x30, 0xf, 0xfe, 0x8b, 0x40,
    0x6, 0xe0, 0xf, 0xfe, 0x8a, 0x0, 0x71, 0x30,
    0x7, 0xff, 0x40, 0x94, 0x3, 0xa8, 0x3, 0xff,
    0x86, 0x2f, 0x35, 0x5f, 0xf3, 0x0, 0x71, 0xe5,
    0x57, 0xfa, 0x50, 0x1, 0x90, 0xca, 0xbf, 0xf1,
    0x80, 0x78, 0xd5, 0x7f, 0xcd, 0x6a, 0x44, 0x0,
    0xff, 0xea, 0xf9, 0x80, 0x7f, 0xf5, 0xb4, 0x6c,
    0xc4, 0x3, 0xff, 0xa2, 0x4e, 0xe0, 0x4c, 0xef,
    0xff, 0xfe, 0x8e, 0xc0, 0x7, 0xe2, 0x45, 0x5f,
    0xfe, 0x3a, 0x8, 0x7, 0xff, 0x2, 0x36, 0xea,
    0xbf, 0xf8, 0xf7, 0xcc, 0x1, 0xff, 0x38, 0x7,
    0xff, 0x2e, 0xc0, 0x3f, 0xe1, 0x0, 0xff, 0xe5,
    0xb0, 0x7, 0xfd, 0xa8, 0x20, 0x1f, 0xfc, 0x71,
    0x5a, 0x0, 0xff, 0x8e, 0xfb, 0xff, 0xff, 0x8f,
    0xd4, 0x20, 0x1f, 0xfc, 0x1, 0x34, 0x4f, 0xfe,
    0x39, 0x80, 0x7f, 0xf0, 0x5f, 0xb2, 0xef, 0xff,
    0x8f, 0x9e, 0xa0, 0x1f, 0xf4, 0x0, 0x7f, 0xf2,
    0xe0, 0x3, 0xff, 0xae, 0x20, 0x1f, 0xf5, 0x98,
    0x7, 0xff, 0x25, 0x38, 0x3, 0xfe, 0x4c, 0xff,
    0xff, 0xe4, 0xd9, 0x0, 0x7f, 0xf8, 0xd3, 0x3b,
    0xff, 0xff, 0x8f, 0xd6, 0x40, 0x1f, 0xe2, 0xb3,
    0x10, 0xf, 0xfe, 0x38, 0xa7, 0x80, 0x7f, 0x94,
    0x3, 0xff, 0x98, 0x46, 0x1, 0xfd, 0xc0, 0x1f,
    0xfc, 0xd7, 0x0, 0xff, 0xe1, 0xb3, 0x7f, 0xf0,
    0x8c, 0x3, 0x84, 0x3, 0xff, 0x84, 0x53, 0x3f,
    0xfc, 0x2a, 0x0, 0xff, 0xe4, 0x88, 0xff, 0xf0,
    0x80, 0x3f, 0xf9, 0x25, 0xdd, 0xff, 0xc2, 0x90,
    0xf, 0xff, 0xf8, 0x0, 0x40, 0x3f, 0x84, 0x3,
    0xff, 0x9a, 0xe0, 0x1f, 0xd6, 0x1, 0x86, 0x67,
    0xff, 0x84, 0xa0, 0x18, 0x8c, 0x3, 0xf8, 0xe0,
    0x40, 0xad, 0x9b, 0xff, 0x85, 0x6c, 0x44, 0x5f,
    0x0, 0xe0,

    /* U+8BA1 "计" */
    0x0, 0xff, 0xee, 0x9b, 0x18, 0x7, 0xff, 0x8,
    0xef, 0x71, 0x0, 0x3f, 0xf8, 0x2b, 0x93, 0x94,
    0x20, 0x1f, 0xf0, 0xe2, 0x11, 0xd9, 0x0, 0x7f,
    0xf0, 0x20, 0x2, 0x5c, 0x20, 0xf, 0xf2, 0x0,
    0x72, 0x0, 0x7f, 0xf1, 0x4b, 0x50, 0x3, 0xf8,
    0xc0, 0x3b, 0x80, 0x3f, 0xf8, 0x10, 0x1, 0xeb,
    0x40, 0xf, 0xc2, 0x1, 0xff, 0xc6, 0x59, 0x0,
    0xf6, 0x0, 0x7f, 0xf4, 0x1a, 0xc0, 0x31, 0x48,
    0x7, 0xff, 0x45, 0x30, 0x0, 0x98, 0x20, 0x1f,
    0xfd, 0x23, 0xdc, 0xb1, 0x0, 0xff, 0xea, 0x11,
    0x80, 0x7f, 0xfc, 0xda, 0xf7, 0x7b, 0x1c, 0x2,
    0x19, 0xcd, 0xde, 0x90, 0xe, 0x6d, 0xdd, 0x96,
    0xa0, 0xf2, 0x84, 0x5c, 0x71, 0x20, 0xc, 0x63,
    0x22, 0xe1, 0x0, 0xe1, 0x22, 0xc6, 0x94, 0xd6,
    0x1, 0xfc, 0xc0, 0x64, 0x1, 0xff, 0xc9, 0xd7,
    0x0, 0xff, 0x8, 0x7, 0xff, 0x33, 0x80, 0x3f,
    0xe3, 0x10, 0xf, 0xfe, 0x4e, 0x2e, 0x3b, 0x30,
    0x80, 0x3e, 0xd4, 0x10, 0xf, 0xfe, 0x29, 0x3b,
    0x80, 0xe2, 0x64, 0x80, 0x1f, 0x1d, 0xf7, 0xff,
    0x40, 0x7, 0x3f, 0xff, 0x6c, 0x0, 0x7f, 0xff,
    0xc0, 0x3f, 0xff, 0xe0, 0x1f, 0xff, 0xf0, 0x8,
    0xab, 0x60, 0x3, 0xff, 0xa9, 0x8a, 0x4f, 0x0,
    0x1f, 0xfd, 0x76, 0x0, 0xff, 0xe6, 0x98, 0x7,
    0xf1, 0x0, 0x7f, 0xf3, 0x50, 0x3, 0xf0, 0xf0,
    0x7, 0xff, 0x31, 0xc4, 0x3, 0xe2, 0xc2, 0x0,
    0xff, 0xe5, 0xac, 0x0, 0x7c, 0xda, 0x40, 0x1f,
    0xfc, 0xc1, 0x0, 0xfa, 0xa4, 0x3, 0xff, 0x9c,
    0x8c, 0x1, 0x8f, 0x54, 0x3, 0xf8, 0x40, 0x3f,
    0xf8, 0xd2, 0xa0, 0x6, 0xc2, 0x0, 0xff, 0x18,
    0x7, 0x70, 0x7, 0xff, 0x6, 0x92, 0xa4, 0x3,
    0xff, 0x80, 0x80, 0x1c, 0x80, 0x1f, 0xfc, 0x2b,
    0x50, 0xf, 0xfe, 0x8, 0xd9, 0x1, 0x51, 0x0,
    0x7e,

    /* U+8BBE "设" */
    0x0, 0xff, 0xf0, 0x21, 0x80, 0x7f, 0xf0, 0x4,
    0x8b, 0xe1, 0x0, 0xff, 0xe1, 0x6d, 0xe5, 0x88,
    0x7, 0xea, 0xfe, 0xdd, 0xfb, 0xbe, 0x80, 0x3f,
    0xe7, 0x20, 0x2, 0x79, 0x80, 0x79, 0xd4, 0x3,
    0xfe, 0x59, 0x0, 0xff, 0xe1, 0x8e, 0x20, 0x7,
    0x60, 0x7, 0xff, 0x5, 0x0, 0x3f, 0xcc, 0x20,
    0x1d, 0x66, 0x1, 0x98, 0x3, 0xff, 0x82, 0x60,
    0x1f, 0xe1, 0xc1, 0x0, 0xe9, 0x0, 0xff, 0xe3,
    0x8, 0x7, 0xfc, 0x58, 0x40, 0x1b, 0xc0, 0x31,
    0x0, 0x6a, 0xff, 0xa8, 0x3, 0xff, 0x8a, 0x5e,
    0x20, 0x34, 0xa0, 0x11, 0x80, 0x73, 0x0, 0x7f,
    0xf2, 0x8b, 0x27, 0xd4, 0x3, 0x50, 0x7, 0x18,
    0x7, 0xff, 0x2c, 0x98, 0x40, 0x31, 0xb0, 0x6,
    0x20, 0xc, 0x20, 0x1f, 0xfc, 0xd3, 0xd0, 0xe,
    0x50, 0xc, 0xe0, 0x1d, 0x2e, 0xa0, 0x1c, 0xd3,
    0x57, 0x6a, 0x70, 0xc, 0x98, 0x20, 0x1d, 0x40,
    0x18, 0x80, 0x39, 0xa2, 0xb4, 0x40, 0x15, 0x2c,
    0xa8, 0x85, 0x8d, 0x0, 0x8c, 0x3, 0xcc, 0x40,
    0x18, 0x48, 0x3, 0xe2, 0x80, 0x2, 0x80, 0x7c,
    0x46, 0x0, 0x50, 0xe, 0x39, 0x0, 0xf4, 0x0,
    0x7e, 0x20, 0x0, 0x80, 0x7e, 0x60, 0x1, 0x30,
    0x4, 0xf8, 0x1, 0xf2, 0xc8, 0x80, 0x4, 0x8d,
    0xe8, 0x1, 0x0, 0x1f, 0x8c, 0x2, 0x9c, 0xac,
    0xb3, 0x3f, 0x22, 0x45, 0x57, 0xbd, 0xb9, 0x2,
    0x0, 0x6e, 0xa9, 0x0, 0xfe, 0x1f, 0xac, 0xcf,
    0xd7, 0x7e, 0xde, 0x90, 0xf, 0xa, 0xb0, 0x80,
    0x7e, 0x83, 0x0, 0xff, 0xe2, 0xb, 0x30, 0x3,
    0xff, 0x8a, 0x40, 0x1f, 0xfc, 0x7e, 0x0, 0xff,
    0xe2, 0x98, 0x7, 0xff, 0x1f, 0x80, 0x3f, 0xf8,
    0xb0, 0xc2, 0x1, 0xff, 0xc5, 0x70, 0xf, 0xfe,
    0x34, 0xe8, 0x80, 0x23, 0xff, 0xd6, 0x1, 0xc8,
    0x20, 0x1f, 0xfc, 0x7a, 0x10, 0x4, 0x20, 0x6,
    0x1a, 0x0, 0xe8, 0x0, 0xff, 0xe1, 0xb5, 0x28,
    0x7, 0xd6, 0x60, 0x15, 0x8, 0x6, 0x53, 0x0,
    0xff, 0xe1, 0x44, 0xad, 0x30, 0x50, 0x7, 0x62,
    0x85, 0xa0, 0x6, 0x1b, 0x0, 0xff, 0xe1, 0x88,
    0x5, 0x40, 0x6c, 0x1, 0xd5, 0xc8, 0x1, 0xd4,
    0x20, 0x1f, 0xfc, 0x75, 0x0, 0x4a, 0x80, 0x70,
    0x80, 0x74, 0xa0, 0x7, 0xfc, 0x20, 0x1f, 0x14,
    0x0, 0x54, 0x80, 0x1f, 0xd0, 0xc0, 0x1f, 0xf2,
    0x0, 0x7c, 0x5e, 0x20, 0x2, 0x77, 0x0, 0x7f,
    0x71, 0x0, 0x7f, 0xd0, 0x1, 0xe3, 0xc2, 0x24,
    0x6e, 0xa0, 0xc0, 0x3f, 0x9b, 0x68, 0xc0, 0x3f,
    0x41, 0x80, 0x72, 0x60, 0xce, 0xb9, 0x0, 0x7f,
    0xf0, 0x97, 0x35, 0x80, 0x3d, 0x60, 0x1c, 0xb6,
    0xc, 0xc0, 0xf, 0xf0, 0x80, 0x7e, 0x29, 0x50,
    0xe, 0x3b, 0x0, 0x9e, 0x80, 0x1e, 0x1, 0xfc,
    0xfd, 0xc9, 0x10, 0xf, 0xda, 0x1, 0xe4, 0xb0,
    0x88, 0x0, 0x5c, 0x1, 0xe1, 0x8e, 0x81, 0x6,
    0xf7, 0x10, 0xf, 0x70, 0x7, 0xc9, 0xce, 0x1,
    0x9d, 0x0, 0x4, 0xd7, 0xce, 0x20, 0x18, 0x63,
    0xa9, 0x0, 0x23, 0x60, 0xf, 0xc2, 0x1, 0xeb,
    0xff, 0x6c, 0xa0, 0x7, 0xf9, 0x6f, 0xf7, 0x30,
    0x1, 0x0,

    /* U+8FDE "连" */
    0x0, 0xff, 0xf0, 0x33, 0x88, 0x7, 0xf9, 0x33,
    0x64, 0x80, 0x3f, 0xf8, 0xf9, 0x31, 0xe6, 0x1,
    0xf8, 0x6c, 0xc9, 0xb4, 0xc0, 0x3f, 0xf8, 0xaa,
    0x60, 0x1, 0xd2, 0x0, 0xfa, 0x40, 0x3a, 0xc0,
    0x3f, 0xf8, 0xa2, 0x1, 0x87, 0xc0, 0x27, 0xbd,
    0xd3, 0x80, 0x73, 0x6e, 0xff, 0x5b, 0x0, 0x79,
    0x8, 0x3, 0x15, 0x4, 0x41, 0x8, 0x80, 0x1e,
    0x12, 0x2f, 0xe4, 0x96, 0x0, 0xf7, 0x0, 0x72,
    0x99, 0x80, 0x3f, 0xf9, 0x5e, 0x1, 0xe3, 0x90,
    0xf, 0x18, 0x7, 0xff, 0x2b, 0xc0, 0x3e, 0x63,
    0x0, 0xd, 0x1c, 0x39, 0x80, 0x7c, 0x23, 0xfe,
    0x23, 0x86, 0x0, 0xfd, 0xcd, 0x3c, 0xa0, 0x8,
    0xc3, 0x0, 0xed, 0xee, 0x7d, 0x67, 0x77, 0x6e,
    0x38, 0x7, 0xf1, 0x4b, 0x0, 0x72, 0x18, 0x6,
    0x62, 0x8, 0xeb, 0xd9, 0x0, 0xff, 0xe6, 0x40,
    0x7, 0x40, 0xb, 0x80, 0x4c, 0x60, 0x1f, 0xfc,
    0xa5, 0x30, 0xc, 0xc0, 0x28, 0x1, 0xca, 0x22,
    0x0, 0xfc, 0x35, 0xdf, 0xfb, 0x10, 0x0, 0x54,
    0x1, 0xcd, 0xdc, 0xa0, 0xe, 0x9e, 0xe7, 0xf3,
    0x80, 0x74, 0x28, 0x80, 0x63, 0xb1, 0x2, 0x10,
    0xf, 0xfe, 0x30, 0xc1, 0x80, 0x65, 0x0, 0xfc,
    0xa0, 0x8, 0x0, 0xff, 0xe4, 0x28, 0x6, 0x50,
    0xf, 0xc4, 0x0, 0x64, 0x0, 0xff, 0xe3, 0xa8,
    0x6, 0x85, 0x0, 0xff, 0xb8, 0x3, 0xff, 0x8a,
    0x52, 0x60, 0x18, 0x6b, 0xfc, 0x20, 0x1f, 0x9f,
    0x37, 0x5d, 0xd7, 0xd0, 0x7, 0x47, 0xfd, 0xac,
    0x1, 0xff, 0xc6, 0x23, 0x22, 0x8, 0xc0, 0x20,
    0x1c, 0x20, 0x1f, 0xfc, 0xa5, 0x89, 0x9f, 0xbc,
    0x3, 0xaa, 0x67, 0x39, 0x80, 0x7f, 0xf0, 0xee,
    0x9d, 0x9b, 0xe4, 0x0, 0xe3, 0x66, 0xd1, 0x8e,
    0x1, 0xff, 0xc1, 0x14, 0x0, 0xff, 0xe5, 0x50,
    0x7, 0xff, 0x9c, 0x50, 0x3, 0xff, 0x95, 0x40,
    0x1f, 0xfc, 0x2b, 0xa7, 0x66, 0xf9, 0x0, 0x38,
    0xd9, 0xb3, 0xe3, 0x80, 0x7f, 0xf0, 0xd6, 0x26,
    0x7e, 0xf0, 0xe, 0xa9, 0x9d, 0x6, 0x1, 0xf2,
    0x8, 0x6, 0x10, 0xf, 0xf9, 0xc0, 0x38, 0xc0,
    0x3f, 0xe2, 0xcb, 0x0, 0xe8, 0x60, 0xf, 0xf1,
    0x88, 0x6, 0x40, 0xf, 0xf2, 0xe9, 0x80, 0x7d,
    0x3a, 0xc2, 0x1, 0xfa, 0x84, 0x6, 0x84, 0x3,
    0xf8, 0x68, 0x3, 0xfc, 0x53, 0xd9, 0x2e, 0xa8,
    0x67, 0x3e, 0xdd, 0x3, 0x31, 0xe6, 0xaf, 0x70,
    0x0, 0xe0, 0x1f, 0xfc, 0x23, 0x68, 0xab, 0xcc,
    0xeb, 0xb5, 0x4c, 0xa1, 0x95, 0x8, 0xcc, 0xa,
    0x1, 0xd1, 0x6e, 0x1, 0xff, 0xcf, 0x60, 0x38,
    0x0, 0x99, 0xd2, 0x35, 0x0, 0x3f, 0xf9, 0xa6,
    0x0, 0x7d, 0x79, 0x90, 0x4, 0x57, 0x63, 0x0,
    0xff, 0xe5, 0xa0, 0x4, 0x50, 0xc0, 0x1e, 0x4c,
    0xc4, 0x21, 0x0, 0x7f, 0xf1, 0x4e, 0x88, 0x3,
    0xff, 0x84, 0x6f, 0x7b, 0xfd, 0xb9, 0x77, 0xd9,
    0x96, 0xeb, 0xbf, 0xd8, 0xa0,

    /* U+95F4 "间" */
    0x0, 0xff, 0xed, 0x3e, 0x48, 0x80, 0x7f, 0xf4,
    0x9e, 0xd, 0xbc, 0x80, 0x24, 0xce, 0xff, 0xff,
    0xe2, 0xec, 0x88, 0x5, 0x40, 0x10, 0xe0, 0x81,
    0x59, 0x88, 0x7, 0xff, 0x14, 0x9a, 0xc0, 0x27,
    0x0, 0xc3, 0x40, 0xe0, 0x1f, 0xfc, 0xa5, 0x0,
    0xa0, 0x3, 0x91, 0xc, 0x1, 0xff, 0xcb, 0x10,
    0x1, 0x50, 0x7, 0x8e, 0x0, 0x3f, 0xf9, 0xca,
    0x80, 0x1, 0x94, 0x7, 0xfd, 0xdf, 0xfe, 0x19,
    0x80, 0x7f, 0xa5, 0xe7, 0x98, 0x3, 0x11, 0x7f,
    0xf0, 0xdc, 0x3, 0xfc, 0x50, 0xc0, 0x1f, 0xfd,
    0x11, 0x67, 0x30, 0xf, 0xfe, 0x91, 0x74, 0xc6,
    0x30, 0x6, 0x9d, 0xff, 0xff, 0x75, 0x8, 0x7,
    0xfa, 0x80, 0x35, 0x80, 0x52, 0xc4, 0x1, 0xfe,
    0x15, 0xd0, 0xf, 0xf1, 0x80, 0x62, 0x0, 0x9c,
    0x3, 0xff, 0x84, 0x62, 0x1, 0xff, 0xc6, 0x10,
    0xf, 0xfe, 0x19, 0x0, 0x7f, 0xf2, 0xe6, 0x7c,
    0x1, 0xff, 0xd0, 0x16, 0x6f, 0x8, 0x7, 0xff,
    0xc8, 0x7f, 0xfc, 0x20, 0x1f, 0xff, 0xf0, 0xf,
    0xff, 0x74, 0xcf, 0x80, 0x3f, 0xfa, 0x2, 0xcd,
    0xe1, 0x0, 0xff, 0xf9, 0xb, 0x37, 0x84, 0x3,
    0xff, 0xa1, 0x33, 0xe0, 0xf, 0xfe, 0x60, 0x80,
    0x7f, 0xf0, 0xc8, 0x3, 0xff, 0x8c, 0xe0, 0x1f,
    0xfc, 0x23, 0x10, 0xf, 0xfe, 0x34, 0xb1, 0x0,
    0x7f, 0x85, 0x74, 0x3, 0xff, 0x91, 0x3b, 0xff,
    0xfe, 0xea, 0x10, 0xf, 0xfe, 0xc2, 0xe2, 0x0,
    0x70, 0x80, 0x7f, 0xf3, 0x46, 0x8c, 0x3, 0x84,
    0x3, 0xff, 0x9c, 0x60, 0x1f, 0x38, 0x8, 0x6,
    0x10, 0xf, 0xfe, 0x39, 0x80, 0x78, 0xa0, 0x3c,
    0x3, 0x20, 0x7, 0xff, 0x1c, 0x5c, 0x40, 0x4e,
    0x34, 0x41, 0x5c, 0x41, 0x2c, 0x3, 0xff, 0x91,
    0x1d, 0xfd, 0x8e, 0x1, 0x0,

    /* U+97F3 "音" */
    0x0, 0xff, 0xf4, 0x93, 0xb0, 0x7, 0xff, 0x52,
    0xb6, 0x25, 0x80, 0x3f, 0xfa, 0x54, 0xa0, 0x14,
    0x0, 0x7f, 0xf4, 0x90, 0x3, 0xa, 0x80, 0x7f,
    0xf1, 0x46, 0x2f, 0x37, 0x7f, 0x8, 0x7, 0x56,
    0xef, 0xec, 0xa4, 0x0, 0xf6, 0xba, 0x19, 0x17,
    0xe0, 0xf, 0x88, 0xbf, 0x1a, 0xd9, 0x80, 0x71,
    0x80, 0x7f, 0xf4, 0x50, 0x3, 0x84, 0x3, 0xff,
    0xa2, 0x40, 0x1d, 0xa6, 0x1, 0xff, 0xce, 0x17,
    0x50, 0xe, 0x3c, 0xff, 0xd2, 0x40, 0x7d, 0xff,
    0xfc, 0x84, 0xb7, 0xff, 0xba, 0x0, 0x3f, 0xec,
    0x92, 0x3, 0xb0, 0xf, 0xc6, 0x84, 0xb7, 0x40,
    0x1f, 0xfc, 0x42, 0x0, 0xca, 0x40, 0x1f, 0x58,
    0x6, 0x54, 0x0, 0xff, 0xe1, 0xa0, 0x7, 0x28,
    0x7, 0x85, 0x40, 0x39, 0xc0, 0x3f, 0x26, 0xff,
    0xf2, 0x80, 0x74, 0x7f, 0xfb, 0x88, 0x3, 0xb3,
    0xff, 0x6a, 0x0, 0x2c, 0x80, 0x3f, 0xfa, 0x45,
    0x60, 0x20, 0x1f, 0xfd, 0x62, 0x12, 0x0, 0xff,
    0xea, 0x9, 0x7, 0xb1, 0x91, 0x7f, 0xf4, 0xd,
    0xb0, 0x0, 0x53, 0x9b, 0xbf, 0xfd, 0xc, 0x92,
    0x0, 0xfc, 0xae, 0xff, 0xfc, 0x86, 0x20, 0xf,
    0xf8, 0x7a, 0xa2, 0x3f, 0xf9, 0x13, 0xae, 0x1,
    0xfe, 0x91, 0x0, 0xff, 0xe5, 0xc0, 0x7, 0xf8,
    0xc0, 0x3f, 0xf9, 0xa6, 0x1, 0xfc, 0xe0, 0x1f,
    0xfd, 0xc3, 0xff, 0xff, 0xe1, 0x30, 0x7, 0xff,
    0x20, 0x47, 0xff, 0x86, 0x60, 0x1f, 0xfc, 0x82,
    0xee, 0xff, 0xe1, 0x28, 0x7, 0xff, 0xfc, 0x3,
    0xff, 0xd2, 0x7f, 0xff, 0xfc, 0x26, 0x0, 0xff,
    0xf6, 0x1f, 0xff, 0xff, 0x9, 0x80, 0x3f, 0xff,
    0xe0, 0x1f, 0xfc, 0x6, 0x0, 0xff, 0xe6, 0x88,
    0x7, 0xf6, 0x0, 0x61, 0x88, 0xff, 0xe1, 0x18,
    0x6, 0x22, 0x0, 0x7f, 0x33, 0x4, 0xa, 0xdd,
    0xff, 0xf8, 0x5c, 0x60, 0x3, 0xe0, 0xe
};


/*---------------------
 *  GLYPH DESCRIPTION
 *--------------------*/

static const lv_font_fmt_txt_glyph_dsc_t glyph_dsc[] = {
    {.bitmap_index = 0, .adv_w = 0, .box_w = 0, .box_h = 0, .ofs_x = 0, .ofs_y = 0} /* id = 0 reserved */,
    {.bitmap_index = 0, .adv_w = 139, .box_w = 0, .box_h = 0, .ofs_x = 0, .ofs_y = 0},
    {.bitmap_index = 0, .adv_w = 241, .box_w = 9, .box_h = 29, .ofs_x = 3, .ofs_y = -1},
    {.bitmap_index = 103, .adv_w = 384, .box_w = 18, .box_h = 15, .ofs_x = 3, .ofs_y = 15},
    {.bitmap_index = 207, .adv_w = 370, .box_w = 21, .box_h = 30, .ofs_x = 1, .ofs_y = -1},
    {.bitmap_index = 428, .adv_w = 370, .box_w = 20, .box_h = 37, .ofs_x = 1, .ofs_y = -5},
    {.bitmap_index = 664, .adv_w = 599, .box_w = 36, .box_h = 32, .ofs_x = 1, .ofs_y = -2},
    {.bitmap_index = 1061, .adv_w = 470, .box_w = 28, .box_h = 29, .ofs_x = 1, .ofs_y = -1},
    {.bitmap_index = 1333, .adv_w = 213, .box_w = 8, .box_h = 15, .ofs_x = 3, .ofs_y = 15},
    {.bitmap_index = 1383, .adv_w = 243, .box_w = 10, .box_h = 42, .ofs_x = 3, .ofs_y = -9},
    {.bitmap_index = 1533, .adv_w = 243, .box_w = 11, .box_h = 42, .ofs_x = 2, .ofs_y = -9},
    {.bitmap_index = 1682, .adv_w = 322, .box_w = 18, .box_h = 17, .ofs_x = 1, .ofs_y = 14},
    {.bitmap_index = 1790, .adv_w = 370, .box_w = 21, .box_h = 21, .ofs_x = 1, .ofs_y = 4},
    {.bitmap_index = 1875, .adv_w = 213, .box_w = 10, .box_h = 17, .ofs_x = 2, .ofs_y = -9},
    {.bitmap_index = 1946, .adv_w = 233, .box_w = 12, .box_h = 5, .ofs_x = 1, .ofs_y = 9},
    {.bitmap_index = 1968, .adv_w = 213, .box_w = 9, .box_h = 9, .ofs_x = 2, .ofs_y = -1},
    {.bitmap_index = 2001, .adv_w = 234, .box_w = 14, .box_h = 40, .ofs_x = 0, .ofs_y = -8},
    {.bitmap_index = 2171, .adv_w = 370, .box_w = 21, .box_h = 29, .ofs_x = 1, .ofs_y = -1},
    {.bitmap_index = 2368, .adv_w = 370, .box_w = 19, .box_h = 28, .ofs_x = 2, .ofs_y = 0},
    {.bitmap_index = 2458, .adv_w = 370, .box_w = 21, .box_h = 28, .ofs_x = 1, .ofs_y = 0},
    {.bitmap_index = 2640, .adv_w = 370, .box_w = 22, .box_h = 29, .ofs_x = 0, .ofs_y = -1},
    {.bitmap_index = 2842, .adv_w = 370, .box_w = 23, .box_h = 28, .ofs_x = 0, .ofs_y = 0},
    {.bitmap_index = 3005, .adv_w = 370, .box_w = 22, .box_h = 29, .ofs_x = 0, .ofs_y = -1},
    {.bitmap_index = 3198, .adv_w = 370, .box_w = 21, .box_h = 29, .ofs_x = 1, .ofs_y = -1},
    {.bitmap_index = 3407, .adv_w = 370, .box_w = 21, .box_h = 28, .ofs_x = 1, .ofs_y = 0},
    {.bitmap_index = 3571, .adv_w = 370, .box_w = 21, .box_h = 29, .ofs_x = 1, .ofs_y = -1},
    {.bitmap_index = 3791, .adv_w = 370, .box_w = 21, .box_h = 29, .ofs_x = 1, .ofs_y = -1},
    {.bitmap_index = 3998, .adv_w = 213, .box_w = 9, .box_h = 23, .ofs_x = 2, .ofs_y = -1},
    {.bitmap_index = 4068, .adv_w = 213, .box_w = 10, .box_h = 31, .ofs_x = 2, .ofs_y = -9},
    {.bitmap_index = 4179, .adv_w = 370, .box_w = 22, .box_h = 20, .ofs_x = 1, .ofs_y = 4},
    {.bitmap_index = 4321, .adv_w = 370, .box_w = 21, .box_h = 15, .ofs_x = 1, .ofs_y = 7},
    {.bitmap_index = 4385, .adv_w = 370, .box_w = 22, .box_h = 20, .ofs_x = 0, .ofs_y = 4},
    {.bitmap_index = 4527, .adv_w = 326, .box_w = 18, .box_h = 31, .ofs_x = 1, .ofs_y = -1},
    {.bitmap_index = 4700, .adv_w = 633, .box_w = 36, .box_h = 37, .ofs_x = 2, .ofs_y = -9},
    {.bitmap_index = 5156, .adv_w = 401, .box_w = 26, .box_h = 30, .ofs_x = 0, .ofs_y = -2},
    {.bitmap_index = 5391, .adv_w = 423, .box_w = 22, .box_h = 28, .ofs_x = 3, .ofs_y = 0},
    {.bitmap_index = 5559, .adv_w = 406, .box_w = 24, .box_h = 29, .ofs_x = 1, .ofs_y = -1},
    {.bitmap_index = 5750, .adv_w = 443, .box_w = 23, .box_h = 28, .ofs_x = 3, .ofs_y = 0},
    {.bitmap_index = 5929, .adv_w = 383, .box_w = 19, .box_h = 28, .ofs_x = 3, .ofs_y = 0},
    {.bitmap_index = 6032, .adv_w = 367, .box_w = 19, .box_h = 28, .ofs_x = 3, .ofs_y = 0},
    {.bitmap_index = 6127, .adv_w = 446, .box_w = 25, .box_h = 29, .ofs_x = 1, .ofs_y = -1},
    {.bitmap_index = 6344, .adv_w = 471, .box_w = 24, .box_h = 28, .ofs_x = 3, .ofs_y = 0},
    {.bitmap_index = 6443, .adv_w = 213, .box_w = 8, .box_h = 28, .ofs_x = 3, .ofs_y = 0},
    {.bitmap_index = 6477, .adv_w = 356, .box_w = 20, .box_h = 29, .ofs_x = 0, .ofs_y = -1},
    {.bitmap_index = 6588, .adv_w = 430, .box_w = 25, .box_h = 28, .ofs_x = 3, .ofs_y = 0},
    {.bitmap_index = 6784, .adv_w = 364, .box_w = 19, .box_h = 28, .ofs_x = 3, .ofs_y = 0},
    {.bitmap_index = 6851, .adv_w = 533, .box_w = 28, .box_h = 28, .ofs_x = 3, .ofs_y = 0},
    {.bitmap_index = 7084, .adv_w = 465, .box_w = 23, .box_h = 28, .ofs_x = 3, .ofs_y = 0},
    {.bitmap_index = 7265, .adv_w = 478, .box_w = 27, .box_h = 29, .ofs_x = 1, .ofs_y = -1},
    {.bitmap_index = 7503, .adv_w = 418, .box_w = 22, .box_h = 28, .ofs_x = 3, .ofs_y = 0},
    {.bitmap_index = 7650, .adv_w = 478, .box_w = 30, .box_h = 36, .ofs_x = 1, .ofs_y = -8},
    {.bitmap_index = 7961, .adv_w = 430, .box_w = 24, .box_h = 28, .ofs_x = 3, .ofs_y = 0},
    {.bitmap_index = 8142, .adv_w = 389, .box_w = 22, .box_h = 29, .ofs_x = 1, .ofs_y = -1},
    {.bitmap_index = 8351, .adv_w = 389, .box_w = 23, .box_h = 28, .ofs_x = 1, .ofs_y = 0},
    {.bitmap_index = 8431, .adv_w = 464, .box_w = 23, .box_h = 29, .ofs_x = 3, .ofs_y = -1},
    {.bitmap_index = 8576, .adv_w = 391, .box_w = 26, .box_h = 29, .ofs_x = -1, .ofs_y = 0},
    {.bitmap_index = 8808, .adv_w = 568, .box_w = 35, .box_h = 29, .ofs_x = 0, .ofs_y = 0},
    {.bitmap_index = 9156, .adv_w = 399, .box_w = 25, .box_h = 28, .ofs_x = 0, .ofs_y = 0},
    {.bitmap_index = 9386, .adv_w = 370, .box_w = 24, .box_h = 30, .ofs_x = -1, .ofs_y = 0},
    {.bitmap_index = 9569, .adv_w = 376, .box_w = 22, .box_h = 28, .ofs_x = 1, .ofs_y = 0},
    {.bitmap_index = 9746, .adv_w = 243, .box_w = 11, .box_h = 37, .ofs_x = 3, .ofs_y = -7},
    {.bitmap_index = 9801, .adv_w = 234, .box_w = 13, .box_h = 40, .ofs_x = 1, .ofs_y = -8},
    {.bitmap_index = 9968, .adv_w = 243, .box_w = 10, .box_h = 37, .ofs_x = 2, .ofs_y = -7},
    {.bitmap_index = 10016, .adv_w = 370, .box_w = 19, .box_h = 18, .ofs_x = 2, .ofs_y = 11},
    {.bitmap_index = 10140, .adv_w = 348, .box_w = 22, .box_h = 4, .ofs_x = 0, .ofs_y = -6},
    {.bitmap_index = 10163, .adv_w = 387, .box_w = 12, .box_h = 12, .ofs_x = 3, .ofs_y = 24},
    {.bitmap_index = 10215, .adv_w = 368, .box_w = 20, .box_h = 23, .ofs_x = 1, .ofs_y = -1},
    {.bitmap_index = 10373, .adv_w = 400, .box_w = 22, .box_h = 31, .ofs_x = 2, .ofs_y = -1},
    {.bitmap_index = 10550, .adv_w = 326, .box_w = 19, .box_h = 23, .ofs_x = 1, .ofs_y = -1},
    {.bitmap_index = 10691, .adv_w = 400, .box_w = 22, .box_h = 31, .ofs_x = 1, .ofs_y = -1},
    {.bitmap_index = 10877, .adv_w = 362, .box_w = 21, .box_h = 23, .ofs_x = 1, .ofs_y = -1},
    {.bitmap_index = 11035, .adv_w = 242, .box_w = 17, .box_h = 31, .ofs_x = 0, .ofs_y = 0},
    {.bitmap_index = 11152, .adv_w = 375, .box_w = 22, .box_h = 31, .ofs_x = 1, .ofs_y = -9},
    {.bitmap_index = 11393, .adv_w = 400, .box_w = 21, .box_h = 30, .ofs_x = 2, .ofs_y = 0},
    {.bitmap_index = 11530, .adv_w = 195, .box_w = 8, .box_h = 31, .ofs_x = 2, .ofs_y = 0},
    {.bitmap_index = 11593, .adv_w = 196, .box_w = 13, .box_h = 40, .ofs_x = -3, .ofs_y = -8},
    {.bitmap_index = 11702, .adv_w = 385, .box_w = 22, .box_h = 30, .ofs_x = 2, .ofs_y = 0},
    {.bitmap_index = 11874, .adv_w = 202, .box_w = 11, .box_h = 31, .ofs_x = 2, .ofs_y = -1},
    {.bitmap_index = 11934, .adv_w = 599, .box_w = 33, .box_h = 22, .ofs_x = 2, .ofs_y = 0},
    {.bitmap_index = 12098, .adv_w = 400, .box_w = 21, .box_h = 22, .ofs_x = 2, .ofs_y = 0},
    {.bitmap_index = 12207, .adv_w = 387, .box_w = 22, .box_h = 23, .ofs_x = 1, .ofs_y = -1},
    {.bitmap_index = 12376, .adv_w = 400, .box_w = 22, .box_h = 31, .ofs_x = 2, .ofs_y = -8},
    {.bitmap_index = 12551, .adv_w = 400, .box_w = 22, .box_h = 31, .ofs_x = 1, .ofs_y = -8},
    {.bitmap_index = 12738, .adv_w = 282, .box_w = 17, .box_h = 22, .ofs_x = 2, .ofs_y = 0},
    {.bitmap_index = 12822, .adv_w = 310, .box_w = 19, .box_h = 23, .ofs_x = 0, .ofs_y = -1},
    {.bitmap_index = 12979, .adv_w = 271, .box_w = 17, .box_h = 29, .ofs_x = 0, .ofs_y = -1},
    {.bitmap_index = 13100, .adv_w = 398, .box_w = 21, .box_h = 23, .ofs_x = 2, .ofs_y = -1},
    {.bitmap_index = 13212, .adv_w = 369, .box_w = 23, .box_h = 23, .ofs_x = 0, .ofs_y = 0},
    {.bitmap_index = 13385, .adv_w = 545, .box_w = 32, .box_h = 23, .ofs_x = 1, .ofs_y = 0},
    {.bitmap_index = 13651, .adv_w = 364, .box_w = 23, .box_h = 25, .ofs_x = 0, .ofs_y = -2},
    {.bitmap_index = 13836, .adv_w = 367, .box_w = 23, .box_h = 31, .ofs_x = 0, .ofs_y = -8},
    {.bitmap_index = 14056, .adv_w = 323, .box_w = 19, .box_h = 22, .ofs_x = 1, .ofs_y = 0},
    {.bitmap_index = 14183, .adv_w = 243, .box_w = 13, .box_h = 37, .ofs_x = 1, .ofs_y = -7},
    {.bitmap_index = 14316, .adv_w = 189, .box_w = 6, .box_h = 44, .ofs_x = 3, .ofs_y = -11},
    {.bitmap_index = 14348, .adv_w = 243, .box_w = 12, .box_h = 37, .ofs_x = 2, .ofs_y = -7},
    {.bitmap_index = 14471, .adv_w = 370, .box_w = 20, .box_h = 8, .ofs_x = 2, .ofs_y = 10},
    {.bitmap_index = 14532, .adv_w = 608, .box_w = 36, .box_h = 7, .ofs_x = 1, .ofs_y = 11},
    {.bitmap_index = 14569, .adv_w = 608, .box_w = 34, .box_h = 31, .ofs_x = 2, .ofs_y = -2},
    {.bitmap_index = 14715, .adv_w = 608, .box_w = 35, .box_h = 37, .ofs_x = 1, .ofs_y = -4},
    {.bitmap_index = 14986, .adv_w = 608, .box_w = 36, .box_h = 35, .ofs_x = 1, .ofs_y = -2},
    {.bitmap_index = 15243, .adv_w = 608, .box_w = 35, .box_h = 29, .ofs_x = 2, .ofs_y = -1},
    {.bitmap_index = 15355, .adv_w = 608, .box_w = 36, .box_h = 32, .ofs_x = 1, .ofs_y = -2},
    {.bitmap_index = 15619, .adv_w = 608, .box_w = 36, .box_h = 39, .ofs_x = 1, .ofs_y = -5},
    {.bitmap_index = 15956, .adv_w = 608, .box_w = 39, .box_h = 37, .ofs_x = -1, .ofs_y = -4},
    {.bitmap_index = 16239, .adv_w = 608, .box_w = 39, .box_h = 38, .ofs_x = -1, .ofs_y = -5},
    {.bitmap_index = 16610, .adv_w = 608, .box_w = 39, .box_h = 38, .ofs_x = -1, .ofs_y = -4},
    {.bitmap_index = 16969, .adv_w = 608, .box_w = 39, .box_h = 37, .ofs_x = -1, .ofs_y = -4},
    {.bitmap_index = 17389, .adv_w = 608, .box_w = 36, .box_h = 37, .ofs_x = 0, .ofs_y = -4},
    {.bitmap_index = 17793, .adv_w = 608, .box_w = 37, .box_h = 37, .ofs_x = 1, .ofs_y = -5},
    {.bitmap_index = 18171, .adv_w = 608, .box_w = 35, .box_h = 36, .ofs_x = 0, .ofs_y = -5},
    {.bitmap_index = 18491, .adv_w = 608, .box_w = 34, .box_h = 33, .ofs_x = 2, .ofs_y = -3},
    {.bitmap_index = 18709, .adv_w = 608, .box_w = 36, .box_h = 38, .ofs_x = 0, .ofs_y = -5},
    {.bitmap_index = 18981, .adv_w = 608, .box_w = 38, .box_h = 37, .ofs_x = 0, .ofs_y = -4},
    {.bitmap_index = 19342, .adv_w = 608, .box_w = 37, .box_h = 37, .ofs_x = 1, .ofs_y = -4},
    {.bitmap_index = 19756, .adv_w = 608, .box_w = 37, .box_h = 38, .ofs_x = 0, .ofs_y = -5},
    {.bitmap_index = 20100, .adv_w = 608, .box_w = 37, .box_h = 38, .ofs_x = 1, .ofs_y = -4},
    {.bitmap_index = 20436, .adv_w = 608, .box_w = 36, .box_h = 36, .ofs_x = 1, .ofs_y = -5},
    {.bitmap_index = 20670, .adv_w = 608, .box_w = 37, .box_h = 38, .ofs_x = 1, .ofs_y = -4},
    {.bitmap_index = 21030, .adv_w = 608, .box_w = 38, .box_h = 38, .ofs_x = 0, .ofs_y = -4},
    {.bitmap_index = 21449, .adv_w = 608, .box_w = 37, .box_h = 38, .ofs_x = 0, .ofs_y = -4},
    {.bitmap_index = 21890, .adv_w = 608, .box_w = 37, .box_h = 38, .ofs_x = 0, .ofs_y = -4},
    {.bitmap_index = 22318, .adv_w = 608, .box_w = 28, .box_h = 34, .ofs_x = 5, .ofs_y = -3},
    {.bitmap_index = 22427, .adv_w = 608, .box_w = 35, .box_h = 37, .ofs_x = 2, .ofs_y = -4},
    {.bitmap_index = 22706, .adv_w = 608, .box_w = 38, .box_h = 33, .ofs_x = 0, .ofs_y = -2},
    {.bitmap_index = 22998, .adv_w = 608, .box_w = 36, .box_h = 37, .ofs_x = 1, .ofs_y = -4},
    {.bitmap_index = 23369, .adv_w = 608, .box_w = 36, .box_h = 37, .ofs_x = 1, .ofs_y = -5},
    {.bitmap_index = 23715, .adv_w = 608, .box_w = 37, .box_h = 37, .ofs_x = 0, .ofs_y = -4},
    {.bitmap_index = 24024, .adv_w = 608, .box_w = 38, .box_h = 37, .ofs_x = -1, .ofs_y = -4},
    {.bitmap_index = 24446, .adv_w = 608, .box_w = 36, .box_h = 38, .ofs_x = 1, .ofs_y = -5},
    {.bitmap_index = 24831, .adv_w = 608, .box_w = 35, .box_h = 36, .ofs_x = 0, .ofs_y = -5},
    {.bitmap_index = 25068, .adv_w = 608, .box_w = 35, .box_h = 38, .ofs_x = 1, .ofs_y = -4},
    {.bitmap_index = 25427, .adv_w = 608, .box_w = 36, .box_h = 35, .ofs_x = 1, .ofs_y = -4},
    {.bitmap_index = 25720, .adv_w = 608, .box_w = 37, .box_h = 37, .ofs_x = 0, .ofs_y = -3},
    {.bitmap_index = 26141, .adv_w = 608, .box_w = 34, .box_h = 36, .ofs_x = 2, .ofs_y = -5},
    {.bitmap_index = 26478, .adv_w = 608, .box_w = 36, .box_h = 35, .ofs_x = 1, .ofs_y = -3},
    {.bitmap_index = 26746, .adv_w = 608, .box_w = 38, .box_h = 35, .ofs_x = 0, .ofs_y = -4},
    {.bitmap_index = 27172, .adv_w = 608, .box_w = 36, .box_h = 38, .ofs_x = 1, .ofs_y = -4},
    {.bitmap_index = 27430, .adv_w = 608, .box_w = 36, .box_h = 37, .ofs_x = 1, .ofs_y = -4},
    {.bitmap_index = 27687, .adv_w = 608, .box_w = 38, .box_h = 37, .ofs_x = 0, .ofs_y = -4},
    {.bitmap_index = 28113, .adv_w = 608, .box_w = 38, .box_h = 37, .ofs_x = -1, .ofs_y = -4},
    {.bitmap_index = 28510, .adv_w = 608, .box_w = 35, .box_h = 37, .ofs_x = 2, .ofs_y = -4},
    {.bitmap_index = 28755, .adv_w = 608, .box_w = 36, .box_h = 39, .ofs_x = 1, .ofs_y = -4}
};

/*---------------------
 *  CHARACTER MAPPING
 *--------------------*/

static const uint16_t unicode_list_1[] = {
    0x0, 0x9, 0xe, 0x1a, 0x8c, 0x94, 0xca, 0x15c,
    0x1dd, 0x25c, 0x2a8, 0x412, 0x5d6, 0x668, 0x8db, 0xaf0,
    0xb16, 0xbcb, 0xd58, 0xd8c, 0x1100, 0x110f, 0x1410, 0x15a5,
    0x17b0, 0x17e5, 0x17f6, 0x183e, 0x1882, 0x1900, 0x192c, 0x1c21,
    0x1f88, 0x2728, 0x2759, 0x2b3a, 0x30dc, 0x3151, 0x316e, 0x3bc2,
    0x3c00, 0x3da1, 0x3dbe, 0x41de, 0x47f4, 0x49f3
};

/*Collect the unicode lists and glyph_id offsets*/
static const lv_font_fmt_txt_cmap_t cmaps[] =
{
    {
        .range_start = 32, .range_length = 95, .glyph_id_start = 1,
        .unicode_list = NULL, .glyph_id_ofs_list = NULL, .list_length = 0, .type = LV_FONT_FMT_TXT_CMAP_FORMAT0_TINY
    },
    {
        .range_start = 19968, .range_length = 18932, .glyph_id_start = 96,
        .unicode_list = unicode_list_1, .glyph_id_ofs_list = NULL, .list_length = 46, .type = LV_FONT_FMT_TXT_CMAP_SPARSE_TINY
    }
};



/*--------------------
 *  ALL CUSTOM DATA
 *--------------------*/

#if LVGL_VERSION_MAJOR == 8
/*Store all the custom data of the font*/
static  lv_font_fmt_txt_glyph_cache_t cache;
#endif

#if LVGL_VERSION_MAJOR >= 8
static const lv_font_fmt_txt_dsc_t font_dsc = {
#else
static lv_font_fmt_txt_dsc_t font_dsc = {
#endif
    .glyph_bitmap = glyph_bitmap,
    .glyph_dsc = glyph_dsc,
    .cmaps = cmaps,
    .kern_dsc = NULL,
    .kern_scale = 0,
    .cmap_num = 2,
    .bpp = 4,
    .kern_classes = 0,
    .bitmap_format = 1,
#if LVGL_VERSION_MAJOR == 8
    .cache = &cache
#endif
};



/*-----------------
 *  PUBLIC FONT
 *----------------*/

/*Initialize a public general font descriptor*/
#if LVGL_VERSION_MAJOR >= 8
const lv_font_t han_font_timer_title = {
#else
lv_font_t han_font_timer_title = {
#endif
    .get_glyph_dsc = lv_font_get_glyph_dsc_fmt_txt,    /*Function pointer to get glyph's data*/
    .get_glyph_bitmap = lv_font_get_bitmap_fmt_txt,    /*Function pointer to get glyph's bitmap*/
    .line_height = 47,          /*The maximum line height required by the font*/
    .base_line = 11,             /*Baseline measured from the bottom of the line*/
#if !(LVGL_VERSION_MAJOR == 6 && LVGL_VERSION_MINOR == 0)
    .subpx = LV_FONT_SUBPX_NONE,
#endif
#if LV_VERSION_CHECK(7, 4, 0) || LVGL_VERSION_MAJOR >= 8
    .underline_position = -5,
    .underline_thickness = 2,
#endif
    .dsc = &font_dsc,          /*The custom font data. Will be accessed by `get_glyph_bitmap/dsc` */
#if LV_VERSION_CHECK(8, 2, 0) || LVGL_VERSION_MAJOR >= 9
    .fallback = NULL,
#endif
    .user_data = NULL,
};



#endif /*#if HAN_FONT_TIMER_TITLE*/
