/*******************************************************************************
 * Size: 28 px
 * Bpp: 4
 * Opts: --font D:\ESP32Projects\ESP32-HanDictionary\assets\source\fonts\ResourceHanRoundedCN-Heavy.ttf --symbols 语文数学英语今日作业已完成进行中未开始有记录本周用时今天共分钟暂停开始继续完成本科准备正在专注周一二三四五六日不足网络与存储显示声音连接读取状态手机配网模式可使用本地功能卡内容字典音插画资源屏幕亮度播放自动锁立即关长按唤醒再向上滑动解正在切换器启服务器端口订阅主题留言板还没有收到最新刷新设置重新从配置账号登录客户端失败断开等待家庭匿名密码保存最近条外观浅深色自动时段夜间开启早晨关闭并应用取消计划拼查找键盘全部轻声退格清空输入例如离线库中索引筛选同汉笔排序整理候选结果对应点击查看左右滑动翻页可按调缩小范围任务繁忙请稍后重试缺更新包完成后点或直接选择会示这里释义组词结构笔画播放顺一步完整，。“”·Ⅱ▶✓—… --range 0x20-0x7e --size 28 --bpp 4 --format lvgl --no-kerning --lv-font-name han_font_timer --lv-include lvgl.h -o D:\ESP32Projects\ESP32-HanDictionary\main\han_dictionary\assets\han_font_timer.c
 ******************************************************************************/

#ifdef LV_LVGL_H_INCLUDE_SIMPLE
#include "lvgl.h"
#else
#include "lvgl.h"
#endif

#ifndef HAN_FONT_TIMER
#define HAN_FONT_TIMER 1
#endif

#if HAN_FONT_TIMER

/*-----------------
 *    BITMAPS
 *----------------*/

/*Store the image of the glyphs*/
static LV_ATTRIBUTE_LARGE_CONST const uint8_t glyph_bitmap[] = {
    /* U+0020 " " */

    /* U+0021 "!" */
    0x3, 0xdf, 0xd4, 0x0, 0x41, 0x1, 0x40, 0x1,
    0xc0, 0x21, 0x0, 0x38, 0x7, 0x84, 0x2, 0x10,
    0x1, 0x80, 0x4c, 0x0, 0x10, 0x8, 0xc0, 0x1e,
    0x1, 0x8, 0x0, 0x40, 0x2f, 0x0, 0x10, 0x4,
    0x20, 0x7, 0x0, 0x8c, 0x0, 0x20, 0x10, 0x80,
    0x8, 0x40, 0xa, 0x1, 0x63, 0xd8, 0x80, 0xf,
    0xde, 0x50, 0x7, 0x48, 0xa, 0xc9, 0x44, 0x3,
    0x20, 0x7, 0xc8, 0x20, 0x19, 0xc3, 0xc, 0xf,
    0x4,

    /* U+0022 "\"" */
    0x5, 0x99, 0x20, 0x6, 0x69, 0x82, 0x4, 0xa6,
    0x65, 0x90, 0x1, 0xa5, 0x9f, 0x0, 0xc0, 0x33,
    0x80, 0x30, 0x2, 0x12, 0x0, 0xe1, 0x0, 0x18,
    0x6, 0x32, 0x0, 0xce, 0x0, 0x10, 0xc, 0x22,
    0x0, 0xc4, 0x0, 0xe0, 0x8, 0x41, 0x80, 0x30,
    0x80, 0x8, 0x2, 0x20, 0x20, 0x8, 0xc0, 0x26,
    0x0, 0x98, 0x0, 0x40, 0x6, 0x0, 0x88, 0x2,
    0xd0, 0x2, 0x0, 0x30, 0x3, 0x18, 0x0, 0xc0,
    0x16, 0x26, 0xe0, 0x1a, 0x5, 0x10, 0x0,

    /* U+0023 "#" */
    0x0, 0xe2, 0x0, 0xe2, 0x0, 0xfd, 0x1b, 0x20,
    0x13, 0xed, 0x0, 0x7c, 0xc0, 0x80, 0x15, 0x2,
    0x0, 0x7c, 0x20, 0x20, 0x11, 0x1, 0x80, 0x78,
    0x80, 0xc, 0x0, 0x20, 0x3, 0x0, 0x79, 0x0,
    0x6, 0x22, 0x70, 0x0, 0x80, 0x6c, 0xf9, 0x0,
    0x37, 0x72, 0x80, 0xb, 0xf4, 0x6, 0x60, 0xf,
    0xfe, 0x2, 0x81, 0xa8, 0x7, 0xfc, 0x2e, 0x0,
    0xaf, 0x20, 0x7, 0xfc, 0x60, 0xd, 0xe8, 0x0,
    0xc4, 0x4, 0x1, 0x18, 0x0, 0x80, 0x38, 0xc0,
    0x2, 0x31, 0x0, 0x8, 0x3, 0x3f, 0xe0, 0x0,
    0xfb, 0x9a, 0x0, 0x2f, 0xd2, 0xa, 0x0, 0xff,
    0xe0, 0x12, 0x5, 0x88, 0x7, 0xfc, 0x8e, 0xd,
    0xca, 0x0, 0xbf, 0xf3, 0x0, 0x2b, 0xec, 0x40,
    0x21, 0x0, 0x30, 0x0, 0x80, 0xc, 0x1, 0xe6,
    0x0, 0x10, 0x1, 0xc0, 0x4, 0x1, 0xe2, 0x1,
    0x0, 0x88, 0x0, 0x20, 0x1f, 0x90, 0x3, 0x90,
    0x3, 0xe9, 0x48, 0x0, 0xac, 0xe0, 0x3, 0x80,

    /* U+0024 "$" */
    0x0, 0xfa, 0x3e, 0x0, 0x3f, 0xf8, 0x2e, 0xe,
    0x1, 0xff, 0xc0, 0x20, 0x8, 0x80, 0x3f, 0xcb,
    0x20, 0x17, 0xca, 0x0, 0x78, 0x72, 0x90, 0x2,
    0x26, 0xba, 0x0, 0xec, 0x30, 0xf, 0xca, 0x60,
    0x13, 0x90, 0x7, 0xf8, 0x40, 0x2b, 0x0, 0xd3,
    0xdc, 0xb3, 0x9, 0x20, 0x8, 0xc0, 0x23, 0x61,
    0x12, 0x67, 0xb0, 0x7, 0xe1, 0x0, 0xff, 0x88,
    0x2, 0x2b, 0x20, 0xf, 0xeb, 0x0, 0xc9, 0xb2,
    0x40, 0x1f, 0x32, 0x0, 0x73, 0x6c, 0x88, 0x7,
    0xad, 0x80, 0x3c, 0xde, 0x60, 0x1e, 0x9c, 0x30,
    0xe, 0x1c, 0x20, 0xf, 0x1e, 0x59, 0x80, 0x74,
    0x0, 0x7e, 0x4c, 0x80, 0xc, 0xa0, 0x1f, 0xe7,
    0x40, 0xc, 0x20, 0x1f, 0xfc, 0x31, 0x0, 0x3f,
    0x62, 0x0, 0x4c, 0x80, 0x11, 0x0, 0x12, 0x4,
    0xef, 0xfe, 0x90, 0xd, 0x40, 0xc, 0x0, 0xff,
    0x89, 0xc0, 0x11, 0x1, 0x0, 0xfc, 0x78, 0x1,
    0x9f, 0xa9, 0x44, 0x2, 0x5b, 0xc1, 0x0, 0xf2,
    0xd6, 0x0, 0x50, 0x80, 0x1f, 0xe2, 0x0, 0x88,
    0x3, 0xff, 0x80, 0xe0, 0xe0, 0x1e,

    /* U+0025 "%" */
    0x0, 0xff, 0xf0, 0xd, 0xd0, 0x7, 0xf9, 0xb3,
    0xfd, 0x8c, 0x1, 0xfa, 0xd1, 0x0, 0x1f, 0xd5,
    0x26, 0x0, 0x39, 0xb0, 0xf, 0x1a, 0x83, 0x80,
    0x7e, 0x65, 0x0, 0x11, 0x80, 0x12, 0x0, 0x3a,
    0x0, 0x10, 0x1, 0xfa, 0xc0, 0x9, 0xb8, 0xa0,
    0x7, 0x0, 0xc8, 0x80, 0x71, 0x0, 0xf8, 0x48,
    0x1, 0xc0, 0xe, 0x0, 0x8c, 0x2, 0x80, 0x4,
    0x80, 0x7e, 0x20, 0x8, 0x40, 0xc, 0x1, 0x30,
    0x1, 0x4c, 0x1c, 0x40, 0x3f, 0x8, 0x7, 0x84,
    0x2, 0x10, 0x4, 0x0, 0xc0, 0x7, 0xf1, 0x0,
    0x46, 0x0, 0x60, 0x9, 0x81, 0x88, 0x24, 0x6,
    0x37, 0xfa, 0x44, 0x2, 0x40, 0x4, 0x91, 0x20,
    0x0, 0x44, 0x8, 0x1, 0x71, 0xc7, 0x20, 0x16,
    0xf2, 0x0, 0x40, 0x0, 0x77, 0x44, 0x0, 0x80,
    0x71, 0x8, 0xa, 0x20, 0x1, 0x80, 0x7, 0xc0,
    0x7, 0x40, 0x1e, 0x95, 0x9, 0x2, 0x63, 0x40,
    0x5, 0x66, 0x0, 0x4, 0xa0, 0x5, 0xe8, 0x55,
    0x3e, 0xb0, 0x40, 0x84, 0x2, 0x0, 0x5, 0x40,
    0xc8, 0x1, 0x80, 0x10, 0xbd, 0x52, 0x8, 0x5,
    0xc0, 0xd4, 0x34, 0x0, 0x40, 0x13, 0x0, 0x14,
    0x3, 0xfd, 0x0, 0x8, 0x0, 0x8, 0x7, 0x84,
    0x3, 0xff, 0x80, 0x2c, 0x8, 0x80, 0x0, 0x80,
    0x78, 0x40, 0x3f, 0xf8, 0x10, 0x0, 0x80, 0xb,
    0x40, 0x4, 0x1, 0x30, 0x1, 0x40, 0x3f, 0x13,
    0x2, 0x18, 0x4, 0xa0, 0x1, 0x50, 0x32, 0x0,
    0x60, 0x7, 0xe8, 0x0, 0x48, 0x6, 0x24, 0x0,
    0x56, 0x60, 0x0, 0x4a, 0x1, 0xf1, 0x28, 0x29,
    0x0, 0x75, 0x10, 0x0, 0xc0, 0x3, 0xe0, 0x1f,
    0x98, 0x6, 0xc0, 0x3c, 0x38, 0xe2, 0x2, 0xde,
    0x40, 0x1f, 0x92, 0x70, 0x40, 0x3e, 0x18, 0xef,
    0xe9, 0x10, 0x0,

    /* U+0026 "&" */
    0x0, 0xe1, 0x8d, 0xff, 0x6c, 0x88, 0x7, 0xff,
    0x0, 0xfd, 0xc8, 0x0, 0x4d, 0xc6, 0x1, 0xff,
    0x68, 0x80, 0x7d, 0xa0, 0x1f, 0xe7, 0x10, 0xa,
    0x6c, 0x80, 0x2, 0x60, 0x1f, 0xda, 0x1, 0x3b,
    0x22, 0x80, 0x4c, 0x1, 0xff, 0xc1, 0xe0, 0x1,
    0x0, 0x4e, 0x1, 0xfc, 0x40, 0x17, 0x2, 0xa8,
    0x0, 0x64, 0x1, 0xfd, 0x60, 0x13, 0x4d, 0x0,
    0x7, 0x80, 0x3f, 0xc6, 0x80, 0x1, 0x60, 0x1,
    0x79, 0x0, 0xe, 0xec, 0x80, 0x19, 0x14, 0x3,
    0x9f, 0x44, 0x2, 0xe4, 0x45, 0x88, 0x1, 0xec,
    0x40, 0x38, 0xc0, 0x32, 0x10, 0x4, 0x60, 0xb0,
    0x1, 0xf2, 0x60, 0x80, 0x24, 0x2, 0x22, 0x4,
    0x0, 0x6b, 0x40, 0x8, 0xfd, 0x64, 0x80, 0x29,
    0x2, 0x20, 0x4, 0xc9, 0x68, 0x1, 0xd, 0x30,
    0x4, 0xe8, 0x2, 0x1, 0xf5, 0xb0, 0x7, 0xc7,
    0x0, 0x1, 0x0, 0xcc, 0x80, 0x9, 0x60, 0xf,
    0x1c, 0x90, 0x11, 0x80, 0x6b, 0xdc, 0xe6, 0x0,
    0xf9, 0xb5, 0x83, 0xc0, 0x38, 0x8c, 0x40, 0x3f,
    0xc2, 0x7, 0x62, 0x1, 0xfc, 0xd8, 0xc0, 0x18,
    0xc0, 0x9, 0xd2, 0x82, 0x0, 0x14, 0x8e, 0x93,
    0x9e, 0x75, 0x94, 0x0, 0xcd, 0x7d, 0xfe, 0xeb,
    0x71, 0x0, 0x86, 0x29, 0x80,

    /* U+0027 "'" */
    0x5, 0x99, 0x20, 0x25, 0x33, 0x2c, 0x8c, 0x3,
    0x38, 0x7, 0x9, 0x0, 0x67, 0x10, 0xc, 0x4c,
    0x1, 0x84, 0x80, 0x23, 0x0, 0x10, 0x1, 0x80,
    0x8, 0x0, 0xc0, 0x5, 0x89, 0xb8, 0x0,

    /* U+0028 "(" */
    0x0, 0xff, 0xe0, 0x3d, 0x10, 0x6, 0x78, 0x5e,
    0x0, 0x86, 0x0, 0xe, 0x1, 0x48, 0x5, 0xe0,
    0x13, 0x80, 0x9, 0x0, 0xa, 0x1, 0x50, 0x5,
    0xe0, 0x12, 0x80, 0x4a, 0x0, 0x12, 0x0, 0x10,
    0x4, 0xa0, 0x13, 0x80, 0x44, 0x1, 0x68, 0x5,
    0xc0, 0x10, 0x80, 0x44, 0x1, 0x18, 0x7, 0xc2,
    0x1, 0x8, 0x7, 0xff, 0x1c, 0x40, 0x21, 0x0,
    0x88, 0x2, 0x30, 0xb, 0x80, 0x2e, 0x0, 0x94,
    0x2, 0x20, 0x8, 0xc0, 0x26, 0x0, 0xc8, 0x0,
    0x30, 0xd, 0xa0, 0x12, 0x0, 0x4e, 0x1, 0x68,
    0x4, 0x28, 0x0, 0x61, 0x0, 0xb8, 0x2, 0x90,
    0x9, 0x4c, 0x0, 0xa0, 0x1b, 0x84, 0x14, 0x3,
    0x17, 0xec, 0x0,

    /* U+0029 ")" */
    0x0, 0xfe, 0x19, 0x80, 0xe, 0x86, 0x7a, 0x0,
    0xc2, 0x0, 0x53, 0x0, 0xa4, 0x2, 0x80, 0x8,
    0x54, 0x0, 0x86, 0x1, 0x70, 0x5, 0x60, 0x12,
    0x0, 0x4a, 0x1, 0x90, 0x0, 0x44, 0x0, 0x8c,
    0x2, 0x70, 0xb, 0x80, 0x2d, 0x0, 0x88, 0x2,
    0x30, 0x9, 0xc0, 0x27, 0x0, 0x84, 0x2, 0x10,
    0x8, 0xc0, 0x23, 0x0, 0xff, 0x8c, 0x3, 0xfe,
    0x30, 0x8, 0x40, 0x26, 0x0, 0x98, 0x2, 0x20,
    0x8, 0x80, 0x2f, 0x0, 0xb8, 0x2, 0x50, 0x9,
    0x0, 0x2, 0x60, 0x1, 0x20, 0x2, 0x0, 0x4e,
    0x1, 0x70, 0x5, 0x60, 0x1, 0x40, 0x2, 0x10,
    0x1, 0x80, 0x2d, 0x0, 0xc, 0x80, 0x58, 0x0,
    0xb1, 0x0, 0x97, 0x79, 0x40, 0x20,

    /* U+002A "*" */
    0x0, 0xe7, 0xf5, 0x0, 0xff, 0x40, 0x48, 0x7,
    0xf1, 0x0, 0xc, 0x3, 0x85, 0xdc, 0xa8, 0x1,
    0x1a, 0xc3, 0x84, 0x45, 0x52, 0x1, 0x65, 0x3c,
    0x36, 0x80, 0x7f, 0x85, 0x11, 0xcc, 0x1, 0xe1,
    0x8e, 0x20, 0x19, 0x50, 0xe, 0x87, 0x0, 0xc4,
    0xa0, 0x1d, 0x0, 0x1d, 0x0, 0x2, 0xa0, 0x0,
    0xb0, 0x6, 0x10, 0x2f, 0x5b, 0x0, 0x70, 0x6,
    0xa9, 0xd2, 0x4, 0xe9, 0x80, 0x0,

    /* U+002B "+" */
    0x0, 0xf4, 0xec, 0x80, 0x7f, 0xc4, 0xc4, 0xc6,
    0x1, 0xfe, 0x60, 0x9, 0x80, 0x3f, 0xc2, 0x1,
    0xff, 0xdb, 0x5d, 0xff, 0xa8, 0x2, 0xaf, 0xfb,
    0x96, 0x8, 0x3, 0xfe, 0x1b, 0x70, 0xf, 0xfe,
    0xa, 0xd5, 0x26, 0x20, 0xc0, 0x12, 0xc4, 0x26,
    0xac, 0x15, 0x9d, 0xd8, 0x1, 0x7b, 0xb9, 0x94,
    0x3, 0xff, 0x92, 0x20, 0x1f, 0xfc, 0x27, 0x0,
    0x98, 0x3, 0xfc, 0x6a, 0xa, 0x60, 0x1c,

    /* U+002C "," */
    0x0, 0xb, 0x39, 0x0, 0x4b, 0xd3, 0x1a, 0xa0,
    0xb, 0x0, 0xd6, 0x0, 0x10, 0xc, 0x28, 0x8,
    0x1, 0xc4, 0x14, 0xa2, 0x1, 0xc3, 0x5c, 0x20,
    0x2, 0x0, 0xa0, 0x40, 0xa, 0x0, 0xa7, 0x0,
    0x28, 0x85, 0xa8, 0x0, 0x6c, 0x5, 0x0, 0x2d,
    0x10, 0x14, 0x3, 0xc3, 0x0, 0xaf, 0xf0, 0xc0,
    0x20,

    /* U+002D "-" */
    0x3, 0x66, 0xca, 0x20, 0xb9, 0x33, 0xab, 0x87,
    0x40, 0x3e, 0x5a, 0x30, 0xe, 0x54,

    /* U+002E "." */
    0x0, 0xfc, 0x35, 0xfe, 0x90, 0x5, 0xa8, 0x1,
    0x9c, 0x14, 0x3, 0x58, 0x7, 0xe6, 0x0, 0xd4,
    0x12, 0xc2, 0x28, 0x60,

    /* U+002F "/" */
    0x0, 0xf8, 0xc8, 0x3, 0xe5, 0xcd, 0x20, 0xf,
    0x48, 0x1, 0xc0, 0x3c, 0x60, 0x7, 0x0, 0xe3,
    0x0, 0x88, 0x3, 0x90, 0x0, 0x80, 0x1e, 0xc0,
    0x1, 0x80, 0x79, 0x40, 0x18, 0x1, 0xc4, 0x20,
    0x5, 0x0, 0xe4, 0x0, 0x10, 0x80, 0x77, 0x80,
    0x10, 0x3, 0xc8, 0x0, 0xf0, 0xf, 0x10, 0x1,
    0x0, 0x39, 0x0, 0x2, 0x40, 0x1d, 0x80, 0x5,
    0x0, 0xf1, 0x80, 0x30, 0x3, 0xc8, 0x0, 0x30,
    0xe, 0x30, 0x9, 0x0, 0x39, 0x40, 0x6, 0x1,
    0xec, 0x0, 0x28, 0x7, 0x9c, 0x1, 0x80, 0x1c,
    0x24, 0x0, 0x70, 0xe, 0x40, 0x0, 0x90, 0x7,
    0x68, 0x1, 0x0, 0x3c, 0x80, 0xd, 0x0, 0xf1,
    0x80, 0x10, 0x3, 0x84, 0x0, 0x26, 0x1, 0xc2,
    0x81, 0x0, 0x1f, 0x5f, 0xb0, 0x7, 0x80,

    /* U+0030 "0" */
    0x0, 0xcb, 0x7d, 0xfd, 0x6a, 0x1, 0xf5, 0xd2,
    0x8, 0xa, 0x56, 0x8, 0x6, 0xc4, 0x0, 0xf8,
    0xf4, 0x2, 0x73, 0x0, 0xc6, 0x20, 0x11, 0xb8,
    0x2, 0x40, 0x22, 0xec, 0xf2, 0x0, 0xa0, 0x10,
    0x40, 0x2b, 0x10, 0x18, 0x0, 0xcb, 0x80, 0x19,
    0x0, 0x24, 0x0, 0xda, 0x60, 0x18, 0x80, 0x21,
    0x10, 0x4, 0x6e, 0x1, 0x8, 0x7, 0x18, 0x4,
    0xc2, 0x1, 0x18, 0x7, 0x8, 0x4, 0x60, 0x1f,
    0xfc, 0x23, 0x10, 0x8, 0xc0, 0x38, 0x40, 0x33,
    0x0, 0x42, 0x1, 0xfc, 0xda, 0x1, 0x88, 0x3,
    0x10, 0x4, 0x68, 0x1, 0x94, 0x2, 0x50, 0xd,
    0x86, 0x20, 0x14, 0x90, 0x2, 0x0, 0x21, 0x40,
    0x80, 0x8, 0x77, 0x5c, 0x40, 0x14, 0x0, 0x19,
    0x0, 0x31, 0x8, 0x4, 0x6c, 0x1, 0x5a, 0x0,
    0x7c, 0x98, 0x1, 0xd7, 0x48, 0x20, 0x29, 0x56,
    0x1, 0x0,

    /* U+0031 "1" */
    0x0, 0xc5, 0x3b, 0xf8, 0x20, 0x1c, 0x4f, 0x7a,
    0xc4, 0x6, 0xc0, 0x18, 0xb6, 0x10, 0x3, 0xb8,
    0x3, 0x30, 0x7, 0xff, 0x5, 0x25, 0x10, 0x40,
    0x1f, 0xe6, 0xbb, 0x80, 0x3f, 0xff, 0xe0, 0x1f,
    0xff, 0xe3, 0xce, 0xf9, 0x0, 0xcd, 0xfd, 0x1,
    0x6, 0x20, 0x1f, 0x85, 0xcc, 0x3, 0xff, 0x82,
    0xf0, 0x40, 0x1f, 0xe6, 0x40,

    /* U+0032 "2" */
    0x0, 0xcf, 0xbf, 0xf6, 0xc9, 0x0, 0x79, 0x7a,
    0x8, 0x2, 0x26, 0xd8, 0x0, 0xcb, 0x42, 0x1,
    0xf9, 0xdc, 0x1, 0x18, 0x6, 0x12, 0x0, 0xe8,
    0x20, 0x3, 0x28, 0xd, 0xf6, 0xe8, 0x80, 0x32,
    0x80, 0x55, 0x7e, 0x80, 0x2, 0x90, 0xd, 0xc0,
    0x19, 0x4, 0x3, 0x30, 0x6, 0x30, 0xf, 0xf3,
    0x0, 0x6d, 0x0, 0xff, 0x70, 0x6, 0x40, 0xf,
    0xe2, 0x50, 0x8, 0xcc, 0x1, 0xfd, 0xe0, 0x1b,
    0xc0, 0x3f, 0xa8, 0x80, 0x26, 0x30, 0xf, 0xd2,
    0xa0, 0x11, 0xc8, 0x7, 0xe8, 0x60, 0x8, 0x74,
    0x3, 0xf4, 0xb8, 0x4, 0x38, 0x20, 0x1f, 0x53,
    0x0, 0x43, 0x84, 0x23, 0x0, 0x6b, 0x50, 0xc,
    0x3b, 0xfd, 0xd6, 0x90, 0x42, 0x0, 0x7f, 0xc5,
    0x40, 0x80, 0x1f, 0xfc, 0x3a, 0x10, 0xf, 0xf9,
    0x24,

    /* U+0033 "3" */
    0x0, 0x8e, 0xb7, 0xfe, 0xda, 0x50, 0xf, 0x36,
    0x29, 0x0, 0x44, 0xb5, 0xa4, 0x1, 0xa4, 0x3,
    0xf8, 0xb0, 0x40, 0x23, 0x0, 0xc4, 0x20, 0x18,
    0x64, 0x2, 0xd2, 0x25, 0xfe, 0xf3, 0x80, 0x64,
    0x0, 0x87, 0x74, 0x80, 0x15, 0x0, 0x7f, 0xf0,
    0xec, 0x3, 0x30, 0x7, 0xc8, 0xfa, 0xc0, 0x1b,
    0x80, 0x3d, 0x37, 0x4, 0x1, 0xa5, 0x0, 0x3c,
    0xa0, 0x1c, 0x5a, 0xc0, 0x1f, 0x41, 0x0, 0x62,
    0xc5, 0x0, 0xf9, 0x37, 0xf5, 0x0, 0x3, 0x4e,
    0x1, 0xfc, 0x56, 0x80, 0x14, 0x10, 0x7, 0xf8,
    0xc0, 0x32, 0x0, 0x7f, 0x8c, 0x3, 0x8, 0x1f,
    0x7b, 0x80, 0x43, 0x8, 0x1, 0x88, 0x3c, 0x42,
    0x3f, 0xee, 0x70, 0xe, 0x50, 0x70, 0xf, 0xfe,
    0x5, 0x0, 0x24, 0x40, 0x3f, 0x86, 0xd4, 0x0,
    0x5f, 0x8, 0x40, 0x10, 0xa4, 0xf2, 0x0, 0x0,

    /* U+0034 "4" */
    0x0, 0xf8, 0xaf, 0xfe, 0xd4, 0x0, 0xfe, 0x1c,
    0x40, 0x8, 0xa8, 0x3, 0xfa, 0x84, 0x3, 0x84,
    0x3, 0xf2, 0xa0, 0x7, 0xff, 0xe, 0xc0, 0x25,
    0x0, 0xff, 0xa0, 0x40, 0x9, 0xa0, 0x1f, 0xe2,
    0x70, 0xa, 0x3c, 0x3, 0xfd, 0xc0, 0x12, 0x98,
    0x7, 0xf9, 0x8c, 0x2, 0x80, 0x10, 0xf, 0xc3,
    0x0, 0x13, 0x90, 0x7, 0xfa, 0x4, 0x0, 0x30,
    0x1, 0xfe, 0x16, 0x0, 0x8e, 0xee, 0x70, 0xd,
    0x4a, 0xa, 0x1, 0x89, 0x12, 0x10, 0xc, 0xb4,
    0x62, 0x1, 0xff, 0xc3, 0x75, 0x40, 0xf, 0xfe,
    0xa, 0xa0, 0x5f, 0xff, 0xca, 0x1, 0xbe, 0x80,
    0x3f, 0xf9, 0xe6, 0x1, 0xff, 0xc4, 0xe0, 0x8,
    0x40, 0x3f, 0xf8, 0xc, 0x80, 0x54, 0x1, 0x0,

    /* U+0035 "5" */
    0x0, 0x9b, 0xbf, 0xff, 0x58, 0x80, 0x43, 0x22,
    0x1, 0xf9, 0x18, 0x2, 0x20, 0xf, 0xfb, 0xc0,
    0x27, 0x0, 0xff, 0x14, 0x80, 0x42, 0x1, 0xb3,
    0xbb, 0x7e, 0x88, 0x4, 0x60, 0x18, 0xc4, 0x70,
    0x7, 0x84, 0x2, 0x10, 0xf, 0xfb, 0xc0, 0x21,
    0xbb, 0x65, 0x41, 0x80, 0x7f, 0x91, 0x6, 0xaf,
    0x92, 0x1, 0xb0, 0x3, 0xfc, 0xd0, 0x1, 0x24,
    0x9b, 0x5e, 0xd9, 0x80, 0x67, 0x10, 0x9, 0xb2,
    0x50, 0x93, 0x8, 0x3, 0x20, 0x7, 0xf9, 0x0,
    0x31, 0x0, 0x7f, 0x84, 0x3, 0xff, 0x86, 0x80,
    0x18, 0x80, 0xb3, 0x98, 0x2, 0x2a, 0x30, 0xc,
    0x81, 0x6, 0x33, 0xff, 0x6a, 0x80, 0x66, 0x10,
    0x30, 0xf, 0xf8, 0xa0, 0x1, 0x26, 0x1, 0xfc,
    0x98, 0x20, 0x16, 0x52, 0x90, 0x80, 0x9, 0x6e,
    0xc2, 0x0,

    /* U+0036 "6" */
    0x0, 0xe6, 0xbe, 0xff, 0x76, 0x38, 0x7, 0x1e,
    0xca, 0x8, 0x0, 0x4e, 0x20, 0x1, 0x1e, 0x10,
    0x7, 0xe6, 0x0, 0xe, 0x80, 0x70, 0x80, 0x66,
    0x0, 0x48, 0x80, 0x4d, 0xdc, 0xfb, 0x37, 0x80,
    0x3, 0x0, 0x4b, 0x22, 0x0, 0x4c, 0x80, 0x2,
    0x8, 0x5, 0x20, 0x4c, 0xc3, 0x0, 0xc6, 0x1,
    0x86, 0xf6, 0x65, 0x9c, 0xc0, 0xe, 0x0, 0xd8,
    0x80, 0x18, 0x66, 0x0, 0xc0, 0x30, 0x80, 0x7c,
    0xe4, 0x20, 0x18, 0xb3, 0xf9, 0x80, 0x35, 0x88,
    0x6, 0xe3, 0x1, 0x92, 0x0, 0x94, 0x80, 0x31,
    0x80, 0x67, 0x0, 0x8b, 0x40, 0x31, 0x80, 0x7f,
    0x20, 0x6, 0xb0, 0xc, 0xe0, 0x11, 0xa, 0x80,
    0x4e, 0x60, 0x5, 0x20, 0x9, 0x2, 0x0, 0x36,
    0x5e, 0x50, 0x6, 0x90, 0x29, 0x0, 0xc8, 0x60,
    0x1a, 0x44, 0x0, 0xd2, 0x1, 0xfa, 0x18, 0x3,
    0x37, 0x39, 0x0, 0x9, 0xb5, 0xc0, 0x0,

    /* U+0037 "7" */
    0x1b, 0xff, 0xff, 0xb5, 0x19, 0x0, 0x3f, 0xe2,
    0xef, 0x0, 0xff, 0xe0, 0x95, 0x10, 0x7, 0xff,
    0x2, 0x4b, 0x7b, 0x77, 0xb0, 0x40, 0x2a, 0x10,
    0x0, 0x91, 0x74, 0x88, 0x1, 0x94, 0x3, 0xf2,
    0x28, 0x5, 0x0, 0x1f, 0xd2, 0x1, 0x40, 0x80,
    0x7e, 0x52, 0x0, 0x9c, 0x3, 0xfa, 0x0, 0x26,
    0x0, 0xfe, 0x32, 0x0, 0xa8, 0x3, 0xfa, 0x80,
    0x31, 0x80, 0x7f, 0x20, 0x4, 0x60, 0x1f, 0xc2,
    0x40, 0x12, 0x0, 0x7f, 0x38, 0x6, 0xf0, 0xf,
    0xee, 0x0, 0xc4, 0x1, 0xfc, 0x40, 0x19, 0x80,
    0x3f, 0x98, 0x3, 0x8, 0x7, 0xff, 0x8, 0x80,
    0x3f, 0xa0, 0x80, 0xa8, 0x3, 0xc0,

    /* U+0038 "8" */
    0x0, 0x85, 0xf3, 0xbf, 0xd9, 0x2, 0x1, 0xc9,
    0xf0, 0x62, 0x0, 0x37, 0xe4, 0x0, 0x8a, 0xc4,
    0x3, 0xf5, 0x90, 0x2, 0x0, 0x33, 0x4b, 0x0,
    0x6b, 0x0, 0x20, 0x4, 0xd2, 0xd3, 0x0, 0x12,
    0x0, 0x7b, 0x80, 0x24, 0x0, 0xf1, 0x0, 0x5a,
    0x1, 0xf3, 0x80, 0x28, 0x2, 0x56, 0x0, 0x20,
    0x5, 0x0, 0x6, 0x30, 0xa, 0x71, 0xa4, 0x1,
    0x24, 0x1, 0x62, 0x80, 0x47, 0x22, 0xc, 0xc0,
    0xc, 0x8e, 0x0, 0x20, 0xc, 0xd6, 0x20, 0x6,
    0xb2, 0xb, 0xdb, 0x20, 0x9, 0x28, 0x6, 0x40,
    0x6, 0x80, 0x9a, 0xa0, 0x12, 0x21, 0x80, 0x26,
    0x0, 0xd4, 0x1, 0xb7, 0x80, 0x21, 0x0, 0xe1,
    0x0, 0x88, 0x3, 0x21, 0x80, 0x44, 0x20, 0x10,
    0xe8, 0x6, 0xc9, 0x78, 0xc0, 0xd, 0x88, 0x80,
    0xc, 0xd0, 0xe2, 0x1, 0x1b, 0x5, 0xb0, 0x7,
    0xf2, 0xe0, 0x5, 0x38, 0xc6, 0x1, 0x13, 0x65,
    0x0, 0x0,

    /* U+0039 "9" */
    0x0, 0x8e, 0xb7, 0xfd, 0xb0, 0x40, 0x1e, 0x9c,
    0x52, 0x0, 0x13, 0xeb, 0x80, 0x6a, 0x60, 0xf,
    0xd0, 0xe0, 0x4, 0x50, 0xc, 0x88, 0x0, 0xd0,
    0x61, 0xe0, 0x1b, 0x2e, 0xdc, 0x40, 0x14, 0x3,
    0x0, 0x48, 0x60, 0x1, 0x80, 0x9, 0x4, 0xc0,
    0x21, 0x0, 0xc8, 0x1, 0x90, 0xc0, 0x24, 0x0,
    0xc8, 0x1, 0xb5, 0x0, 0x21, 0xd8, 0x79, 0xa0,
    0xc, 0x36, 0x1, 0x89, 0xe1, 0x80, 0x38, 0xca,
    0xc0, 0x3e, 0x61, 0x0, 0xe4, 0xe7, 0x20, 0x2,
    0x5c, 0x88, 0x4, 0x60, 0x1, 0x8d, 0xff, 0x5a,
    0x10, 0x6, 0xe0, 0xf, 0xe5, 0x0, 0xc8, 0x1,
    0xf8, 0x64, 0x2, 0x13, 0x0, 0x4e, 0xa8, 0x0,
    0xf4, 0x40, 0x29, 0x0, 0x4b, 0x15, 0x7f, 0xb0,
    0xc0, 0x22, 0x70, 0x3, 0x80, 0x7f, 0xb8, 0x2,
    0x60, 0xf, 0xc5, 0xa6, 0x1, 0x44, 0x98, 0x80,
    0x5, 0x27, 0x48, 0x2,

    /* U+003A ":" */
    0x0, 0x4f, 0x72, 0x0, 0x12, 0xc2, 0x27, 0x70,
    0x30, 0x6, 0xb0, 0xf, 0xca, 0x1, 0xac, 0x29,
    0x40, 0x5d, 0xc0, 0xa, 0xfe, 0x80, 0xf, 0xfe,
    0x58, 0xd7, 0xfa, 0x40, 0x16, 0xa0, 0x6, 0x70,
    0x50, 0xd, 0x60, 0x1f, 0x98, 0x3, 0x50, 0x4b,
    0x8, 0xa1, 0x80,

    /* U+003B ";" */
    0x0, 0x4f, 0x72, 0x0, 0x29, 0x61, 0x13, 0xb8,
    0x0, 0xc0, 0x1a, 0xc0, 0x3f, 0xca, 0x1, 0xac,
    0x1, 0x4a, 0x2, 0xee, 0x0, 0xab, 0xfa, 0x0,
    0x3f, 0xfa, 0x2, 0xce, 0x40, 0x12, 0xf4, 0xc6,
    0xa8, 0x2, 0xc0, 0x35, 0x80, 0x4, 0x3, 0xa,
    0x2, 0x0, 0x71, 0x5, 0x28, 0x80, 0x70, 0xd7,
    0x8, 0x0, 0x80, 0x28, 0x10, 0x2, 0x80, 0x29,
    0xc0, 0xa, 0x21, 0x6a, 0x0, 0x1b, 0x1, 0x40,
    0xb, 0x44, 0x5, 0x0, 0xf0, 0xc0, 0x2b, 0xfc,
    0x30, 0x8,

    /* U+003C "<" */
    0x0, 0xff, 0xe7, 0xb5, 0xea, 0x80, 0x7f, 0x25,
    0x7c, 0xa1, 0x58, 0x7, 0x8a, 0x3a, 0xd4, 0x3,
    0xf9, 0xb3, 0x5c, 0x40, 0x38, 0xf4, 0x1, 0x3f,
    0x26, 0x1, 0xc7, 0x3d, 0x86, 0x12, 0xc0, 0x1c,
    0x93, 0xd8, 0xc2, 0x1, 0x20, 0x6, 0x5e, 0xb6,
    0x10, 0xf, 0x38, 0x6, 0x5f, 0x94, 0x0, 0xfa,
    0xd0, 0x3, 0xb, 0x5f, 0x4a, 0x0, 0x61, 0xbd,
    0x71, 0x0, 0xc2, 0xd7, 0xf2, 0x40, 0x11, 0x47,
    0x5a, 0x80, 0x79, 0xb0, 0x3, 0xc9, 0x5d, 0x26,
    0x1, 0x84, 0x3, 0xf0, 0xb6, 0x6b, 0x90, 0x40,
    0x7, 0xfc, 0x51, 0xbe, 0xe0,

    /* U+003D "=" */
    0x5d, 0xff, 0xff, 0xb9, 0x60, 0x80, 0x3f, 0xe1,
    0xb7, 0x0, 0xff, 0xe0, 0xad, 0x52, 0x62, 0x3f,
    0xa6, 0xac, 0x15, 0x9d, 0xff, 0x99, 0x40, 0x3f,
    0xfa, 0x88, 0xcd, 0xff, 0x20, 0x55, 0xcc, 0xff,
    0xd7, 0x67, 0x0, 0xff, 0xe0, 0xac, 0x8, 0x7,
    0xfc, 0x36,

    /* U+003E ">" */
    0x0, 0xff, 0xe2, 0xa6, 0x5b, 0x0, 0x7f, 0xf0,
    0x28, 0xd2, 0x7e, 0x90, 0x3, 0xff, 0x84, 0xb7,
    0xd0, 0x40, 0x1e, 0xc4, 0x0, 0xe1, 0x7d, 0xc6,
    0x10, 0x8, 0xaf, 0xa5, 0x0, 0x38, 0xe7, 0xa4,
    0x3, 0xb, 0x5f, 0x4a, 0x0, 0x73, 0x50, 0x7,
    0x85, 0xaf, 0x94, 0x3, 0x20, 0x7, 0xc9, 0x3e,
    0xa0, 0x19, 0x40, 0x32, 0x4f, 0x5b, 0x8, 0x6,
    0x4a, 0x1, 0x9e, 0xb6, 0x10, 0xc, 0x2f, 0xb6,
    0x21, 0x8c, 0x20, 0x1c, 0xb7, 0xd0, 0x40, 0x11,
    0x80, 0x63, 0x9e, 0xa4, 0x0, 0xf4, 0x1, 0x3e,
    0xe3, 0x8, 0x7, 0xe6, 0xfd, 0x82, 0x0, 0xff,
    0x0,

    /* U+003F "?" */
    0x0, 0x1c, 0xe6, 0xf6, 0xdb, 0x0, 0x64, 0xc6,
    0x32, 0x12, 0x49, 0xd2, 0x0, 0x50, 0x7, 0xe2,
    0xf0, 0x1, 0x80, 0x7f, 0x12, 0x87, 0x91, 0x2b,
    0xf9, 0x0, 0x36, 0x1, 0x6e, 0x94, 0x6, 0x40,
    0x31, 0x80, 0x7c, 0x20, 0x18, 0x80, 0x3e, 0xe0,
    0xd, 0x60, 0x1e, 0xa2, 0x0, 0x98, 0xc0, 0x3a,
    0x14, 0x2, 0x49, 0x0, 0xe4, 0x70, 0x8, 0xec,
    0x3, 0xde, 0x1, 0xe, 0x80, 0x78, 0x50, 0x2,
    0x81, 0x0, 0xff, 0xb, 0x80, 0x7c, 0x3b, 0x9b,
    0xc2, 0x1, 0xf8, 0x8c, 0x80, 0x3f, 0xd3, 0xfe,
    0xa1, 0x0, 0xf9, 0xd8, 0x0, 0xb6, 0x1, 0xf5,
    0x80, 0x65, 0x0, 0xff, 0xe4, 0x58, 0x6, 0x60,
    0xf, 0x9d, 0xc2, 0x26, 0x90, 0xc,

    /* U+0040 "@" */
    0x0, 0xff, 0x24, 0x67, 0x7f, 0xbb, 0x25, 0x0,
    0x3f, 0xf8, 0x6f, 0xd6, 0xe6, 0x20, 0x1, 0x36,
    0xbd, 0x50, 0xf, 0xf9, 0x3a, 0x4, 0x3, 0xfc,
    0x55, 0x40, 0xf, 0xe7, 0xb1, 0x0, 0xb, 0xe7,
    0xfd, 0xd6, 0xe0, 0x12, 0xd8, 0x7, 0xd1, 0x0,
    0xa, 0x7a, 0xc, 0x2, 0x14, 0x8e, 0x50, 0x2,
    0x40, 0x7, 0x33, 0x80, 0xb, 0x58, 0x3, 0xf8,
    0x69, 0x80, 0xe, 0x40, 0x11, 0x48, 0x0, 0xb0,
    0x80, 0x3f, 0xf8, 0x12, 0x60, 0x8, 0x0, 0xa0,
    0x2, 0xf1, 0x0, 0x9f, 0x3f, 0x94, 0xb6, 0xc0,
    0x28, 0x0, 0x28, 0x0, 0x94, 0x1, 0x4, 0x0,
    0x1c, 0x83, 0x1, 0xaf, 0x24, 0x40, 0x1, 0x4,
    0x0, 0x81, 0x40, 0x1, 0x70, 0xb, 0x4c, 0x3,
    0x88, 0x3, 0xc8, 0x0, 0x20, 0x60, 0x3, 0x80,
    0x50, 0x60, 0x3, 0xcd, 0x10, 0x9, 0x40, 0x23,
    0x0, 0x70, 0x88, 0x1, 0xa0, 0x13, 0x80, 0x7,
    0xc, 0x88, 0x0, 0x21, 0x0, 0x84, 0x2, 0x50,
    0x9, 0x40, 0xa, 0x1, 0x48, 0x4, 0x40, 0x4,
    0x0, 0xc2, 0x1, 0x10, 0x4, 0x20, 0xc, 0x0,
    0x94, 0x2, 0x10, 0x7, 0x80, 0x65, 0x0, 0x68,
    0x4, 0x20, 0x11, 0x0, 0x44, 0x0, 0x30, 0x9,
    0x0, 0x22, 0x30, 0x2, 0x0, 0x42, 0x1, 0xf0,
    0x80, 0x2c, 0x0, 0x24, 0x1, 0x48, 0x1, 0x4,
    0xc0, 0x3c, 0x40, 0x14, 0xa, 0xb8, 0x1, 0x80,
    0x5, 0x48, 0x0, 0x80, 0x60, 0x8, 0xc0, 0x1a,
    0x1, 0x37, 0x50, 0x4, 0xff, 0xed, 0x50, 0x4,
    0x98, 0x18, 0x5, 0x60, 0x4, 0x50, 0xe, 0x4c,
    0x0, 0xfa, 0x98, 0x2, 0x50, 0x3, 0x8, 0x2,
    0xa0, 0x80, 0xea, 0xcf, 0x54, 0x40, 0xdf, 0x94,
    0x3, 0x70, 0x0, 0x60, 0x2, 0x7d, 0xfc, 0x50,
    0x1, 0x57, 0x7e, 0x40, 0x80, 0x72, 0x20, 0x0,
    0xd0, 0x1, 0xff, 0xca, 0x91, 0x0, 0x3d, 0x88,
    0x7, 0xff, 0x20, 0xb4, 0x2, 0x4e, 0xa5, 0x20,
    0x1, 0x34, 0xc8, 0x40, 0x3f, 0xe3, 0xd2, 0x0,
    0x96, 0xb7, 0xfd, 0xb2, 0xcc, 0xb0, 0xf, 0xfe,
    0x1, 0x6b, 0x80, 0x7f, 0x92, 0x0, 0x3f, 0xf8,
    0x51, 0xd2, 0x84, 0x24, 0x8f, 0x7f, 0x64, 0x1,
    0xf8,

    /* U+0041 "A" */
    0x0, 0xf2, 0xef, 0xfd, 0x40, 0x1f, 0xfc, 0x2,
    0xa2, 0x0, 0x96, 0x40, 0x3f, 0xea, 0x0, 0xf3,
    0x0, 0x7f, 0xca, 0x1, 0xf2, 0x80, 0x7f, 0x11,
    0x0, 0x2, 0xc0, 0x17, 0x80, 0x7f, 0x28, 0x4,
    0x98, 0x1, 0x28, 0x7, 0xf5, 0x80, 0x58, 0x80,
    0x19, 0x0, 0x3e, 0x13, 0x0, 0x90, 0x48, 0x2,
    0xd0, 0xf, 0x9c, 0x2, 0x12, 0x4, 0x0, 0x9c,
    0x3, 0xea, 0x0, 0x90, 0x1, 0x80, 0x10, 0x98,
    0x7, 0x9, 0x80, 0x58, 0x0, 0x40, 0xd, 0x60,
    0x1c, 0xe0, 0x19, 0x0, 0x2, 0x40, 0x12, 0x80,
    0x76, 0x80, 0x6d, 0xff, 0x88, 0x2, 0x23, 0x0,
    0xc8, 0x1, 0xff, 0xc1, 0xb0, 0x9, 0x40, 0x3f,
    0xf8, 0x4a, 0x1, 0x78, 0x6, 0x23, 0x3e, 0x0,
    0xc4, 0x40, 0x2, 0x80, 0x45, 0xb9, 0x9c, 0xc0,
    0x19, 0x41, 0x0, 0x32, 0x0, 0x7b, 0x0, 0x35,
    0x81, 0x0, 0x6c, 0x0, 0xf2, 0x0, 0x62, 0x4,
    0x10, 0x9, 0x40, 0x3c, 0x28, 0x1, 0x30, 0x17,
    0xc3, 0xe0, 0x7, 0xea, 0x87, 0xc8, 0x0, 0xb,
    0xc1, 0x80, 0x7e, 0x17, 0x83, 0x0, 0x0,

    /* U+0042 "B" */
    0xb, 0xff, 0xfb, 0xb2, 0x4c, 0x3, 0x3a, 0x0,
    0x7c, 0x26, 0xd9, 0x62, 0x0, 0xe0, 0xf, 0xfe,
    0x2, 0x50, 0x7, 0xc4, 0x66, 0x20, 0xe, 0x43,
    0x0, 0xf5, 0xe6, 0x37, 0x8c, 0x3, 0x28, 0x7,
    0xf8, 0x6c, 0x3, 0x18, 0x7, 0xfd, 0x60, 0x19,
    0xc0, 0x3d, 0x53, 0x2a, 0xe3, 0x0, 0x90, 0x80,
    0x3c, 0x6c, 0xc5, 0x10, 0x8, 0xa8, 0x3, 0xff,
    0x87, 0x2, 0x1, 0xff, 0xc3, 0xac, 0x10, 0xf,
    0x4f, 0xfd, 0xac, 0x1, 0x1d, 0x0, 0x7f, 0x8a,
    0x50, 0x2, 0x42, 0x0, 0xff, 0x8c, 0x3, 0x20,
    0x7, 0xfc, 0x40, 0x1f, 0xfc, 0x37, 0x50, 0xc,
    0xa0, 0x1d, 0x79, 0x8d, 0xf8, 0x0, 0xc4, 0x60,
    0x1c, 0x46, 0x62, 0x0, 0xf7, 0x7, 0x0, 0x7f,
    0xf0, 0xb, 0xc, 0x1d, 0x0, 0x3f, 0x12, 0xd6,
    0x98, 0x0,

    /* U+0043 "C" */
    0x0, 0xf2, 0x4e, 0xf7, 0xfb, 0x69, 0x0, 0x3e,
    0x3c, 0xb6, 0x21, 0x0, 0x12, 0xdc, 0x0, 0x72,
    0xe1, 0x80, 0x7f, 0x38, 0x6, 0x4a, 0x0, 0xff,
    0x84, 0x2, 0x1b, 0x0, 0xe5, 0xac, 0xa6, 0x0,
    0x50, 0x5, 0x0, 0x1d, 0x74, 0xa6, 0xb3, 0xdc,
    0x40, 0x9, 0x80, 0x34, 0x20, 0x7, 0x8, 0x80,
    0x23, 0x0, 0xe7, 0x0, 0xff, 0x94, 0x3, 0x20,
    0x7, 0xff, 0x0, 0x40, 0x31, 0x0, 0x7f, 0xf0,
    0x3c, 0x3, 0xff, 0x8b, 0xe0, 0x18, 0x80, 0x3f,
    0xf8, 0x6, 0x1, 0x94, 0x3, 0xff, 0x80, 0x80,
    0x18, 0x58, 0x3, 0xff, 0x80, 0x80, 0x1a, 0x4c,
    0x3, 0x89, 0x0, 0x34, 0x0, 0x76, 0x4a, 0x9a,
    0x46, 0xdd, 0x80, 0x23, 0x80, 0xe, 0x6a, 0xcb,
    0x70, 0x2, 0x30, 0x4, 0xee, 0x0, 0xff, 0xe0,
    0x10, 0x6, 0x8a, 0x10, 0xf, 0xe6, 0x40, 0xe,
    0x5e, 0xa5, 0x20, 0x8, 0x96, 0xe4, 0x0,

    /* U+0044 "D" */
    0xb, 0xff, 0xee, 0xdb, 0x72, 0x0, 0xe7, 0x40,
    0xe, 0x12, 0x48, 0xdb, 0x10, 0xb, 0x80, 0x3f,
    0xe4, 0xe3, 0x0, 0xff, 0xe2, 0x69, 0x0, 0x7a,
    0x7f, 0xd6, 0xa0, 0x18, 0x64, 0x3, 0xf9, 0x2a,
    0x0, 0x32, 0x18, 0x7, 0xf9, 0xc8, 0x3, 0x20,
    0x7, 0xfd, 0x40, 0x1b, 0x0, 0x3f, 0xe3, 0x0,
    0xcc, 0x1, 0xff, 0x38, 0x6, 0x30, 0xf, 0xfe,
    0x83, 0x80, 0x63, 0x0, 0xff, 0xb0, 0x3, 0x30,
    0x7, 0xfc, 0xc0, 0x1b, 0x0, 0x3f, 0xd2, 0x20,
    0x19, 0x40, 0x3e, 0x15, 0xc6, 0x0, 0xca, 0x40,
    0x1d, 0x3f, 0xd4, 0x60, 0x18, 0x6c, 0x3, 0xff,
    0x84, 0x38, 0x21, 0xc0, 0x1f, 0xf2, 0xf9, 0x0,
    0x1d, 0x0, 0x3c, 0x29, 0x1b, 0x42, 0x1, 0x0,

    /* U+0045 "E" */
    0xb, 0xff, 0xff, 0x58, 0xba, 0x0, 0x7f, 0x92,
    0x78, 0x3, 0xff, 0x9a, 0x54, 0x1, 0xd1, 0xdd,
    0xdf, 0xa4, 0x1, 0xc2, 0x3e, 0x0, 0xff, 0xe5,
    0x4f, 0xff, 0x50, 0x7, 0xff, 0x5, 0x50, 0x3,
    0xff, 0x82, 0x20, 0x1f, 0xfc, 0x4, 0x50, 0xf,
    0x47, 0x76, 0xfb, 0x0, 0xf8, 0x47, 0x80, 0x3f,
    0xfb, 0x22, 0x3f, 0x0, 0x7d, 0x1d, 0xde, 0xf5,
    0x0, 0xff, 0xe0, 0xc7, 0x0, 0x7f, 0xf0, 0x5d,
    0x0, 0x3f, 0xc5, 0x20,

    /* U+0046 "F" */
    0xb, 0xff, 0xff, 0x61, 0x3a, 0x0, 0x7f, 0x8e,
    0xf8, 0x3, 0xff, 0x9a, 0x56, 0x1, 0xd1, 0xdd,
    0xdf, 0xa4, 0x1, 0xc2, 0x3e, 0x0, 0xff, 0xec,
    0x4f, 0xff, 0x58, 0x7, 0xff, 0x5, 0x18, 0x3,
    0xff, 0x82, 0x20, 0x1f, 0xfc, 0x3, 0x60, 0xf,
    0x47, 0x76, 0xfc, 0x10, 0xf, 0x8, 0xf0, 0x7,
    0xff, 0xc3, 0x80, 0x31, 0x0, 0x7e, 0x74, 0x0,
    0x32, 0x0, 0x7e,

    /* U+0047 "G" */
    0x0, 0xf1, 0xc6, 0x77, 0xfb, 0xb2, 0x4, 0x3,
    0xc5, 0x78, 0xe6, 0x20, 0x1, 0x37, 0xe2, 0x0,
    0xcb, 0xa8, 0x1, 0xfe, 0x80, 0x9, 0x28, 0x3,
    0xff, 0x80, 0x60, 0x1, 0xb0, 0xe, 0x49, 0xcc,
    0x41, 0x1, 0xc0, 0x2, 0x0, 0x3a, 0xad, 0x8c,
    0xcf, 0xb5, 0x82, 0x0, 0x60, 0xd, 0xa, 0x1,
    0xe5, 0x0, 0x8c, 0x3, 0x9c, 0x3, 0xfe, 0x50,
    0xc, 0x80, 0x19, 0x7b, 0xff, 0x60, 0x88, 0x3,
    0x10, 0x6, 0xa1, 0x0, 0xc7, 0x1e, 0x1, 0xff,
    0xc4, 0x2e, 0x0, 0xc4, 0x1, 0xa8, 0x40, 0x3c,
    0x40, 0x19, 0x0, 0x32, 0xf7, 0xa0, 0x6, 0x40,
    0xe, 0x70, 0xf, 0xfe, 0x2, 0x80, 0x68, 0x50,
    0xf, 0xfa, 0x0, 0x3a, 0xb1, 0xd0, 0xd5, 0x0,
    0x38, 0xa4, 0x3, 0x8e, 0x2f, 0x28, 0x3, 0xe6,
    0x80, 0xf, 0xfe, 0xe, 0x0, 0x4f, 0x64, 0x1,
    0xfc, 0x30, 0xe0, 0x19, 0x36, 0xd8, 0xc4, 0x4,
    0x96, 0xb9, 0xc0,

    /* U+0048 "H" */
    0xb, 0xff, 0x50, 0x7, 0xc5, 0x9f, 0xce, 0xe,
    0x80, 0x5, 0x50, 0x7, 0xac, 0xc0, 0x60, 0xb8,
    0x3, 0x18, 0x7, 0x88, 0x3, 0x30, 0x7, 0xff,
    0xfc, 0x1, 0x3f, 0xfe, 0x40, 0xf, 0xff, 0xa3,
    0x5d, 0xf8, 0xc0, 0x3f, 0xde, 0x89, 0xe7, 0x0,
    0xff, 0xff, 0x80, 0x7f, 0xf2, 0x38, 0x3, 0x10,
    0x7, 0x88, 0x3, 0x33, 0xa0, 0x1, 0x90, 0x3,
    0xd0, 0x60, 0x30, 0x40,

    /* U+0049 "I" */
    0xb, 0xff, 0x48, 0x3a, 0x0, 0x19, 0x38, 0x3,
    0x10, 0x7, 0xff, 0xfc, 0x3, 0xff, 0x87, 0xc0,
    0x18, 0x9d, 0x0, 0xc, 0x80,

    /* U+004A "J" */
    0x0, 0xfe, 0x3d, 0xfe, 0x60, 0xf, 0xf7, 0x90,
    0xc, 0x80, 0x7f, 0x84, 0x3, 0x10, 0x7, 0xf1,
    0x80, 0x7f, 0xff, 0xc0, 0x3f, 0xff, 0xe0, 0x18,
    0xc0, 0x4, 0xc4, 0x1, 0x10, 0x80, 0x61, 0x6,
    0xd9, 0xc6, 0x45, 0xf0, 0xc, 0x60, 0x8, 0x0,
    0xc, 0xdd, 0x10, 0x6, 0xa0, 0x2, 0x80, 0x7f,
    0x8d, 0x80, 0x14, 0xa0, 0x1f, 0x8f, 0x40, 0x21,
    0xad, 0x72, 0x10, 0x14, 0xac, 0x10, 0x0,

    /* U+004B "K" */
    0xb, 0xff, 0x48, 0x7, 0xa3, 0xbf, 0xd2, 0x1,
    0x3a, 0x0, 0x19, 0x0, 0x35, 0xb8, 0x80, 0x7b,
    0x80, 0x31, 0x0, 0x4e, 0x80, 0x11, 0x40, 0x7,
    0xfc, 0x70, 0x1, 0xbc, 0x40, 0x3f, 0xc3, 0xa0,
    0x1a, 0x88, 0x3, 0xfe, 0xa1, 0x0, 0x99, 0x40,
    0x3f, 0xe8, 0x40, 0x8, 0xe4, 0x3, 0xfe, 0xd7,
    0x0, 0x87, 0x40, 0x3f, 0xf8, 0x8, 0x1, 0xc2,
    0x1, 0xff, 0xc5, 0x18, 0x0, 0xff, 0xe3, 0x39,
    0x0, 0x7f, 0xf1, 0xb8, 0x3, 0xff, 0x83, 0x84,
    0x1, 0x1b, 0x0, 0x7f, 0xd2, 0x72, 0x1, 0xa0,
    0x40, 0x3f, 0x91, 0x81, 0x10, 0x1, 0xd, 0x80,
    0x7f, 0x60, 0x5, 0x20, 0x19, 0x50, 0x3, 0xf0,
    0x80, 0x45, 0x0, 0x1a, 0x40, 0x3f, 0xf8, 0x2e,
    0x40, 0x11, 0x38, 0x3, 0x80, 0x31, 0x0, 0x74,
    0x80, 0x68, 0x0, 0x3a, 0x0, 0x19, 0x0, 0x39,
    0x28, 0x80, 0x6, 0x0,

    /* U+004C "L" */
    0xb, 0xff, 0x48, 0x7, 0xf3, 0xa0, 0x1, 0x90,
    0x3, 0xf7, 0x0, 0x62, 0x0, 0xff, 0xff, 0x80,
    0x7f, 0xff, 0xc0, 0x3f, 0xfa, 0x62, 0x3f, 0x0,
    0x7d, 0x1d, 0xde, 0xd1, 0x0, 0xff, 0xe0, 0x13,
    0x70, 0x7, 0xff, 0x5, 0xd0, 0x3, 0xfc, 0x8e,

    /* U+004D "M" */
    0xb, 0xff, 0x73, 0x0, 0x7e, 0x1b, 0xff, 0x73,
    0x3, 0xa0, 0x0, 0x65, 0x0, 0x3e, 0xa4, 0x0,
    0xc, 0x87, 0x0, 0x77, 0x80, 0x78, 0x50, 0x3,
    0x88, 0x3, 0xc8, 0x20, 0x1c, 0xc0, 0x1f, 0xfc,
    0x27, 0x0, 0xea, 0x0, 0xff, 0xe1, 0x50, 0x6,
    0x22, 0x0, 0x7f, 0xc6, 0x0, 0x32, 0x0, 0xa8,
    0x0, 0x24, 0x1, 0xf9, 0x0, 0x25, 0x0, 0x94,
    0x0, 0xe6, 0x1, 0xfc, 0x80, 0xa, 0x0, 0x19,
    0x0, 0x34, 0x40, 0x3f, 0x17, 0x0, 0x8, 0xc2,
    0xc0, 0x4, 0xc0, 0x1f, 0xcc, 0xa0, 0x15, 0x83,
    0x0, 0x29, 0x80, 0x3f, 0x84, 0x14, 0x0, 0xc8,
    0x20, 0x6, 0x10, 0xf, 0xfb, 0x80, 0x3, 0x20,
    0x4, 0x13, 0x0, 0xfe, 0x30, 0x41, 0x0, 0x10,
    0x3, 0x80, 0x3f, 0xf8, 0x4c, 0x1, 0xca, 0x1,
    0xff, 0xc2, 0xa0, 0xc, 0xa0, 0x1f, 0xfc, 0x32,
    0x30, 0xa, 0x40, 0x3f, 0xf8, 0x9e, 0x0, 0x53,
    0x0, 0xfd, 0xc0, 0x11, 0x0, 0x47, 0xd9, 0x40,
    0x11, 0x0, 0x62, 0x64, 0x2, 0xf0, 0xc, 0x26,
    0x1, 0x91, 0x80, 0x64, 0x0,

    /* U+004E "N" */
    0xb, 0xff, 0x6a, 0x80, 0x78, 0xb3, 0xf4, 0xdd,
    0x0, 0x5, 0x48, 0x1, 0xd0, 0x60, 0x5d, 0xc0,
    0xe, 0x90, 0xe, 0x60, 0x8, 0x80, 0x3c, 0x4a,
    0x1, 0xff, 0xc4, 0x80, 0xf, 0xfe, 0x21, 0x30,
    0x7, 0xff, 0x1, 0x44, 0x1, 0x0, 0x1f, 0xfc,
    0x1, 0x60, 0x0, 0xb8, 0x7, 0xfc, 0xd2, 0x1,
    0x40, 0x83, 0x80, 0x7e, 0x31, 0x60, 0xa, 0x40,
    0x40, 0x3f, 0x8, 0x40, 0x4, 0xc0, 0x40, 0x1f,
    0xc2, 0x26, 0x0, 0xb, 0xf8, 0x7, 0xf1, 0x84,
    0x0, 0x52, 0x40, 0x1f, 0xf0, 0xb8, 0x0, 0x70,
    0x3, 0xff, 0x81, 0x20, 0x13, 0x0, 0x7f, 0xf0,
    0x5, 0xc0, 0x3f, 0xf8, 0x90, 0x20, 0x1f, 0xfc,
    0x49, 0x0, 0xf7, 0x0, 0x62, 0x0, 0xce, 0x40,
    0x18, 0x9d, 0x0, 0x64, 0x3, 0xde, 0x80, 0x2,
    0x90,

    /* U+004F "O" */
    0x0, 0xe1, 0x7b, 0xef, 0xf7, 0x5b, 0x88, 0x7,
    0xf4, 0x74, 0x20, 0x80, 0x5, 0x23, 0xa0, 0x3,
    0xeb, 0x70, 0xf, 0xf3, 0xd8, 0x7, 0x52, 0x0,
    0x7f, 0xf0, 0x12, 0x80, 0x24, 0x50, 0xc, 0x31,
    0x76, 0x81, 0x0, 0xca, 0x80, 0x8, 0x0, 0xc5,
    0xee, 0x88, 0x7f, 0x20, 0xd, 0x0, 0x26, 0x1,
    0xa4, 0x40, 0x30, 0xc8, 0x6, 0x31, 0x40, 0xc,
    0x28, 0x1, 0xe4, 0x20, 0xc, 0x84, 0x1, 0x90,
    0x3, 0xf3, 0x80, 0x62, 0xf0, 0xc, 0x60, 0x1f,
    0x8c, 0x3, 0x78, 0x7, 0xff, 0x23, 0x80, 0x31,
    0x0, 0x7e, 0x20, 0xd, 0xc4, 0x1, 0x94, 0x3,
    0xf2, 0x80, 0x62, 0x40, 0xc, 0x2a, 0x1, 0xe5,
    0x10, 0xc, 0x80, 0x80, 0x1a, 0xc8, 0x3, 0x15,
    0x80, 0x64, 0x0, 0x40, 0x6, 0x1d, 0x84, 0x44,
    0x68, 0x80, 0x68, 0x0, 0x1b, 0x80, 0x73, 0xdd,
    0x9c, 0x3, 0x9c, 0xc0, 0x28, 0x50, 0xf, 0xfe,
    0x2, 0xc0, 0x7, 0x54, 0x0, 0x7f, 0xa2, 0x80,
    0x3e, 0x7e, 0x94, 0x10, 0x0, 0xa4, 0xf3, 0x80,
    0x60,

    /* U+0050 "P" */
    0xb, 0xff, 0xfb, 0xb2, 0xc, 0x3, 0x3a, 0x0,
    0x7c, 0x26, 0xf9, 0x40, 0x17, 0x0, 0x7f, 0xf0,
    0x17, 0x0, 0x3f, 0x8, 0xc0, 0x1c, 0x6e, 0x1,
    0xe9, 0xee, 0xca, 0x1, 0xa8, 0x3, 0xfc, 0x34,
    0x20, 0x11, 0x0, 0x7f, 0xf0, 0xc, 0x3, 0x8,
    0x7, 0xf8, 0x48, 0x3, 0x8, 0x7, 0xf1, 0x68,
    0x6, 0x40, 0xf, 0x46, 0xeb, 0xf4, 0xc0, 0x37,
    0x80, 0x78, 0x48, 0x80, 0x1e, 0x64, 0x0, 0xff,
    0xe1, 0x44, 0x80, 0x7f, 0xc2, 0x91, 0xce, 0x1,
    0xfa, 0x7f, 0xee, 0xb7, 0x10, 0xf, 0xff, 0xe7,
    0x0, 0x62, 0x0, 0xff, 0x9d, 0x0, 0xc, 0x80,
    0x1f, 0xf0,

    /* U+0051 "Q" */
    0x0, 0xe1, 0x7b, 0xef, 0xf7, 0x5b, 0x8, 0x7,
    0xfc, 0xfd, 0x8, 0x20, 0x1, 0x49, 0xe7, 0x0,
    0xfe, 0xa8, 0x0, 0xff, 0x45, 0x0, 0x7d, 0xa,
    0x1, 0xff, 0xc0, 0x58, 0x0, 0xe3, 0x70, 0xc,
    0x31, 0x76, 0x81, 0x0, 0xce, 0x60, 0x1a, 0x40,
    0x30, 0xe3, 0xa2, 0x1f, 0x4, 0x3, 0x48, 0x6,
    0x50, 0xd, 0x64, 0x1, 0x8a, 0xc0, 0x32, 0x80,
    0x48, 0x1, 0x85, 0x40, 0x3c, 0xa2, 0x1, 0x90,
    0x0, 0x40, 0x19, 0x40, 0x3f, 0x28, 0x6, 0x20,
    0x0, 0x80, 0x62, 0x0, 0xfc, 0x40, 0x18, 0x40,
    0x1e, 0x1, 0xff, 0xc6, 0xf0, 0x7, 0x80, 0x63,
    0x0, 0xff, 0xe0, 0xf8, 0x0, 0x80, 0x33, 0x0,
    0x7e, 0x50, 0xc, 0x40, 0x7, 0x0, 0xc6, 0x1,
    0xf8, 0xc0, 0x33, 0x80, 0x8, 0x40, 0x33, 0x0,
    0x79, 0x80, 0x31, 0x10, 0x2, 0x60, 0xd, 0x24,
    0x1, 0x8a, 0x0, 0x35, 0x0, 0x68, 0x10, 0xd,
    0xb0, 0x88, 0x8d, 0x10, 0x8, 0x5c, 0x3, 0xa8,
    0x3, 0x9e, 0xec, 0xe0, 0x1d, 0xa0, 0x1e, 0x4a,
    0x0, 0xff, 0xe0, 0x59, 0x80, 0x7c, 0xb8, 0x60,
    0x1f, 0x97, 0x50, 0x3, 0xf8, 0xf3, 0xc, 0x1,
    0xd5, 0x42, 0x0, 0xff, 0xe0, 0x1c, 0x98, 0x6,
    0xa8, 0x20, 0xf, 0xfe, 0x17, 0x8, 0x6, 0x7d,
    0xfe, 0xe6, 0x80, 0x7f, 0x8b, 0x4, 0x3, 0xc2,
    0x22, 0x60, 0xf, 0xf1, 0x7b, 0x0, 0x7e, 0xd0,
    0xf, 0xf8, 0x67, 0x61, 0x4, 0x0, 0x27, 0xe0,

    /* U+0052 "R" */
    0xb, 0xff, 0xfb, 0xb2, 0x50, 0x3, 0x9d, 0x0,
    0x3e, 0x13, 0x6b, 0xd2, 0x0, 0xb8, 0x3, 0xff,
    0x80, 0x58, 0x20, 0x1f, 0x84, 0x40, 0x1e, 0x1b,
    0x0, 0xfa, 0x7b, 0x9f, 0xcc, 0x1, 0x94, 0x3,
    0xfe, 0x19, 0x20, 0xc, 0x40, 0x1f, 0xfc, 0x6,
    0x0, 0xff, 0xe2, 0xa, 0x80, 0x62, 0x0, 0xfe,
    0x14, 0xd1, 0x0, 0x88, 0x3, 0xe9, 0xff, 0x75,
    0x98, 0x6, 0xb0, 0xf, 0xfe, 0x22, 0xb0, 0x7,
    0xff, 0xe, 0x28, 0x3, 0xf0, 0x8c, 0x1, 0x85,
    0xc0, 0x3f, 0xa3, 0xb8, 0x40, 0x10, 0xb8, 0x7,
    0xff, 0x2, 0x40, 0x34, 0x8, 0x7, 0xfc, 0x86,
    0x1, 0xac, 0x3, 0xff, 0x81, 0xe0, 0x19, 0x4c,
    0x3, 0xfe, 0x35, 0x0, 0xde, 0x0, 0xe0, 0xc,
    0x40, 0x1a, 0x0, 0x31, 0xa0, 0x3a, 0x0, 0x19,
    0x0, 0x31, 0x61, 0x80, 0x9, 0x80,

    /* U+0053 "S" */
    0x0, 0xc7, 0x39, 0xdf, 0xd8, 0xe4, 0x1, 0xea,
    0xc6, 0x31, 0x1, 0x38, 0xda, 0x10, 0xb, 0x14,
    0x3, 0xf9, 0x74, 0x1, 0x6, 0x1, 0xff, 0x30,
    0x1, 0x80, 0x32, 0x56, 0x62, 0x90, 0x12, 0x80,
    0x44, 0x1, 0xad, 0x4c, 0xcb, 0x7f, 0x60, 0x1,
    0x0, 0xe4, 0x0, 0xff, 0x18, 0x6, 0xbc, 0x60,
    0xf, 0xd0, 0x1, 0xc7, 0x3f, 0x26, 0x1, 0xc9,
    0x20, 0x1f, 0x36, 0x6b, 0x0, 0x66, 0xb4, 0x0,
    0xf8, 0xa6, 0x40, 0x19, 0x2f, 0xa0, 0x80, 0x3c,
    0xc8, 0x1, 0xc2, 0xfb, 0x8a, 0x1, 0xdc, 0x1,
    0xf8, 0xe9, 0xc0, 0x33, 0x0, 0x27, 0x10, 0x3,
    0xb8, 0x3, 0xd4, 0xc7, 0x78, 0xe8, 0x87, 0x80,
    0xc, 0xa8, 0xa0, 0x11, 0xc5, 0xda, 0x4, 0x3,
    0x50, 0x7, 0xff, 0xa, 0xd, 0x31, 0x0, 0x3f,
    0x86, 0x9c, 0x0, 0x77, 0xb0, 0x82, 0x0, 0x14,
    0x9e, 0x50, 0x0,

    /* U+0054 "T" */
    0x7, 0xef, 0xff, 0xfe, 0x7, 0x30, 0xc, 0x8,
    0x7, 0xff, 0x0, 0x64, 0x3, 0xff, 0x8e, 0x2e,
    0x1, 0xff, 0xc2, 0x80, 0x4, 0x7f, 0x74, 0xc0,
    0x19, 0xfb, 0xaf, 0x70, 0xc, 0x23, 0x0, 0x77,
    0x88, 0xc0, 0x1f, 0xff, 0xf0, 0xf, 0xff, 0xf8,
    0x7, 0xff, 0xb4, 0x40, 0x3f, 0xf8, 0xbc, 0x1,
    0x88, 0x3, 0xff, 0x80, 0xc8, 0x0, 0x55, 0x0,
    0x78,

    /* U+0055 "U" */
    0x1c, 0xfe, 0x80, 0xf, 0x8b, 0x3f, 0x94, 0x20,
    0xc0, 0x5c, 0x80, 0x3d, 0x66, 0x3, 0x40, 0x40,
    0x19, 0x80, 0x3c, 0x40, 0x18, 0x40, 0x3f, 0xff,
    0xe0, 0x1f, 0xff, 0x91, 0x0, 0xff, 0x9c, 0x3,
    0x9, 0x80, 0x62, 0x0, 0xf0, 0x80, 0x77, 0x80,
    0x6f, 0x0, 0xe1, 0x20, 0x8, 0xc1, 0x40, 0x33,
    0x10, 0x6, 0x80, 0xc, 0xa0, 0x64, 0x1, 0xb1,
    0xd1, 0x69, 0x80, 0x36, 0x80, 0x2c, 0x3, 0xc,
    0x5d, 0x28, 0x6, 0x34, 0x0, 0x32, 0x80, 0x7f,
    0xf0, 0x38, 0x3, 0x53, 0x0, 0x7f, 0x16, 0x90,
    0x7, 0x4e, 0xb9, 0x88, 0x0, 0x96, 0xb4, 0x80,
    0x20,

    /* U+0056 "V" */
    0x0, 0xff, 0xe4, 0xa6, 0xff, 0x40, 0x7, 0xe9,
    0xff, 0x48, 0x5, 0xc4, 0x2, 0xea, 0x1, 0xe3,
    0x60, 0x3, 0x30, 0x1, 0xa0, 0x1b, 0x80, 0x3c,
    0x80, 0x1f, 0x28, 0x6, 0x40, 0xf, 0x60, 0x6,
    0x40, 0x1, 0x10, 0x3, 0x18, 0x7, 0x20, 0x4,
    0x44, 0x0, 0x94, 0x3, 0x20, 0x6, 0x40, 0xc,
    0xa0, 0x1a, 0xc0, 0x36, 0x0, 0x6c, 0x0, 0xd6,
    0x1, 0x8c, 0x40, 0x24, 0x0, 0xc8, 0x1, 0x9,
    0x80, 0x73, 0x80, 0x63, 0x0, 0x8c, 0x2, 0x70,
    0xf, 0x68, 0x6, 0x40, 0x2, 0x0, 0x6d, 0x0,
    0xf2, 0x0, 0x6c, 0x0, 0x60, 0x6, 0x40, 0xf,
    0x94, 0x2, 0x40, 0x2, 0x0, 0x4a, 0x1, 0xfb,
    0xc0, 0x32, 0x1, 0x80, 0x5e, 0x1, 0xf9, 0x0,
    0x36, 0x20, 0x6, 0x50, 0xf, 0xc2, 0x80, 0x12,
    0x60, 0x4, 0x80, 0x1f, 0xed, 0x0, 0x8d, 0x80,
    0x2d, 0x0, 0xff, 0x38, 0x6, 0x10, 0x9, 0xc0,
    0x3f, 0xc2, 0x60, 0x1e, 0x31, 0x0, 0xff, 0xa8,
    0x3, 0xd4, 0x1, 0xff, 0xc0, 0x67, 0x10, 0x0,
    0xbb, 0x0, 0x78,

    /* U+0057 "W" */
    0x0, 0xff, 0xe7, 0xae, 0xfe, 0x90, 0x7, 0x2f,
    0x7d, 0x88, 0x7, 0x47, 0xf4, 0x0, 0x28, 0x80,
    0xa0, 0x3, 0xd, 0x8, 0x24, 0x0, 0x61, 0x70,
    0x17, 0x31, 0x0, 0xc8, 0x1, 0x9c, 0x3, 0x38,
    0x6, 0x40, 0xc, 0xe2, 0x20, 0x8, 0x40, 0x37,
    0x80, 0x61, 0x10, 0x4, 0x40, 0x19, 0x41, 0x40,
    0x31, 0x0, 0x48, 0x1, 0xc8, 0x1, 0x70, 0x4,
    0x22, 0x3, 0x0, 0xcc, 0x1, 0x10, 0x7, 0x68,
    0x4, 0x40, 0x11, 0x0, 0x34, 0x3, 0x10, 0x1,
    0x0, 0x21, 0x0, 0x20, 0x4, 0xa0, 0x12, 0x80,
    0x1c, 0x3, 0x78, 0x0, 0xc0, 0x6, 0x80, 0x3,
    0x0, 0x84, 0x2, 0xf0, 0x1, 0x0, 0x62, 0x0,
    0x60, 0x1, 0x74, 0x2, 0x30, 0x20, 0xc, 0xa0,
    0x11, 0x80, 0x4c, 0x0, 0x50, 0x7, 0x98, 0x4,
    0xa0, 0xc0, 0x18, 0xc0, 0x25, 0x0, 0x88, 0x8,
    0x40, 0xa, 0xc0, 0x16, 0x1, 0x80, 0x44, 0x1,
    0xbc, 0x3, 0xb, 0x80, 0x46, 0x40, 0x13, 0x87,
    0x0, 0x4c, 0x1, 0x94, 0x3, 0x2e, 0x0, 0x8,
    0x0, 0x80, 0x2, 0x12, 0x0, 0x8c, 0x3, 0x18,
    0x6, 0x25, 0x0, 0x38, 0x0, 0xc0, 0x25, 0x60,
    0xb, 0x40, 0x38, 0x80, 0x2f, 0x30, 0x6, 0x80,
    0x34, 0x2, 0xc2, 0x0, 0x9c, 0x3, 0x9c, 0x2,
    0x70, 0x8, 0xc0, 0x8, 0x1, 0x30, 0x6, 0x20,
    0xe, 0xd0, 0x8, 0x40, 0x25, 0x0, 0x8, 0x80,
    0x2, 0x1, 0x18, 0x7, 0x8c, 0x3, 0xc2, 0x20,
    0x9, 0x0, 0x3c, 0xa0, 0x1e, 0x40, 0xf, 0x38,
    0x6, 0xf0, 0xf, 0x60, 0x7, 0xd6, 0x40, 0x12,
    0x40, 0x6, 0x57, 0x10, 0x0, 0xba, 0x80, 0x40,

    /* U+0058 "X" */
    0x3, 0xdf, 0xf5, 0x90, 0x7, 0x2e, 0xff, 0x38,
    0x4, 0xc4, 0x0, 0x4f, 0x0, 0xc5, 0x44, 0x3,
    0x80, 0x12, 0x88, 0x4, 0x4c, 0x1, 0x40, 0x6,
    0xe0, 0xd, 0x0, 0x1a, 0xc0, 0x2, 0xa0, 0x11,
    0xa8, 0x6, 0x62, 0x0, 0x89, 0x1, 0x80, 0x34,
    0x0, 0x7a, 0x40, 0x37, 0x84, 0x80, 0x48, 0x80,
    0xf, 0x22, 0x0, 0x24, 0x71, 0x0, 0xa0, 0x3,
    0xf4, 0x80, 0x68, 0x0, 0x94, 0xc0, 0x3f, 0x13,
    0x0, 0x7d, 0x0, 0x1f, 0xeb, 0x0, 0xf3, 0x10,
    0x7, 0xf9, 0xc0, 0x3c, 0x60, 0x1f, 0xf5, 0x80,
    0x79, 0x4c, 0x3, 0xf9, 0xc4, 0x0, 0x20, 0x1b,
    0xc0, 0x3f, 0xc, 0x0, 0x4c, 0xc0, 0x8, 0xd4,
    0x3, 0xe8, 0x0, 0xd3, 0x0, 0x1a, 0xc0, 0x3c,
    0x4c, 0x1, 0x28, 0x89, 0x40, 0x21, 0x70, 0xe,
    0x90, 0xd, 0x20, 0x8, 0x0, 0xd0, 0x20, 0x11,
    0xa0, 0x4, 0x66, 0x0, 0x12, 0x80, 0x68, 0x0,
    0xa4, 0x3, 0x40, 0x6, 0x80, 0xc, 0xc2, 0x0,
    0xd1, 0x2, 0x94, 0x0, 0xc5, 0x64, 0x0, 0x31,
    0x0,

    /* U+0059 "Y" */
    0x0, 0xff, 0xe1, 0x10, 0x6, 0x2d, 0xfe, 0x90,
    0xf, 0xe, 0xeb, 0x94, 0x0, 0xe4, 0x2, 0xd2,
    0x1, 0xd2, 0x40, 0x34, 0x0, 0x40, 0xc, 0xc2,
    0x1, 0x98, 0x3, 0xc2, 0xc0, 0x19, 0xc0, 0x24,
    0x10, 0x9, 0x80, 0x28, 0x0, 0xd4, 0x1, 0x70,
    0x6, 0x80, 0x8, 0x58, 0x2, 0x32, 0x1, 0x50,
    0x9, 0x84, 0x3, 0x40, 0x6, 0xa0, 0x60, 0xd,
    0x60, 0x1c, 0x2c, 0x1, 0x30, 0x50, 0x4, 0xa4,
    0x1, 0xeb, 0x0, 0x86, 0x48, 0x2, 0x80, 0xf,
    0x89, 0x40, 0x26, 0x0, 0x94, 0x80, 0x3f, 0x40,
    0x7, 0xd0, 0x1, 0xfc, 0x4a, 0x1, 0xc8, 0x40,
    0x1f, 0xe9, 0x0, 0xef, 0x0, 0xff, 0x8c, 0x3,
    0x90, 0x3, 0xff, 0xfe, 0x1, 0xfc, 0x40, 0x11,
    0x0, 0x7f, 0xf0, 0x64, 0x80, 0xa4, 0x3, 0xc0,

    /* U+005A "Z" */
    0x5, 0xef, 0xff, 0xfa, 0x80, 0x14, 0x20, 0x1f,
    0xf2, 0x90, 0x7, 0xff, 0xc, 0xc2, 0x0, 0x3f,
    0xf8, 0xa, 0x20, 0xff, 0xbb, 0xd2, 0x1, 0xd0,
    0x1, 0x88, 0xba, 0x0, 0x34, 0x90, 0x7, 0xe9,
    0x10, 0x9, 0x18, 0x3, 0xf2, 0x30, 0x6, 0xa0,
    0xf, 0xc3, 0x40, 0x1a, 0x84, 0x3, 0xf5, 0x88,
    0x4, 0xaa, 0x0, 0xfc, 0xaa, 0x0, 0x86, 0xc0,
    0x3f, 0xd, 0x80, 0x6b, 0x10, 0xf, 0xd4, 0x20,
    0x12, 0xa8, 0x3, 0xf3, 0x20, 0x4, 0x34, 0x1,
    0xf8, 0xa4, 0x3, 0x50, 0x7, 0xf7, 0x0, 0x64,
    0x62, 0x2e, 0x10, 0x2, 0x98, 0x6, 0x4d, 0xdf,
    0x75, 0x87, 0x0, 0x7f, 0xf0, 0x51, 0xc, 0x1,
    0xff, 0xc2, 0x7b, 0x10, 0xf, 0xfe, 0x3, 0x18,

    /* U+005B "[" */
    0x7, 0xef, 0xfb, 0x50, 0x60, 0x40, 0x22, 0xd2,
    0x0, 0x8d, 0xe6, 0x40, 0x1a, 0xe1, 0x80, 0x3f,
    0xff, 0xe0, 0x1f, 0xff, 0xf0, 0xf, 0xfe, 0x1d,
    0xcb, 0x81, 0x0, 0x46, 0xd1, 0x23, 0x2, 0x1,
    0x16, 0x80,

    /* U+005C "\\" */
    0x3, 0x20, 0xf, 0x97, 0x34, 0xc0, 0x3d, 0xa0,
    0xa, 0x0, 0xf7, 0x0, 0x10, 0x3, 0xc8, 0x0,
    0x20, 0xf, 0x10, 0x80, 0x10, 0x3, 0xca, 0x0,
    0xc0, 0xf, 0x60, 0x0, 0xc0, 0x3c, 0x60, 0x4,
    0x0, 0xf2, 0x0, 0x44, 0x1, 0xe3, 0x0, 0x20,
    0x7, 0x94, 0x1, 0x80, 0x1e, 0xc0, 0x3, 0x80,
    0x79, 0xc0, 0x4, 0x20, 0x1c, 0x42, 0x0, 0x50,
    0xf, 0x20, 0x3, 0x0, 0x3d, 0xa0, 0x4, 0x0,
    0xf2, 0x0, 0xc, 0x3, 0xc6, 0x1, 0x18, 0x7,
    0x8c, 0x0, 0xa0, 0x1e, 0x40, 0x6, 0x0, 0x7b,
    0x40, 0x8, 0x1, 0xe4, 0x0, 0x8, 0x80, 0x38,
    0x48, 0x0, 0x80, 0x1e, 0x70, 0x6, 0x80, 0x7b,
    0x0, 0x8, 0x1, 0xe4, 0x0, 0x8, 0x7, 0x89,
    0x81, 0x40, 0x3e, 0x9f, 0x80,

    /* U+005D "]" */
    0x2c, 0xff, 0xd2, 0xe, 0x60, 0x19, 0x91, 0x69,
    0xd0, 0x2, 0x20, 0x58, 0xf0, 0xf, 0xff, 0xf8,
    0x7, 0xff, 0xfc, 0x3, 0xff, 0x86, 0xd1, 0xe0,
    0x19, 0x65, 0xd0, 0x2, 0x27, 0x30, 0xc, 0xc8,

    /* U+005E "^" */
    0x0, 0xe3, 0xcf, 0xd4, 0x0, 0xfe, 0x1d, 0x30,
    0x2b, 0x10, 0xf, 0xcc, 0x20, 0x1a, 0x40, 0x3f,
    0x50, 0x7, 0x30, 0x7, 0xc8, 0x40, 0x2, 0x0,
    0xa, 0x80, 0x7b, 0x80, 0x2f, 0x0, 0xb8, 0x3,
    0x85, 0x40, 0x8, 0x48, 0x0, 0x41, 0x0, 0xcc,
    0x1, 0x68, 0x70, 0x5, 0x20, 0x1a, 0x80, 0x27,
    0x5, 0x0, 0x98, 0x2, 0x32, 0x0, 0x20, 0x80,
    0x14, 0x0, 0x28, 0x0, 0xb0, 0xb, 0x80, 0x2e,
    0x0, 0xb0, 0x1, 0xc0, 0x1, 0x50, 0x9, 0x8,
    0x1, 0xe0, 0x6, 0xa7, 0xc0, 0xe, 0xf7, 0xa7,
    0x0, 0x96, 0x8, 0x3, 0x8a, 0x14, 0x0,

    /* U+005F "_" */
    0x18, 0xbb, 0xff, 0xe0, 0x40, 0xcb, 0xa2, 0x7f,
    0xf0, 0x1e, 0x6c, 0x80, 0x3f, 0xf8, 0x5, 0x60,

    /* U+0060 "`" */
    0x0, 0xff, 0xe4, 0x37, 0xf9, 0x40, 0x31, 0x48,
    0x2, 0x90, 0x2, 0x60, 0xd, 0x44, 0x0, 0x45,
    0x0, 0x87, 0xc0, 0x2a, 0x70, 0x8, 0x90, 0x2,
    0x8a, 0x0, 0x94, 0x3, 0x2f, 0x4e, 0x88, 0x7,
    0xb, 0x10, 0x0,

    /* U+0061 "a" */
    0x0, 0x9a, 0xb7, 0xfe, 0xd8, 0x10, 0xc, 0x3b,
    0x2a, 0x40, 0x11, 0x3f, 0x20, 0x5, 0x24, 0x1,
    0xfd, 0x62, 0x0, 0xd0, 0xc, 0x20, 0x1e, 0x90,
    0x2, 0xcb, 0xe7, 0xf7, 0xc0, 0x6, 0x50, 0x9,
    0xa0, 0xc0, 0x26, 0x0, 0xc4, 0x1, 0xc9, 0x19,
    0xfc, 0x1, 0xc2, 0x0, 0x6e, 0xb7, 0x30, 0xf,
    0x8c, 0x26, 0x42, 0x1, 0x8c, 0x3, 0xc8, 0xc0,
    0x11, 0x5f, 0xe1, 0x0, 0x76, 0x80, 0x6f, 0x40,
    0x1, 0x80, 0x71, 0x80, 0x61, 0x0, 0x30, 0x80,
    0x71, 0x0, 0x6c, 0xde, 0x90, 0xf, 0x58, 0x7,
    0x10, 0x80, 0x78, 0xcc, 0xe0, 0x1e, 0x1a, 0x0,
    0x84, 0x41, 0x14, 0x60, 0x2, 0x7f, 0x59, 0x34,
    0xd0, 0x9, 0x73, 0xfd, 0xb0, 0x20, 0xd9, 0x66,
    0x0,

    /* U+0062 "b" */
    0x4d, 0xfd, 0x40, 0xf, 0xfa, 0x48, 0xa, 0x40,
    0x3f, 0xe2, 0x0, 0x88, 0x3, 0xff, 0xe6, 0x20,
    0xd9, 0xfe, 0xc7, 0x0, 0xfe, 0xc9, 0x30, 0x1,
    0xc6, 0x88, 0x7, 0x84, 0xc0, 0x3c, 0x5a, 0x1,
    0xff, 0xc3, 0x35, 0x0, 0xf1, 0xe7, 0xe0, 0x80,
    0x6e, 0x0, 0xf6, 0x98, 0x1d, 0x80, 0x64, 0x0,
    0xf0, 0x80, 0x4a, 0x1, 0xc4, 0x1, 0xff, 0xc3,
    0x10, 0xf, 0xf0, 0x80, 0x61, 0x0, 0xff, 0x8,
    0x6, 0x30, 0xf, 0xe5, 0x0, 0xc4, 0x20, 0x1d,
    0x2, 0x9, 0x40, 0x19, 0x40, 0x3c, 0xfd, 0xf6,
    0x1, 0xd2, 0x1, 0xff, 0xc2, 0xa1, 0x3, 0x0,
    0xac, 0x40, 0x3d, 0x2a, 0x0, 0xe4, 0x39, 0x4f,
    0x61, 0x1, 0x5d, 0x60, 0x8, 0xaf, 0x18, 0x6,
    0x7b, 0xfa, 0x88, 0x3, 0x0,

    /* U+0063 "c" */
    0x0, 0xc5, 0x19, 0xdf, 0xee, 0x90, 0xe, 0x8d,
    0x73, 0x10, 0x0, 0xb2, 0x80, 0x56, 0xe0, 0x1f,
    0xf4, 0x20, 0x7, 0xe4, 0x50, 0x27, 0x0, 0xc9,
    0xbf, 0xea, 0xb0, 0x2, 0x80, 0x61, 0xb2, 0x0,
    0x28, 0x5, 0x80, 0x1a, 0x40, 0x3f, 0x30, 0x6,
    0x30, 0xf, 0xfe, 0x50, 0x80, 0x63, 0x0, 0xfc,
    0x80, 0x1a, 0x40, 0x3f, 0x58, 0x6, 0x1b, 0x20,
    0x3, 0x20, 0x0, 0xd4, 0x3, 0x26, 0xff, 0xa6,
    0xd0, 0x1, 0x44, 0x1, 0xfd, 0x0, 0x16, 0x20,
    0x7, 0xe4, 0x0, 0x86, 0xec, 0xa4, 0x1, 0x13,
    0x40, 0x0,

    /* U+0064 "d" */
    0x0, 0xff, 0xab, 0xfd, 0x20, 0x1f, 0xf3, 0x28,
    0x1, 0x90, 0x3, 0xfd, 0xc0, 0x18, 0x80, 0x3f,
    0xf8, 0x62, 0x1, 0xff, 0xd8, 0x8d, 0xfe, 0xb4,
    0xf0, 0xf, 0x8b, 0x9c, 0x80, 0x52, 0xec, 0x1,
    0xe1, 0xc1, 0x0, 0xf1, 0x80, 0x7a, 0x84, 0x3,
    0xff, 0x82, 0x48, 0x1, 0x9b, 0xbe, 0xc4, 0x3,
    0x94, 0x3, 0x14, 0x88, 0x23, 0x80, 0x76, 0x80,
    0x65, 0x0, 0xc2, 0x1, 0xcc, 0x1, 0xb8, 0x3,
    0xff, 0x9c, 0xe0, 0x18, 0x40, 0x3f, 0xc6, 0x1,
    0xa8, 0x3, 0x10, 0x7, 0x60, 0x6, 0x29, 0x20,
    0x45, 0x0, 0xe4, 0x20, 0xc, 0xdb, 0xf6, 0x1,
    0xf4, 0x80, 0x7f, 0xf0, 0x44, 0x12, 0x40, 0x3e,
    0x72, 0x0, 0x94, 0x0, 0xda, 0xc2, 0x2, 0x97,
    0x1c, 0x66, 0x93, 0x0, 0x8a, 0x7b, 0xfa, 0xd0,
    0xf, 0x30, 0xc0,

    /* U+0065 "e" */
    0x0, 0xc9, 0x5d, 0xfd, 0x8e, 0x20, 0x1e, 0xab,
    0x51, 0x1, 0x38, 0xf3, 0x0, 0xd8, 0xa0, 0x1f,
    0xe, 0x10, 0x2, 0x4c, 0x3, 0x19, 0x0, 0x69,
    0x2, 0x60, 0x9, 0x3b, 0x36, 0xc0, 0x24, 0x2a,
    0x0, 0xd4, 0x20, 0x4, 0x30, 0x9, 0xcc, 0x3,
    0x77, 0xfe, 0x30, 0x8, 0x98, 0x3, 0xff, 0x83,
    0xe0, 0x1f, 0xfc, 0x2e, 0x60, 0xd, 0x79, 0x9f,
    0x6b, 0x18, 0x6, 0x23, 0x3f, 0x88, 0x28, 0x3,
    0x4a, 0x80, 0x63, 0x10, 0x1, 0x28, 0x6, 0xae,
    0xcc, 0x76, 0x78, 0x80, 0x28, 0xc0, 0x30, 0x99,
    0x84, 0x6, 0x40, 0x2c, 0x50, 0xf, 0xee, 0x0,
    0xd5, 0x8c, 0x40, 0x1, 0x49, 0xe6, 0x0,

    /* U+0066 "f" */
    0x0, 0xe4, 0xae, 0xff, 0x74, 0x80, 0x74, 0xda,
    0x88, 0x0, 0x50, 0x3, 0x33, 0x0, 0x3c, 0xa0,
    0x1a, 0xc0, 0x38, 0x89, 0x20, 0x10, 0x90, 0x6,
    0xdd, 0x84, 0x2, 0x30, 0xc, 0x44, 0x0, 0xe8,
    0xc0, 0xc, 0x5f, 0x84, 0x0, 0x47, 0x10, 0xf,
    0x1d, 0x80, 0x1c, 0x3, 0xf8, 0x40, 0x7, 0x4,
    0x1, 0xc6, 0xd2, 0x1, 0x3f, 0x80, 0x62, 0xc9,
    0x10, 0xf, 0xff, 0xf8, 0x7, 0xff, 0x88, 0x80,
    0x33, 0x0, 0x7e, 0xa1, 0x3, 0x90, 0xe,

    /* U+0067 "g" */
    0x0, 0x8e, 0x77, 0xff, 0xf5, 0x88, 0x2, 0x71,
    0x88, 0x3, 0xf2, 0x38, 0x4b, 0x0, 0x7f, 0xf0,
    0x8, 0x8c, 0x1, 0x14, 0xd2, 0x0, 0x66, 0xb4,
    0x40, 0x6, 0x96, 0x5b, 0x0, 0xd8, 0x81, 0xc0,
    0x19, 0x80, 0x21, 0x0, 0x8c, 0x1, 0xc0, 0x1a,
    0x0, 0xe, 0x20, 0x11, 0x0, 0x1c, 0x3, 0x2f,
    0xfa, 0x0, 0x22, 0x40, 0x0, 0xc8, 0x7, 0xf1,
    0x78, 0x6, 0x65, 0x0, 0x8, 0x0, 0x52, 0x74,
    0x80, 0x33, 0x28, 0x1f, 0x7f, 0xba, 0xd8, 0x3,
    0xd0, 0x0, 0x20, 0xf, 0xf8, 0x84, 0x0, 0x3f,
    0x97, 0x7a, 0x58, 0x40, 0x4, 0x1, 0xc6, 0x89,
    0x9a, 0x79, 0xc0, 0x12, 0x1, 0xff, 0xc0, 0x84,
    0x0, 0xff, 0xe1, 0xf3, 0x48, 0x2, 0xbf, 0xfa,
    0x80, 0x30, 0xd8, 0x4, 0xc0, 0x1c, 0xe0, 0x18,
    0x8c, 0x2, 0xe5, 0x21, 0x26, 0xf0, 0xd, 0x6e,
    0x1, 0x15, 0x6f, 0x6c, 0x90, 0x5, 0x25, 0x26,
    0x1, 0xfe, 0x2b, 0x60, 0x6, 0x5a, 0x90, 0x4,
    0x26, 0xd7, 0xa8, 0x0,

    /* U+0068 "h" */
    0x4d, 0xfd, 0x40, 0xf, 0xf4, 0x90, 0x14, 0x80,
    0x7f, 0x88, 0x2, 0x20, 0xf, 0xff, 0x0, 0x80,
    0x7f, 0xf1, 0xa, 0x77, 0xfa, 0x8c, 0x3, 0xc4,
    0xfa, 0xc4, 0x2, 0xb8, 0x60, 0x1c, 0x70, 0x1,
    0xf7, 0x0, 0x7f, 0xf0, 0x88, 0xc0, 0x3d, 0x19,
    0x40, 0x1c, 0xa0, 0x1d, 0x6e, 0x6a, 0xc0, 0x1b,
    0x80, 0x39, 0x0, 0x2e, 0x0, 0xc2, 0x1, 0xfc,
    0x20, 0x1f, 0xff, 0xf0, 0xf, 0xfe, 0x41, 0x0,
    0x44, 0x1, 0x88, 0x3, 0x7c, 0x90, 0x14, 0x80,
    0x64, 0x60, 0x2, 0x30,

    /* U+0069 "i" */
    0x4, 0xdf, 0xc4, 0x1, 0xb2, 0x3, 0xb1, 0x20,
    0xe, 0x22, 0x0, 0x71, 0xd, 0x90, 0x15, 0x88,
    0x26, 0xfe, 0xa0, 0x7, 0xf2, 0x6f, 0xea, 0x0,
    0x24, 0x80, 0xa4, 0x0, 0x40, 0x11, 0x0, 0x7f,
    0xff, 0xc0, 0x31, 0x0, 0x44, 0x0, 0x92, 0x2,
    0x90,

    /* U+006A "j" */
    0x0, 0xc7, 0x9f, 0xa8, 0x1, 0xda, 0x60, 0x56,
    0x20, 0x11, 0x88, 0x6, 0x50, 0x8, 0xc0, 0x39,
    0x40, 0x35, 0x90, 0x15, 0x8, 0x6, 0x4d, 0xfd,
    0x50, 0xf, 0xfe, 0x19, 0xef, 0xea, 0x80, 0x77,
    0x90, 0x15, 0x80, 0x71, 0x80, 0x42, 0x1, 0xfe,
    0x10, 0xf, 0xff, 0xf8, 0x7, 0xff, 0x80, 0x40,
    0x3f, 0xf8, 0x2a, 0x1, 0x88, 0x1, 0x5b, 0x40,
    0x19, 0x0, 0x94, 0x80, 0x3a, 0xc1, 0x40, 0x3d,
    0x44, 0x4, 0x20, 0x1, 0x5d, 0x50, 0x0,

    /* U+006B "k" */
    0x4d, 0xfd, 0x30, 0xf, 0xfa, 0x48, 0xa, 0x0,
    0x3f, 0xe2, 0x0, 0x98, 0x3, 0xff, 0xf0, 0x99,
    0xfe, 0xc0, 0xf, 0xf2, 0xd9, 0x80, 0x7f, 0xf0,
    0xe, 0x80, 0x21, 0xe0, 0xf, 0xc3, 0xa0, 0x1a,
    0x88, 0x3, 0xf5, 0x8, 0x5, 0x28, 0x1, 0xfa,
    0x10, 0x2, 0x76, 0x0, 0xfc, 0x4e, 0x1, 0x14,
    0x0, 0x7f, 0xf0, 0x88, 0x80, 0x1f, 0xfc, 0x3e,
    0x0, 0xff, 0xe1, 0x9b, 0x0, 0x7f, 0xa8, 0x40,
    0x29, 0x10, 0xf, 0xd2, 0xb6, 0x1, 0xa8, 0x3,
    0xe1, 0x60, 0x53, 0x0, 0x91, 0x40, 0x3c, 0x60,
    0x17, 0x80, 0x6b, 0x10, 0x20, 0x9, 0x80, 0x23,
    0x60, 0x8, 0x58, 0x24, 0x80, 0xe4, 0x3, 0x4b,
    0x88, 0x0, 0x40,

    /* U+006C "l" */
    0x4d, 0xfd, 0x40, 0xa, 0x48, 0xa, 0x40, 0x22,
    0x0, 0x88, 0x3, 0xff, 0xfe, 0x1, 0xff, 0xe1,
    0x10, 0x1, 0x80, 0x6e, 0x90, 0x40, 0xe, 0x70,
    0x91, 0x0, 0xc2, 0x37, 0xb0, 0x80, 0x10, 0x40,

    /* U+006D "m" */
    0x2a, 0xb5, 0x0, 0x1d, 0x77, 0xec, 0x88, 0x4,
    0xfb, 0xfe, 0xd7, 0x0, 0x72, 0xa5, 0x13, 0xe2,
    0x88, 0x13, 0x78, 0x9e, 0xc1, 0x0, 0xa, 0x14,
    0xc, 0x2, 0xc8, 0x0, 0xf0, 0xee, 0x10, 0x7,
    0xa8, 0x80, 0x30, 0x80, 0x7e, 0x30, 0xf, 0xea,
    0x0, 0xe1, 0x9c, 0x80, 0xf, 0x2d, 0xd8, 0x40,
    0x31, 0x0, 0x76, 0xb1, 0xb9, 0x80, 0x66, 0xa4,
    0x44, 0x80, 0x7f, 0x8c, 0x2, 0x60, 0xd, 0x80,
    0x11, 0x0, 0x61, 0x0, 0xff, 0xe3, 0x8, 0x7,
    0xff, 0xfc, 0x3, 0xff, 0xde, 0x60, 0x1f, 0xfc,
    0x22, 0x0, 0x88, 0x3, 0x70, 0x6, 0x60, 0x9,
    0x80, 0x31, 0x49, 0x1, 0x48, 0x6, 0x64, 0x1,
    0x73, 0x0, 0x8a, 0x4, 0xe, 0x0,

    /* U+006E "n" */
    0x2a, 0xb6, 0x0, 0x1d, 0x77, 0xf5, 0x18, 0x3,
    0x95, 0x24, 0xa3, 0x14, 0x40, 0x57, 0xc, 0xc,
    0x2, 0xc7, 0x0, 0xfb, 0x80, 0x38, 0x40, 0x3f,
    0x11, 0x80, 0x7a, 0x32, 0x80, 0x39, 0x40, 0x3a,
    0xdc, 0xd5, 0x80, 0x37, 0x0, 0x72, 0x0, 0x5c,
    0x1, 0x84, 0x3, 0xf8, 0x40, 0x3f, 0xff, 0xe0,
    0x1f, 0xfc, 0x82, 0x0, 0x88, 0x3, 0x10, 0x6,
    0xf9, 0x20, 0x29, 0x0, 0xc8, 0xc0, 0x4, 0x60,

    /* U+006F "o" */
    0x0, 0xc7, 0x3b, 0xfe, 0xd9, 0x20, 0xf, 0xab,
    0x18, 0x80, 0x4, 0xdb, 0x0, 0x1d, 0x8a, 0x1,
    0xf9, 0xe8, 0x2, 0x93, 0x0, 0xff, 0x2b, 0x81,
    0x30, 0x6, 0x8f, 0xf3, 0x80, 0x68, 0x1a, 0x0,
    0xca, 0xe0, 0x8, 0x20, 0xc, 0x86, 0x1, 0xbc,
    0x3, 0x28, 0x6, 0xc6, 0x0, 0xc2, 0x1, 0xb8,
    0x3, 0x18, 0x7, 0xff, 0x11, 0x80, 0x30, 0x80,
    0x6e, 0x0, 0xc6, 0x60, 0xd, 0xe0, 0x19, 0x40,
    0x36, 0x50, 0x6, 0x57, 0x1, 0x92, 0x0, 0x85,
    0x49, 0x80, 0x34, 0x7f, 0x30, 0x6, 0x90, 0x4,
    0x98, 0x7, 0xf9, 0x5c, 0x2, 0xc5, 0x0, 0xfc,
    0xf4, 0x1, 0xd5, 0x8c, 0x40, 0x2, 0x6d, 0x80,
    0x8,

    /* U+0070 "p" */
    0x0, 0xff, 0xe2, 0x15, 0x6c, 0x0, 0x1f, 0x3f,
    0xd8, 0xe0, 0x1b, 0x94, 0x9d, 0xb6, 0xc, 0x0,
    0x71, 0xa2, 0x0, 0x30, 0xa, 0x48, 0x3, 0xc5,
    0xa0, 0x1f, 0xfc, 0x33, 0x50, 0xf, 0x1e, 0x7e,
    0x8, 0x6, 0x90, 0xf, 0x69, 0x81, 0xd8, 0x6,
    0x30, 0xf, 0x8, 0x4, 0xa0, 0x1c, 0x40, 0x1f,
    0xfc, 0x31, 0x0, 0xff, 0x8, 0x6, 0x10, 0xf,
    0xf0, 0x80, 0x63, 0x0, 0xfe, 0x50, 0xc, 0x42,
    0x1, 0xd0, 0x20, 0x94, 0x1, 0x94, 0x3, 0xcf,
    0xdf, 0x60, 0x1d, 0x20, 0x1f, 0xfc, 0x2a, 0x10,
    0xe, 0x12, 0x0, 0xf4, 0xa8, 0x7, 0xd8, 0xe4,
    0x2, 0xba, 0xc0, 0x1f, 0x8, 0xa3, 0x7f, 0xa8,
    0x80, 0x3f, 0xfd, 0x4, 0x1, 0x10, 0x7, 0xfd,
    0x24, 0x5, 0xc0, 0x1f, 0xf0,

    /* U+0071 "q" */
    0x0, 0xff, 0xe4, 0x46, 0xff, 0xb1, 0x40, 0xaf,
    0x5c, 0x2, 0x2e, 0x72, 0x0, 0x1d, 0x4c, 0x90,
    0xa0, 0xc0, 0x70, 0x40, 0x3c, 0xc8, 0x1, 0x28,
    0x50, 0x80, 0x7f, 0xf0, 0x4, 0x90, 0x3, 0x37,
    0x7d, 0x88, 0x7, 0x28, 0x6, 0x29, 0x10, 0x47,
    0x0, 0xed, 0x0, 0xca, 0x1, 0x84, 0x3, 0x98,
    0x3, 0x70, 0x7, 0xff, 0x39, 0xc0, 0x30, 0x80,
    0x7f, 0x8c, 0x3, 0x50, 0x6, 0x20, 0xe, 0xc0,
    0xc, 0x52, 0x40, 0x8a, 0x1, 0xc8, 0x40, 0x19,
    0xb7, 0xec, 0x3, 0xe9, 0x0, 0xff, 0xe1, 0xa4,
    0x80, 0x7c, 0x60, 0x1f, 0x36, 0xb0, 0x80, 0xae,
    0xd8, 0x7, 0xe2, 0x9e, 0xfe, 0xa2, 0xf0, 0xf,
    0xff, 0x40, 0x80, 0x7f, 0xb4, 0x3, 0x10, 0x7,
    0xf9, 0x54, 0x0, 0x64,

    /* U+0072 "r" */
    0x5e, 0xe3, 0x80, 0x12, 0xfb, 0xf0, 0x20, 0x45,
    0x4, 0xd6, 0x82, 0x6, 0x4, 0x1, 0x5c, 0x80,
    0x63, 0x0, 0xe6, 0x0, 0xe9, 0x0, 0xf8, 0x62,
    0xa8, 0xa0, 0x1e, 0x2f, 0x75, 0x50, 0x7, 0xd2,
    0x20, 0x1f, 0xe4, 0x0, 0xff, 0xff, 0x80, 0x44,
    0x1, 0x10, 0x7, 0xd2, 0x40, 0x52, 0x1, 0xf0,

    /* U+0073 "s" */
    0x0, 0xcd, 0x7d, 0xfe, 0xec, 0x50, 0xc, 0x39,
    0x28, 0x20, 0x1, 0x3a, 0x50, 0xb, 0x4c, 0x3,
    0xf7, 0x80, 0x10, 0xc0, 0x21, 0x55, 0x8, 0x3,
    0x80, 0x4, 0x1, 0xaa, 0xae, 0xac, 0x40, 0x1,
    0x80, 0x6e, 0x20, 0x2, 0x98, 0x4, 0x80, 0x19,
    0x77, 0x14, 0x3, 0x86, 0x0, 0x38, 0xeb, 0x94,
    0x3, 0x3d, 0x90, 0x7, 0xd, 0x38, 0x6, 0x4d,
    0xc6, 0x0, 0xe8, 0x10, 0xe, 0x39, 0xe5, 0x0,
    0xc8, 0x0, 0x46, 0x10, 0x0, 0xf8, 0x7, 0x9e,
    0xe7, 0xea, 0x6a, 0x80, 0x19, 0xc2, 0x0, 0x2,
    0xac, 0xa0, 0x19, 0x48, 0x24, 0x40, 0x3f, 0x25,
    0x0, 0x1b, 0xa9, 0x48, 0x0, 0x4b, 0x76, 0x0,
    0x0,

    /* U+0074 "t" */
    0x0, 0xc6, 0xe8, 0x1, 0xfc, 0x99, 0x16, 0xa0,
    0x1f, 0xb8, 0x2, 0xc0, 0xf, 0xce, 0x1, 0x18,
    0x7, 0xe2, 0x0, 0xfe, 0x1b, 0xf0, 0xc, 0xbf,
    0xea, 0x0, 0x4a, 0x0, 0x7e, 0x55, 0x7, 0x80,
    0x7f, 0x84, 0x1d, 0x88, 0x3, 0x88, 0xe1, 0x0,
    0x13, 0x0, 0x19, 0x77, 0x1c, 0x3, 0xff, 0xf2,
    0x20, 0x18, 0x40, 0x3e, 0x70, 0xc, 0x86, 0x1,
    0xe3, 0x10, 0xd, 0x9b, 0xa0, 0xe, 0x60, 0xe,
    0x22, 0x30, 0x6, 0x83, 0x0, 0xf6, 0x0, 0x76,
    0x49, 0x80, 0x4, 0xf8, 0x0,

    /* U+0075 "u" */
    0x6, 0xef, 0xc2, 0x0, 0xc3, 0x7f, 0xd0, 0x0,
    0x91, 0x3, 0x90, 0xd, 0x28, 0x2, 0xe6, 0x40,
    0x19, 0x80, 0x31, 0x0, 0x66, 0x0, 0xff, 0xff,
    0x80, 0x7f, 0xf6, 0x4c, 0x3, 0x10, 0x6, 0x40,
    0xe, 0x10, 0xe, 0x93, 0x4c, 0x10, 0xf, 0x18,
    0x6, 0x6c, 0xb3, 0x0, 0xfa, 0xc0, 0x3f, 0x18,
    0x6, 0x10, 0x73, 0x0, 0xf2, 0x61, 0x80, 0x4a,
    0x0, 0xc7, 0x20, 0x13, 0x9b, 0xe, 0x54, 0xa1,

    /* U+0076 "v" */
    0x0, 0xff, 0xe3, 0xac, 0xc0, 0x7, 0xcf, 0x4c,
    0x1, 0x45, 0x33, 0xc8, 0x7, 0x34, 0x2c, 0xc8,
    0x0, 0x60, 0x13, 0x0, 0x76, 0x80, 0x4a, 0x0,
    0x30, 0xc, 0x60, 0x19, 0x0, 0x25, 0x0, 0x58,
    0x6, 0x40, 0x9, 0x0, 0x36, 0x80, 0xc, 0x80,
    0x2c, 0x0, 0xb0, 0x2, 0x14, 0x0, 0x94, 0x2,
    0x40, 0x9, 0x0, 0x27, 0x0, 0xd6, 0x1, 0x90,
    0x0, 0x60, 0x16, 0x80, 0x63, 0x20, 0xb, 0x1,
    0x0, 0x21, 0x40, 0xe, 0x50, 0x9, 0x3, 0x40,
    0x27, 0x0, 0xf5, 0x0, 0x46, 0x8, 0x1, 0x68,
    0x7, 0x88, 0x80, 0x13, 0x10, 0x0, 0x50, 0x3,
    0xe5, 0x0, 0xa0, 0x2, 0x70, 0xf, 0xd4, 0x1,
    0x8, 0x5, 0xa0, 0x1f, 0x88, 0xc0, 0x38, 0x90,
    0x3, 0xfb, 0x50, 0x2, 0x3f, 0x0, 0xe0,

    /* U+0077 "w" */
    0x0, 0xff, 0xe7, 0xd7, 0xf9, 0x40, 0x30, 0xdf,
    0xea, 0x80, 0x61, 0xcf, 0xc2, 0x0, 0x42, 0x80,
    0x2c, 0x3, 0x52, 0x1, 0x50, 0x80, 0x4c, 0x60,
    0x70, 0x1, 0xe1, 0x30, 0x9, 0x0, 0x32, 0x0,
    0x58, 0x1, 0xed, 0x0, 0xca, 0x0, 0x30, 0xe,
    0xc0, 0x9, 0x40, 0x2d, 0x0, 0x38, 0x6, 0xf0,
    0x2, 0x0, 0x72, 0x0, 0x4, 0x40, 0x11, 0x80,
    0x8, 0x40, 0x25, 0x0, 0x68, 0x0, 0x40, 0x4,
    0x0, 0x20, 0xc, 0x80, 0x12, 0x0, 0x46, 0x0,
    0x40, 0x4, 0x80, 0x48, 0xa, 0x1, 0x18, 0x6,
    0xc0, 0xc, 0x42, 0x20, 0x3, 0x0, 0x46, 0x1e,
    0x1, 0x28, 0x6, 0x40, 0xc, 0xea, 0x0, 0x21,
    0x30, 0x6, 0x2, 0x80, 0x58, 0x1, 0x88, 0x40,
    0x22, 0xc0, 0x3, 0x82, 0x80, 0x10, 0x8, 0x2,
    0x40, 0xe, 0x40, 0xb, 0x8c, 0x1, 0xa1, 0xe0,
    0x12, 0x8, 0x0, 0x84, 0x3, 0xb0, 0x2, 0x54,
    0x0, 0x18, 0x20, 0x5, 0xc0, 0x13, 0x80, 0x79,
    0x0, 0x23, 0x0, 0x94, 0x8, 0x2, 0x50, 0xb,
    0x0, 0x3c, 0x42, 0x1, 0xc2, 0x20, 0x1, 0x80,
    0x79, 0x0, 0x3e, 0x70, 0xe, 0x70, 0xa, 0xc0,
    0x38, 0x88, 0x1, 0xf4, 0xa8, 0x4, 0x90, 0x1,
    0x3b, 0x0, 0x47, 0xe0, 0x18,

    /* U+0078 "x" */
    0x0, 0xff, 0xe0, 0x8, 0x7, 0x16, 0xff, 0xa8,
    0x40, 0x22, 0xee, 0x58, 0x80, 0x42, 0x40, 0x5,
    0xd0, 0xa, 0x44, 0x12, 0x40, 0x23, 0x30, 0x4,
    0x6a, 0x2, 0x80, 0x17, 0x80, 0x6e, 0x0, 0xd0,
    0xc, 0x1, 0x98, 0x3, 0x13, 0x0, 0x44, 0xb2,
    0x1, 0x40, 0x80, 0x74, 0x8, 0x5, 0x42, 0x0,
    0x17, 0x0, 0xf0, 0xc0, 0x7, 0xd6, 0x1, 0xf9,
    0x84, 0x3, 0x89, 0x40, 0x3f, 0x10, 0x80, 0x73,
    0x80, 0x7f, 0x48, 0x7, 0x94, 0xc0, 0x3e, 0x54,
    0x0, 0xfb, 0x80, 0x3e, 0xb0, 0x9, 0xdc, 0x1,
    0x13, 0x80, 0x73, 0x88, 0x5, 0x50, 0x20, 0x14,
    0x10, 0x6, 0x90, 0x9, 0x8, 0x20, 0x3, 0x48,
    0x6, 0x10, 0xb, 0xc0, 0xc, 0x60, 0x12, 0x18,
    0x5, 0x20, 0x5, 0x40, 0xb, 0x54, 0x0, 0x22,
    0x0, 0x9b, 0xf6, 0x80, 0x30, 0xd7, 0xfb, 0x88,
    0x0,

    /* U+0079 "y" */
    0x0, 0xff, 0xe3, 0xa5, 0x48, 0x80, 0x79, 0xe9,
    0x40, 0x26, 0xb5, 0x6b, 0x0, 0xe6, 0x85, 0xa7,
    0x0, 0x78, 0x4, 0xa2, 0x1, 0xa8, 0x2, 0xd0,
    0x6, 0x0, 0x64, 0x0, 0xc6, 0x1, 0x68, 0x1,
    0x44, 0x2, 0xf0, 0x9, 0x0, 0x33, 0x0, 0x4c,
    0x1, 0x28, 0x5, 0xa0, 0x12, 0x8, 0x5, 0x40,
    0x19, 0x0, 0x8, 0x1, 0x68, 0x6, 0x24, 0x0,
    0xb4, 0x4, 0x80, 0x27, 0x0, 0xee, 0x0, 0x9c,
    0x10, 0x2, 0x41, 0x0, 0xe5, 0x10, 0x0, 0x9f,
    0x80, 0x5c, 0x1, 0xf3, 0x0, 0x56, 0x80, 0x12,
    0x80, 0x7d, 0x40, 0x13, 0x88, 0x1, 0x40, 0x3f,
    0x12, 0x0, 0x7b, 0x80, 0x3f, 0xb8, 0x3, 0x85,
    0x0, 0x3f, 0x94, 0x40, 0x33, 0x80, 0x7f, 0xce,
    0x1, 0xa8, 0x3, 0xfe, 0x50, 0x8, 0x8c, 0x3,
    0xfc, 0x66, 0x0, 0xa8, 0x3, 0xf2, 0xee, 0xb0,
    0x2, 0x17, 0x0, 0xfd, 0x4, 0x40, 0xd, 0x40,
    0x1f, 0x84, 0x80, 0x3a, 0x90, 0x3, 0xf8, 0x40,
    0x4, 0xda, 0xa0, 0x1f, 0x80,

    /* U+007A "z" */
    0x6, 0xef, 0xff, 0xdc, 0xe0, 0x9, 0x10, 0xf,
    0xc3, 0x40, 0x1, 0x0, 0xff, 0x30, 0x2, 0x8c,
    0x8a, 0x10, 0xe, 0xf0, 0x2, 0x66, 0xec, 0x40,
    0x19, 0x50, 0x3, 0xd0, 0x60, 0x10, 0xd8, 0x7,
    0x8d, 0xc0, 0x35, 0x88, 0x7, 0xb8, 0x3, 0x2a,
    0x80, 0x3d, 0x4, 0x1, 0xd, 0x80, 0x78, 0xdc,
    0x3, 0x50, 0x80, 0x7b, 0x80, 0x32, 0xa0, 0x7,
    0xa0, 0x80, 0x21, 0xb0, 0xf, 0x13, 0x80, 0x61,
    0xfe, 0xe6, 0xe2, 0x85, 0x0, 0x78, 0x46, 0x23,
    0xa0, 0x30, 0xf, 0xfe, 0x0, 0xf1, 0x0, 0x7f,
    0xc, 0x8,

    /* U+007B "{" */
    0x0, 0xc7, 0xdf, 0xed, 0x40, 0x8, 0xb4, 0x40,
    0x5, 0xc0, 0x15, 0x8, 0x4, 0xbc, 0x1, 0x8,
    0x4, 0xf4, 0x80, 0x10, 0x80, 0x5e, 0x1, 0xff,
    0xc3, 0xf0, 0xf, 0xe1, 0x0, 0xbc, 0x3, 0x88,
    0x3, 0xff, 0x8e, 0x60, 0x1f, 0x92, 0x40, 0x2e,
    0x0, 0xb6, 0xc4, 0x0, 0x6c, 0x1, 0x10, 0x4,
    0xb8, 0x1, 0x8c, 0x2, 0x5c, 0x0, 0xd9, 0xa2,
    0x0, 0x36, 0x0, 0xc5, 0x0, 0x17, 0x0, 0x71,
    0x0, 0x7f, 0xf1, 0xc8, 0x3, 0xf8, 0x40, 0x2f,
    0x0, 0xef, 0x0, 0xff, 0xe5, 0xf8, 0x7, 0x70,
    0x4, 0xf4, 0x60, 0x13, 0x8, 0x4, 0xb4, 0x1,
    0xb1, 0x44, 0x7, 0x40,

    /* U+007C "|" */
    0x2, 0x50, 0x6, 0x55, 0xc, 0x41, 0x1c, 0x0,
    0x20, 0x1f, 0xff, 0xf0, 0xf, 0xfe, 0x6b, 0x80,
    0x42, 0x0, 0x22, 0x28, 0x58,

    /* U+007D "}" */
    0x2d, 0xff, 0x72, 0x80, 0x64, 0x20, 0x0, 0xd2,
    0x0, 0x48, 0xa0, 0x1b, 0xc0, 0x22, 0xaa, 0x0,
    0x4e, 0x1, 0xc2, 0x1, 0x38, 0x7, 0xff, 0x1c,
    0x40, 0x38, 0x40, 0x23, 0x0, 0xfe, 0x10, 0xf,
    0xef, 0x0, 0xfe, 0xe0, 0xe, 0x60, 0x9, 0x94,
    0x3, 0x1b, 0x0, 0x55, 0xe2, 0x1, 0x4b, 0x80,
    0x65, 0x0, 0xa5, 0xc0, 0x21, 0x50, 0x1, 0xb0,
    0x5, 0x7c, 0x20, 0x6, 0x0, 0x9d, 0x0, 0x3f,
    0x78, 0x7, 0xf7, 0x80, 0x7f, 0x8, 0x7, 0x8,
    0x4, 0x60, 0x1f, 0xc2, 0x1, 0xff, 0xc3, 0x10,
    0x9, 0xc0, 0x22, 0xaa, 0x0, 0x4a, 0x1, 0x22,
    0x80, 0x6b, 0x0, 0x90, 0x80, 0x9, 0x64, 0x1,
    0x0,

    /* U+007E "~" */
    0x3, 0xdf, 0xf7, 0x48, 0x80, 0x7f, 0x41, 0x0,
    0x5, 0xbd, 0x0, 0x28, 0x50, 0xf, 0xe1, 0xba,
    0x8c, 0x7a, 0x60, 0x5, 0xe4, 0xc3, 0x0, 0x4a,
    0xe6, 0x1, 0xe3, 0x67, 0x9c, 0x20, 0xe, 0x26,
    0x0, 0xf8, 0xf5, 0x84, 0x5, 0xb0, 0x0,

    /* U+00B7 "·" */
    0x0, 0x35, 0x51, 0x80, 0x2c, 0x95, 0x54, 0xd8,
    0x41, 0x80, 0x64, 0x85, 0x0, 0xf2, 0x98, 0x7,
    0x8d, 0x0, 0x3c, 0x90, 0x20, 0x18, 0x60, 0xb1,
    0x0, 0x9, 0x84,

    /* U+2014 "—" */
    0x0, 0x84, 0x7f, 0xf8, 0xc0, 0x11, 0xf7, 0xf7,
    0x7f, 0xf1, 0xbe, 0xc2, 0xc4, 0x3, 0xff, 0x90,
    0x85, 0x46, 0x1, 0xff, 0xc8, 0x62,

    /* U+201C "“" */
    0x0, 0xca, 0x1, 0x85, 0x40, 0x23, 0xea, 0x20,
    0x2, 0x7d, 0x0, 0x13, 0x5, 0xc8, 0x16, 0xc6,
    0x40, 0x6c, 0x1e, 0x0, 0xa8, 0x25, 0x81, 0x40,
    0x18, 0x20, 0x80, 0x2, 0x10, 0x10, 0x5, 0xf1,
    0x8, 0x2, 0xfc, 0x44, 0x1, 0xa8, 0x40, 0x21,
    0x74, 0x10, 0xb, 0xdc, 0x3, 0x18, 0x69, 0x2,
    0xb8, 0xd9, 0xb, 0x28,

    /* U+201D "”" */
    0x0, 0x19, 0x0, 0x64, 0x20, 0x0, 0xee, 0x6c,
    0x1, 0x75, 0xeb, 0x83, 0x90, 0x1, 0xce, 0x84,
    0x1, 0x2, 0x60, 0x19, 0x7c, 0x3, 0x22, 0xa8,
    0x2, 0x17, 0x30, 0xe, 0xaf, 0x0, 0x10, 0x66,
    0x80, 0x4, 0x1, 0x20, 0x48, 0x0, 0x90, 0x34,
    0x3, 0x61, 0xf1, 0x5, 0x42, 0xd0, 0x2, 0x1f,
    0x90, 0x3, 0x53, 0x4, 0x0, 0xf8, 0x20, 0x14,
    0x58, 0x80, 0x0,

    /* U+2026 "…" */
    0x9, 0xec, 0x30, 0xe, 0x6d, 0xd3, 0x0, 0x71,
    0xe7, 0x48, 0x4b, 0x9, 0xe8, 0x6, 0x39, 0x22,
    0x49, 0x80, 0x6d, 0x31, 0x69, 0x50, 0x8, 0x48,
    0x2, 0x40, 0xc, 0x80, 0x11, 0x8, 0x4, 0xaa,
    0x0, 0x84, 0x80, 0x23, 0x0, 0xc6, 0x1, 0x10,
    0x80, 0x4b, 0x2a, 0x5, 0xa0, 0x19, 0x20, 0x45,
    0x8, 0x1, 0xb4, 0x81, 0x64,

    /* U+2161 "Ⅱ" */
    0xa, 0xff, 0x58, 0x80, 0x61, 0xbf, 0xf5, 0x2,
    0xa8, 0x0, 0x8c, 0x1, 0x99, 0x0, 0xa, 0xa2,
    0x0, 0xdc, 0x1, 0xb8, 0x3, 0x10, 0x7, 0xff,
    0xfc, 0x3, 0xff, 0xfe, 0x1, 0xff, 0xff, 0x0,
    0xff, 0xe1, 0x90, 0x6, 0xe0, 0xd, 0xc0, 0x18,
    0x95, 0x40, 0x4, 0x70, 0xc, 0xe8, 0x0, 0x55,
    0x0,

    /* U+25B6 "▶" */
    0x0, 0xff, 0xe6, 0x1e, 0x38, 0x7, 0xff, 0x26,
    0xce, 0x39, 0x40, 0x3f, 0xf8, 0xe2, 0x0, 0x1a,
    0xc3, 0x0, 0xff, 0xe5, 0x1e, 0x50, 0x80, 0x7f,
    0xf2, 0x97, 0x9c, 0x3, 0xff, 0x97, 0x1a, 0xa0,
    0x1f, 0xfc, 0xa2, 0xab, 0x20, 0xf, 0xfe, 0x52,
    0x6c, 0x88, 0x7, 0xff, 0x29, 0xbd, 0x80, 0x3f,
    0xf9, 0x43, 0x3a, 0x80, 0x1f, 0xfc, 0xa2, 0xbb,
    0x10, 0x7, 0xff, 0x29, 0x35, 0x80, 0x3f, 0xf9,
    0x72, 0x1, 0xff, 0xca, 0x1a, 0x0, 0xff, 0xe4,
    0xb7, 0xa8, 0x7, 0xff, 0x1d, 0x36, 0x44, 0x3,
    0xff, 0x8c, 0x55, 0x64, 0x1, 0xff, 0xc7, 0x8d,
    0x50, 0xf, 0xfe, 0x3a, 0xf3, 0x80, 0x7f, 0xf1,
    0xcf, 0x28, 0x40, 0x3f, 0xf8, 0xc3, 0x58, 0x60,
    0x1f, 0xfc, 0x77, 0xe5, 0x0, 0xff, 0xe3, 0xae,
    0xc0, 0x7, 0xff, 0x10, 0x40, 0x5, 0x74, 0x40,
    0x1f, 0xfc, 0x5a, 0x59, 0xd4, 0x0, 0xff, 0xe3,
    0x95, 0x30, 0x7, 0xff, 0x24,

    /* U+2713 "✓" */
    0x0, 0xff, 0xed, 0x19, 0x80, 0x3f, 0xf8, 0xd5,
    0x98, 0x70, 0xf, 0xfe, 0x24, 0x28, 0x2, 0x40,
    0x3f, 0xf8, 0x68, 0xe0, 0x12, 0x0, 0x7f, 0xf0,
    0xe8, 0x2, 0x3a, 0x0, 0xff, 0xe1, 0x40, 0x80,
    0xb, 0x40, 0x3f, 0xf8, 0x44, 0xe0, 0x1, 0xf1,
    0x0, 0xff, 0xe1, 0x40, 0x5, 0x44, 0x1, 0xff,
    0xc2, 0x35, 0x0, 0x32, 0x0, 0x7f, 0xf0, 0xe0,
    0x0, 0x32, 0x1, 0xff, 0xc3, 0x34, 0x0, 0x58,
    0x7, 0xe2, 0x20, 0x7, 0xa0, 0x0, 0x4a, 0x1,
    0xf4, 0x6e, 0x90, 0x3, 0x12, 0x0, 0x20, 0x3,
    0xf3, 0x0, 0x28, 0x40, 0x2b, 0x0, 0x12, 0x80,
    0x7e, 0x70, 0x0, 0xb0, 0x4, 0xe0, 0xa, 0x0,
    0xfe, 0x80, 0xa, 0x40, 0xa, 0x20, 0x6, 0x0,
    0xfe, 0x18, 0x0, 0xb, 0x7, 0x0, 0x10, 0x40,
    0x3f, 0xce, 0x40, 0xa, 0x4, 0x0, 0x70, 0x7,
    0xff, 0x2, 0x0, 0x7, 0x20, 0x12, 0x80, 0x7f,
    0xf0, 0x14, 0x40, 0xc, 0x0, 0x40, 0xf, 0xfe,
    0x14, 0x80, 0x77, 0x0, 0x7f, 0xf0, 0x9c, 0x80,
    0x25, 0x50, 0x7, 0xff, 0xf, 0x6a, 0x99, 0x40,
    0x1f, 0xf0,

    /* U+3002 "。" */
    0x0, 0xc, 0xf7, 0xec, 0x0, 0x62, 0xf6, 0x10,
    0x27, 0xc0, 0xb, 0x84, 0x1a, 0x54, 0xe, 0x40,
    0x8c, 0x26, 0x4d, 0x4c, 0xc, 0x2, 0x0, 0x40,
    0xb, 0x0, 0x21, 0x0, 0x20, 0x5, 0x80, 0x11,
    0x18, 0x4c, 0x9a, 0x98, 0x18, 0x1, 0xc2, 0xd,
    0x2a, 0x7, 0x20, 0x2, 0xf6, 0x10, 0x27, 0xc0,
    0x0,

    /* U+4E00 "一" */
    0x0, 0x84, 0x8b, 0xff, 0x90, 0x20, 0x19, 0xbf,
    0xb7, 0x7f, 0xf9, 0x1d, 0xee, 0x0, 0x80, 0xf,
    0xfe, 0x64, 0x0, 0x4, 0x3, 0xff, 0x9e, 0xe0,
    0x1f, 0xfc, 0xc6, 0x0, 0x46, 0xdd, 0x57, 0xff,
    0x22, 0xf2, 0x40,

    /* U+4E09 "三" */
    0x0, 0xc6, 0x7f, 0xfc, 0x60, 0xf, 0x27, 0xe6,
    0x7f, 0xf1, 0xbd, 0x0, 0x37, 0x0, 0x7f, 0xf2,
    0x38, 0x3, 0x18, 0x7, 0xff, 0x20, 0xc0, 0x35,
    0xa0, 0x80, 0x7f, 0xf1, 0x5, 0x2c, 0x3, 0x15,
    0xf7, 0xff, 0xff, 0x13, 0xac, 0x80, 0x3f, 0xff,
    0xe0, 0x1f, 0xf1, 0x19, 0xff, 0xf0, 0x8, 0x3,
    0xfc, 0x7d, 0xb9, 0x9f, 0xfc, 0xd, 0xd0, 0x80,
    0x7e, 0x91, 0x0, 0xff, 0xe1, 0x13, 0x80, 0x7e,
    0x30, 0xf, 0xfe, 0x21, 0x80, 0x7e, 0xb4, 0x10,
    0xf, 0xfe, 0x0, 0xaa, 0x80, 0x3f, 0x15, 0xf7,
    0xff, 0xff, 0x3, 0xa8, 0x3, 0xff, 0xfe, 0x1,
    0xff, 0xd7, 0x8e, 0xff, 0xff, 0xe4, 0x73, 0x81,
    0xb8, 0x80, 0x7f, 0xf2, 0x6, 0x4, 0x3, 0xff,
    0x9c, 0x68, 0x1, 0xff, 0xca, 0x61, 0xb, 0xed,
    0xdf, 0xfe, 0x47, 0x48, 0x0,

    /* U+4E0A "上" */
    0x0, 0xff, 0x14, 0xc9, 0x0, 0x3f, 0xf9, 0x5e,
    0xcc, 0xb1, 0x0, 0xff, 0xe4, 0x90, 0x4, 0xa0,
    0x1f, 0xfc, 0x81, 0x0, 0xc2, 0x1, 0xff, 0xff,
    0x0, 0xff, 0xf5, 0x57, 0xff, 0xd8, 0x80, 0x1f,
    0xfc, 0xc3, 0x90, 0xf, 0xfe, 0x69, 0x80, 0x7f,
    0xf3, 0x60, 0x3, 0xff, 0x89, 0x1b, 0xbf, 0x7b,
    0x0, 0x7f, 0xf1, 0x8, 0xbf, 0x0, 0x7f, 0xff,
    0xc0, 0x3f, 0xff, 0xe0, 0x1f, 0xfd, 0x83, 0xcf,
    0xff, 0xb8, 0x3, 0x57, 0xff, 0xf6, 0x27, 0x98,
    0x7, 0xff, 0x28, 0xe4, 0x40, 0x3f, 0xf9, 0xb6,
    0x1, 0xff, 0xcc, 0xb6, 0xfd, 0xdf, 0xfe, 0x57,
    0xb0,

    /* U+4E0D "不" */
    0x0, 0x84, 0x8b, 0xff, 0x8e, 0x1, 0xd3, 0xfd,
    0xbb, 0xff, 0xc7, 0xfb, 0x0, 0x13, 0x0, 0x7f,
    0xf2, 0x91, 0x0, 0x1f, 0xfd, 0x2, 0x70, 0xf,
    0xfe, 0x52, 0xa0, 0x2, 0x3f, 0xff, 0x70, 0x80,
    0x67, 0xff, 0xfa, 0x80, 0x3f, 0xf8, 0x16, 0x20,
    0x11, 0x40, 0x7, 0xff, 0x1d, 0x54, 0x1, 0xac,
    0x3, 0xff, 0x8e, 0x54, 0x1, 0xc4, 0x26, 0x1,
    0xff, 0xc4, 0x1c, 0x0, 0xf1, 0xf6, 0x60, 0x40,
    0x3f, 0xf8, 0x25, 0x82, 0x1, 0xe8, 0x0, 0x1f,
    0x98, 0x7, 0xfc, 0x9a, 0x40, 0x1f, 0x8, 0x4,
    0x38, 0xe0, 0x1f, 0xd3, 0x60, 0x1f, 0xd0, 0x40,
    0x1a, 0x28, 0x3, 0xc7, 0xac, 0x1, 0xca, 0x1,
    0x8b, 0x10, 0x3, 0x2e, 0x90, 0x4, 0xb8, 0x40,
    0x1d, 0x32, 0x0, 0xe1, 0xb6, 0x0, 0xc5, 0x84,
    0x0, 0xa0, 0xf, 0x53, 0x0, 0x7e, 0x98, 0x0,
    0xc3, 0x60, 0x1f, 0xe, 0x28, 0x7, 0xf9, 0xe8,
    0x3, 0x8, 0x1, 0x40, 0x24, 0xf3, 0x0, 0xff,
    0xe0, 0x2d, 0x80, 0x12, 0x0, 0x16, 0xcb, 0x76,
    0x10, 0xf, 0xfe, 0x12, 0x76, 0xd8, 0x4, 0x33,
    0x48, 0x1, 0xff, 0xc5, 0x12, 0x0, 0xff, 0xff,
    0x80, 0x7f, 0xf1, 0xc4, 0x3, 0xff, 0x9c, 0x40,
    0x19, 0x80, 0x3f, 0xf9, 0x52, 0x22, 0x72, 0x0,
    0xff, 0x80,

    /* U+4E0E "与" */
    0x0, 0xf1, 0xb1, 0x80, 0x7f, 0xf2, 0x4b, 0x27,
    0x14, 0x3, 0xff, 0x91, 0x40, 0x16, 0x0, 0x7f,
    0xf2, 0xc, 0x2, 0x6d, 0xdf, 0xfe, 0x5, 0xa0,
    0x7, 0x98, 0x3, 0x11, 0x7f, 0xf0, 0x12, 0xc0,
    0x3c, 0x40, 0x1f, 0xfc, 0xb2, 0x0, 0xff, 0xe3,
    0x48, 0x7, 0x38, 0x4, 0x5f, 0xff, 0xfc, 0x26,
    0x0, 0xed, 0x0, 0x90, 0x3, 0xff, 0x90, 0x60,
    0x17, 0x0, 0x7f, 0xf2, 0x10, 0x2, 0x9c, 0xcf,
    0xfe, 0x14, 0x88, 0x4, 0x40, 0x18, 0x4c, 0xff,
    0xf8, 0x4d, 0x60, 0x10, 0x80, 0x7f, 0xf2, 0x4,
    0x2, 0x36, 0x11, 0xf8, 0x3, 0xff, 0x80, 0x20,
    0x1a, 0x7b, 0xbe, 0xff, 0xfc, 0xc0, 0x11, 0x80,
    0x7f, 0xf2, 0xc, 0x2, 0xe1, 0xad, 0xdf, 0xfe,
    0x15, 0x8, 0x1, 0x80, 0x22, 0xb5, 0x22, 0xff,
    0xe1, 0x2d, 0x80, 0x8, 0x2, 0x61, 0x0, 0xff,
    0xe2, 0x8, 0x0, 0x40, 0x22, 0x82, 0x0, 0xff,
    0xe1, 0x14, 0x1, 0x0, 0x42, 0x23, 0xdf, 0xff,
    0xfe, 0x16, 0x98, 0x38, 0x4, 0xa0, 0x1f, 0xfc,
    0x74, 0xb0, 0xb, 0x0, 0x3f, 0xf8, 0x31, 0xff,
    0xd6, 0x20, 0x13, 0x0, 0x7f, 0xf0, 0x4c, 0x3,
    0xf9, 0x44, 0x3, 0xff, 0x94, 0x76, 0x1, 0xff,
    0xc2, 0x82, 0x0, 0xc4, 0x93, 0x82, 0x1, 0xff,
    0xc2, 0x3d, 0xff, 0xdb, 0x6c, 0x1, 0x80,

    /* U+4E13 "专" */
    0x0, 0xff, 0x84, 0x3, 0xff, 0x96, 0x9f, 0xd6,
    0x20, 0x1f, 0xfc, 0x98, 0x0, 0x23, 0x80, 0x7f,
    0xf0, 0xdf, 0x37, 0x71, 0x80, 0x51, 0xbb, 0xf6,
    0x40, 0x7, 0x24, 0x19, 0x16, 0x0, 0xc2, 0x45,
    0xf1, 0xbb, 0x0, 0x61, 0x0, 0xff, 0xe4, 0x8,
    0x6, 0x54, 0x0, 0xff, 0xe3, 0x1b, 0x0, 0x75,
    0xff, 0xdc, 0x1, 0xa7, 0xff, 0xfb, 0x4, 0x3,
    0xf8, 0x80, 0x32, 0x0, 0x7f, 0xf0, 0x4b, 0x3b,
    0xff, 0x60, 0x6, 0xdf, 0xff, 0xf7, 0x58, 0xc1,
    0x88, 0x7, 0xff, 0x20, 0x51, 0x80, 0x3f, 0xf9,
    0xd0, 0x82, 0x1, 0xff, 0xc8, 0x15, 0x62, 0xbe,
    0xff, 0x9c, 0x2, 0x2f, 0xff, 0xfe, 0x7, 0x50,
    0x80, 0x79, 0x40, 0x24, 0x0, 0x8, 0x88, 0xcc,
    0x8a, 0xb0, 0x80, 0x7e, 0x22, 0x0, 0x4d, 0xfe,
    0xee, 0x6e, 0x62, 0xea, 0xae, 0x50, 0xf, 0x90,
    0x3, 0xff, 0x8b, 0x20, 0x1f, 0x70, 0x7, 0xff,
    0x15, 0x40, 0x3e, 0x95, 0x22, 0xff, 0x0, 0x71,
    0x48, 0x7, 0xc3, 0x5b, 0xbf, 0xcc, 0x1, 0x8b,
    0x0, 0x3f, 0xcf, 0x72, 0xc2, 0x1, 0x5a, 0x0,
    0x45, 0x82, 0x1, 0xfc, 0x70, 0x8d, 0x3d, 0xb1,
    0x88, 0x1, 0x16, 0x8, 0x7, 0xff, 0x10, 0x9c,
    0xc0, 0x22, 0xc1, 0x0, 0xff, 0x8e, 0x8c, 0x3,
    0xf8, 0xd8, 0x40, 0x3f, 0xf8, 0xb, 0x9d, 0x6,
    0x1, 0xe1, 0x8e, 0x40, 0xf, 0xfe, 0x8, 0xbe,
    0x6b, 0x88, 0x7, 0x98, 0x3, 0xff, 0x88, 0x51,
    0xd6, 0xc0, 0x13, 0x10, 0x7, 0xff, 0x1d, 0x27,
    0xe6, 0x60, 0xf, 0xfe, 0x5b, 0x30, 0x3, 0xc0,

    /* U+4E1A "业" */
    0x0, 0xf8, 0x67, 0x1c, 0x3, 0x3e, 0x50, 0x80,
    0x7f, 0xf0, 0xa1, 0x8e, 0xc, 0x0, 0x90, 0x6b,
    0x0, 0x1f, 0xfc, 0x25, 0x0, 0x94, 0x0, 0x40,
    0x11, 0x0, 0x7f, 0xf2, 0x44, 0x2, 0x70, 0xf,
    0xff, 0x81, 0xe6, 0x8, 0x3, 0xff, 0x8a, 0x6a,
    0x20, 0xe, 0x33, 0x70, 0x7, 0xff, 0x11, 0x32,
    0xbc, 0x3, 0x8c, 0x80, 0x3f, 0xf8, 0x7c, 0x0,
    0x13, 0x4, 0x0, 0xa8, 0x3, 0xff, 0x86, 0xa0,
    0x11, 0x86, 0x80, 0x4a, 0x1, 0xff, 0xc2, 0x60,
    0x9, 0x0, 0x8, 0x1, 0x11, 0x0, 0x3f, 0xf8,
    0x34, 0x1, 0x70, 0x4, 0xa0, 0x12, 0x80, 0x7f,
    0xf0, 0xc, 0xc0, 0x1, 0x50, 0xb, 0x0, 0x2b,
    0x0, 0xff, 0xe0, 0x48, 0x4, 0xe0, 0x19, 0xc0,
    0x23, 0x10, 0xf, 0xf0, 0xa8, 0x5, 0x60, 0x18,
    0x48, 0x2, 0x20, 0xf, 0xf1, 0x0, 0x4a, 0x40,
    0x1d, 0x0, 0x6, 0x30, 0xf, 0xf1, 0x8, 0x2,
    0x0, 0x3c, 0xbf, 0xe9, 0x0, 0xff, 0x87, 0xeb,
    0x48, 0x3, 0xff, 0x94, 0x2a, 0x40, 0x1f, 0xfe,
    0xc1, 0xad, 0xde, 0x30, 0xa, 0x37, 0x52, 0x1,
    0x1e, 0xef, 0x50, 0xc2, 0x91, 0x70, 0x6, 0x12,
    0x20, 0x80, 0x62, 0x2e, 0x5b, 0x30, 0xf, 0xfe,
    0x60, 0xf0, 0x7, 0xff, 0x33, 0xd3, 0xf7, 0x33,
    0xff, 0x91, 0xbe, 0x80,

    /* U+4E2D "中" */
    0x0, 0xff, 0x1c, 0x38, 0x7, 0xff, 0x20, 0xb1,
    0xe2, 0x80, 0x3f, 0xf8, 0xee, 0x1, 0x20, 0x7,
    0xff, 0x1c, 0xc0, 0x3f, 0xf8, 0xa2, 0x3f, 0x0,
    0x61, 0x1f, 0x80, 0x23, 0xef, 0xee, 0xf4, 0x0,
    0x43, 0xdd, 0xf7, 0xc8, 0x78, 0x80, 0x7f, 0xf2,
    0x18, 0xc8, 0x3, 0xff, 0x94, 0xc0, 0x1f, 0xfd,
    0xc, 0xff, 0xd2, 0x1, 0xf, 0xff, 0x8, 0x7,
    0xff, 0xfc, 0x3, 0xff, 0xa3, 0x9f, 0xfa, 0x40,
    0x21, 0xff, 0xe1, 0x0, 0xff, 0xf4, 0x18, 0x7,
    0xff, 0x2d, 0xc0, 0x2d, 0xff, 0xd2, 0x1, 0xf,
    0xff, 0x10, 0x4, 0x96, 0xed, 0x44, 0x1, 0xff,
    0xc2, 0xc9, 0x8d, 0x11, 0x44, 0xa8, 0x7, 0xff,
    0xc, 0x59, 0xc8, 0x3, 0xff, 0xfe, 0x1, 0xff,
    0xd3, 0x50, 0x8, 0x80, 0x3f, 0xf8, 0xe6, 0xc0,
    0x5e, 0x1, 0xfe,

    /* U+4E3B "主" */
    0x0, 0xff, 0xec, 0x46, 0xc8, 0x80, 0x7f, 0xf2,
    0x55, 0xc9, 0xb9, 0xc0, 0x3f, 0xf9, 0x1e, 0x1,
    0xa2, 0xc0, 0x3f, 0xf8, 0xf6, 0x60, 0x19, 0x10,
    0x1, 0xff, 0xc6, 0x1c, 0x50, 0xc, 0xc0, 0x1f,
    0xf4, 0xef, 0x77, 0xc8, 0x1, 0xb3, 0xbb, 0xb6,
    0x0, 0x25, 0x62, 0x11, 0xfc, 0x1, 0x84, 0x7c,
    0x4e, 0x80, 0x1f, 0xfc, 0xd1, 0x0, 0x2a, 0x0,
    0x7f, 0xf2, 0x15, 0x40, 0x15, 0xff, 0xfd, 0x80,
    0x1a, 0xbf, 0xfe, 0xa0, 0xf, 0xff, 0xf8, 0x7,
    0xe2, 0xbd, 0xee, 0xda, 0x1, 0xaf, 0xbb, 0x6d,
    0x98, 0x7, 0xa5, 0x8, 0x47, 0x80, 0x30, 0x8f,
    0x12, 0x70, 0x7, 0x9c, 0x3, 0xff, 0x8c, 0x60,
    0x1e, 0x81, 0x0, 0xff, 0xe2, 0xd, 0x80, 0x79,
    0x3b, 0xff, 0xb0, 0x3, 0x57, 0xff, 0x72, 0x80,
    0x7f, 0xff, 0xc0, 0x3f, 0xfa, 0x83, 0x9f, 0xff,
    0xb0, 0x3, 0x57, 0xff, 0xed, 0x39, 0x30, 0xf,
    0xfe, 0x51, 0x47, 0x80, 0x7f, 0xf3, 0x5, 0x90,
    0x40, 0x3f, 0xf9, 0x2, 0x70,

    /* U+4E49 "义" */
    0x0, 0xff, 0xec, 0xc, 0x40, 0x3, 0xff, 0x97,
    0xae, 0xea, 0x0, 0xff, 0xe5, 0x10, 0x1, 0x4c,
    0x3, 0xc6, 0x40, 0x1f, 0xfc, 0x17, 0x0, 0xa0,
    0x3, 0xa7, 0x36, 0xc0, 0x3c, 0x8a, 0x1, 0xac,
    0x2, 0x42, 0x0, 0x89, 0x80, 0x8, 0x40, 0x1a,
    0xed, 0x50, 0x1, 0x12, 0x80, 0x48, 0x1, 0x28,
    0x6, 0x30, 0xc, 0x80, 0x7, 0x10, 0xb, 0x80,
    0x22, 0x0, 0xa8, 0x2, 0x41, 0x0, 0xc4, 0x1,
    0x38, 0x4, 0x8c, 0xb4, 0x80, 0x3, 0x20, 0xb,
    0x80, 0x3a, 0x80, 0x2b, 0x0, 0xd3, 0x4a, 0x1,
    0x40, 0x4, 0x2a, 0x1, 0xcc, 0x1, 0x13, 0x0,
    0x7e, 0x34, 0x0, 0x98, 0x3, 0xc2, 0xc0, 0x14,
    0x0, 0x7e, 0xf0, 0x8, 0x60, 0x3, 0xe8, 0x0,
    0x86, 0x80, 0x3c, 0xe6, 0x1, 0x48, 0x7, 0xe1,
    0x70, 0x9, 0x54, 0x1, 0x8a, 0x0, 0x22, 0x70,
    0xf, 0xe8, 0x20, 0xa, 0x8c, 0x0, 0x3e, 0x1,
    0xb8, 0x3, 0xfe, 0xe0, 0xd, 0xa4, 0x1a, 0x40,
    0x13, 0x98, 0x7, 0xfc, 0x6e, 0x1, 0xe, 0x59,
    0x80, 0x47, 0x0, 0x1f, 0xfc, 0x18, 0x40, 0x8,
    0x50, 0x2, 0x2d, 0x0, 0xff, 0xe1, 0xd9, 0x0,
    0x78, 0x7c, 0x40, 0x3f, 0xf8, 0x96, 0x1, 0xe5,
    0x20, 0xf, 0xfe, 0x24, 0x48, 0x7, 0x93, 0x50,
    0x3, 0xff, 0x82, 0xba, 0xe0, 0x1f, 0x8a, 0xe8,
    0x80, 0x3f, 0x93, 0x28, 0x80, 0x32, 0xa8, 0x3,
    0x97, 0x68, 0xc0, 0x31, 0x47, 0x59, 0x80, 0x75,
    0x56, 0x0, 0xf2, 0xe7, 0x30, 0x16, 0xb8, 0x80,
    0x72, 0xf2, 0x80, 0x17, 0x94, 0x3, 0xc3, 0x22,
    0xc0, 0x1e, 0x4c, 0xa1, 0x0, 0xc3, 0x58, 0xa0,
    0x1f, 0x28, 0x80, 0x5, 0xb6, 0xcc, 0x3, 0xf1,
    0xd6, 0xb9, 0x0, 0x14, 0x45, 0x93, 0x7d, 0x24,
    0x1, 0xff, 0xc0, 0x28, 0xdd, 0x65, 0x0,

    /* U+4E8C "二" */
    0x0, 0xff, 0xe8, 0xaf, 0x7f, 0xff, 0xf1, 0x68,
    0x3, 0xd6, 0x20, 0x1f, 0xfc, 0x55, 0x50, 0x7,
    0x8, 0x7, 0xff, 0x1c, 0xc0, 0x39, 0x40, 0x3f,
    0xf8, 0xee, 0x1, 0xd5, 0x48, 0x8f, 0xfe, 0x24,
    0xf0, 0x80, 0x79, 0x5d, 0xff, 0xf8, 0x8c, 0x20,
    0x1f, 0xff, 0xf0, 0xf, 0xff, 0xf8, 0x7, 0xff,
    0xfc, 0x3, 0xff, 0xb7, 0x3f, 0xff, 0xfc, 0xad,
    0x23, 0x60, 0xf, 0xfe, 0x51, 0x43, 0x80, 0x7f,
    0xf3, 0x5, 0x40, 0x3f, 0xf9, 0x98, 0x38, 0xca,
    0xbf, 0xfc, 0x99, 0x70,

    /* U+4E94 "五" */
    0x0, 0x84, 0xd1, 0x3f, 0xf8, 0x86, 0x40, 0x1c,
    0xfd, 0x97, 0x7f, 0xfc, 0x4c, 0xd9, 0x0, 0xd4,
    0x1, 0xff, 0xc8, 0x60, 0xc, 0x20, 0x1f, 0xfc,
    0x82, 0x0, 0xdc, 0xa6, 0x7c, 0x1, 0xc6, 0x7f,
    0x97, 0x80, 0x31, 0x56, 0x67, 0x18, 0x4, 0x79,
    0x9f, 0xa8, 0xc0, 0x3f, 0xe2, 0x0, 0x94, 0x3,
    0xff, 0x92, 0x20, 0x17, 0x0, 0x7f, 0xf1, 0x44,
    0x88, 0xa0, 0x1c, 0x45, 0xc0, 0x1f, 0xf6, 0x76,
    0xea, 0x80, 0x34, 0x6e, 0xf7, 0xd0, 0x7, 0xe4,
    0x30, 0xf, 0xfe, 0x1a, 0x90, 0x7, 0xce, 0x1,
    0xff, 0xc5, 0x10, 0xf, 0x8e, 0xc, 0x88, 0x1,
    0xc4, 0x50, 0x80, 0x61, 0x0, 0xfc, 0xf9, 0xba,
    0x0, 0xd1, 0xbb, 0x58, 0x6, 0x30, 0xf, 0xf8,
    0x80, 0x31, 0x80, 0x46, 0x1, 0x84, 0x3, 0xfe,
    0x40, 0xc, 0xa0, 0x17, 0x0, 0x42, 0x1, 0xff,
    0xc0, 0xf0, 0x8, 0x44, 0x1, 0x8, 0x4, 0x40,
    0x1f, 0xfc, 0x5, 0x0, 0x94, 0x3, 0x10, 0x4,
    0xe0, 0x1f, 0xfc, 0x3, 0x0, 0x8c, 0x3, 0x38,
    0x4, 0x40, 0x1e, 0x8c, 0xdd, 0xc0, 0x19, 0xb7,
    0x71, 0x80, 0x4f, 0xba, 0xca, 0x15, 0x73, 0x22,
    0xc0, 0x18, 0x48, 0xb0, 0x6, 0x12, 0x21, 0xac,
    0x18, 0x7, 0xff, 0x30, 0x9c, 0x80, 0x3f, 0xf9,
    0x7e, 0x3b, 0xac, 0xcf, 0xfe, 0x46, 0xfa, 0x0,

    /* U+4EAE "亮" */
    0x0, 0xff, 0xe0, 0x1c, 0x18, 0x7, 0xff, 0x2e,
    0xf1, 0xfc, 0x3, 0xff, 0x84, 0x45, 0xf9, 0xd0,
    0x0, 0x6a, 0x45, 0xf8, 0x2, 0x7f, 0xdd, 0xfd,
    0x0, 0x1a, 0xb7, 0x7f, 0x7b, 0x85, 0x0, 0x7f,
    0xf3, 0x2c, 0x2c, 0x3, 0xff, 0x99, 0x40, 0xdf,
    0xdb, 0xbf, 0xfc, 0x8e, 0xf6, 0x0, 0x84, 0x83,
    0xb3, 0x77, 0xff, 0x83, 0xc2, 0x42, 0x1, 0xf4,
    0x98, 0x80, 0x7f, 0xf0, 0x4f, 0xc0, 0x3f, 0x98,
    0x2, 0x45, 0x5f, 0xc6, 0x1, 0x18, 0x7, 0xf1,
    0x80, 0x51, 0x55, 0xfc, 0x1, 0xff, 0xc1, 0x30,
    0xb, 0x3f, 0xff, 0x48, 0x4, 0x20, 0x1f, 0xca,
    0x1, 0xff, 0xc4, 0x40, 0xf, 0xe8, 0xa7, 0x66,
    0xff, 0xe0, 0x3c, 0xd0, 0x7, 0x9a, 0xaa, 0xf2,
    0x33, 0xff, 0xe0, 0x16, 0x55, 0x4c, 0x0, 0x69,
    0x55, 0xff, 0xe5, 0x4b, 0x6, 0x0, 0x7f, 0xf3,
    0x3c, 0x3, 0xab, 0x33, 0xff, 0x88, 0xe0, 0x11,
    0x81, 0x80, 0x48, 0x6f, 0xdb, 0x99, 0xfb, 0x64,
    0xcd, 0x80, 0x11, 0x5, 0x0, 0x14, 0x43, 0x88,
    0x40, 0x3f, 0xa, 0xb0, 0x21, 0x80, 0xd0, 0x1f,
    0xf5, 0x0, 0x10, 0x3, 0xff, 0x81, 0xc0, 0xc,
    0xfe, 0x20, 0x8, 0x40, 0x8, 0x20, 0x14, 0x55,
    0x61, 0x0, 0x84, 0x0, 0x4a, 0x80, 0x1c, 0x2f,
    0x40, 0x10, 0xba, 0xae, 0x20, 0xf, 0x4d, 0x5c,
    0x80, 0x6, 0x7a, 0x4, 0x2, 0x80, 0xf, 0xe4,
    0x88, 0x20, 0x1, 0x0, 0x16, 0xc0, 0x1c, 0xac,
    0x1, 0xce, 0x1, 0x13, 0xb8, 0x2, 0x10, 0x3,
    0x0, 0x73, 0xd0, 0x7, 0xb4, 0x3, 0xfa, 0x0,
    0x16, 0x1, 0x36, 0xc0, 0x7, 0xcc, 0xe0, 0x1e,
    0x3a, 0x40, 0x3, 0xee, 0xbe, 0x48, 0x3, 0xfa,
    0x3f, 0xfd, 0x8a, 0x0,

    /* U+4ECA "今" */
    0x0, 0xff, 0xed, 0x3b, 0x0, 0x7f, 0xf2, 0xf2,
    0x27, 0x48, 0x3, 0xff, 0x91, 0x26, 0x0, 0x2f,
    0x0, 0xff, 0xe3, 0xcb, 0x0, 0x62, 0xa0, 0xf,
    0xfe, 0x20, 0xdb, 0x0, 0x79, 0x70, 0x80, 0x3f,
    0xf8, 0x27, 0x88, 0x1, 0x84, 0x2, 0x3d, 0x60,
    0xf, 0xf9, 0xb0, 0x80, 0x34, 0x71, 0x80, 0x69,
    0xb2, 0x0, 0xf8, 0x6e, 0x40, 0x3a, 0x1c, 0x31,
    0x0, 0x32, 0x6b, 0x80, 0x73, 0xf2, 0x0, 0x74,
    0x84, 0x98, 0x5a, 0x80, 0x74, 0x72, 0x80, 0x32,
    0x0, 0x38, 0x6c, 0x21, 0xb2, 0x2, 0x9c, 0x3,
    0x86, 0x8c, 0xc, 0x3, 0x8f, 0xd0, 0x40, 0x27,
    0xc1, 0x8b, 0x10, 0xe, 0x20, 0x30, 0xd, 0x18,
    0x20, 0xc4, 0x1, 0x1f, 0x8a, 0x7a, 0x80, 0x4c,
    0x21, 0xe2, 0xb, 0xce, 0x1, 0xe, 0x20, 0x4,
    0x20, 0x1, 0xab, 0x57, 0x90, 0x1, 0xf7, 0xd9,
    0x22, 0x72, 0xf9, 0x0, 0x19, 0xdd, 0x35, 0xbd,
    0x0, 0x1c, 0xbd, 0x97, 0x7f, 0x10, 0x1, 0xa6,
    0x19, 0x5a, 0xd0, 0x3, 0xb8, 0x3, 0xff, 0x8e,
    0x60, 0x1c, 0x20, 0x1f, 0xfc, 0x75, 0x0, 0xe8,
    0x41, 0x1f, 0xfe, 0x0, 0x7, 0x39, 0x0, 0x71,
    0x5f, 0x77, 0xfc, 0x80, 0x18, 0xe0, 0x3, 0xff,
    0x8c, 0xea, 0x1, 0xb8, 0x3, 0xff, 0x8c, 0x90,
    0x1, 0xa8, 0x80, 0x3f, 0xf8, 0xa5, 0x60, 0x19,
    0x94, 0x3, 0xff, 0x8a, 0x3e, 0x1, 0x8e, 0x40,
    0x3f, 0xf8, 0xd0, 0x40, 0x10, 0xe8, 0x7, 0xff,
    0x1d, 0x40, 0x35, 0x8, 0x7, 0xff, 0x1e, 0x40,
    0x28, 0x40, 0xf, 0xfe, 0x42, 0xda, 0xcb, 0x80,
    0x7f, 0xf2, 0x92, 0x98, 0x3, 0xfc,

    /* U+4ECE "从" */
    0x0, 0xf9, 0xa1, 0x0, 0x3f, 0x33, 0x98, 0x7,
    0xff, 0x6, 0xa5, 0xed, 0x0, 0x3d, 0x73, 0x18,
    0x40, 0x1f, 0xfc, 0x4, 0x0, 0x8c, 0x3, 0xc8,
    0x1, 0x20, 0x7, 0xff, 0x0, 0x40, 0x3f, 0xfb,
    0x22, 0x1, 0x8c, 0x3, 0xfe, 0x10, 0xc, 0x20,
    0x1c, 0x60, 0x18, 0x40, 0x3f, 0xe3, 0x0, 0xc4,
    0x1, 0xc2, 0x1, 0x9c, 0x3, 0xfe, 0x10, 0xc,
    0xe0, 0x1c, 0xe0, 0x18, 0x80, 0x3f, 0xe6, 0x0,
    0xc4, 0x1, 0xc2, 0x1, 0x84, 0x3, 0xfe, 0x20,
    0xf, 0xf1, 0x0, 0x7f, 0xf1, 0x38, 0x3, 0x48,
    0x7, 0x70, 0x6, 0x10, 0xf, 0xf8, 0x80, 0x33,
    0xb8, 0x3, 0x10, 0x6, 0x40, 0xf, 0xf9, 0x40,
    0x3a, 0x10, 0x2, 0x50, 0xd, 0xe0, 0x1f, 0xe1,
    0x10, 0x7, 0xa8, 0x40, 0x84, 0x3, 0x20, 0x7,
    0xf9, 0x40, 0x3e, 0x1d, 0xa, 0x0, 0xe1, 0x50,
    0xf, 0xec, 0x0, 0xcc, 0x1, 0x1b, 0xa8, 0x7,
    0xa4, 0x3, 0xf9, 0x0, 0x21, 0x94, 0x0, 0xa4,
    0x80, 0x3c, 0x64, 0x1, 0xf8, 0xc0, 0x24, 0xa,
    0x0, 0x1a, 0x0, 0x7e, 0x80, 0xf, 0x90, 0x3,
    0x60, 0xe, 0x64, 0xe0, 0x1a, 0x40, 0x25, 0x20,
    0xf, 0x70, 0x6, 0x40, 0x1, 0x9c, 0x40, 0x12,
    0xb0, 0x6, 0x80, 0xe, 0x15, 0x0, 0x88, 0x80,
    0x1a, 0x40, 0x37, 0x3, 0x0, 0x4a, 0x80, 0x1a,
    0x0, 0x32, 0x80, 0x64, 0x50, 0x8, 0x50, 0x2c,
    0x3, 0x59, 0x80, 0x11, 0x80, 0x35, 0x0, 0x43,
    0x40, 0x1a, 0x40, 0x4, 0xa0, 0x19, 0x0, 0x4,
    0x1, 0x94, 0x80, 0x22, 0x10, 0x8, 0x5c, 0x2,
    0x80, 0xc, 0x80, 0x6, 0x20, 0x0, 0xd8, 0x6,
    0x33, 0x0, 0x54, 0x1, 0x8a, 0xc4, 0x24, 0xc0,
    0x2d, 0x76, 0xc1, 0x0, 0xed, 0x53, 0xb4, 0x0,
    0xe4, 0xef, 0x60, 0xe, 0x89, 0x20, 0xf, 0xd,
    0x62, 0x0, 0x7f, 0xf0, 0x0,

    /* U+4EFB "任" */
    0x0, 0xff, 0xe5, 0x89, 0x0, 0x7f, 0x97, 0xfd,
    0x0, 0x1f, 0xc6, 0xf9, 0xda, 0xe0, 0x1f, 0xd6,
    0x0, 0x75, 0x0, 0x8d, 0x62, 0xff, 0x20, 0xc0,
    0x10, 0x1, 0xf9, 0xc4, 0x2, 0x6a, 0xef, 0xca,
    0x74, 0x0, 0xf8, 0x80, 0x3c, 0x30, 0x1, 0x3c,
    0xa8, 0x80, 0x7f, 0x89, 0x88, 0x3, 0xd6, 0x1,
    0xa4, 0xc0, 0x3f, 0x96, 0xfb, 0x64, 0x3, 0xc8,
    0xa0, 0x13, 0xc, 0x32, 0x34, 0x50, 0x80, 0x5e,
    0x82, 0x1, 0xf0, 0xd0, 0x6, 0xd0, 0x19, 0xb9,
    0x75, 0x30, 0xf, 0xfe, 0xd, 0x88, 0x6, 0x70,
    0xf, 0xfe, 0x43, 0xa8, 0x7, 0xff, 0x34, 0xe0,
    0x3, 0xff, 0x9c, 0x80, 0x1f, 0xc2, 0x46, 0x78,
    0x3, 0x11, 0x9c, 0x40, 0x12, 0x80, 0x7e, 0x8e,
    0xdc, 0xcc, 0x40, 0x14, 0x66, 0x5b, 0xec, 0x5,
    0x60, 0x22, 0x0, 0xce, 0x1, 0xff, 0xc4, 0xa0,
    0x2, 0x66, 0x98, 0x6, 0x10, 0xf, 0xfe, 0x23,
    0x80, 0x46, 0x60, 0xe, 0xd5, 0x44, 0xe0, 0xc,
    0x48, 0x99, 0xa8, 0x3, 0xfc, 0x75, 0x77, 0xc4,
    0x1, 0x45, 0xde, 0x91, 0x0, 0xff, 0xff, 0x80,
    0x7f, 0xfb, 0x8c, 0x3, 0xff, 0x8a, 0x9d, 0xff,
    0x88, 0x2, 0x9f, 0xfd, 0xa4, 0x1, 0xff, 0x48,
    0x80, 0x7f, 0xf0, 0x4a, 0xc0, 0x3f, 0x84, 0x4,
    0x3, 0xff, 0x86, 0x20, 0x1c, 0xc0, 0x11, 0x87,
    0x21, 0x17, 0xff, 0x5, 0xa0, 0x3, 0xa0, 0x82,
    0x4, 0xa, 0xf7, 0x7f, 0xf8, 0x32, 0x0,

    /* U+4F1A "会" */
    0x0, 0xff, 0xec, 0x45, 0xa8, 0x7, 0xff, 0x26,
    0x9d, 0x29, 0x40, 0x3f, 0xf8, 0xf6, 0xa0, 0x16,
    0x0, 0x7f, 0xf1, 0x4f, 0x50, 0x3, 0x34, 0x0,
    0x7f, 0xf0, 0xe3, 0x8, 0x3, 0xcf, 0xa8, 0x1,
    0xff, 0x16, 0x38, 0x6, 0x45, 0x0, 0x8a, 0xec,
    0x40, 0x1f, 0x8f, 0xc, 0x3, 0x35, 0xd4, 0x0,
    0x64, 0xda, 0x20, 0xe, 0x2d, 0x10, 0xd, 0x32,
    0x0, 0x3e, 0x10, 0x6, 0x5d, 0xb4, 0x0, 0xa4,
    0x40, 0x31, 0x65, 0x56, 0x96, 0x0, 0xf2, 0x59,
    0x81, 0xa0, 0x7, 0x12, 0xaf, 0x90, 0x3, 0xf0,
    0x82, 0x80, 0x19, 0xc0, 0x3f, 0xf8, 0x11, 0x22,
    0x0, 0x32, 0x4, 0x9e, 0x99, 0x18, 0x7, 0xf8,
    0xd9, 0x9d, 0x51, 0xa0, 0x2, 0x61, 0x1, 0xcf,
    0xff, 0xf6, 0x8, 0x1, 0x5c, 0x40, 0x3f, 0xf9,
    0xc3, 0x9f, 0xff, 0xfc, 0x8d, 0x30, 0x63, 0x0,
    0xff, 0xe4, 0x14, 0x0, 0x7f, 0xf3, 0x4, 0x1d,
    0x48, 0x46, 0x0, 0xf8, 0x47, 0x0, 0x4, 0x44,
    0x90, 0x0, 0xad, 0xee, 0x60, 0x80, 0x65, 0xfe,
    0xe9, 0x0, 0x11, 0xdb, 0x64, 0x1, 0xc3, 0xe2,
    0x1, 0x25, 0x0, 0x4c, 0xa0, 0x9, 0x60, 0xf,
    0x8f, 0x8, 0x2, 0x4b, 0x0, 0xce, 0x20, 0x14,
    0xa0, 0x7, 0x36, 0x10, 0x6, 0x38, 0x9a, 0xa5,
    0xe8, 0x7, 0x59, 0x80, 0x69, 0x0, 0xf3, 0xb9,
    0x95, 0x48, 0x62, 0x1, 0xda, 0x20, 0x2, 0x0,
    0xff, 0xe4, 0xe, 0x80, 0x8, 0x40, 0x3f, 0xf8,
    0x22, 0x46, 0x20, 0x10, 0x80, 0x54, 0x42, 0x6a,
    0xcf, 0x15, 0x79, 0xbd, 0xfd, 0xb9, 0xe2, 0xd,
    0x80, 0x12, 0x6f, 0x65, 0x4c, 0x3a, 0xa1, 0x90,
    0x80, 0x61, 0xce, 0x91, 0x0,

    /* U+4F5C "作" */
    0x0, 0xff, 0xec, 0x88, 0x7, 0x89, 0xd4, 0x3,
    0xff, 0x8d, 0x3d, 0xc4, 0x0, 0xd9, 0x15, 0xa0,
    0x1f, 0xfc, 0x42, 0x60, 0x19, 0x0, 0x94, 0x40,
    0x3f, 0xf8, 0xf0, 0x1, 0x30, 0x5, 0x0, 0x15,
    0x80, 0x7f, 0xf0, 0xcd, 0x40, 0x2d, 0x0, 0x29,
    0x0, 0x5b, 0x55, 0xf4, 0xa8, 0x7, 0xbc, 0x2,
    0x26, 0x0, 0x40, 0x6, 0x45, 0x5f, 0x9a, 0x94,
    0x3, 0x31, 0x80, 0x50, 0x0, 0x62, 0x0, 0xff,
    0xe1, 0x10, 0x4, 0x32, 0x1, 0x94, 0x1, 0x0,
    0x1f, 0xfc, 0x21, 0x50, 0xa, 0x80, 0x30, 0x80,
    0x20, 0x40, 0x27, 0x0, 0xd9, 0x9d, 0xbc, 0x40,
    0x7, 0x40, 0xf, 0x1b, 0x80, 0x51, 0x80, 0x10,
    0x99, 0xf1, 0x0, 0x45, 0x0, 0x1f, 0x58, 0x4,
    0x4e, 0x1, 0xff, 0xcb, 0xb0, 0xa, 0x40, 0x38,
    0x7f, 0xfb, 0x4c, 0x0, 0x4e, 0x1, 0xf1, 0xe3,
    0xe2, 0x0, 0x7f, 0xc5, 0x20, 0x14, 0x40, 0x80,
    0x3c, 0x70, 0x60, 0x1f, 0xfc, 0x13, 0x0, 0xcf,
    0xc0, 0x1f, 0xfc, 0x45, 0x5e, 0x89, 0x0, 0xff,
    0xe4, 0x8d, 0x57, 0x38, 0x7, 0xff, 0x9c, 0x7f,
    0xfc, 0xe0, 0x1f, 0xfd, 0x8, 0x0, 0xff, 0xf3,
    0x99, 0xe4, 0x5c, 0x0, 0xff, 0xe4, 0x8e, 0x66,
    0xba, 0x30, 0xf, 0xff, 0xf8, 0x7, 0xff, 0x14,
    0x80, 0x22, 0x0, 0xf9, 0x80, 0x22, 0x0, 0xff,
    0xe0, 0xc, 0x9, 0x78, 0x7, 0xc4, 0xe0, 0x5e,
    0x1, 0xf8,

    /* U+4F7F "使" */
    0x0, 0xff, 0xec, 0xba, 0x80, 0x7c, 0x7b, 0xcc,
    0x1, 0xff, 0xc3, 0xb8, 0xa9, 0x0, 0xf7, 0x90,
    0xc8, 0x7, 0xff, 0x8, 0xd0, 0x0, 0x4b, 0x33,
    0xc6, 0x1, 0x54, 0xce, 0x83, 0x0, 0xfa, 0x0,
    0x26, 0xa6, 0x6e, 0x0, 0xca, 0xcd, 0x9f, 0x4,
    0x3, 0x95, 0x0, 0x25, 0x0, 0xff, 0xe2, 0x98,
    0x6, 0x1b, 0x0, 0x9e, 0x4c, 0x3, 0xff, 0x86,
    0xc4, 0x1, 0xac, 0x40, 0x2b, 0x1c, 0xfe, 0xec,
    0x20, 0x16, 0x77, 0x5f, 0xe9, 0x0, 0xca, 0xa0,
    0xc, 0x40, 0x1, 0x32, 0x28, 0x3, 0x31, 0x16,
    0x0, 0xe2, 0xa0, 0xf, 0x9f, 0xb7, 0x32, 0x10,
    0xa, 0xb3, 0x2d, 0xd0, 0x80, 0x7, 0x0, 0x3f,
    0x40, 0x7, 0xff, 0x8, 0x98, 0x0, 0xe2, 0x1,
    0xf0, 0x80, 0x7f, 0xf1, 0x38, 0x0, 0xa0, 0x1f,
    0xfc, 0x5, 0xee, 0x8, 0x5, 0x9d, 0x40, 0x1e,
    0x38, 0x1, 0x10, 0x7, 0xe3, 0x11, 0x0, 0x61,
    0x18, 0x3, 0xe7, 0x9d, 0x20, 0xf, 0xcd, 0xfe,
    0x10, 0xb, 0x7e, 0xc0, 0x3f, 0x31, 0x80, 0x70,
    0x80, 0x7f, 0xf1, 0x4, 0x3, 0xff, 0x80, 0xc0,
    0x1f, 0xfc, 0x3a, 0x0, 0xff, 0xe0, 0x4d, 0xac,
    0xd4, 0x0, 0x6a, 0xad, 0x7c, 0x40, 0x1f, 0xfc,
    0x3, 0xb5, 0xd5, 0x20, 0x9, 0x15, 0x72, 0x8,
    0x7, 0xff, 0x6, 0xc0, 0x9, 0x5c, 0x1, 0x18,
    0x7, 0xff, 0x1e, 0x44, 0x0, 0xa8, 0x1, 0x58,
    0x7, 0xff, 0x1c, 0x74, 0x3, 0xc6, 0x60, 0xf,
    0xfe, 0x41, 0xb8, 0x7, 0x1c, 0x90, 0x7, 0xff,
    0x19, 0x75, 0xc0, 0x3c, 0xdb, 0xa8, 0x42, 0x0,
    0xff, 0xe0, 0xa5, 0x10, 0x7, 0xf1, 0x3d, 0xee,
    0x88, 0x3, 0xfc, 0x26, 0x1, 0xd1, 0x8a, 0x1,
    0xf1, 0x28, 0x7, 0x98, 0x0, 0x20, 0x80, 0x11,
    0xe3, 0x9d, 0x74, 0x18, 0x7, 0x10, 0x7, 0xa4,
    0x86, 0x0, 0xee, 0x73, 0x6, 0x1, 0xb, 0xe7,
    0x5c, 0x3d, 0x28, 0x0,

    /* U+4F8B "例" */
    0x0, 0xff, 0xe6, 0x14, 0x30, 0x7, 0x8f, 0xb8,
    0x81, 0x19, 0x9e, 0xa3, 0x0, 0xef, 0x79, 0x60,
    0xe, 0xf1, 0x14, 0x33, 0x99, 0xf9, 0x78, 0x3,
    0x88, 0x1, 0x80, 0x18, 0x4c, 0x0, 0xe2, 0x1,
    0xfc, 0x3d, 0xf0, 0x20, 0x1f, 0x9c, 0x2, 0xd5,
    0x10, 0xf, 0x14, 0x38, 0x83, 0x80, 0x7f, 0x50,
    0x4, 0xe5, 0xe0, 0x12, 0x7f, 0xb5, 0x78, 0x3,
    0xfe, 0x23, 0x0, 0x18, 0x82, 0x80, 0x58, 0x1,
    0xff, 0xc4, 0x80, 0x9, 0xc0, 0x6, 0x1, 0x64,
    0xc9, 0xc4, 0x3, 0xfe, 0x45, 0x0, 0xf6, 0x0,
    0x48, 0xcc, 0x8a, 0x0, 0xff, 0xa4, 0x3, 0xe4,
    0x0, 0xf9, 0x40, 0x3f, 0xca, 0x40, 0x1e, 0x40,
    0xf, 0xc6, 0x1, 0xfe, 0x10, 0xf, 0xb4, 0x2,
    0xbd, 0x0, 0x98, 0x3, 0xfc, 0x8c, 0x1, 0xc2,
    0xc0, 0x2, 0x40, 0xc, 0x40, 0x1f, 0xf4, 0xc8,
    0x3, 0x40, 0x4, 0xa0, 0x80, 0x17, 0x80, 0x7f,
    0xf0, 0x1c, 0x3, 0x30, 0x5, 0x89, 0x80, 0x12,
    0x0, 0x7f, 0xf1, 0x4c, 0x0, 0x75, 0x6a, 0x0,
    0x12, 0x0, 0xff, 0xe2, 0xe4, 0x42, 0xc4, 0x3,
    0x20, 0x7, 0xff, 0x1d, 0xdc, 0xa0, 0x1d, 0xe1,
    0xe0, 0x1f, 0xfc, 0x72, 0x90, 0xc, 0xa0, 0xa0,
    0x5, 0x0, 0xff, 0xe2, 0xf0, 0x4, 0xc0, 0x2,
    0xec, 0xa0, 0xf, 0xfe, 0x20, 0xb8, 0x5, 0x60,
    0x10, 0x98, 0x7, 0xff, 0x16, 0x40, 0x24, 0x20,
    0xf, 0xfe, 0x4b, 0x38, 0x5, 0x0, 0x1e, 0x12,
    0x0, 0xff, 0xe1, 0x48, 0x4, 0xa6, 0x1, 0x9b,
    0xfb, 0x0, 0x23, 0x0, 0xff, 0x8, 0x0, 0xac,
    0x3, 0xa0, 0x3, 0xd8, 0x1, 0x8, 0x4, 0x40,
    0xd, 0x46, 0xc1, 0x0, 0xe3, 0x0, 0xe4, 0x50,
    0xd, 0x20, 0x56, 0x0, 0x3b, 0x91, 0x0, 0xf7,
    0x21, 0x23, 0x5d, 0x80,

    /* U+4FDD "保" */
    0x0, 0xfc, 0x86, 0x1, 0xff, 0xce, 0x8b, 0xc8,
    0x1, 0x79, 0x9f, 0xf9, 0x80, 0x3f, 0x85, 0xc0,
    0xa, 0x19, 0xc, 0xdf, 0xf4, 0xc0, 0x7, 0xe8,
    0x0, 0x9c, 0x48, 0x3, 0xff, 0x82, 0x80, 0x1f,
    0x1b, 0x0, 0x5c, 0x1, 0xff, 0xc3, 0x10, 0xf,
    0xbc, 0x2, 0x44, 0x0, 0x64, 0xff, 0xf5, 0x80,
    0x7f, 0x9c, 0xc0, 0x2f, 0x0, 0xff, 0xe5, 0x14,
    0x0, 0x65, 0x0, 0xe7, 0x0, 0xff, 0xe2, 0x70,
    0x7, 0xfc, 0x7f, 0xfe, 0xb0, 0xf, 0xd4, 0x60,
    0x1f, 0x8, 0x7, 0xff, 0x8, 0x40, 0x22, 0x50,
    0xf, 0xe3, 0x0, 0xff, 0xe0, 0xd8, 0x4, 0x60,
    0x1f, 0xec, 0x98, 0x77, 0x0, 0x66, 0x77, 0x45,
    0xb8, 0x4, 0x32, 0x1, 0xfe, 0x67, 0x88, 0x8,
    0x5, 0x71, 0x7, 0x40, 0xe, 0x69, 0x73, 0x0,
    0xc3, 0x17, 0x7c, 0x20, 0x17, 0x5d, 0xe9, 0x30,
    0xc, 0xd0, 0x1, 0xd4, 0xe8, 0x9c, 0x1, 0x8d,
    0x13, 0x36, 0x80, 0x7f, 0xce, 0x1, 0xff, 0xc4,
    0x10, 0xf, 0xfb, 0xc8, 0x3, 0xff, 0x84, 0x52,
    0x1, 0xff, 0x1e, 0xff, 0xb0, 0x3, 0xf4, 0x7f,
    0xb5, 0x80, 0x3f, 0xf8, 0x7c, 0x1, 0xfa, 0x8,
    0x3, 0xff, 0x8b, 0x64, 0x1, 0xfd, 0xe0, 0x1f,
    0xfc, 0x49, 0x40, 0xf, 0x84, 0x0, 0x56, 0x1,
    0xff, 0xc1, 0x1b, 0x60, 0xa, 0x44, 0x2, 0xa0,
    0x9, 0x30, 0x40, 0x3f, 0xeb, 0x40, 0x9, 0x58,
    0x3, 0x34, 0x80, 0x47, 0x60, 0x1f, 0xf0, 0x80,
    0x47, 0x40, 0x1e, 0x65, 0x0, 0xff, 0xe1, 0xc,
    0x80, 0x17, 0x0, 0x3f, 0x53, 0x0, 0xc0, 0x7,
    0x98, 0x0, 0x20, 0x5f, 0xd4, 0x1, 0x10, 0x4,
    0x40, 0x9, 0xee, 0x10, 0x7, 0xa4, 0x86, 0x0,
    0x21, 0x0, 0xd0, 0x0, 0x70, 0xc, 0x20, 0x1f,
    0x8f, 0x79, 0x80, 0x3f, 0x27, 0xfa, 0x0, 0x3f,
    0x0,

    /* U+5019 "候" */
    0x0, 0xf0, 0xa9, 0x80, 0x7f, 0xf3, 0xb2, 0xb1,
    0x40, 0x31, 0x56, 0xf7, 0x6f, 0xf7, 0x6c, 0x0,
    0x7e, 0x42, 0x0, 0x60, 0x6, 0x85, 0x21, 0x1c,
    0x0, 0x12, 0x72, 0x0, 0xfb, 0xc0, 0x2f, 0x0,
    0xda, 0x1, 0xff, 0xc6, 0x24, 0x0, 0x9c, 0x3,
    0x3d, 0xcc, 0x47, 0x8, 0x4, 0x40, 0x1e, 0xb0,
    0x9, 0x82, 0x18, 0x2, 0x46, 0x77, 0xe0, 0x8,
    0x40, 0x3c, 0x2c, 0x1, 0x6d, 0x3c, 0xaa, 0xb7,
    0xff, 0xe1, 0x0, 0xf, 0x38, 0x6, 0x80, 0xc,
    0xaa, 0x0, 0x6c, 0x10, 0x7, 0xfc, 0x30, 0x1,
    0x13, 0x0, 0x70, 0x80, 0x48, 0x1, 0xff, 0xc1,
    0x40, 0xb, 0x80, 0x3f, 0xd3, 0x92, 0x47, 0x35,
    0x5f, 0x5d, 0x80, 0xc, 0x60, 0x1f, 0xf1, 0xe9,
    0x1d, 0x2a, 0xfc, 0x80, 0x17, 0x0, 0x7f, 0xf0,
    0x9, 0x0, 0x7, 0xff, 0xee, 0xb1, 0x0, 0x50,
    0x80, 0x7f, 0xd6, 0x1, 0xfe, 0x14, 0x60, 0x1,
    0x7a, 0x0, 0x7f, 0x1b, 0x0, 0x7f, 0xf0, 0x10,
    0x2, 0x1b, 0x30, 0xf, 0xc8, 0x1, 0x44, 0x80,
    0x6a, 0xa5, 0xf1, 0x80, 0x7f, 0xf0, 0x98, 0x81,
    0xde, 0x0, 0x85, 0x54, 0x82, 0x1, 0xff, 0xc3,
    0x1a, 0x11, 0x4c, 0x0, 0x43, 0x32, 0x87, 0x20,
    0xf, 0xfe, 0x15, 0x40, 0xb3, 0x40, 0x19, 0x98,
    0xf1, 0xa2, 0x1, 0xff, 0xc1, 0x10, 0xf, 0xfe,
    0x11, 0x80, 0x7f, 0x10, 0x3, 0xe5, 0x4c, 0x88,
    0x1, 0xc2, 0x44, 0x39, 0x20, 0xf, 0xeb, 0x2,
    0x62, 0xac, 0xd9, 0x0, 0xe2, 0xdd, 0x63, 0x0,
    0x7f, 0x9b, 0xf4, 0x40, 0x22, 0xa0, 0xe, 0x39,
    0x0, 0xff, 0xe3, 0xae, 0x8, 0x0, 0x80, 0x26,
    0xb3, 0x0, 0xff, 0xe1, 0xaf, 0x50, 0x80, 0x7,
    0x28, 0x2, 0x4c, 0x90, 0xf, 0xfe, 0x15, 0x8,
    0x4, 0x7e, 0x2b, 0x20, 0x19, 0xc0, 0x39, 0x80,
    0x21, 0x0, 0xc6, 0x0, 0x19, 0xc1, 0x0, 0x35,
    0x90, 0x1, 0x80, 0x3a, 0x48, 0x64, 0x3, 0xb6,
    0x6f, 0x98, 0x3, 0x93, 0x75, 0x90, 0x0,

    /* U+505C "停" */
    0x0, 0xff, 0xe3, 0x98, 0x7, 0xff, 0x10, 0x44,
    0x1, 0xf9, 0x7b, 0x20, 0x3, 0xff, 0x84, 0x7d,
    0xc9, 0x0, 0xf0, 0xd0, 0x83, 0x90, 0x7, 0xff,
    0x6, 0x0, 0xc, 0xce, 0xff, 0xdc, 0x1, 0xb7,
    0xff, 0x72, 0x0, 0x78, 0x90, 0x0, 0x56, 0x20,
    0x1f, 0xfc, 0x21, 0xf0, 0xf, 0x48, 0x5, 0x48,
    0x1, 0xff, 0xc4, 0xc0, 0xe, 0x44, 0x0, 0x4d,
    0x3b, 0x77, 0xff, 0xc2, 0xe7, 0x0, 0xe9, 0x0,
    0x98, 0x40, 0x8e, 0x6e, 0xff, 0xd2, 0x2, 0x1,
    0xcc, 0x40, 0x15, 0x0, 0xa, 0x8, 0x3, 0xfc,
    0x54, 0x1, 0xc5, 0x20, 0x18, 0x80, 0xe, 0x1,
    0x12, 0x27, 0x80, 0x21, 0x10, 0x6, 0xe0, 0xf,
    0xfe, 0x5, 0x5d, 0xf8, 0xc0, 0x23, 0x0, 0x98,
    0xc0, 0x3f, 0x8, 0x5, 0x1f, 0xfe, 0x30, 0x8,
    0xc0, 0x23, 0x0, 0xfe, 0x50, 0xf, 0xfe, 0x9,
    0x88, 0x4, 0xaa, 0x0, 0xfc, 0x3a, 0xec, 0xdf,
    0xe8, 0xd0, 0xe, 0xa9, 0x20, 0xe, 0x6a, 0x93,
    0x22, 0xff, 0x65, 0x49, 0x80, 0x66, 0x70, 0xc,
    0x92, 0xa8, 0x9f, 0xfc, 0x26, 0xc1, 0x0, 0xfe,
    0x30, 0xf, 0xfe, 0x31, 0x0, 0x7f, 0xf0, 0x7,
    0x33, 0xfe, 0x70, 0xf, 0xfe, 0xa, 0x0, 0x12,
    0xff, 0xff, 0xa3, 0x80, 0x2, 0x60, 0x1f, 0xc7,
    0xb7, 0x8e, 0x67, 0xfc, 0x91, 0xb7, 0xe0, 0x1f,
    0xf1, 0x22, 0x80, 0x7f, 0xca, 0x48, 0x20, 0x1f,
    0xfc, 0x13, 0xeb, 0xaa, 0x0, 0x69, 0xac, 0xb0,
    0xf, 0xfe, 0x28, 0xa2, 0xa8, 0x3, 0x3a, 0x98,
    0x7, 0xff, 0x90, 0x9e, 0x40, 0x30, 0x80, 0x7f,
    0xc6, 0x1, 0xfd, 0x90, 0xc0, 0x10, 0x80, 0x7f,
    0xf0, 0x4, 0x2, 0x10, 0xc, 0x22, 0x0, 0xe9,
    0x0, 0xff, 0xe0, 0x49, 0x4, 0x80, 0x70, 0xb0,
    0x91, 0xad, 0xb8, 0x7, 0xe0,

    /* U+50A8 "储" */
    0x0, 0xf3, 0xb8, 0x3, 0xf8, 0x73, 0x94, 0x2,
    0x26, 0x20, 0xf, 0xa2, 0x27, 0x0, 0xfc, 0xc6,
    0x36, 0x1, 0x74, 0xea, 0x80, 0x79, 0x80, 0x1c,
    0x5b, 0x84, 0x0, 0x15, 0xb0, 0x0, 0xb9, 0x91,
    0x80, 0x30, 0x3, 0x90, 0x40, 0x19, 0x44, 0x7a,
    0x61, 0xf4, 0x60, 0x14, 0x64, 0x80, 0x5e, 0x1,
    0xdc, 0x1, 0x2d, 0x80, 0x5a, 0x42, 0x1, 0xf2,
    0x0, 0x4e, 0x1, 0x85, 0x40, 0xa, 0x6, 0xe0,
    0x1, 0x69, 0x20, 0xc, 0x20, 0x19, 0x84, 0x3,
    0x48, 0x5, 0x80, 0x8, 0x30, 0x74, 0x6d, 0x50,
    0xb, 0x0, 0x34, 0x0, 0x73, 0x0, 0x44, 0x1,
    0x67, 0xc0, 0x7, 0xd2, 0x1, 0x38, 0x80, 0x67,
    0x10, 0xe, 0x12, 0x10, 0x3, 0xf7, 0xa8, 0x4,
    0x80, 0x13, 0xf4, 0x0, 0x6, 0x0, 0x3a, 0x7b,
    0x7a, 0xc6, 0x4, 0x3, 0xfc, 0x2e, 0x61, 0x20,
    0x1c, 0x2c, 0x1, 0x22, 0x0, 0x3f, 0xf8, 0x44,
    0x1, 0xff, 0xc1, 0x3c, 0x65, 0x40, 0xe, 0x44,
    0x2b, 0x58, 0x84, 0x20, 0x6, 0x1b, 0x40, 0xc,
    0x73, 0x42, 0x1, 0xae, 0xea, 0x94, 0x0, 0xae,
    0x40, 0x32, 0x58, 0x7, 0xad, 0x40, 0x26, 0x73,
    0x31, 0x0, 0x79, 0x0, 0x3f, 0xc5, 0xa8, 0x1,
    0x9b, 0x32, 0xdb, 0x0, 0xff, 0xe2, 0x59, 0x0,
    0x7f, 0x90, 0xc0, 0x3f, 0xf8, 0x7e, 0x1, 0xff,
    0xc0, 0x70, 0xf, 0xfe, 0x1b, 0x28, 0x80, 0x5f,
    0xf5, 0x80, 0x42, 0x1, 0xff, 0xc4, 0xa8, 0x0,
    0xb3, 0x29, 0x0, 0xff, 0xe3, 0x7b, 0x88, 0x6,
    0x33, 0x88, 0x3, 0xff, 0x84, 0x20, 0x13, 0x46,
    0x80, 0x7f, 0xf2, 0x98, 0x3, 0x84, 0x3, 0x77,
    0xfa, 0xc0, 0x3f, 0xf8, 0x25, 0x0, 0x18, 0x78,
    0x3, 0x3b, 0x33, 0x0, 0x3f, 0xf8, 0x24, 0x80,
    0x13, 0xf1, 0x80, 0x69, 0x99, 0xc0, 0x3f, 0xf8,
    0x56, 0x87, 0xb0, 0x1, 0xff, 0xc1, 0x10, 0xc,
    0x60, 0x13, 0x0, 0x2f, 0x8, 0x2, 0x20, 0x8,
    0x8b, 0x0, 0x4c, 0x1, 0x85, 0xc1, 0x48, 0x3,
    0xf2, 0x20, 0x13, 0x76, 0xc4, 0x27, 0x20,

    /* U+5165 "入" */
    0x0, 0xfc, 0x22, 0x0, 0xff, 0xe6, 0x1f, 0x72,
    0x80, 0x3f, 0xf9, 0x7e, 0x0, 0x5c, 0x0, 0xff,
    0xe5, 0x8, 0x4, 0x74, 0x1, 0xff, 0xc9, 0xe1,
    0x0, 0x95, 0x80, 0x3f, 0xf9, 0x7, 0xa0, 0x1a,
    0x4c, 0x3, 0xff, 0x90, 0x74, 0x1, 0xb8, 0x3,
    0xff, 0x92, 0xa8, 0x1, 0x14, 0x0, 0x7f, 0xf2,
    0x44, 0x3, 0x39, 0x0, 0x7f, 0xf2, 0x10, 0x3,
    0xa4, 0x3, 0xff, 0x8e, 0x42, 0x1, 0xc8, 0xa0,
    0x1f, 0xfc, 0x64, 0x0, 0xfa, 0xc0, 0x3f, 0xf8,
    0xda, 0x1, 0xf0, 0xb8, 0x7, 0xff, 0x10, 0x50,
    0x2, 0x52, 0x0, 0xa0, 0x80, 0x3f, 0xf8, 0x72,
    0x1, 0xa6, 0x0, 0x34, 0x80, 0x7f, 0xf0, 0xd8,
    0x2, 0x33, 0x29, 0x80, 0x48, 0xc0, 0x1f, 0xfc,
    0x17, 0x10, 0xa, 0x40, 0x1e, 0x1, 0xa4, 0x80,
    0x3f, 0xe1, 0x80, 0x8, 0x94, 0x0, 0x6c, 0x1,
    0xbc, 0x3, 0xfe, 0xa0, 0xd, 0x20, 0x1a, 0x4,
    0x2, 0x2b, 0x0, 0xfe, 0x94, 0x0, 0x95, 0x0,
    0x30, 0xd8, 0x6, 0x49, 0x0, 0xfa, 0x98, 0x2,
    0x1b, 0x0, 0xf2, 0xa0, 0x6, 0x6b, 0x0, 0xcb,
    0xca, 0x1, 0xa8, 0x40, 0x3e, 0xa1, 0x0, 0xc9,
    0x80, 0x6, 0xa1, 0x0, 0xd2, 0x80, 0x1f, 0x87,
    0x40, 0x38, 0xcc, 0x1e, 0x1, 0xd2, 0xc0, 0x1f,
    0xe3, 0xa0, 0xe, 0x30, 0xd0, 0x8, 0x6d, 0x80,
    0x3f, 0xf8, 0xb, 0x20, 0x14, 0x80, 0x12, 0x9,
    0xbd, 0x0, 0x3f, 0xf8, 0x4d, 0xaf, 0x4c, 0x1,
    0x3e, 0xc8, 0x80, 0x7f, 0xf1, 0xa, 0x14, 0x0,

    /* U+5168 "全" */
    0x0, 0xff, 0xee, 0xc, 0xc0, 0x7, 0xff, 0x37,
    0x19, 0xf4, 0x40, 0x3f, 0xf9, 0x56, 0x40, 0x2,
    0x80, 0xf, 0xfe, 0x40, 0xda, 0x0, 0x66, 0x80,
    0xf, 0xfe, 0x31, 0x62, 0x0, 0x79, 0xe8, 0x3,
    0xff, 0x88, 0xda, 0x40, 0x13, 0xa8, 0x4, 0xb8,
    0x20, 0x1f, 0xfc, 0x1, 0xb9, 0x0, 0xd1, 0xa,
    0x60, 0x8, 0xfd, 0x40, 0x3f, 0xcb, 0xe8, 0x1,
    0xa5, 0xc0, 0x12, 0xe0, 0x10, 0xd5, 0x98, 0x7,
    0x93, 0x28, 0x40, 0x21, 0xc6, 0x0, 0xd1, 0x40,
    0x19, 0x33, 0x6, 0x1, 0x1d, 0x98, 0x6, 0x4f,
    0x30, 0xf, 0x2e, 0x98, 0x6, 0x3c, 0x40, 0x2,
    0x80, 0x79, 0x3b, 0xff, 0xf6, 0x98, 0x7, 0x8c,
    0x0, 0xe2, 0x0, 0x10, 0xf, 0xfe, 0x42, 0x80,
    0x7, 0xeb, 0xa0, 0x3, 0xff, 0x88, 0xf9, 0x18,
    0x40, 0x10, 0xa8, 0xb4, 0xb2, 0xac, 0x80, 0x19,
    0x15, 0x66, 0x88, 0x1b, 0x98, 0x7, 0xe6, 0x9a,
    0xaa, 0x40, 0x34, 0xd5, 0x52, 0xe0, 0x1f, 0xfd,
    0xc1, 0x78, 0x8c, 0x1, 0xa2, 0x33, 0x98, 0x7,
    0xff, 0x3, 0xe1, 0xde, 0x50, 0xc, 0xae, 0xf4,
    0x61, 0x0, 0x7f, 0xc2, 0x1, 0xff, 0xc3, 0x10,
    0xf, 0xfa, 0x48, 0x3, 0xff, 0x80, 0x2c, 0x60,
    0x1f, 0xf3, 0x6f, 0xfd, 0xa0, 0x1b, 0x7f, 0xee,
    0x90, 0xf, 0xfe, 0xc0, 0xbc, 0xcf, 0xd0, 0x1,
    0xa2, 0x67, 0xe8, 0x20, 0xd, 0x50, 0xcd, 0xf2,
    0x80, 0x65, 0x66, 0xf9, 0xf0, 0x3, 0x30, 0x7,
    0xff, 0x28, 0x40, 0x34, 0x90, 0x7, 0xff, 0x20,
    0x60, 0x0,

    /* U+516D "六" */
    0x0, 0xff, 0xec, 0x93, 0xa8, 0x7, 0xff, 0x24,
    0x6b, 0x62, 0x98, 0x3, 0xff, 0x92, 0xa0, 0x14,
    0x0, 0x7f, 0xf2, 0x5, 0x40, 0x21, 0x60, 0xf,
    0xfe, 0x44, 0x0, 0x6c, 0x0, 0xff, 0xe4, 0x12,
    0x0, 0x5c, 0x1, 0xff, 0xc0, 0x11, 0xfe, 0xe1,
    0x5b, 0x51, 0x1f, 0xc0, 0x4, 0xee, 0xff, 0x50,
    0xad, 0xf7, 0x7f, 0x7a, 0xf8, 0x80, 0x7f, 0xf2,
    0xe1, 0xc0, 0x3f, 0xf9, 0xb0, 0x1, 0xff, 0xcc,
    0x84, 0xfe, 0xdd, 0xff, 0xe4, 0xfa, 0x80, 0x4,
    0x8b, 0xff, 0x92, 0x1, 0xfc, 0xaa, 0x0, 0xf8,
    0xa1, 0x80, 0x3f, 0xf8, 0x37, 0x54, 0xd1, 0x0,
    0xc7, 0xaf, 0x30, 0x1, 0xff, 0x22, 0x0, 0x5,
    0x20, 0x1a, 0xc0, 0x27, 0x30, 0xf, 0xf4, 0x80,
    0x6e, 0x0, 0xda, 0x1, 0xb8, 0x3, 0xfa, 0x8,
    0x2, 0x16, 0x0, 0xca, 0x60, 0x11, 0x48, 0x7,
    0xc4, 0xe0, 0x1a, 0xc0, 0x3d, 0xe0, 0x19, 0x90,
    0x3, 0xde, 0x1, 0x91, 0x40, 0x3c, 0x6e, 0x1,
    0xa8, 0x3, 0xa0, 0x80, 0x34, 0x80, 0x7e, 0x81,
    0x0, 0x86, 0x40, 0x24, 0x70, 0xd, 0x4, 0x1,
    0xfd, 0x60, 0x19, 0x90, 0x6, 0x80, 0x31, 0xb8,
    0x7, 0xf9, 0x50, 0x3, 0x50, 0x18, 0x80, 0x6e,
    0x0, 0xff, 0xe0, 0x48, 0x6, 0x12, 0x24, 0x0,
    0x50, 0x40, 0x1f, 0xfc, 0x2, 0x70, 0x0, 0xc9,
    0x3, 0xd2, 0xcb, 0x80, 0x7f, 0xf0, 0xa1, 0xe7,
    0x98, 0x2, 0x5a, 0x60, 0xf, 0xfe, 0x24, 0x30,
    0x4,

    /* U+5171 "共" */
    0x0, 0xf1, 0xdd, 0x90, 0x3, 0xcb, 0x76, 0x30,
    0xf, 0xfe, 0x7, 0x22, 0x2c, 0x3, 0x86, 0x91,
    0x1c, 0x1, 0xff, 0xc0, 0x20, 0x8, 0x80, 0x31,
    0x0, 0x44, 0x1, 0xff, 0x8, 0x6, 0x10, 0xf,
    0xfe, 0xf1, 0xde, 0xf7, 0x80, 0x6d, 0xee, 0xda,
    0x1, 0xbb, 0x9b, 0x8a, 0x0, 0xe4, 0x21, 0x10,
    0x6, 0x11, 0xf0, 0x6, 0x11, 0x11, 0xd0, 0x0,
    0xc0, 0x3f, 0xf9, 0xb6, 0x20, 0x1f, 0xfc, 0x98,
    0x0, 0x2f, 0x7f, 0xb8, 0x3, 0x5f, 0xfe, 0xb0,
    0xd, 0xdf, 0xf3, 0x80, 0x7f, 0xce, 0x1, 0x9c,
    0x3, 0x8, 0x7, 0xff, 0xdd, 0xc0, 0x33, 0x80,
    0x61, 0x0, 0xe4, 0xdf, 0xfb, 0x80, 0x35, 0xff,
    0xeb, 0x0, 0xdd, 0xff, 0x72, 0x41, 0x0, 0x7f,
    0xf2, 0x86, 0x5c, 0x3, 0xff, 0x98, 0x30, 0x62,
    0x1, 0xff, 0xc8, 0x13, 0xf3, 0xce, 0xff, 0xd1,
    0xbf, 0xff, 0xaa, 0x9f, 0xfb, 0xb0, 0xc0, 0x3d,
    0x91, 0xaa, 0x1, 0xe8, 0xaa, 0x69, 0x0, 0x7f,
    0xe, 0x18, 0x2, 0x90, 0x3, 0x98, 0x0, 0x5a,
    0xa0, 0x1f, 0x1f, 0x98, 0x6, 0x70, 0xe, 0x70,
    0xd, 0x52, 0x1, 0xcf, 0x82, 0x1, 0xe, 0x18,
    0x7, 0x4a, 0x80, 0x66, 0xc1, 0x0, 0x44, 0x0,
    0x31, 0x61, 0x80, 0x7d, 0x50, 0x1, 0x8f, 0x0,
    0x1a, 0x1, 0x93, 0x48, 0x3, 0xf9, 0xec, 0x3,
    0x38, 0x1, 0x4c, 0x1, 0x16, 0x1, 0xff, 0xc0,
    0x4c, 0x10, 0x5a, 0x0, 0xb3, 0x1c, 0xe0, 0x1f,
    0xfc, 0x23, 0xee, 0x50, 0x7, 0x18, 0x80, 0x7f,
    0xf1, 0x44, 0x2,

    /* U+5173 "关" */
    0x0, 0xff, 0xea, 0xa, 0x88, 0x7, 0xff, 0x28,
    0xfe, 0xbc, 0xc0, 0x3e, 0x1d, 0xfa, 0x0, 0xff,
    0x40, 0x80, 0xe8, 0x80, 0x7a, 0x48, 0x15, 0xc0,
    0x3f, 0xbc, 0x2, 0x14, 0x0, 0xe1, 0x70, 0x8,
    0x40, 0x3f, 0x91, 0x0, 0x11, 0x80, 0x75, 0x80,
    0x42, 0xc0, 0x1f, 0x88, 0xf4, 0x0, 0x4a, 0x67,
    0x99, 0x40, 0x26, 0x32, 0x0, 0xf5, 0xee, 0x48,
    0x0, 0xb3, 0x3a, 0x40, 0x33, 0xe6, 0xe0, 0x6,
    0x34, 0x0, 0xff, 0xe3, 0x9a, 0x0, 0x44, 0x1,
    0xff, 0xc9, 0x60, 0x8, 0x68, 0xc8, 0xbc, 0x1,
    0xc4, 0x5e, 0x39, 0x20, 0xc, 0xb9, 0xbb, 0xe1,
    0x0, 0xdb, 0xbe, 0xc6, 0x0, 0xff, 0xe9, 0x9,
    0x17, 0xe0, 0xe, 0x22, 0xf8, 0x40, 0x2a, 0xed,
    0xdf, 0xc2, 0x1, 0xb7, 0x7e, 0xee, 0x19, 0x28,
    0x7, 0xff, 0x28, 0x64, 0xc0, 0x3f, 0xf9, 0x86,
    0x32, 0x42, 0x3f, 0x0, 0x7c, 0x23, 0xe2, 0x48,
    0x6, 0xde, 0xef, 0x60, 0x7, 0xd7, 0xdd, 0xdb,
    0x62, 0x1, 0xfd, 0xc0, 0x1f, 0x51, 0x80, 0x7f,
    0xf0, 0xec, 0xc0, 0x3f, 0x62, 0x0, 0x7f, 0xf0,
    0x13, 0x50, 0x3, 0x34, 0x0, 0x6b, 0x70, 0xf,
    0xe5, 0xbb, 0x10, 0x6, 0x49, 0x76, 0x0, 0xd1,
    0xac, 0x20, 0x10, 0xcf, 0xd2, 0x0, 0x72, 0xd8,
    0x2, 0x54, 0x3, 0x14, 0xf5, 0x80, 0x2d, 0x80,
    0x3e, 0x8a, 0x0, 0xd4, 0xc0, 0x1e, 0x46, 0x1,
    0x0, 0xf2, 0xf3, 0x80, 0x7a, 0x6c, 0x80, 0x38,
    0xc3, 0x40, 0x21, 0x7d, 0xa1, 0x0, 0xfc, 0x9b,
    0x24, 0x0, 0x15, 0x6, 0xa8, 0xce, 0x82, 0x0,
    0xff, 0xe0, 0x36, 0xea, 0xfc, 0x0,

    /* U+5178 "典" */
    0x0, 0xff, 0xec, 0x9f, 0x7b, 0x0, 0x1f, 0xf8,
    0xc0, 0x3f, 0xf8, 0xd2, 0x21, 0x0, 0x8, 0x1,
    0x90, 0xf, 0xfe, 0x33, 0x0, 0x4, 0x4, 0x2,
    0x60, 0xf, 0xfe, 0xb, 0xde, 0x64, 0x60, 0x16,
    0x60, 0x2, 0x3c, 0xcd, 0x20, 0x1f, 0x24, 0x21,
    0x9c, 0x1, 0x8c, 0x80, 0x31, 0x9e, 0x68, 0x0,
    0xf1, 0x80, 0x7f, 0xf2, 0xc, 0x3, 0xff, 0x9e,
    0xe0, 0x1f, 0xe8, 0xf3, 0x0, 0xbf, 0x80, 0x23,
    0xf9, 0x0, 0xff, 0xf2, 0x98, 0x7, 0xff, 0x22,
    0x3c, 0xc0, 0x2f, 0xd0, 0x8, 0xfe, 0x40, 0x3f,
    0xff, 0x44, 0xa2, 0x1, 0x2a, 0x0, 0x42, 0xa6,
    0x1, 0xff, 0xc2, 0xaa, 0x10, 0x5, 0x54, 0x0,
    0x8a, 0xa8, 0x1, 0xff, 0xd8, 0x5b, 0x90, 0xa,
    0x74, 0xc0, 0x2d, 0xc0, 0x8, 0xf6, 0x0, 0x23,
    0xb6, 0x1, 0xa4, 0x10, 0x8, 0x48, 0x3, 0x11,
    0x0, 0x31, 0x8, 0x6, 0x49, 0x23, 0x0, 0xff,
    0xe7, 0x9, 0x30, 0x7, 0xff, 0x31, 0x8c, 0x27,
    0xff, 0x9c, 0x0, 0xdf, 0xfd, 0xc4, 0x0, 0x3a,
    0xff, 0xd2, 0x1, 0xe6, 0xe7, 0x0, 0x32, 0x80,
    0x67, 0x20, 0x1, 0xd6, 0x20, 0x7, 0xcd, 0xd2,
    0x20, 0x1b, 0x0, 0x33, 0x98, 0x6, 0x3b, 0xc1,
    0x0, 0xd1, 0x22, 0x1, 0x86, 0x64, 0x1, 0x87,
    0x24, 0x40, 0x31, 0xb8, 0x6, 0x40, 0xc, 0x55,
    0xcc, 0x1, 0xf3, 0x72, 0x80, 0x42, 0xe0, 0x1a,
    0xc0, 0x7, 0x7a, 0xa0, 0x1f, 0xf5, 0x59, 0xd,
    0x8, 0x6, 0x7c, 0xdc, 0x40, 0xf, 0xfe, 0x12,
    0x6f, 0x20, 0x4,

    /* U+5185 "内" */
    0x0, 0xff, 0x25, 0x48, 0x80, 0x7f, 0xf1, 0xc6,
    0xd5, 0xac, 0x3, 0xff, 0x8e, 0xa0, 0x12, 0x0,
    0x7f, 0xf6, 0x4, 0x8b, 0xe0, 0xc, 0x45, 0xf0,
    0x80, 0x13, 0xb9, 0xbb, 0xe9, 0x0, 0x87, 0x77,
    0xee, 0xe1, 0xc0, 0x80, 0x7f, 0xf2, 0x6, 0x48,
    0x3, 0xff, 0x94, 0xc0, 0x18, 0x48, 0xb0, 0x80,
    0x62, 0x2e, 0x10, 0xf, 0xdb, 0xbd, 0x0, 0x11,
    0x6e, 0xf5, 0x0, 0x7f, 0xf0, 0x78, 0x2, 0x60,
    0xf, 0xfe, 0x39, 0x0, 0x42, 0x1, 0xff, 0xc7,
    0x50, 0x9, 0x54, 0x1, 0xff, 0xc5, 0x40, 0xe,
    0xa6, 0x0, 0xff, 0xe2, 0x40, 0x7, 0xa5, 0xc0,
    0x3f, 0xf8, 0x4a, 0x60, 0x1f, 0x44, 0x0, 0x3f,
    0xf8, 0x5, 0x60, 0x11, 0xd8, 0x6, 0x77, 0x0,
    0x7f, 0x93, 0x4, 0x2, 0xf4, 0xb0, 0xd, 0x0,
    0x1f, 0xeb, 0x10, 0x9, 0xcc, 0x12, 0x80, 0x3f,
    0xf8, 0xcb, 0x0, 0x12, 0xc0, 0xd, 0x80, 0x7f,
    0xa0, 0x1, 0x14, 0x1, 0xcf, 0x9c, 0x80, 0x1f,
    0xe7, 0xef, 0x70, 0xf, 0x8c, 0x3, 0xff, 0x82,
    0x20, 0x1f, 0xfd, 0x56, 0xdf, 0xb0, 0x9, 0xc0,
    0x30, 0x80, 0x7f, 0xd2, 0x40, 0x1c, 0x64, 0x1,
    0x18, 0x7, 0xff, 0x14, 0x66, 0x4, 0x20, 0x40,
    0x3f, 0xe9, 0x21, 0x23, 0x6f, 0x14, 0xef, 0x70,
    0xf, 0xfe, 0x3, 0x6f, 0x6e, 0x48, 0x80,

    /* U+518D "再" */
    0x0, 0x14, 0xd5, 0xdf, 0xff, 0x1a, 0xa4, 0xc0,
    0x37, 0xb2, 0xa2, 0x7f, 0xf1, 0x95, 0xb0, 0x3,
    0x10, 0x7, 0xff, 0x2c, 0x40, 0x29, 0x0, 0xff,
    0xe5, 0x38, 0x80, 0x4d, 0xff, 0xfb, 0x0, 0x21,
    0xff, 0xfe, 0x80, 0xf, 0xb, 0xcc, 0xf8, 0x2,
    0x19, 0x9f, 0x38, 0x80, 0x7e, 0xd8, 0x66, 0xe5,
    0x0, 0xcc, 0xde, 0x8f, 0x0, 0xf8, 0x4c, 0x3,
    0xff, 0x8c, 0x24, 0x1, 0xff, 0xcf, 0x10, 0xf,
    0xf0, 0xff, 0xd8, 0x1, 0xf, 0xfe, 0x10, 0xf,
    0xfe, 0x10, 0xaa, 0xe0, 0x8, 0x55, 0x70, 0x7,
    0xff, 0x12, 0xaa, 0x90, 0xd, 0x55, 0x84, 0x3,
    0xff, 0xf4, 0x3d, 0xd6, 0x0, 0x6e, 0xec, 0x20,
    0x1f, 0xc2, 0x40, 0x18, 0xce, 0x70, 0xc, 0x67,
    0x80, 0x33, 0x8, 0x5, 0x7d, 0x80, 0x10, 0xee,
    0xd6, 0x1, 0xb7, 0x70, 0x80, 0x55, 0xd8, 0x4,
    0x80, 0x1f, 0xfc, 0xc3, 0x43, 0x0, 0xff, 0xe7,
    0x30, 0xe3, 0xa8, 0x6, 0x66, 0xff, 0xe0, 0x0,
    0x64, 0x7c, 0x20, 0x38, 0xb0, 0x8, 0x66, 0x7f,
    0xf8, 0x4, 0x1, 0x44, 0xc, 0x3, 0xff, 0x92,
    0x60, 0x1f, 0xfc, 0xc7, 0xac, 0x10, 0x8, 0x40,
    0x3f, 0xf8, 0xed, 0xa, 0x60, 0x18, 0x80, 0x3c,
    0x20, 0x11, 0x0, 0x7e, 0x10, 0xf, 0x38, 0x7,
    0xe9, 0x11, 0x40, 0x7, 0xe6, 0x30, 0x12, 0x3a,
    0x80, 0xf, 0xcd, 0xdc, 0x40, 0xf, 0xc3, 0x9f,
    0xdb, 0x8a, 0x1, 0xc0,

    /* U+51C6 "准" */
    0x0, 0xff, 0xe0, 0x8, 0x80, 0x38, 0xc0, 0x3f,
    0xc2, 0xa2, 0x1, 0xe4, 0xee, 0x60, 0x81, 0xf6,
    0x58, 0x7, 0xe3, 0xfa, 0xf2, 0x0, 0xe9, 0x0,
    0x19, 0x82, 0x4, 0x11, 0xc0, 0x3e, 0xb1, 0x1,
    0x90, 0xc, 0x64, 0x0, 0x32, 0xf, 0x0, 0xa8,
    0x3, 0xed, 0x0, 0x90, 0xc0, 0x28, 0x0, 0xa8,
    0x0, 0x86, 0x1, 0xfe, 0x51, 0x0, 0xbc, 0x0,
    0x68, 0x1, 0x4f, 0xfc, 0x60, 0x2, 0xff, 0xb9,
    0xc0, 0x29, 0x0, 0x8d, 0x3, 0xc0, 0x3f, 0xf8,
    0x63, 0x0, 0x13, 0x80, 0x6c, 0x63, 0x0, 0xff,
    0xe2, 0x10, 0x6, 0x60, 0x2, 0x54, 0x0, 0x67,
    0x88, 0x9c, 0x2, 0x18, 0x8a, 0xb4, 0x3, 0x4d,
    0xf5, 0xd8, 0x40, 0x34, 0xbb, 0xd4, 0x1, 0x1b,
    0xbc, 0xa0, 0x1e, 0x41, 0x66, 0x0, 0x74, 0x46,
    0xb0, 0x8, 0xe2, 0xe, 0x80, 0x1f, 0xc, 0x80,
    0x79, 0x9d, 0xe6, 0x0, 0x85, 0xdd, 0x16, 0xa0,
    0x1f, 0xfc, 0xf2, 0x0, 0xf0, 0xc8, 0x9, 0x80,
    0x7f, 0xf0, 0x85, 0x18, 0x3, 0xc6, 0x99, 0x86,
    0x0, 0xbb, 0xfe, 0xd0, 0x8, 0xbf, 0xdd, 0x62,
    0x1, 0xd1, 0x9b, 0x24, 0x1, 0x94, 0xce, 0x70,
    0xc, 0x66, 0x20, 0xf, 0xb, 0x80, 0x14, 0x40,
    0x35, 0xe6, 0x54, 0x1, 0x16, 0x63, 0x78, 0x80,
    0x33, 0x0, 0x61, 0x0, 0xff, 0xe2, 0xa, 0x80,
    0x6a, 0x0, 0x90, 0x3, 0xff, 0x8c, 0x80, 0x11,
    0x90, 0x5, 0xc0, 0x1d, 0x57, 0x74, 0x80, 0x45,
    0x76, 0xcf, 0x30, 0xa, 0x0, 0x32, 0x80, 0x72,
    0x27, 0x0, 0x64, 0x41, 0x80, 0x62, 0x40, 0x9,
    0x40, 0x3d, 0x55, 0xa4, 0x2, 0x2a, 0xaa, 0x54,
    0x0, 0x80, 0x1b, 0x80, 0x3c, 0x8a, 0xb2, 0x0,
    0x65, 0x59, 0xa9, 0x1, 0x40, 0x23, 0x40, 0xf,
    0xfe, 0x41, 0x1, 0xe2, 0xab, 0x80, 0x3f, 0xf8,
    0xe2, 0xac, 0x0, 0x3a, 0xa1, 0x0, 0x44, 0x1,
    0x7f, 0xff, 0xf0, 0x3a, 0x80, 0x3f, 0xd4, 0x40,
    0xe0, 0x1f, 0xfc, 0x30,

    /* U+51FB "击" */
    0x0, 0xff, 0x86, 0x29, 0x0, 0x3f, 0xf9, 0x54,
    0xeb, 0x64, 0x1, 0xff, 0xc9, 0x40, 0x9, 0xc0,
    0x3f, 0xf8, 0x42, 0x3f, 0x0, 0x63, 0x11, 0xf0,
    0x7, 0x93, 0xbb, 0xf0, 0x6, 0x9e, 0xef, 0x7b,
    0x80, 0x68, 0x10, 0xf, 0xfe, 0x3c, 0x0, 0x7f,
    0xf4, 0xbc, 0xc0, 0x3f, 0xf8, 0xc5, 0x40, 0x18,
    0xf3, 0xff, 0xe0, 0xd, 0x3f, 0xfe, 0xd5, 0x0,
    0xff, 0xe8, 0x15, 0xf7, 0x7f, 0x0, 0x69, 0xee,
    0xfd, 0x67, 0x28, 0x23, 0xfc, 0x1, 0xc2, 0x3f,
    0x93, 0xdc, 0x3, 0xff, 0x9b, 0x20, 0x1f, 0xfc,
    0xc9, 0x5f, 0xdd, 0xfe, 0x0, 0xd1, 0xbb, 0xfb,
    0xd4, 0x0, 0x45, 0xfc, 0x1, 0x84, 0x8b, 0xf0,
    0x7, 0x4e, 0xd9, 0x0, 0x7f, 0xf0, 0x6, 0xfa,
    0xc4, 0x3, 0x2b, 0x12, 0x40, 0x7, 0xff, 0x2,
    0x50, 0x51, 0x80, 0x36, 0x80, 0x4e, 0x1, 0xff,
    0xc0, 0x20, 0xb, 0x80, 0x3f, 0xfe, 0x26, 0x78,
    0x3, 0x71, 0x9c, 0x20, 0x1f, 0xfc, 0x2, 0xcc,
    0xc0, 0x19, 0xf3, 0x24, 0x0, 0xff, 0xeb, 0x60,
    0x7, 0xff, 0x35, 0x25, 0xc, 0xff, 0xf8, 0x42,
    0x1, 0x70, 0x7, 0x35, 0xe6, 0x7f, 0xf0, 0xac,
    0x40, 0xd8, 0x0,

    /* U+5206 "分" */
    0x0, 0xf8, 0x50, 0x40, 0x3e, 0x41, 0x0, 0xff,
    0xe1, 0xfd, 0xf3, 0x80, 0x62, 0xeb, 0xf1, 0x0,
    0xff, 0xe0, 0xc0, 0x80, 0x20, 0x3, 0x50, 0x80,
    0xd0, 0x7, 0xff, 0x0, 0x5c, 0x2, 0x10, 0xd,
    0xa0, 0x12, 0x30, 0x7, 0xfd, 0x60, 0x1a, 0x40,
    0x32, 0x90, 0x5, 0x26, 0x1, 0xfc, 0xaa, 0x0,
    0x85, 0xc0, 0x3a, 0x40, 0x36, 0x88, 0x7, 0xc5,
    0x40, 0x1a, 0xc0, 0x3c, 0x8c, 0x1, 0xd, 0x0,
    0x7d, 0xc0, 0x19, 0x14, 0x3, 0xe9, 0x20, 0x9,
    0x24, 0x3, 0xa0, 0xc0, 0x21, 0xa0, 0xf, 0xee,
    0x0, 0xcc, 0xe0, 0x13, 0x38, 0x6, 0xa1, 0x0,
    0xfe, 0x38, 0x0, 0xd0, 0x60, 0x9, 0x0, 0xea,
    0xee, 0xff, 0xa4, 0x3, 0x94, 0x0, 0x40, 0x1c,
    0x23, 0xff, 0xc1, 0x0, 0xc2, 0xe0, 0xe, 0x0,
    0x8, 0x7, 0xff, 0x14, 0x4f, 0x4, 0x0, 0x7d,
    0x98, 0x10, 0xf, 0xfe, 0x27, 0xe1, 0x0, 0x61,
    0x32, 0xee, 0x6b, 0x0, 0x45, 0xbb, 0xa8, 0x3,
    0x8, 0x7, 0xf8, 0x48, 0x80, 0x13, 0x91, 0x61,
    0x0, 0xff, 0xe2, 0xa0, 0x5, 0xa0, 0x1f, 0x84,
    0x3, 0xff, 0x80, 0xc0, 0x19, 0x40, 0x30, 0x80,
    0x7f, 0xf1, 0x20, 0x2, 0x22, 0x0, 0x63, 0x0,
    0x8c, 0x3, 0xfe, 0xa1, 0x0, 0xac, 0x3, 0x84,
    0x2, 0x60, 0xf, 0xf4, 0x28, 0x4, 0x4c, 0x1,
    0xdc, 0x1, 0x8, 0x7, 0xf4, 0xb8, 0x6, 0x90,
    0xe, 0x27, 0x0, 0x88, 0x3, 0xe6, 0xe6, 0x0,
    0xce, 0x80, 0x5, 0xef, 0xd1, 0x0, 0xb4, 0x3,
    0xc7, 0x22, 0x1, 0x9a, 0x0, 0x2b, 0x10, 0xf,
    0x20, 0x7, 0xff, 0x2, 0x24, 0x3, 0xfe, 0x91,
    0x0, 0xf1, 0x98, 0x0, 0xba, 0xe0, 0x1d, 0x62,
    0x0, 0x15, 0xc6, 0x0, 0xfd, 0x98, 0xea, 0x20,
    0xf, 0x2f, 0x7f, 0xba, 0x8c, 0x3, 0xe0,

    /* U+5207 "切" */
    0x0, 0xc9, 0x72, 0x20, 0x1f, 0xfc, 0xbb, 0x46,
    0x80, 0xd, 0x7f, 0xff, 0xfc, 0xe, 0x40, 0x8,
    0x80, 0x22, 0x0, 0x95, 0x0, 0x3f, 0xf8, 0x3,
    0x20, 0x1f, 0x38, 0x4, 0x20, 0x1f, 0xfc, 0x23,
    0x0, 0xff, 0x92, 0xc, 0x80, 0x30, 0x91, 0x40,
    0x1f, 0xfc, 0x12, 0x30, 0x7c, 0xd2, 0x0, 0xab,
    0x75, 0x20, 0x1f, 0x30, 0x4, 0x7f, 0xb9, 0xc0,
    0x1f, 0x38, 0x7, 0x8c, 0x1b, 0xac, 0x3, 0xe1,
    0x40, 0xf, 0xfe, 0x1c, 0x88, 0x7, 0xe1, 0x50,
    0x1, 0x80, 0x42, 0x0, 0x10, 0x8, 0x40, 0x40,
    0x3c, 0x8d, 0x5e, 0x20, 0x1, 0x0, 0x8c, 0x3,
    0xf6, 0xaa, 0x0, 0x47, 0x72, 0xa2, 0x1, 0xf0,
    0x80, 0xc, 0x2, 0x70, 0x3a, 0x90, 0xf, 0xf1,
    0x0, 0x42, 0x1, 0xff, 0xca, 0x60, 0x8, 0xc0,
    0x21, 0x0, 0x84, 0x3, 0xff, 0x84, 0x40, 0x13,
    0x0, 0x5e, 0x1, 0x18, 0x7, 0xf8, 0x80, 0x2c,
    0x0, 0x8c, 0x3, 0xff, 0x86, 0x31, 0xdb, 0xc2,
    0x8, 0x1, 0x60, 0x4, 0x20, 0x10, 0x80, 0x4c,
    0x1, 0x13, 0x88, 0xa, 0x18, 0x80, 0x4a, 0x1,
    0x10, 0x5, 0xe0, 0x17, 0x80, 0x7c, 0x29, 0x20,
    0x11, 0x88, 0x4, 0xe0, 0x10, 0x80, 0x1d, 0x0,
    0x3c, 0xfe, 0x6a, 0x1, 0x50, 0x6, 0x20, 0x8,
    0xc0, 0x8, 0x1, 0x86, 0x3a, 0x6, 0x40, 0x33,
    0x0, 0x61, 0x0, 0x98, 0x0, 0x6e, 0x0, 0x8e,
    0x71, 0x6, 0x40, 0x9, 0xc0, 0x21, 0x90, 0xc,
    0x20, 0x14, 0x43, 0x9c, 0x2, 0x59, 0x0, 0x86,
    0x2, 0x3f, 0x98, 0x3, 0x10, 0x6, 0x71, 0x0,
    0x86, 0x80, 0x35, 0x80, 0xb8, 0x7, 0x9c, 0x3,
    0xff, 0x86, 0xca, 0x1, 0xf8, 0xe0, 0x3, 0xfc,
    0x30, 0x0, 0x69, 0x0, 0xc, 0x8, 0x0, 0xdf,
    0x0, 0x3f, 0xf8, 0xf, 0xbd, 0x20, 0x19, 0xfb,
    0xfd, 0x90, 0x1, 0xff, 0xc2, 0x21, 0x0, 0xff,
    0xe1, 0x0,

    /* U+5212 "划" */
    0x0, 0xff, 0xe9, 0xbe, 0xd9, 0x0, 0xb1, 0x80,
    0x7f, 0x86, 0x24, 0x80, 0x31, 0x41, 0x24, 0x6,
    0x4e, 0x40, 0x7, 0xf5, 0xbb, 0x78, 0x6, 0x60,
    0x9, 0xc0, 0x80, 0xf, 0x40, 0x1f, 0x9c, 0x0,
    0x40, 0x1f, 0xe9, 0x0, 0x94, 0xc0, 0xb, 0xdc,
    0x40, 0x30, 0x8, 0x40, 0x27, 0x0, 0x8c, 0x1a,
    0x0, 0x8, 0x60, 0x8, 0x11, 0x40, 0x7, 0xf0,
    0x80, 0x42, 0x0, 0x78, 0xab, 0x0, 0x88, 0x0,
    0x40, 0x1f, 0xc6, 0x1, 0x91, 0x5f, 0xbf, 0x30,
    0xc0, 0x1f, 0xfc, 0x2, 0x8a, 0x0, 0xd7, 0x50,
    0xca, 0x66, 0x91, 0x0, 0xff, 0xb5, 0xd0, 0x3,
    0xff, 0x80, 0x60, 0x1f, 0xe2, 0x0, 0xff, 0xe0,
    0x8b, 0x90, 0x7, 0xf8, 0x8c, 0x3, 0xc6, 0xf3,
    0x79, 0xdc, 0x80, 0xf, 0xfe, 0x6, 0x6e, 0x94,
    0x2, 0x48, 0x6c, 0xdb, 0x0, 0xff, 0xe1, 0x91,
    0x34, 0x2, 0x20, 0x47, 0x15, 0x60, 0xf, 0xfe,
    0x21, 0x0, 0x4e, 0x10, 0x1, 0xff, 0xc8, 0x60,
    0x8, 0x9c, 0xc0, 0x27, 0x0, 0xff, 0xe2, 0x18,
    0x6, 0x80, 0xa, 0x4, 0x3, 0xff, 0x8a, 0x40,
    0x1e, 0x37, 0x0, 0xf1, 0x80, 0x7f, 0xc8, 0x1,
    0xc3, 0xa0, 0x19, 0x0, 0x8, 0x1, 0xff, 0x60,
    0x7, 0x50, 0xa4, 0x28, 0x5c, 0xcc, 0x1, 0xff,
    0x68, 0x6, 0x64, 0x8, 0x7a, 0x50, 0x66, 0x0,
    0x7f, 0xd0, 0xe0, 0x18, 0x80, 0x6, 0x0, 0x20,
    0xf, 0xfe, 0xc, 0xb8, 0x7, 0x23, 0xa8, 0x4,
    0x20, 0x1f, 0xfc, 0xc, 0x60, 0xf, 0xa2, 0x80,
    0x22, 0x0, 0xff, 0x88, 0xc0, 0x21, 0x80, 0xf,
    0xc8, 0x0, 0xae, 0xf1, 0x0, 0x84, 0x8, 0x40,
    0x5, 0x8f, 0x0, 0x1e, 0xa0, 0x2, 0xa8, 0x40,
    0x31, 0x0, 0x58, 0xb1, 0xa4, 0xf, 0x68, 0x20,
    0x2e, 0xa0, 0x1f, 0xd0, 0x1, 0x15, 0x38, 0x6,
    0x4b, 0xef, 0xe8, 0x0, 0x95, 0x40, 0x2, 0x6d,
    0x50,

    /* U+5230 "到" */
    0x0, 0xff, 0xe4, 0x8c, 0x49, 0x0, 0x5, 0x15,
    0x7f, 0xc8, 0x1, 0xf5, 0xbb, 0x78, 0x1f, 0x5d,
    0x57, 0xfa, 0xf8, 0x0, 0x20, 0x13, 0x80, 0x8,
    0x10, 0x3, 0xff, 0x82, 0x25, 0x1d, 0xc2, 0x3,
    0x0, 0x85, 0x44, 0x3, 0xff, 0x80, 0x84, 0xe0,
    0x34, 0x1, 0xe2, 0xee, 0x20, 0x4, 0x9b, 0x20,
    0x59, 0xd6, 0x1, 0x84, 0x3, 0xf1, 0xa0, 0x5,
    0x45, 0x40, 0x5e, 0x20, 0x1f, 0xfc, 0x29, 0x0,
    0xa0, 0x41, 0x40, 0x7, 0x20, 0x1f, 0xfc, 0x16,
    0x40, 0xb, 0x6a, 0xd0, 0x2, 0x64, 0x0, 0xff,
    0xe0, 0x70, 0x6, 0x55, 0x21, 0x0, 0x6e, 0x0,
    0xff, 0xe0, 0x68, 0x7, 0xff, 0x0, 0xc0, 0x3f,
    0xf8, 0xa, 0x40, 0x1, 0x23, 0x56, 0x76, 0x15,
    0x80, 0xf, 0xfe, 0xe, 0xeb, 0xfb, 0xd4, 0xa2,
    0x13, 0xd4, 0x20, 0x1f, 0xfc, 0x22, 0x0, 0x73,
    0x3d, 0x80, 0x7f, 0xf1, 0x91, 0x9d, 0xc6, 0x0,
    0x47, 0x73, 0x18, 0x7, 0xff, 0x6, 0xae, 0x62,
    0x0, 0x10, 0xc4, 0x27, 0x14, 0x3, 0xff, 0x80,
    0xe0, 0x1f, 0xfc, 0xd, 0x0, 0xff, 0xe0, 0x58,
    0x80, 0x7f, 0x8a, 0x80, 0x3f, 0xf8, 0xd, 0xdf,
    0xdc, 0x0, 0x87, 0xb9, 0xfa, 0x40, 0x40, 0xe,
    0x0, 0xff, 0x8, 0x80, 0x23, 0x11, 0x0, 0x69,
    0x35, 0x60, 0xf, 0xfe, 0x19, 0xc5, 0x66, 0xb0,
    0x26, 0x50, 0x80, 0x7e, 0x46, 0x9b, 0x0, 0x85,
    0xd4, 0xca, 0x40, 0x3f, 0xe1, 0xeb, 0x96, 0x40,
    0xf, 0xc2, 0x1, 0x2d, 0xe8, 0x80, 0x42, 0x82,
    0x1, 0xfc, 0x28, 0xfe, 0x0, 0x2a, 0x42, 0x0,
    0x88, 0x1c, 0x3, 0x8d, 0x62, 0xfb, 0x97, 0x2,
    0x1, 0xfd, 0x60, 0x59, 0x35, 0xbf, 0x94, 0xe8,
    0x20, 0x1e, 0x27, 0x10, 0x26, 0xc6, 0x0,

    /* U+5237 "刷" */
    0x0, 0xff, 0xe5, 0xb4, 0x10, 0x4, 0x31, 0x77,
    0xfe, 0x81, 0x0, 0xf3, 0xcb, 0xe0, 0x5, 0x6e,
    0x89, 0xfe, 0x7a, 0x0, 0x33, 0x0, 0x18, 0x0,
    0x11, 0x0, 0x10, 0x3, 0xff, 0x80, 0xa1, 0x53,
    0x30, 0x7, 0x18, 0x7, 0x84, 0x7c, 0x1, 0x8,
    0x20, 0x1, 0x0, 0x3f, 0xe5, 0xee, 0xf0, 0x80,
    0x7f, 0xf1, 0xd2, 0x67, 0xc2, 0x1, 0xff, 0xc7,
    0x16, 0x6f, 0x0, 0x7f, 0xf4, 0x88, 0x3, 0xff,
    0x9a, 0x5c, 0x1, 0xff, 0xc4, 0x5f, 0xf6, 0x0,
    0x5b, 0xfa, 0x60, 0x1f, 0xfd, 0xc1, 0x0, 0x2f,
    0xfb, 0x0, 0x2d, 0xfd, 0x60, 0xf, 0xfe, 0x69,
    0x48, 0x80, 0x7f, 0xf3, 0x88, 0x3, 0xfe, 0x10,
    0xf, 0x38, 0x5, 0x0, 0x1f, 0xfc, 0x33, 0x0,
    0xf5, 0x80, 0x4a, 0x20, 0x1f, 0xfc, 0x21, 0x0,
    0xff, 0xe1, 0x98, 0x0, 0x40, 0x3e, 0x60, 0xf,
    0xfe, 0x1d, 0x80, 0x24, 0x3, 0xe2, 0x0, 0x84,
    0x3, 0xfe, 0x6f, 0xf2, 0x80, 0x7d, 0xa0, 0x1,
    0x0, 0xf9, 0x80, 0x21, 0x0, 0xff, 0x9c, 0x0,
    0xa6, 0x1, 0xed, 0x10, 0x1, 0x80, 0x7f, 0x88,
    0x80, 0x2, 0x60, 0x10, 0xd, 0xc0, 0x2, 0x10,
    0xe, 0x70, 0xc, 0xc0, 0x16, 0x42, 0x58, 0x6,
    0x5e, 0xdd, 0x0, 0x4b, 0xde, 0x60, 0x11, 0xa2,
    0x1, 0x54, 0x76, 0xa0, 0x1c, 0x24, 0x1, 0xa0,
    0x40, 0x30, 0x88, 0x2f, 0xe8, 0x3, 0x10, 0x4,
    0x40, 0x1f, 0xfc, 0x9, 0x0, 0xfe, 0x16, 0x7,
    0x0, 0xfa, 0x48, 0x0, 0x56, 0xe0, 0x1f, 0xe9,
    0xf8, 0x0, 0xf9, 0x37, 0xfd, 0xa8, 0x0,

    /* U+529F "功" */
    0x0, 0xff, 0xe2, 0xa, 0x90, 0x7, 0xff, 0x2c,
    0x7a, 0xb5, 0x0, 0x3f, 0xf9, 0x4e, 0x1, 0x68,
    0x7, 0xe6, 0xef, 0xff, 0xb0, 0x80, 0x21, 0x0,
    0x8c, 0x3, 0xf4, 0x88, 0x7, 0xc7, 0x60, 0x1f,
    0xfc, 0x41, 0x0, 0xfe, 0x10, 0x1, 0x70, 0x4,
    0x24, 0x58, 0x40, 0x2a, 0x42, 0x0, 0xc2, 0x4b,
    0x2b, 0xfa, 0xc0, 0x12, 0x6e, 0xee, 0xa0, 0x2,
    0x5e, 0xa0, 0x5, 0x7b, 0x43, 0x20, 0x1f, 0xfc,
    0x5, 0x30, 0xf, 0xfe, 0x3, 0x80, 0x7f, 0xf0,
    0x58, 0x3, 0xff, 0x81, 0x4c, 0x82, 0x1, 0x9,
    0x98, 0x40, 0x21, 0x0, 0xff, 0xe0, 0xc, 0xda,
    0x0, 0x51, 0x98, 0x50, 0xf, 0xfe, 0x38, 0x80,
    0x46, 0x1, 0xe7, 0x0, 0xff, 0xe1, 0xb0, 0x4,
    0xc0, 0x1f, 0xfc, 0xa2, 0x0, 0x88, 0x0, 0xe0,
    0x10, 0x80, 0x7f, 0xf0, 0x8c, 0x2, 0x11, 0x0,
    0x4, 0x3, 0xff, 0x80, 0x4a, 0xc2, 0x0, 0x40,
    0x8, 0x80, 0x3e, 0x30, 0xf, 0xd1, 0x53, 0xe0,
    0xb, 0x0, 0x90, 0x2, 0x30, 0x8, 0x40, 0xa7,
    0x90, 0x3, 0xc2, 0x64, 0x60, 0x16, 0x0, 0x42,
    0x1, 0xde, 0xc2, 0x1, 0xf1, 0x1d, 0x80, 0x42,
    0x80, 0x1f, 0xc6, 0x1, 0xf2, 0x4e, 0x93, 0x0,
    0x4e, 0x1, 0x10, 0x4, 0x40, 0x7, 0x0, 0x89,
    0xaf, 0xed, 0x82, 0x40, 0x35, 0x80, 0x4e, 0x1,
    0x8, 0x2, 0x6a, 0x9b, 0xa9, 0x40, 0xa, 0x10,
    0x2, 0x62, 0x0, 0xb8, 0x2, 0x60, 0x9, 0x54,
    0x40, 0x1d, 0x4e, 0x1, 0xc, 0x5, 0x77, 0xa0,
    0x5, 0xa0, 0x1f, 0xe5, 0x50, 0x6, 0xb1, 0x55,
    0x8, 0x7, 0x28, 0x7, 0xf8, 0x40, 0x33, 0xa8,
    0x18, 0x7, 0x9c, 0x80, 0x3f, 0xc8, 0x80, 0x4,
    0xc0, 0x1, 0x90, 0x0, 0x29, 0x50, 0x1, 0xff,
    0xc0, 0xbd, 0xf6, 0x0, 0xd7, 0xfe, 0xeb, 0x50,
    0x8,

    /* U+52A1 "务" */
    0x0, 0xff, 0xeb, 0x26, 0x48, 0x80, 0x7f, 0xf2,
    0x4a, 0xcd, 0xb4, 0x3, 0xff, 0x93, 0xe0, 0x11,
    0x33, 0xba, 0x26, 0x55, 0x4b, 0xb5, 0x20, 0x7,
    0xeb, 0x20, 0x8, 0x66, 0x20, 0xec, 0xc5, 0x52,
    0x21, 0x6c, 0xc0, 0x38, 0xf5, 0x0, 0x3f, 0xf9,
    0x25, 0x78, 0x40, 0x1f, 0xfc, 0x53, 0x30, 0x5,
    0x88, 0x1, 0xd7, 0xff, 0xed, 0x30, 0xc, 0x3c,
    0x1, 0x8, 0x80, 0x3d, 0x72, 0x20, 0x3, 0xad,
    0x30, 0x8, 0xfc, 0x80, 0x21, 0x70, 0x4c, 0x70,
    0x9, 0xba, 0xf7, 0x14, 0x3, 0x46, 0x8, 0x7,
    0x47, 0xd9, 0xc4, 0x80, 0x64, 0x20, 0xc, 0x7c,
    0xe0, 0x1f, 0x1b, 0x45, 0xf4, 0x80, 0x7f, 0x8f,
    0xb6, 0xe5, 0xc8, 0x1, 0x79, 0x2e, 0x82, 0x1,
    0xff, 0xc1, 0x24, 0x68, 0xd1, 0x4, 0x0, 0xfc,
    0x71, 0x74, 0xc2, 0x1, 0xfc, 0x60, 0x80, 0x10,
    0xa3, 0xd7, 0x68, 0x89, 0x67, 0xb6, 0x9d, 0x8,
    0x40, 0xa, 0x41, 0x79, 0x8e, 0xe5, 0xc2, 0x8e,
    0x4d, 0x68, 0x0, 0x96, 0x2f, 0x7b, 0xfd, 0x40,
    0x11, 0xbb, 0x3b, 0xe8, 0x20, 0x1, 0x43, 0xbf,
    0xca, 0x1, 0xd5, 0x71, 0x1c, 0xe0, 0x19, 0xe2,
    0x3e, 0xaa, 0x0, 0x66, 0x0, 0xff, 0xe4, 0x20,
    0x6, 0x82, 0x0, 0xff, 0xe3, 0x90, 0x6, 0x4d,
    0xff, 0xac, 0x3, 0x3f, 0xff, 0xa4, 0x2, 0x60,
    0xf, 0xc7, 0x60, 0x11, 0x40, 0x7, 0xb0, 0x2,
    0xd0, 0xf, 0x97, 0x0, 0x37, 0x80, 0x78, 0x54,
    0x2, 0x50, 0xc, 0x2d, 0x94, 0x1, 0xac, 0x81,
    0x13, 0xa8, 0x2, 0x12, 0x0, 0x8b, 0xa4, 0xc0,
    0x22, 0xd4, 0x4, 0xbb, 0xe4, 0x0, 0x98, 0x3,
    0x20, 0x7, 0x36, 0x90, 0x0, 0x80, 0x3f, 0x14,
    0x80, 0x64, 0x0, 0x97, 0x64, 0x3, 0x39, 0x80,
    0x70, 0xb6, 0x8, 0x6, 0x2e, 0xcf, 0xa2, 0x0,
    0xe1, 0xcf, 0xdd, 0x77, 0xf4, 0x88, 0x6,

    /* U+52A8 "动" */
    0x0, 0xff, 0xe2, 0x1c, 0x28, 0x7, 0xff, 0x28,
    0xb1, 0xe9, 0x80, 0x3e, 0x4c, 0xff, 0xfb, 0xa0,
    0x2, 0x70, 0xb, 0x0, 0x3e, 0x83, 0x0, 0xf8,
    0x5c, 0x80, 0x6, 0x1, 0xff, 0x38, 0x7, 0xf8,
    0xc0, 0x3f, 0xf8, 0x55, 0xc, 0xdf, 0x3e, 0x8,
    0x3, 0x80, 0x21, 0x22, 0xc0, 0x10, 0xbc, 0xcf,
    0xd0, 0x60, 0xde, 0xe0, 0x12, 0x6e, 0xef, 0x40,
    0xf, 0xfe, 0xd, 0x0, 0x7f, 0xde, 0xd, 0x33,
    0xfc, 0xc0, 0xc0, 0x1f, 0xf3, 0x4c, 0x99, 0xbf,
    0xa6, 0x2d, 0xc8, 0x2, 0x25, 0x40, 0x8, 0x48,
    0x3, 0xfe, 0x21, 0x84, 0x0, 0xae, 0xa4, 0x3,
    0x40, 0x80, 0x7f, 0x14, 0x80, 0xc, 0x2, 0x20,
    0x10, 0x9, 0xcf, 0xbd, 0x40, 0x26, 0xff, 0xb4,
    0xc0, 0x2, 0x1, 0x38, 0x7, 0xf3, 0x80, 0x54,
    0x2, 0x80, 0x19, 0x80, 0x21, 0x7, 0x0, 0x84,
    0x0, 0x24, 0x0, 0x13, 0x1f, 0xbc, 0x0, 0x88,
    0x2, 0x20, 0xf, 0xce, 0x1, 0x38, 0x10, 0x81,
    0xb0, 0x10, 0x4, 0x40, 0x1, 0x0, 0x8c, 0x1,
    0xa0, 0x15, 0x1, 0x80, 0x54, 0xe, 0x1, 0x38,
    0x0, 0xc0, 0x38, 0x50, 0x0, 0x46, 0x90, 0x1,
    0x19, 0x60, 0x5, 0xa0, 0x1, 0x0, 0x84, 0x18,
    0x2, 0x2f, 0xb7, 0x0, 0xca, 0xe0, 0x12, 0x0,
    0x38, 0x2, 0xf2, 0x90, 0xf, 0xfa, 0x44, 0x0,
    0x26, 0x0, 0x30, 0x8, 0x46, 0x0, 0xf8, 0x84,
    0x0, 0x20, 0x13, 0x0, 0x4e, 0x1, 0x11, 0xc0,
    0x6, 0x49, 0xdd, 0x76, 0xc8, 0x6, 0xa0, 0x1,
    0x90, 0x4, 0xc0, 0x80, 0xb5, 0xf6, 0xc4, 0x1,
    0x48, 0x4, 0x79, 0xdc, 0xc0, 0xc, 0x40, 0x3f,
    0x4a, 0x1, 0xe1, 0x0, 0xdf, 0x22, 0x20, 0xc,
    0xa0, 0x2, 0x0, 0xfe, 0x39, 0x0, 0x29, 0xa8,
    0x7, 0xa0, 0x3, 0xff, 0x82, 0xd6, 0xd4, 0x4,
    0xc2, 0x4, 0xda, 0x40, 0x1f, 0xfc, 0x24, 0x90,
    0xa, 0x7b, 0xf6, 0x48, 0x0,

    /* U+5305 "包" */
    0x0, 0xff, 0xec, 0x29, 0x80, 0x7f, 0xf3, 0x6e,
    0xb2, 0x40, 0x3f, 0xf9, 0x68, 0x80, 0x3, 0x0,
    0x7f, 0xf2, 0x86, 0x80, 0x22, 0x2f, 0xfe, 0x8,
    0x7, 0xfa, 0x84, 0x2, 0x2d, 0xdf, 0xfe, 0x7,
    0xb8, 0x7, 0xd0, 0x80, 0x1f, 0xfc, 0x68, 0x0,
    0xf2, 0xb8, 0x7, 0xff, 0x35, 0x28, 0x3, 0x1a,
    0x27, 0xff, 0x0, 0x3, 0xf2, 0x58, 0x6, 0x8c,
    0xbb, 0xff, 0xa4, 0x3, 0xf6, 0x0, 0x74, 0x7f,
    0xfd, 0xca, 0x1, 0xff, 0xc0, 0x91, 0x0, 0xff,
    0xe0, 0xd, 0x80, 0x42, 0x1, 0x8, 0x6, 0x1c,
    0x57, 0x0, 0xff, 0x84, 0x40, 0x1e, 0x30, 0xe,
    0x2a, 0x81, 0x0, 0x99, 0xb0, 0x7, 0xce, 0x1,
    0x8, 0x7, 0xff, 0x2, 0x26, 0x61, 0x0, 0xf0,
    0x80, 0x4e, 0x1, 0xff, 0xc0, 0x52, 0x28, 0x3,
    0xe2, 0x0, 0x84, 0x3, 0xff, 0x81, 0x7b, 0xb0,
    0x80, 0x7b, 0x0, 0x22, 0x0, 0xff, 0xe4, 0xe7,
    0x20, 0x5, 0xc0, 0x1f, 0xfc, 0x75, 0x33, 0x8,
    0x6, 0x50, 0xf, 0xfe, 0x4, 0x4c, 0xf5, 0xd0,
    0x7, 0x94, 0xc0, 0x3f, 0xf8, 0xc, 0xde, 0x40,
    0x27, 0x11, 0x1b, 0xd8, 0x7, 0xff, 0x4, 0xc0,
    0x3f, 0x47, 0x73, 0x23, 0x7f, 0x94, 0x3, 0xfc,
    0xe0, 0x1f, 0xfc, 0x5, 0x30, 0x1b, 0x0, 0xf2,
    0x80, 0x55, 0xd9, 0x9f, 0xee, 0xa0, 0xf, 0xf6,
    0x0, 0x61, 0x33, 0xff, 0x8, 0x6, 0x70, 0xf,
    0x3a, 0x0, 0x7f, 0xf1, 0x8e, 0x40, 0x3e, 0xba,
    0x42, 0x0, 0xff, 0xe0, 0xa, 0x4e, 0x0, 0x0,

    /* U+533F "匿" */
    0x3c, 0xff, 0xff, 0xe4, 0x74, 0x80, 0x3c, 0xc0,
    0x3f, 0xf9, 0x2, 0xc6, 0x6, 0x1, 0xff, 0xd2,
    0x11, 0xff, 0xe2, 0x93, 0x98, 0x7, 0x77, 0x73,
    0x19, 0x6f, 0x75, 0x26, 0x55, 0xdc, 0xd8, 0x0,
    0xf8, 0x62, 0xad, 0xc8, 0xf6, 0xee, 0x82, 0x3a,
    0xa9, 0x40, 0x3f, 0x43, 0xaa, 0x0, 0x42, 0x89,
    0x0, 0x42, 0xaa, 0xa2, 0x0, 0xfb, 0xc0, 0x3f,
    0xf8, 0x82, 0x60, 0x1f, 0x36, 0xdd, 0x0, 0x43,
    0x35, 0x41, 0x0, 0x25, 0xdb, 0x84, 0x3, 0xf1,
    0x2a, 0x64, 0x90, 0xcf, 0xbe, 0xcc, 0xca, 0xa0,
    0xf, 0xe9, 0xfe, 0xe6, 0x49, 0x0, 0x17, 0x72,
    0x65, 0xbd, 0xcf, 0xb0, 0xf, 0x98, 0x3, 0xff,
    0x8a, 0x86, 0x1, 0xe7, 0x0, 0xff, 0xe2, 0xa1,
    0x80, 0x7a, 0x3f, 0x94, 0x3, 0x5f, 0x77, 0xef,
    0xb0, 0xf, 0xeb, 0x50, 0xd, 0x7d, 0xde, 0xf6,
    0x0, 0xfe, 0x3d, 0x50, 0xf, 0xfe, 0x0, 0xc1,
    0x0, 0x7e, 0x92, 0x0, 0xe1, 0x22, 0xe0, 0xc,
    0xc0, 0x1f, 0xb0, 0x3, 0xd1, 0x99, 0xc8, 0x1,
    0xff, 0xc0, 0x6a, 0xa8, 0x2, 0x9e, 0xee, 0x40,
    0x9, 0xc0, 0x3f, 0x95, 0x48, 0x1, 0xff, 0xc1,
    0x20, 0xf, 0xf8, 0x6d, 0x51, 0x3f, 0x9b, 0x4,
    0x3, 0xef, 0xee, 0xd4, 0x8a, 0xbf, 0xcf, 0xbd,
    0x88, 0x1, 0xc2, 0x3f, 0xfc, 0x73, 0xb0, 0x30,
    0xf, 0xfe, 0x6f, 0x90, 0x7, 0xff, 0x24, 0x64,
    0x0,

    /* U+5361 "卡" */
    0x0, 0xff, 0xb, 0xc1, 0x80, 0x7f, 0xf2, 0xaa,
    0x1f, 0x4, 0x3, 0xff, 0x92, 0x80, 0x12, 0x80,
    0x7f, 0xf3, 0x6f, 0xff, 0xe9, 0x0, 0xff, 0xe6,
    0xb1, 0x80, 0x7f, 0xf7, 0x84, 0x7e, 0x28, 0x30,
    0xf, 0xfe, 0x25, 0xf7, 0x7b, 0x5c, 0x3, 0xff,
    0xa8, 0x23, 0xf0, 0x6, 0x31, 0x1f, 0xe0, 0x2,
    0x77, 0xf7, 0x7c, 0x1, 0xa7, 0xbb, 0xfc, 0xb0,
    0x20, 0x1f, 0xfc, 0xa1, 0x87, 0x0, 0xff, 0xe6,
    0xc, 0x18, 0x80, 0x7f, 0xf2, 0x4f, 0xcf, 0x3b,
    0xff, 0xe2, 0x0, 0x9f, 0xff, 0xfb, 0xc, 0x3,
    0xff, 0xb8, 0x7d, 0xf6, 0xa0, 0x1f, 0xfc, 0x94,
    0x10, 0x4a, 0xf9, 0x30, 0xf, 0xfe, 0x63, 0x66,
    0xa8, 0x7, 0xff, 0x11, 0xdc, 0x1, 0xe2, 0xa2,
    0x0, 0xff, 0xe2, 0x47, 0x40, 0x80, 0x71, 0x0,
    0x7f, 0xf1, 0x45, 0xfa, 0x8c, 0x1, 0x20, 0x1f,
    0xfc, 0x95, 0xcd, 0xd3, 0x0, 0x7f, 0xf2, 0xc8,
    0x80, 0x1f, 0xfd, 0xb6, 0x0, 0xb8, 0x3, 0xff,
    0x93, 0x24, 0x8, 0xc0, 0x1f, 0xf0,

    /* U+5373 "即" */
    0x0, 0xc, 0xe6, 0x7e, 0xb5, 0x0, 0xc, 0x4c,
    0xf9, 0xc4, 0x2, 0xa6, 0x33, 0xfc, 0x94, 0x21,
    0xee, 0xcd, 0xe8, 0xd0, 0x9, 0x40, 0x3f, 0xe5,
    0x21, 0x0, 0xfc, 0x60, 0x1f, 0x9, 0x14, 0x1,
    0x84, 0x40, 0x1f, 0xe1, 0x0, 0xf5, 0x6e, 0xc6,
    0x1, 0xf8, 0x77, 0x40, 0x1f, 0xfc, 0x1, 0x18,
    0x3, 0xfc, 0x44, 0x0, 0xff, 0xaf, 0xba, 0x30,
    0xf, 0xff, 0xf8, 0x2b, 0xbc, 0x20, 0x1f, 0xfc,
    0xae, 0x88, 0x88, 0x3, 0xff, 0x95, 0x7f, 0xf1,
    0x80, 0x7f, 0xf4, 0x84, 0x3, 0xff, 0x9c, 0xa0,
    0x1f, 0xfc, 0x63, 0x55, 0xe6, 0xc1, 0x0, 0xff,
    0xe3, 0x45, 0x52, 0x32, 0x24, 0xc0, 0x3f, 0xf9,
    0x27, 0xb3, 0xa6, 0x1, 0xff, 0xca, 0x40, 0xb,
    0x80, 0x3e, 0x3c, 0x0, 0xc2, 0x1, 0xf8, 0xc0,
    0x22, 0x60, 0xf, 0x49, 0x80, 0x7c, 0x20, 0x17,
    0x6d, 0x80, 0x68, 0x0, 0xff, 0x98, 0x0, 0xe0,
    0x19, 0x48, 0x3, 0x85, 0xc0, 0x3b, 0x88, 0x4e,
    0x64, 0x0, 0x80, 0xf, 0xfe, 0x6, 0x80, 0x72,
    0x6f, 0x63, 0x0, 0x4a, 0x1, 0xe1, 0x67, 0x0,
    0xb0, 0x3, 0xff, 0x83, 0x62, 0x0, 0x16, 0xbe,
    0x98, 0x46, 0xc6, 0x0, 0xc6, 0x1, 0xf8, 0x7e,
    0xb3, 0xa5, 0x0, 0x2b, 0x93, 0x2, 0x0, 0x98,
    0x3, 0xf8, 0x54, 0xc0, 0x3f, 0xc3, 0x0, 0x50,
    0x1, 0xf0,

    /* U+53D6 "取" */
    0x3c, 0xef, 0xff, 0xda, 0xc0, 0x1f, 0xfc, 0x28,
    0x31, 0x0, 0xfc, 0x52, 0x0, 0x22, 0x8c, 0xf8,
    0x40, 0x21, 0x0, 0xff, 0xe0, 0x1f, 0x6e, 0xd9,
    0x9d, 0xdc, 0x20, 0x93, 0x0, 0x89, 0x4c, 0x2,
    0x19, 0xa1, 0x0, 0xfe, 0x1a, 0x3, 0xa0, 0xa,
    0xa9, 0x0, 0x12, 0xb0, 0x7, 0xff, 0x24, 0x40,
    0x3b, 0x40, 0x21, 0x55, 0x88, 0x2, 0xe0, 0xf,
    0x47, 0xd0, 0x7, 0x21, 0x80, 0xe, 0xaa, 0x70,
    0x8, 0x80, 0x3f, 0xf8, 0x6a, 0x0, 0x20, 0x9,
    0xc0, 0x26, 0x0, 0xff, 0xe1, 0xe0, 0x4, 0x80,
    0x2, 0x0, 0x88, 0x3, 0xcb, 0x2c, 0x1, 0xe7,
    0x0, 0xb0, 0xc, 0x2, 0x30, 0xf, 0xb5, 0xb4,
    0x3, 0xc4, 0x20, 0x4, 0xb, 0x0, 0x94, 0x3,
    0xef, 0x12, 0x0, 0xf9, 0x0, 0x6, 0x2a, 0x1,
    0x60, 0x7, 0xcf, 0xd2, 0x1, 0xf6, 0x0, 0x50,
    0x40, 0x12, 0x0, 0x7f, 0xf1, 0x5c, 0x2, 0x60,
    0x9, 0x4, 0x3, 0xff, 0x8a, 0x26, 0x1, 0xed,
    0x0, 0xfc, 0xb6, 0xe0, 0x1f, 0xa8, 0x3, 0xcc,
    0x1, 0xfb, 0x53, 0x0, 0x3f, 0x30, 0x7, 0x38,
    0x7, 0xf7, 0x96, 0x0, 0x49, 0xca, 0x1, 0x20,
    0x6, 0xa0, 0xc, 0x3a, 0x1, 0x3e, 0xb8, 0x6,
    0x18, 0x0, 0xa, 0x0, 0x64, 0x0, 0xd6, 0x80,
    0x1f, 0xf3, 0x0, 0x28, 0x3, 0xa4, 0x80, 0x3f,
    0xf8, 0x42, 0xf4, 0xc, 0x80, 0x1e, 0xe0, 0xb,
    0xc0, 0x31, 0x2a, 0x80, 0x25, 0x81, 0x59, 0x0,
    0x8c, 0x2, 0x3b, 0x0, 0x2e, 0xde, 0xfe, 0xd7,
    0x0, 0x73, 0x50, 0x4, 0x78, 0xc0, 0x12, 0x40,
    0x0, 0x90, 0x80, 0x3e, 0x10, 0xc0, 0x8, 0xb4,
    0x24, 0xc0, 0x2f, 0x0, 0xfc, 0xc0, 0x11, 0x7,
    0x0, 0xf, 0x4, 0x1, 0xa8, 0x6, 0xe0, 0x1f,
    0x89, 0x80, 0xe8, 0x13, 0x73, 0x2, 0x1, 0xd,
    0xfe, 0x0, 0x7f, 0xa7, 0xf0, 0x80, 0x4, 0x60,
    0x1f, 0xf0,

    /* U+53E3 "口" */
    0x0, 0x9, 0x19, 0xff, 0xf1, 0x44, 0x2, 0xbe,
    0xdc, 0xcf, 0xfe, 0x2f, 0x60, 0x1a, 0x0, 0x7f,
    0xf2, 0xd, 0x58, 0x3, 0xff, 0x94, 0x60, 0x1f,
    0xfd, 0x1, 0xff, 0xff, 0xe1, 0x0, 0x7f, 0xff,
    0xc0, 0x3f, 0xff, 0xe0, 0x1f, 0xff, 0xf0, 0xf,
    0xff, 0x20, 0x99, 0xff, 0xf0, 0x50, 0x3, 0xfd,
    0x99, 0xff, 0xc1, 0xb0, 0xf, 0xff, 0xf8, 0x1,
    0x80, 0x22, 0xff, 0xff, 0xe1, 0x0, 0x62, 0x36,
    0x1, 0x80, 0xf, 0xfe, 0x14, 0x88, 0x2a, 0x0,

    /* U+53EF "可" */
    0x0, 0x9, 0x17, 0xff, 0x20, 0x40, 0x7, 0xdc,
    0xdd, 0xff, 0xe4, 0x77, 0x12, 0x4, 0x3, 0xff,
    0x94, 0x30, 0x20, 0x1f, 0xfc, 0xc7, 0x83, 0x0,
    0xff, 0xe5, 0x14, 0x16, 0x7f, 0xff, 0xf1, 0x18,
    0x2, 0x4f, 0xd3, 0x0, 0xff, 0xe9, 0x11, 0x9f,
    0xe0, 0xf, 0xfe, 0x25, 0xee, 0x67, 0xef, 0x50,
    0xf, 0xfe, 0x9, 0xa0, 0x7, 0xfa, 0x40, 0x3f,
    0xf8, 0x2c, 0x1, 0xff, 0x8, 0x7, 0xff, 0x14,
    0x55, 0x64, 0x0, 0x8c, 0x3, 0xff, 0x8a, 0xf5,
    0x54, 0x80, 0x7f, 0xf8, 0xcc, 0x2, 0x10, 0xf,
    0xfe, 0x4a, 0xff, 0xd8, 0x1, 0xff, 0xd1, 0x30,
    0xf, 0xfe, 0x6b, 0x80, 0x7f, 0xf1, 0x44, 0x8b,
    0x8d, 0x6c, 0x3, 0xff, 0x82, 0xc0, 0x13, 0x6e,
    0xf6, 0x50, 0x80, 0x7f, 0xf0, 0x4d, 0x40, 0xa8,
    0x3, 0xff, 0x95, 0x5f, 0xa4, 0x1, 0xf0, 0x99,
    0xca, 0x1, 0x8, 0x7, 0xff, 0x11, 0x3b, 0x32,
    0x30, 0x8, 0x80, 0x3f, 0xf8, 0x9c, 0x1, 0xfb,
    0x0, 0x3f, 0xf9, 0x8a, 0x80, 0x1f, 0xfc, 0x48,
    0x30, 0x0, 0x9b, 0x5d, 0x0, 0x60,

    /* U+53F3 "右" */
    0x0, 0xff, 0xa, 0x10, 0x7, 0xff, 0x33, 0xef,
    0x58, 0x3, 0xff, 0x94, 0xa2, 0x0, 0xa0, 0xf,
    0xfe, 0x57, 0x80, 0x4e, 0x1, 0xff, 0xc4, 0x23,
    0x3e, 0x40, 0x8, 0x8c, 0xff, 0x88, 0x40, 0x24,
    0xfd, 0xcc, 0xe1, 0x0, 0x9b, 0x33, 0xfb, 0x7b,
    0x0, 0x1e, 0x1, 0xff, 0xcb, 0x34, 0x2, 0x0,
    0xff, 0xe6, 0x30, 0x43, 0x19, 0xe1, 0x0, 0xc4,
    0x67, 0xff, 0x24, 0x90, 0xc, 0xe6, 0x65, 0x0,
    0x93, 0x73, 0x3f, 0xeb, 0x60, 0xf, 0x8d, 0x0,
    0x2e, 0x0, 0xff, 0xe4, 0xc8, 0x4, 0x4a, 0x1,
    0xff, 0xc8, 0x35, 0x0, 0x90, 0xcf, 0xfe, 0x20,
    0xf, 0xef, 0x0, 0xcd, 0x99, 0xff, 0x6e, 0x80,
    0x3e, 0x63, 0x0, 0xff, 0xe2, 0x93, 0x0, 0x71,
    0xc8, 0x7, 0xff, 0x1c, 0x40, 0x32, 0x68, 0x7,
    0xc8, 0x9f, 0xc0, 0x1f, 0x96, 0xc4, 0x3, 0xc3,
    0x77, 0xfc, 0x40, 0x1f, 0x48, 0x6, 0x70, 0xf,
    0xfe, 0x4a, 0x80, 0x51, 0x60, 0x1f, 0xfc, 0x99,
    0x53, 0x97, 0x0, 0xff, 0xe5, 0xd6, 0x30, 0x7,
    0xe, 0xef, 0xf1, 0x0, 0x7f, 0xf1, 0x48, 0xbf,
    0x80, 0x3f, 0xfe, 0xe4, 0x1, 0x17, 0xff, 0xf1,
    0x80, 0x46, 0x1, 0xf8, 0x5c, 0x6, 0x0, 0x3f,
    0xbd, 0x9, 0xd0, 0x0,

    /* U+53F7 "号" */
    0x0, 0xff, 0xe9, 0x57, 0xff, 0xff, 0x12, 0x0,
    0x3e, 0x55, 0x0, 0x7f, 0xf1, 0x1c, 0x80, 0x3c,
    0x40, 0x1f, 0xfc, 0x66, 0x0, 0xff, 0x1c, 0x47,
    0xf3, 0x80, 0x7f, 0xf0, 0xd5, 0xdf, 0xfa, 0x0,
    0x3f, 0xf8, 0x69, 0x11, 0xfd, 0x20, 0x1f, 0xfc,
    0x32, 0x77, 0xfe, 0x60, 0xf, 0xf8, 0xc0, 0x3f,
    0xf8, 0xcc, 0x1, 0xe4, 0x61, 0x0, 0xff, 0xe1,
    0xc, 0x10, 0x7, 0xd3, 0xdf, 0xff, 0xfc, 0x2e,
    0x70, 0xc, 0x33, 0x79, 0x9f, 0xfc, 0x8b, 0x70,
    0xb6, 0x43, 0x3f, 0xfe, 0x42, 0x42, 0x80, 0x7f,
    0xf3, 0x4e, 0x10, 0x46, 0x0, 0xe1, 0x1f, 0xfe,
    0x9, 0x33, 0xa, 0xfb, 0xa0, 0xc, 0xbd, 0xdf,
    0xfc, 0x1d, 0x90, 0xe, 0x40, 0xc, 0xd5, 0x5f,
    0xe8, 0x30, 0xf, 0xdc, 0x1, 0x8d, 0x57, 0xfc,
    0xf8, 0x20, 0x1f, 0x28, 0x7, 0xff, 0x14, 0x80,
    0x3c, 0x24, 0x1, 0xff, 0xc5, 0x10, 0xf, 0xe,
    0xff, 0xff, 0xf0, 0x1c, 0x3, 0x10, 0x7, 0xff,
    0x20, 0x80, 0x22, 0x0, 0xff, 0xe4, 0xa, 0x80,
    0x48, 0x1, 0xff, 0xc3, 0x6c, 0xbb, 0xbc, 0x3,
    0x68, 0x7, 0xff, 0xe, 0x8d, 0x12, 0x10, 0x8,
    0x50, 0x3, 0xff, 0x99, 0x40, 0x1f, 0xfc, 0x48,
    0x20, 0x8, 0x49, 0x71, 0x0, 0x3f, 0xf8, 0x89,
    0xbf, 0xf7, 0x6d, 0x18, 0x7, 0x80,

    /* U+540C "同" */
    0x2, 0xac, 0xcf, 0xfe, 0x45, 0x10, 0x3, 0xd4,
    0xcf, 0xff, 0x90, 0xbe, 0x0, 0x20, 0xf, 0xfe,
    0x51, 0x8, 0x80, 0x3f, 0xfa, 0x23, 0xff, 0xff,
    0xc4, 0x10, 0xf, 0xf9, 0x19, 0xbf, 0xc8, 0x1,
    0xff, 0xc1, 0xbb, 0x4c, 0xff, 0xae, 0x80, 0x3f,
    0xf8, 0xa, 0x1, 0xff, 0xc0, 0x70, 0xf, 0xfe,
    0x4, 0x8, 0x7, 0xf8, 0xa0, 0x3, 0xff, 0x80,
    0xdd, 0xff, 0xfe, 0xd5, 0x0, 0xff, 0xe1, 0xa,
    0x2a, 0xf9, 0x4, 0x3, 0xff, 0x86, 0x9d, 0x75,
    0x5e, 0xbe, 0x40, 0xf, 0xfe, 0x17, 0x0, 0x7f,
    0xb8, 0x3, 0xff, 0x84, 0x20, 0x1f, 0xe6, 0x0,
    0xff, 0xe3, 0x7f, 0xe0, 0xf, 0xff, 0xf7, 0xfe,
    0x0, 0xff, 0xe8, 0xb8, 0x7, 0xff, 0x37, 0x80,
    0x3f, 0xf8, 0x42, 0x1, 0x4c, 0xf5, 0x6a, 0x80,
    0x7f, 0xf0, 0xb8, 0x0, 0xac, 0xdc, 0xa4, 0x1,
    0x8, 0x7, 0xfc, 0x9f, 0xd4, 0x1, 0xf4, 0x77,
    0x80, 0x61, 0x0, 0xc6, 0x1, 0x84, 0x3, 0xe3,
    0x71, 0x0, 0xc4, 0x2, 0x1, 0x30, 0x7, 0xff,
    0x1e, 0x40, 0x12, 0x25, 0x0, 0x1f, 0xfc, 0x3,
    0x61, 0x2, 0x6c, 0x40,

    /* U+540D "名" */
    0x0, 0xff, 0xeb, 0xd, 0xd8, 0xc0, 0x3f, 0xf9,
    0x3a, 0x88, 0xc3, 0x0, 0xff, 0xe3, 0xc9, 0x80,
    0x48, 0x24, 0x43, 0x45, 0x65, 0x0, 0xff, 0x43,
    0x0, 0x68, 0xed, 0xd6, 0x5d, 0x4d, 0x71, 0x80,
    0x7d, 0x4e, 0x1, 0xff, 0xc2, 0x1b, 0x0, 0xe5,
    0xd5, 0x0, 0xff, 0xe2, 0x70, 0x4, 0x7b, 0x44,
    0x1, 0x12, 0xaf, 0xc6, 0x1, 0x89, 0x80, 0x2d,
    0x20, 0xc, 0xfb, 0x55, 0xe8, 0x20, 0xd, 0x20,
    0x1f, 0x86, 0xf9, 0x40, 0x38, 0xb0, 0x40, 0x27,
    0x40, 0xd, 0x60, 0x7, 0xef, 0x9a, 0xd3, 0x0,
    0x36, 0x88, 0x4, 0xb0, 0x1, 0xcb, 0xfe, 0x80,
    0x40, 0x1, 0x63, 0xdc, 0x80, 0x66, 0xa0, 0xf,
    0xfa, 0x0, 0x34, 0x20, 0x6, 0x89, 0x0, 0xff,
    0xe0, 0x3b, 0x80, 0x3e, 0x1c, 0x70, 0xf, 0xfe,
    0x1, 0xd3, 0x80, 0x7c, 0x95, 0x33, 0x9c, 0x3,
    0x8d, 0xf7, 0x14, 0x3, 0xf2, 0xb3, 0x74, 0x50,
    0x0, 0xf7, 0x20, 0x80, 0x3f, 0xf8, 0xa8, 0x0,
    0x92, 0x0, 0xff, 0xe4, 0x8, 0x0, 0xc0, 0x3f,
    0x57, 0xff, 0xeb, 0x0, 0xf4, 0x21, 0xb5, 0x10,
    0x7, 0xff, 0x1c, 0x6f, 0x25, 0x44, 0x3, 0xff,
    0xfe, 0x1, 0x57, 0xff, 0xeb, 0x0, 0xff, 0xf8,
    0xb0, 0x4, 0x8c, 0xdf, 0x90, 0x2, 0x20, 0xf,
    0xa0, 0xc0, 0xea, 0x67, 0xf5, 0xa0, 0xc, 0x80,

    /* U+540E "后" */
    0x0, 0xff, 0xf1, 0x9b, 0xd5, 0x98, 0x7, 0xff,
    0xc, 0x8d, 0x5e, 0x6f, 0x7f, 0x21, 0x53, 0x40,
    0x3f, 0x25, 0x66, 0xf7, 0xfb, 0x72, 0xa1, 0x90,
    0x80, 0x38, 0x44, 0x1, 0xe1, 0xb5, 0x32, 0x10,
    0xf, 0xfe, 0x13, 0x8, 0x7, 0x94, 0x3, 0xff,
    0x84, 0x26, 0xd3, 0xb2, 0x1, 0xf0, 0x80, 0x64,
    0x56, 0x78, 0x9b, 0xce, 0xfe, 0xc9, 0x62, 0x0,
    0xff, 0xe0, 0xd, 0xd4, 0xc3, 0xb2, 0x18, 0x80,
    0x7f, 0xf8, 0x87, 0xff, 0xff, 0x8d, 0x0, 0x1f,
    0xfc, 0xf7, 0x10, 0xf, 0xfe, 0xc1, 0x17, 0xff,
    0x14, 0xe8, 0x40, 0x3e, 0x2d, 0xdf, 0xfe, 0x2e,
    0x28, 0x6, 0x30, 0xf, 0xfe, 0x78, 0x80, 0x42,
    0x5, 0x59, 0x9f, 0xfc, 0xb, 0x60, 0xf, 0x70,
    0x4, 0xe1, 0xea, 0x67, 0xff, 0xc0, 0x49, 0x20,
    0xe, 0x20, 0x8, 0x40, 0x80, 0x3f, 0xf8, 0x68,
    0x1, 0xcc, 0x1, 0x10, 0x80, 0x7f, 0xf2, 0x88,
    0x2, 0xe0, 0xe, 0xff, 0xfc, 0x20, 0x1f, 0x90,
    0x3, 0x10, 0x7, 0xff, 0x28, 0xc0, 0x32, 0x80,
    0x7f, 0xf2, 0xac, 0x2, 0x21, 0x0, 0xe2, 0x11,
    0xf8, 0x3, 0xf2, 0x18, 0x4, 0x80, 0x1e, 0xde,
    0xef, 0x84, 0x3, 0xef, 0x0, 0xd4, 0x1, 0xff,
    0xca, 0x10, 0x9, 0xc, 0x4, 0x3, 0xff, 0x91,
    0x66, 0x7, 0x40, 0x10, 0x80, 0x48, 0xab, 0xf0,
    0x6, 0x50, 0x8, 0x73, 0xb0, 0x40, 0x2b, 0x10,
    0x5b, 0xaa, 0xfa, 0x8, 0x8e, 0x60, 0x0,

    /* U+5411 "向" */
    0x0, 0xfe, 0x46, 0x51, 0x0, 0xff, 0xe3, 0x95,
    0xcd, 0x71, 0x80, 0x7f, 0xf1, 0x94, 0x3, 0x30,
    0x7, 0xff, 0x1a, 0xc0, 0x32, 0x0, 0x7f, 0xf0,
    0x4, 0x78, 0xcc, 0x1, 0x30, 0x8, 0xfe, 0x0,
    0x27, 0x77, 0xb0, 0x3, 0x37, 0x77, 0xf9, 0x20,
    0x40, 0x3f, 0xf9, 0x3, 0x4, 0x1, 0xff, 0xca,
    0x20, 0xc, 0x23, 0xff, 0xc4, 0x0, 0xfd, 0x9d,
    0xdf, 0xfc, 0x2c, 0x0, 0xff, 0xeb, 0xe, 0x7f,
    0xfe, 0x60, 0xf, 0xfe, 0xc, 0x98, 0x7, 0xe9,
    0x0, 0xff, 0xe0, 0x90, 0x7, 0xf8, 0x40, 0x3f,
    0xf8, 0x8f, 0x10, 0x30, 0x8, 0xc0, 0x3f, 0xf8,
    0x90, 0xee, 0x50, 0xf, 0xff, 0x7, 0xfc, 0xc0,
    0x1f, 0xfc, 0xf3, 0x0, 0xff, 0xe5, 0x10, 0x80,
    0x7f, 0xf1, 0x19, 0xba, 0x30, 0x3, 0xff, 0x83,
    0xa0, 0x2, 0x99, 0xe7, 0x10, 0xf, 0xfe, 0xb,
    0xb9, 0x78, 0x3, 0xf8, 0x40, 0x3f, 0xe8, 0xa3,
    0x0, 0xf5, 0x77, 0xe0, 0x4, 0x60, 0x18, 0xc0,
    0x3f, 0xe4, 0x10, 0xe, 0x72, 0x0, 0x84, 0x3,
    0xff, 0x8d, 0x30, 0x43, 0x20, 0x1f, 0xfc, 0x8,
    0x10, 0x12, 0x6d, 0x34, 0xde, 0x60, 0xf, 0xfe,
    0x3, 0x77, 0xf6, 0xc9, 0x0,

    /* U+542F "启" */
    0x0, 0xff, 0xed, 0xbe, 0x38, 0x7, 0xff, 0x2a,
    0xa0, 0xe0, 0x40, 0x3f, 0xf9, 0x28, 0x1, 0x30,
    0x7, 0xff, 0x25, 0x40, 0x2a, 0x10, 0xf, 0xfe,
    0x2, 0xf7, 0xff, 0x90, 0x2, 0x2e, 0xff, 0xf3,
    0x80, 0x75, 0x88, 0x7, 0xff, 0x1a, 0x4, 0x3,
    0x8, 0x7, 0xff, 0x20, 0x80, 0x3f, 0x1a, 0x27,
    0xff, 0x0, 0x3, 0xff, 0x83, 0xd7, 0x7f, 0xfc,
    0x1, 0x0, 0xff, 0xe0, 0x75, 0xdf, 0xff, 0x0,
    0x40, 0x3f, 0xf8, 0x6, 0x89, 0xff, 0xc0, 0x0,
    0xff, 0xe9, 0x10, 0x4, 0x20, 0x1f, 0xfc, 0x88,
    0x10, 0xf, 0xdb, 0xff, 0xff, 0xc3, 0x70, 0xc,
    0x60, 0x18, 0x80, 0x3f, 0xf9, 0xc, 0x1, 0x8b,
    0x3f, 0xff, 0xf8, 0x5c, 0x80, 0x11, 0x0, 0x43,
    0x66, 0x1, 0xff, 0xc2, 0x19, 0x0, 0xb8, 0x2,
    0x22, 0x0, 0x7f, 0xf1, 0x8, 0x2, 0x40, 0x9,
    0x80, 0x31, 0xa2, 0x7e, 0x30, 0xf, 0x8c, 0x2,
    0xd0, 0xd, 0x17, 0x7f, 0xbc, 0x3, 0xc6, 0x1,
    0x8c, 0x3, 0xff, 0x91, 0x60, 0x19, 0x40, 0x37,
    0xd5, 0x7e, 0x80, 0xe, 0x17, 0x0, 0x8c, 0x40,
    0x32, 0x2a, 0xfe, 0x40, 0xe, 0x70, 0xd, 0x20,
    0x1f, 0xfc, 0x85, 0x0, 0x8d, 0x40, 0x80, 0x3f,
    0xf8, 0x84, 0x7, 0x66, 0xba, 0x0, 0xb2, 0x2,
    0xdf, 0xff, 0xda, 0x40, 0x32, 0x0, 0x4c, 0xa1,
    0x0, 0x16, 0xfe, 0x90, 0x7, 0xe2, 0xdf, 0xe4,

    /* U+5468 "周" */
    0x0, 0x86, 0x2e, 0xff, 0xf8, 0xd2, 0x60, 0x1a,
    0xdd, 0x13, 0xff, 0x8c, 0xd8, 0x1, 0x90, 0x3,
    0xff, 0x92, 0x60, 0x1f, 0xfc, 0xd7, 0x0, 0xfb,
    0x7f, 0xf6, 0x22, 0x23, 0xff, 0x88, 0x3, 0xfe,
    0x30, 0x1, 0x1f, 0xa2, 0x21, 0x8, 0x40, 0x3f,
    0xf8, 0x69, 0xfb, 0x86, 0x1, 0x5e, 0xf4, 0x0,
    0x7f, 0xf0, 0xb0, 0x3, 0xfc, 0xa0, 0x1f, 0xfc,
    0x29, 0x52, 0x20, 0x6, 0x12, 0x39, 0x0, 0xff,
    0xe1, 0xd, 0x6e, 0x8c, 0x2, 0xcd, 0xc4, 0x0,
    0xff, 0xe1, 0x3e, 0xf7, 0x98, 0x5, 0xbf, 0xd4,
    0x1, 0xfc, 0x20, 0x11, 0xc1, 0x8, 0x7, 0xc2,
    0xa8, 0x1, 0xff, 0xc0, 0x33, 0x0, 0x7f, 0x85,
    0x40, 0x3f, 0xf8, 0x3, 0x9b, 0x99, 0xfb, 0x78,
    0x40, 0x3e, 0x10, 0xf, 0x11, 0x4, 0x7c, 0x44,
    0x0, 0xfe, 0x30, 0xf, 0x57, 0x6e, 0xfb, 0xb4,
    0x40, 0x3f, 0x30, 0x4, 0x20, 0x6a, 0x1, 0xf8,
    0x98, 0x3, 0xf1, 0x80, 0x44, 0xe, 0x1, 0x84,
    0x60, 0xb, 0xc0, 0x3f, 0x70, 0x4, 0xc0, 0x1d,
    0x1d, 0xcf, 0x0, 0x84, 0x3, 0xf2, 0x80, 0x44,
    0x1, 0xd9, 0x10, 0x90, 0xf, 0xf8, 0x4c, 0x2,
    0xd0, 0xe, 0x47, 0x78, 0x2, 0x10, 0xf, 0x98,
    0x3, 0x20, 0x7, 0xff, 0x2, 0xc0, 0xc0, 0x3a,
    0x80, 0x24, 0x10, 0x70, 0x9, 0x1d, 0xf4, 0x43,
    0xbc, 0x40, 0x27, 0x7, 0x0, 0xa0, 0x0, 0x66,
    0x0, 0x44, 0x73, 0xd9, 0x0, 0x71, 0x5, 0x31,
    0xd9, 0x80, 0x59, 0xbe, 0x60, 0x1f, 0xf3, 0x8,
    0x2, 0x71, 0x0, 0x38, 0x80, 0x3e, 0xf2, 0x1,
    0x39, 0x90, 0x7, 0xff, 0x1c, 0xf7, 0xfb, 0x18,
    0x0,

    /* U+5524 "唤" */
    0x0, 0xff, 0xed, 0x8b, 0x98, 0x7, 0xff, 0x2f,
    0x23, 0x1c, 0x3, 0xff, 0x92, 0xe4, 0x0, 0xa8,
    0x9a, 0xbc, 0xa3, 0x0, 0xab, 0xff, 0xac, 0x2,
    0x18, 0x0, 0x89, 0xd9, 0x50, 0xd7, 0x40, 0xa,
    0xa0, 0xe, 0x46, 0x0, 0x50, 0x7, 0xff, 0x8,
    0x80, 0x3e, 0xe0, 0xb4, 0x0, 0x84, 0x60, 0xe,
    0x90, 0xf, 0x40, 0x4, 0x38, 0x80, 0x1, 0xde,
    0xe7, 0x90, 0x4, 0x6e, 0x1, 0xc2, 0xe2, 0x0,
    0x33, 0x0, 0x43, 0x9d, 0xd1, 0x0, 0x45, 0x42,
    0x1, 0xfc, 0x76, 0x1, 0x84, 0x60, 0xe, 0x15,
    0x80, 0xf, 0xf2, 0x20, 0x3, 0xff, 0x82, 0x40,
    0x1f, 0xf1, 0x0, 0x58, 0x80, 0x15, 0xe0, 0x4,
    0xe0, 0x1f, 0xfc, 0x32, 0x10, 0x9, 0x48, 0x3,
    0xff, 0xc4, 0x20, 0x10, 0x80, 0x7f, 0xf7, 0x45,
    0x40, 0x26, 0x60, 0x4, 0xcc, 0x0, 0x84, 0x80,
    0x3f, 0xac, 0xc0, 0x28, 0x20, 0xa, 0x60, 0x2,
    0x2f, 0x0, 0x87, 0xc4, 0x2, 0x10, 0xf, 0xfe,
    0x19, 0x80, 0x7e, 0x1f, 0x10, 0xf, 0xfe, 0x14,
    0x0, 0x7e, 0xc4, 0xee, 0xb0, 0x3, 0x8f, 0xbb,
    0x7b, 0x0, 0x66, 0x63, 0xda, 0x0, 0x4, 0x5e,
    0x1, 0xc7, 0x62, 0x30, 0x0, 0x40, 0x5, 0x32,
    0x84, 0x0, 0xd4, 0x60, 0x3, 0x10, 0x2, 0xe9,
    0x0, 0x4e, 0x21, 0x60, 0x1e, 0x2c, 0x50, 0x0,
    0xee, 0x80, 0x22, 0xd8, 0x10, 0x1e, 0xf6, 0x0,
    0xe9, 0xd3, 0x0, 0xe, 0x9, 0xd0, 0x6, 0x7e,
    0x30, 0xf, 0xc6, 0xc0, 0x11, 0x61, 0x0, 0x16,
    0x80, 0x3f, 0xf8, 0x44, 0x1, 0x36, 0x10, 0x6,
    0x5d, 0x40, 0x1, 0x18, 0x7, 0xe1, 0xc9, 0xd9,
    0x10, 0xf, 0x15, 0xf5, 0xe0, 0x7, 0xf8, 0xd8,
    0x80, 0x3f, 0xc2, 0x82, 0x0,

    /* U+5668 "器" */
    0x0, 0x86, 0xfb, 0xff, 0xb0, 0x80, 0xb, 0xbf,
    0xfe, 0xc3, 0x0, 0xf4, 0x20, 0x80, 0x71, 0xc8,
    0x2, 0x88, 0x3, 0xc7, 0xe0, 0x1e, 0x50, 0xf,
    0xcc, 0x2, 0x1, 0xfc, 0x40, 0x1f, 0xc3, 0x10,
    0x0, 0x8c, 0x3, 0x8e, 0x20, 0x1, 0xff, 0xc1,
    0x37, 0x70, 0x7, 0xf2, 0xbb, 0x80, 0x3f, 0xf8,
    0x25, 0xfe, 0x0, 0xfe, 0x6f, 0xf0, 0x7, 0xf9,
    0xc0, 0x3f, 0x18, 0x8, 0x7, 0xf1, 0x80, 0x7b,
    0x40, 0x3f, 0x50, 0x1, 0x0, 0x3f, 0x28, 0x7,
    0x9b, 0x26, 0x23, 0x88, 0x2, 0xba, 0x40, 0x8,
    0xe6, 0xe0, 0x3, 0xe3, 0x67, 0x7d, 0xc5, 0x1a,
    0x0, 0x51, 0x0, 0x8f, 0xd0, 0x3, 0xff, 0x82,
    0x8c, 0x0, 0x23, 0x0, 0x54, 0x0, 0x42, 0x1,
    0xe5, 0xef, 0xff, 0x58, 0x6, 0xcf, 0xfa, 0x0,
    0x27, 0xff, 0x72, 0x80, 0x24, 0x40, 0x3f, 0xf9,
    0x43, 0x0, 0x5, 0x0, 0xff, 0xe6, 0x38, 0x2,
    0x6e, 0x20, 0x60, 0x1c, 0xb1, 0x13, 0x80, 0x72,
    0xc4, 0x55, 0x40, 0x9, 0xe, 0x8c, 0x3, 0x4d,
    0x3b, 0xd1, 0x40, 0x19, 0x7d, 0xdc, 0xa0, 0x1a,
    0xec, 0x40, 0x1a, 0x58, 0x3, 0x96, 0x40, 0x33,
    0xeb, 0x0, 0x68, 0x40, 0xf, 0x4f, 0xe1, 0x80,
    0x13, 0x64, 0x3, 0x8a, 0x78, 0xc0, 0x2, 0x1,
    0xfc, 0x7e, 0x0, 0xa2, 0x0, 0xfc, 0x34, 0x0,
    0xa0, 0xf, 0xf1, 0x0, 0x4, 0x3, 0xfd, 0xe0,
    0x3, 0xc2, 0x0, 0xaa, 0x80, 0x1f, 0xc7, 0x54,
    0x0, 0xcc, 0xc0, 0x8, 0xc4, 0x2, 0x22, 0x0,
    0x7f, 0x9, 0x10, 0x3, 0x48, 0x7, 0xf4, 0x40,
    0x3, 0xf8, 0xa2, 0x0, 0x1f, 0xfd, 0x31, 0x0,
    0xf3, 0x0, 0x7e, 0x50, 0x0, 0x80, 0x7e, 0x20,
    0xf, 0x49, 0x2, 0x7f, 0x98, 0xd2, 0x40, 0x10,
    0x0, 0x8f, 0xf3, 0x1a, 0x70, 0x4,

    /* U+56DB "四" */
    0x3, 0xbd, 0xdf, 0xfe, 0x45, 0x98, 0x3, 0x90,
    0x8b, 0xff, 0x90, 0x9c, 0x0, 0x20, 0xf, 0xfe,
    0x51, 0x0, 0x7f, 0xf5, 0x37, 0xb4, 0x2, 0x1e,
    0xe0, 0x4, 0x7d, 0xca, 0x0, 0xff, 0x18, 0x80,
    0x63, 0x11, 0x0, 0x4e, 0x23, 0x0, 0x7f, 0xf1,
    0x4, 0x3, 0x9c, 0x3, 0xff, 0x86, 0x20, 0x13,
    0x80, 0x7f, 0xf2, 0x58, 0x2, 0x10, 0xf, 0xfe,
    0x49, 0x0, 0x44, 0x1, 0xff, 0xc9, 0xc0, 0xb,
    0x40, 0x3f, 0xf9, 0x28, 0x1, 0x20, 0x7, 0x8,
    0x7, 0xff, 0x9, 0xc0, 0x22, 0x10, 0xe, 0x36,
    0x67, 0x0, 0x7f, 0x9e, 0x0, 0x2a, 0x0, 0x8c,
    0x0, 0x33, 0x25, 0x0, 0xff, 0x78, 0x6, 0x60,
    0xa, 0x80, 0x3f, 0xf8, 0x94, 0x1, 0x48, 0x80,
    0x4d, 0x4, 0x1, 0xff, 0xc2, 0x2d, 0x9d, 0x60,
    0xe, 0x7d, 0xff, 0xac, 0x3, 0xfe, 0x26, 0x20,
    0xf, 0xfe, 0x57, 0xf7, 0x7f, 0xf0, 0xac, 0x3,
    0xfc, 0x23, 0xff, 0xc3, 0x0, 0xff, 0xf7, 0x90,
    0x5, 0xff, 0xff, 0xc3, 0xc0, 0x9, 0x0, 0x1e,
    0xaa, 0xb0, 0xf, 0xfe, 0x19, 0xdc, 0x4d, 0x80,

    /* U+56F4 "围" */
    0x0, 0xff, 0xe7, 0xaf, 0x7f, 0xff, 0xf2, 0x58,
    0x1, 0x42, 0x1, 0xff, 0xc9, 0x90, 0x10, 0xf,
    0xfe, 0x61, 0x0, 0x62, 0x88, 0xf9, 0xe2, 0x3f,
    0x8, 0x7, 0xe6, 0x77, 0xf5, 0x3c, 0xb, 0xbf,
    0x88, 0x3, 0xfd, 0x1d, 0xff, 0x10, 0x2, 0x7f,
    0xee, 0x80, 0xf, 0xf8, 0x5c, 0x40, 0x3f, 0xc2,
    0xe4, 0x1, 0xfe, 0x12, 0x0, 0xff, 0xe0, 0x11,
    0x0, 0x3f, 0xed, 0xd6, 0x5d, 0x80, 0x24, 0xbb,
    0x66, 0x34, 0x3, 0xff, 0x82, 0x9f, 0x32, 0x0,
    0x92, 0x65, 0xe8, 0x1, 0xff, 0xc1, 0x19, 0x32,
    0x20, 0x6, 0x22, 0x1c, 0x10, 0x7, 0xff, 0x0,
    0x50, 0x3, 0xfc, 0x64, 0x1, 0xff, 0xc1, 0xbf,
    0xed, 0x0, 0x93, 0x7b, 0x98, 0x1, 0xff, 0xc0,
    0x1b, 0xef, 0xed, 0x0, 0x93, 0x7b, 0xab, 0x20,
    0xf, 0xf4, 0xa0, 0x80, 0x7f, 0x85, 0x2c, 0x3,
    0xfd, 0x80, 0x1f, 0xfc, 0x22, 0x0, 0xff, 0x27,
    0x5d, 0x54, 0x1, 0x1d, 0x50, 0x2, 0x20, 0xf,
    0xf8, 0x51, 0x56, 0x0, 0x99, 0x96, 0x1, 0x70,
    0x7, 0xff, 0x1c, 0xd4, 0x40, 0x25, 0x0, 0xff,
    0xe2, 0x18, 0x3, 0xc, 0x0, 0x34, 0x40, 0x1f,
    0xfc, 0x4d, 0x8a, 0x55, 0x77, 0xf2, 0x80, 0x7f,
    0x93, 0xff, 0xdd, 0x15, 0xfe, 0xef, 0xfc, 0x60,
    0x1f, 0xfe, 0xc1, 0x0, 0x8e, 0xab, 0xff, 0x88,
    0x40, 0x11, 0x4, 0x80, 0xc2, 0xaf, 0xff, 0x12,
    0x4, 0x20, 0x0,

    /* U+5728 "在" */
    0x0, 0xff, 0x22, 0x4, 0x3, 0xff, 0x96, 0x57,
    0x6e, 0x50, 0xf, 0xfe, 0x55, 0x0, 0x5c, 0x1,
    0xff, 0xc5, 0x11, 0xe5, 0x0, 0x84, 0x7f, 0xe0,
    0xc, 0x39, 0xfd, 0xdc, 0x40, 0x12, 0xf7, 0x7f,
    0xbf, 0x8c, 0x1c, 0xc0, 0x3f, 0xf9, 0x43, 0x0,
    0x60, 0x1f, 0xfc, 0xc1, 0x5, 0x73, 0x22, 0x80,
    0x38, 0x8b, 0xff, 0x80, 0x6d, 0x60, 0x8, 0xcd,
    0xd7, 0x0, 0x67, 0xdd, 0xf6, 0x6e, 0xf6, 0x48,
    0x80, 0x7b, 0xc0, 0x21, 0x80, 0xc, 0x7d, 0xcd,
    0x0, 0xff, 0xe0, 0x31, 0x80, 0x52, 0x1, 0xd4,
    0x20, 0x4a, 0x1, 0xfe, 0x29, 0x0, 0x89, 0xc0,
    0x38, 0x80, 0x23, 0x0, 0xfe, 0x1f, 0x0, 0xdc,
    0x1, 0xfe, 0x10, 0xf, 0xc3, 0xa4, 0x1, 0x21,
    0x83, 0xff, 0xe4, 0x0, 0xa3, 0xfe, 0xc1, 0x0,
    0x1f, 0x98, 0x6, 0x10, 0x4, 0x0, 0x7f, 0xf0,
    0xd, 0x80, 0x1e, 0x20, 0x1f, 0x84, 0x3, 0xff,
    0x82, 0x20, 0x1f, 0xfc, 0xd, 0x64, 0x48, 0x40,
    0x22, 0x44, 0x2c, 0x30, 0x2, 0x0, 0x2, 0x1,
    0xe3, 0x9b, 0xb9, 0x40, 0x2b, 0xba, 0x9c, 0x2,
    0x49, 0x98, 0x3, 0xff, 0x98, 0xcc, 0x0, 0xff,
    0xff, 0x80, 0x7f, 0xf0, 0x12, 0xaf, 0x32, 0x50,
    0xa, 0xf3, 0x2b, 0x80, 0xf, 0xfa, 0xd5, 0xc,
    0xe1, 0x0, 0x88, 0xce, 0x47, 0x70, 0x7, 0xf0,
    0x80, 0x7f, 0xf1, 0x3c, 0x3, 0x10, 0x4, 0x43,
    0x2, 0x1, 0xff, 0xc1, 0x3a, 0x0, 0xca, 0x80,
    0x72, 0xf, 0xdf, 0xff, 0xfc, 0x1c, 0x20,

    /* U+5730 "地" */
    0x0, 0xc2, 0xea, 0x1, 0xfe, 0x4d, 0xd1, 0x80,
    0x7f, 0xdb, 0x14, 0xc0, 0x1f, 0xd2, 0x44, 0x80,
    0xf, 0xf8, 0xc0, 0x18, 0x1, 0xc2, 0x1, 0x10,
    0x1, 0x80, 0x3f, 0xc2, 0x1, 0x8, 0x6, 0x9e,
    0xf4, 0x0, 0xff, 0xe6, 0x30, 0x3, 0x80, 0x3e,
    0x47, 0x10, 0xf, 0xfe, 0x9, 0x0, 0x42, 0x1,
    0xc7, 0x97, 0x1e, 0x20, 0x2, 0x78, 0x0, 0x96,
    0xc, 0x3, 0xfc, 0x58, 0x60, 0x1, 0x20, 0x6,
    0x43, 0x0, 0x42, 0xf8, 0x20, 0x1c, 0x20, 0x1f,
    0xc2, 0x2, 0x20, 0xf, 0xc4, 0x1, 0x97, 0xc0,
    0x3f, 0xe1, 0x40, 0xf, 0x88, 0xc0, 0x30, 0x88,
    0x3, 0x8, 0x80, 0x3d, 0x7b, 0x40, 0x11, 0xee,
    0x8f, 0x80, 0x3f, 0xf, 0x20, 0x7, 0xc4, 0x80,
    0x13, 0x90, 0x61, 0x80, 0x7e, 0x30, 0x10, 0xf,
    0xfe, 0x10, 0x80, 0x70, 0xe8, 0x7, 0xff, 0x20,
    0x50, 0x3, 0x29, 0x0, 0x7f, 0xf2, 0x6e, 0x40,
    0x3f, 0xf8, 0x46, 0x1, 0xfc, 0x64, 0x8, 0x1,
    0xfc, 0x8a, 0x1, 0xff, 0xc0, 0x4c, 0xd3, 0x0,
    0xff, 0x40, 0x80, 0x42, 0x1, 0x90, 0x3, 0xd4,
    0x1, 0xff, 0xc2, 0x20, 0x8, 0xf6, 0x80, 0x3d,
    0x80, 0x1e, 0x20, 0x3, 0x7a, 0x14, 0x68, 0x5,
    0xc4, 0x1, 0xc5, 0x6a, 0x1, 0xe8, 0x12, 0x83,
    0xbd, 0x72, 0x0, 0xfc, 0x75, 0xa8, 0x1, 0xf2,
    0xf6, 0x98, 0x5, 0xba, 0xe3, 0x8, 0x0, 0x1d,
    0xe2, 0x80, 0x46, 0x1, 0x30, 0x7, 0xc4, 0x40,
    0x1b, 0x5, 0xee, 0x62, 0x0, 0x70, 0x80, 0x45,
    0x73, 0x3d, 0x58, 0x1, 0xe1, 0x10, 0x7, 0xe3,
    0x0, 0x91, 0x9b, 0x94, 0x40, 0x2b, 0x0, 0xff,
    0xe0, 0x40, 0x7, 0xff, 0x5, 0x8c, 0x3, 0xff,
    0x80, 0x96, 0xa2, 0x1, 0xf8, 0xe6, 0x40,

    /* U+58F0 "声" */
    0x0, 0xff, 0xe0, 0x4f, 0x6a, 0x0, 0x7f, 0xf2,
    0x8d, 0x84, 0xa0, 0x3, 0xff, 0x80, 0x37, 0xdf,
    0xff, 0x60, 0x4, 0x7f, 0xff, 0xba, 0x0, 0x12,
    0x82, 0x1, 0xff, 0xc8, 0x17, 0x20, 0xd0, 0xf,
    0xfe, 0x58, 0x98, 0x2d, 0xc4, 0x7e, 0x60, 0x8,
    0x62, 0x3f, 0x4f, 0x88, 0x1, 0x1c, 0xc4, 0x7c,
    0x1, 0xc2, 0x3f, 0x1b, 0x8, 0x6, 0x8b, 0x99,
    0xf3, 0x0, 0x43, 0x33, 0xf5, 0xd8, 0x3, 0x8c,
    0x3, 0xff, 0x90, 0xa0, 0x1d, 0x6, 0x1, 0xff,
    0xc6, 0x2b, 0x0, 0xe3, 0xcf, 0xff, 0xfe, 0x36,
    0xa8, 0x7, 0xa3, 0xbf, 0xff, 0xf8, 0x9d, 0x40,
    0x1e, 0x37, 0x10, 0xf, 0xfe, 0x20, 0xab, 0x80,
    0x73, 0x0, 0x7f, 0xf2, 0x38, 0x3, 0x8c, 0x2,
    0x3a, 0xaa, 0x0, 0x22, 0xaa, 0xca, 0x1, 0xff,
    0xc1, 0x55, 0xe0, 0x8, 0x55, 0x76, 0x80, 0x7f,
    0x8, 0x4, 0x4c, 0xd2, 0x80, 0x44, 0xcd, 0xb4,
    0x3, 0xfb, 0x80, 0x24, 0x99, 0xa0, 0x2, 0x19,
    0x9c, 0xa0, 0x1f, 0xca, 0x1, 0xff, 0xce, 0x30,
    0xf, 0xfe, 0x40, 0x80, 0x63, 0x0, 0xdf, 0xff,
    0xfc, 0x1a, 0x0, 0xb0, 0x3, 0x58, 0x4, 0x80,
    0x1f, 0xfc, 0x15, 0xb9, 0xc4, 0x0, 0x85, 0x80,
    0x2d, 0x0, 0xff, 0xe1, 0x23, 0x18, 0x6, 0xb1,
    0x0, 0x9c, 0x3, 0xff, 0x9a, 0xc2, 0x1, 0xff,
    0xc9, 0x81, 0x4, 0x90, 0xf, 0xfe, 0x51, 0x77,
    0x2c, 0x3, 0xff, 0x94,

    /* U+5907 "备" */
    0x0, 0xff, 0xec, 0x2f, 0xf2, 0x0, 0x7f, 0xf2,
    0x8e, 0x80, 0x6c, 0x80, 0x38, 0x44, 0x1, 0xff,
    0xc1, 0x2d, 0x0, 0xdf, 0xbd, 0xff, 0x77, 0x3e,
    0xc4, 0x3, 0xf8, 0xf0, 0x40, 0x31, 0x10, 0x40,
    0x3c, 0x8c, 0x1, 0xf0, 0xc6, 0x8, 0x7, 0xff,
    0xc, 0x80, 0x3c, 0xfc, 0xe0, 0x19, 0x13, 0xe0,
    0xe, 0x25, 0x0, 0xe4, 0x80, 0xf, 0x3c, 0x5d,
    0xd2, 0xe0, 0x18, 0x7c, 0x3, 0xce, 0x1, 0xf1,
    0xe5, 0xb5, 0x69, 0x80, 0x45, 0x84, 0x1, 0xe3,
    0x73, 0x8e, 0x80, 0xc, 0x92, 0xa0, 0x19, 0x74,
    0x80, 0x3f, 0x46, 0x38, 0xa3, 0x0, 0x7f, 0x8d,
    0x8c, 0x3, 0xe3, 0x69, 0xcf, 0xc6, 0x0, 0xff,
    0x34, 0xe7, 0xed, 0x38, 0x1, 0xf2, 0x58, 0xc0,
    0x3f, 0xf8, 0xa4, 0xb1, 0x0, 0xc0, 0xf, 0xe5,
    0xbf, 0xf5, 0xa8, 0x80, 0x7e, 0x20, 0xc0, 0xc,
    0x29, 0x19, 0xf4, 0x80, 0x4, 0xae, 0xc8, 0x53,
    0x0, 0xdc, 0xf, 0x74, 0xc0, 0x29, 0x19, 0xff,
    0xfb, 0x21, 0x4c, 0xd7, 0xbc, 0x80, 0x4, 0x56,
    0x0, 0xff, 0xe2, 0x9c, 0x10, 0x80, 0x62, 0x0,
    0xff, 0xe3, 0x90, 0x7, 0x84, 0x3, 0x4d, 0x51,
    0xc0, 0x35, 0x54, 0x80, 0x1f, 0xfc, 0x38, 0xbb,
    0x30, 0x6, 0xbb, 0x90, 0x3, 0xff, 0x86, 0x23,
    0x80, 0x30, 0x8c, 0x1, 0xff, 0xdf, 0xbc, 0xc4,
    0x0, 0x6c, 0xc9, 0x40, 0x3f, 0xf8, 0x66, 0x88,
    0xe0, 0xc, 0x89, 0x30, 0x7, 0xff, 0xe, 0x22,
    0x60, 0xd, 0x11, 0x18, 0x7, 0xf8, 0x40, 0x3f,
    0xf9, 0xc6, 0x1, 0xff, 0xc7, 0x20, 0xf, 0xc,
    0x8, 0x1f, 0xff, 0xfd, 0x42, 0x5, 0xe0, 0x10,

    /* U+5916 "外" */
    0x0, 0xe3, 0x86, 0x0, 0xfe, 0x78, 0x30, 0xf,
    0xfe, 0x0, 0xe3, 0xcc, 0x0, 0x7d, 0x50, 0xf8,
    0x40, 0x1f, 0xf2, 0x0, 0x44, 0x1, 0xf2, 0x0,
    0x4e, 0x1, 0xff, 0x60, 0x4, 0x40, 0x1f, 0xf1,
    0x80, 0x7f, 0xce, 0x1, 0x3f, 0xfe, 0xd7, 0x0,
    0xff, 0xe2, 0x18, 0x80, 0x7e, 0x28, 0x40, 0xf,
    0xfe, 0x1d, 0x0, 0x7f, 0xc6, 0x1, 0xff, 0xc3,
    0x70, 0x8, 0x47, 0x0, 0x62, 0x0, 0xff, 0xe1,
    0x28, 0x80, 0x5d, 0xd5, 0x0, 0x66, 0x0, 0xff,
    0xe1, 0x70, 0x4, 0xa0, 0x16, 0x0, 0x62, 0x0,
    0xd5, 0xb0, 0x1, 0xe3, 0x40, 0xb, 0x80, 0x23,
    0x0, 0x84, 0x40, 0x18, 0xc9, 0xe8, 0x3, 0xa0,
    0x2, 0x24, 0x0, 0x90, 0x2, 0x50, 0xf, 0xcb,
    0x0, 0x18, 0x40, 0x2b, 0x9a, 0x24, 0x0, 0xd8,
    0x1, 0xfc, 0xec, 0x1, 0x5a, 0x3, 0xfb, 0x2e,
    0xc8, 0x6, 0x40, 0xe, 0x60, 0xd, 0x26, 0x0,
    0x1b, 0xf8, 0x20, 0x8, 0x80, 0x21, 0x30, 0xe,
    0xfa, 0x0, 0xd4, 0x1, 0xe9, 0x0, 0xf9, 0xc0,
    0x3e, 0x57, 0x0, 0xb0, 0x3, 0xc5, 0x82, 0x1,
    0xd4, 0x1, 0xfa, 0x10, 0x65, 0x40, 0x3e, 0x35,
    0x0, 0xc6, 0x60, 0xf, 0xeb, 0xe6, 0x0, 0xfc,
    0xc8, 0x1, 0xa0, 0x3, 0xff, 0x90, 0x72, 0x1,
    0x8d, 0x0, 0x3f, 0xf8, 0xe5, 0xa0, 0x1d, 0xc0,
    0x1f, 0xfc, 0x76, 0xc1, 0x0, 0xd2, 0x40, 0x1f,
    0xfc, 0x6a, 0x91, 0x0, 0xce, 0xc0, 0x1f, 0xfc,
    0x75, 0x0, 0xe7, 0x80, 0xf, 0xfe, 0x41, 0x0,
    0x43, 0x50, 0x1, 0xff, 0xc9, 0x91, 0x6, 0xf5,
    0x0, 0xfc, 0x40, 0x12, 0x80, 0x7f, 0x27, 0x7c,
    0x88, 0x7, 0xf4, 0x10, 0x31, 0x80, 0x7c,

    /* U+591C "夜" */
    0x0, 0xff, 0xee, 0x3d, 0x10, 0x7, 0xff, 0x2f,
    0x21, 0x70, 0x40, 0x3f, 0xf8, 0x22, 0x45, 0xf8,
    0xc0, 0x3, 0x64, 0x5f, 0x8, 0x4, 0x3b, 0xdb,
    0xbf, 0x80, 0x32, 0xee, 0xfd, 0xdc, 0x40, 0x72,
    0x0, 0xff, 0xe5, 0xf, 0x81, 0x0, 0x7f, 0xf3,
    0x8, 0x12, 0x99, 0x56, 0x0, 0x1a, 0xaf, 0x0,
    0x5, 0x57, 0xcd, 0x12, 0x0, 0x59, 0xaa, 0x78,
    0x0, 0xfe, 0xaa, 0xd0, 0x0, 0xe5, 0x57, 0x4b,
    0x80, 0x7d, 0x60, 0x16, 0x0, 0x52, 0x1, 0x5c,
    0xca, 0xa9, 0x2a, 0x1, 0xf4, 0x8, 0x5, 0x60,
    0x9, 0x10, 0x8, 0x99, 0x8a, 0xa6, 0xac, 0x0,
    0xe3, 0x70, 0x9, 0xc8, 0xd, 0x80, 0x3f, 0xe3,
    0x0, 0xc3, 0xa0, 0x1a, 0x0, 0x1c, 0x1, 0xff,
    0xc5, 0xa1, 0x0, 0x8c, 0x1, 0x44, 0x1, 0x5b,
    0xdf, 0xf9, 0x80, 0x24, 0x0, 0xa5, 0x0, 0x3c,
    0xea, 0x1, 0x46, 0xbd, 0x98, 0x30, 0x5, 0xa0,
    0x8, 0x60, 0xf, 0x2c, 0x0, 0x6f, 0x0, 0xae,
    0x0, 0x21, 0x60, 0x2, 0x80, 0x7c, 0x60, 0x1c,
    0xfa, 0x66, 0xc7, 0x0, 0x98, 0x2, 0x80, 0xf,
    0x99, 0x0, 0x3a, 0x77, 0x20, 0x2, 0x18, 0x0,
    0x96, 0x91, 0xc0, 0x3a, 0xed, 0xc6, 0x0, 0x2d,
    0xa3, 0x0, 0xac, 0x3, 0x96, 0xec, 0x1, 0xe4,
    0x1f, 0x0, 0x8d, 0x40, 0x25, 0x50, 0x7, 0xff,
    0x10, 0xe0, 0x3, 0xc5, 0x40, 0x1f, 0xfc, 0x66,
    0x10, 0xe, 0xb0, 0xf, 0xfe, 0x28, 0xc7, 0x8,
    0x7, 0x4d, 0x8, 0x7, 0xff, 0x9, 0xb9, 0xc0,
    0x3f, 0x2f, 0x41, 0x0, 0x7f, 0xcb, 0x20, 0x1c,
    0x4c, 0x1, 0xcf, 0x80, 0x1f, 0xf1, 0x0, 0x73,
    0x6c, 0xd8, 0x80, 0x61, 0x20, 0xc, 0x40, 0x13,
    0x2, 0x0, 0x47, 0x72, 0x0, 0x4f, 0x70, 0x8,
    0x48, 0x3, 0xb, 0x81, 0x40, 0x1d, 0xc6, 0x61,
    0x0, 0x30, 0xc7, 0x54, 0x60, 0x7, 0xa3, 0xf4,
    0x80, 0x8, 0xe6, 0x1, 0xf8, 0x55, 0xc8, 0x0,

    /* U+5929 "天" */
    0x0, 0x88, 0xcf, 0xff, 0x8c, 0x40, 0x1d, 0x5b,
    0x99, 0xff, 0xc6, 0xda, 0x0, 0x85, 0x40, 0x3f,
    0xf9, 0xa, 0x20, 0x1f, 0xfc, 0xd1, 0x0, 0xc,
    0x88, 0x7, 0xff, 0x18, 0xa4, 0x3, 0x37, 0x7f,
    0xfa, 0x40, 0x21, 0xff, 0xfb, 0x58, 0x3, 0xff,
    0xb4, 0x20, 0x1f, 0xfd, 0xe7, 0xdf, 0xff, 0xa0,
    0x2, 0x1f, 0xff, 0xda, 0xc0, 0x50, 0x40, 0x1f,
    0xfc, 0x82, 0x91, 0x10, 0x7, 0xff, 0x30, 0xce,
    0x0, 0xff, 0xe5, 0x21, 0x6, 0x6e, 0x5d, 0xf2,
    0x80, 0x7a, 0xef, 0xd9, 0xb6, 0x1, 0x11, 0xa2,
    0x73, 0x80, 0x7b, 0x11, 0x38, 0xc8, 0x3, 0xfc,
    0xa4, 0x1, 0xe7, 0x20, 0xf, 0xfe, 0x24, 0x0,
    0x61, 0x0, 0xb8, 0x3, 0xff, 0x87, 0x24, 0x1,
    0x35, 0x80, 0x47, 0x20, 0x1f, 0xfc, 0x17, 0x60,
    0x8, 0x65, 0x54, 0x1, 0x34, 0x0, 0x7f, 0xd3,
    0x0, 0x1a, 0xc0, 0x14, 0x40, 0x13, 0xd8, 0x80,
    0x7c, 0xdc, 0xc0, 0x1a, 0x14, 0x2, 0xf1, 0x0,
    0x93, 0xa5, 0x0, 0x27, 0xf9, 0x10, 0xc, 0xee,
    0x0, 0xc5, 0x84, 0x1, 0x9a, 0xf0, 0x6, 0x0,
    0x38, 0x6a, 0x0, 0x3c, 0x58, 0x80, 0x1c, 0x66,
    0x0, 0xf2, 0xfa, 0x80, 0x7e, 0x1b, 0x90, 0xe,
    0x21, 0x80, 0x3, 0x6d, 0x8, 0x7, 0xfc, 0xdd,
    0x4, 0x30, 0x20, 0xff, 0xe9, 0x20, 0xf, 0xfe,
    0x10, 0xbe, 0xf3, 0x80,

    /* U+5931 "失" */
    0x0, 0xff, 0xe9, 0xa, 0x98, 0x6, 0x9f, 0xf2,
    0x80, 0x7f, 0xf0, 0xfe, 0xb3, 0x88, 0x9, 0x80,
    0x10, 0x1, 0xff, 0xc2, 0x51, 0x0, 0x8, 0x1,
    0x80, 0x22, 0x0, 0xff, 0xe1, 0x48, 0x4, 0x44,
    0x0, 0xff, 0xe3, 0x99, 0x80, 0x22, 0xee, 0x50,
    0x6, 0xee, 0xf6, 0xb0, 0x7, 0x48, 0x7, 0x8,
    0xc0, 0x18, 0x47, 0xc5, 0x24, 0x1, 0x12, 0x80,
    0x7f, 0xf2, 0x4, 0x2, 0x90, 0xf, 0xfe, 0x41,
    0x98, 0x0, 0x68, 0x1, 0x25, 0xde, 0x80, 0xd,
    0x77, 0xd9, 0xb8, 0x1, 0x19, 0x0, 0x52, 0x89,
    0x88, 0x3, 0x22, 0x71, 0x90, 0x7, 0x61, 0x83,
    0x90, 0x7, 0xff, 0x24, 0x73, 0x10, 0x1, 0xc4,
    0x1, 0x8, 0x7, 0xfc, 0x59, 0xd9, 0xff, 0xe8,
    0x0, 0x87, 0xff, 0xf7, 0x58, 0xc1, 0x88, 0x7,
    0xff, 0x20, 0x52, 0x4, 0x3, 0xff, 0x98, 0x7e,
    0x20, 0x1f, 0xfc, 0xa1, 0x94, 0xed, 0xdf, 0x60,
    0x7, 0xc7, 0xbb, 0xf7, 0x18, 0x0, 0x8b, 0xd4,
    0x1, 0xf1, 0xb9, 0x17, 0x80, 0x3f, 0x91, 0x80,
    0x31, 0x0, 0x54, 0x40, 0x1f, 0xfc, 0x13, 0xb0,
    0xd, 0x3c, 0x1, 0xb0, 0x80, 0x3f, 0xe6, 0xc0,
    0xc, 0x6c, 0x6e, 0x1, 0xe, 0x20, 0x7, 0xe5,
    0xc9, 0x0, 0xc5, 0xa0, 0x8, 0x40, 0x8, 0x6e,
    0x90, 0x3, 0x37, 0x51, 0x80, 0x62, 0xc1, 0x0,
    0xad, 0x0, 0x32, 0xdf, 0xc0, 0xc, 0x88, 0x7,
    0x2e, 0x8, 0x7, 0x5b, 0x80, 0x79, 0xcc, 0x3,
    0xc3, 0x54, 0x10, 0xf, 0xa2, 0xc8, 0x3, 0x84,
    0x4c, 0x0, 0x4b, 0xe5, 0x0, 0xff, 0x26, 0xc9,
    0x80, 0xc, 0x82, 0x7b, 0xed, 0x0, 0x3f, 0xf8,
    0x4d, 0x9d, 0x98, 0x0,

    /* U+5982 "如" */
    0x0, 0xe8, 0xb6, 0x0, 0xff, 0xe5, 0xab, 0xa4,
    0x98, 0x7, 0xff, 0x2b, 0x0, 0x27, 0x0, 0xf8,
    0xd1, 0x3c, 0x64, 0x1, 0xe2, 0x0, 0x98, 0x3,
    0xdb, 0x97, 0x7e, 0xcd, 0x80, 0xe, 0x50, 0x8,
    0x80, 0x39, 0x48, 0x3, 0xf9, 0xc0, 0x2, 0xf2,
    0x20, 0x14, 0xce, 0x82, 0x30, 0xf, 0xf8, 0x43,
    0x21, 0x80, 0x33, 0x36, 0x7e, 0x10, 0x9, 0x19,
    0xa0, 0xf, 0x10, 0x7, 0xfc, 0x40, 0x1b, 0xa6,
    0x61, 0x0, 0xe7, 0x0, 0xff, 0xe7, 0x47, 0x90,
    0x5, 0x9b, 0x40, 0x11, 0x0, 0x7f, 0xf1, 0x8,
    0x0, 0x66, 0x20, 0xc, 0xe0, 0x1f, 0xfc, 0x33,
    0x0, 0x90, 0x1, 0xa0, 0x11, 0x0, 0x7f, 0xf0,
    0xd0, 0x2, 0xd0, 0x1, 0x0, 0x5e, 0x1, 0xff,
    0xc3, 0xc0, 0x9, 0x0, 0x8, 0x1, 0x28, 0x7,
    0xff, 0xd, 0x80, 0x28, 0x4, 0x10, 0x8, 0xc0,
    0x3f, 0xf8, 0x68, 0x1, 0x35, 0xe8, 0x4, 0xa0,
    0x1f, 0xfc, 0x48, 0x20, 0x9, 0x18, 0x2, 0xf0,
    0xf, 0xfe, 0x20, 0xe1, 0x0, 0x78, 0x54, 0x3,
    0xff, 0x8a, 0x38, 0x60, 0x1c, 0x80, 0x1f, 0xfc,
    0x71, 0xc1, 0x0, 0xca, 0x60, 0x1f, 0xfc, 0x77,
    0x10, 0xe, 0xd1, 0x0, 0xd5, 0xff, 0x8, 0x7,
    0xe5, 0x80, 0xf, 0xa, 0x80, 0x7f, 0xf0, 0xc6,
    0x28, 0x2, 0x14, 0x0, 0x12, 0x0, 0x7f, 0xf0,
    0xf1, 0xc0, 0x36, 0xdc, 0xbe, 0x0, 0x80, 0x44,
    0x67, 0x0, 0x61, 0x2, 0x20, 0x4, 0x38, 0x60,
    0xd0, 0x20, 0x40, 0x17, 0x66, 0x46, 0x0, 0x30,
    0x1, 0x18, 0x1, 0x7c, 0xc0, 0x3c, 0x8c, 0x4c,
    0x60, 0x16, 0x55, 0x30, 0x2, 0xcc, 0x75, 0x8,
    0x7, 0xe9, 0xd9, 0x0, 0xe5, 0x50, 0x0,

    /* U+59CB "始" */
    0x0, 0xff, 0xea, 0x45, 0x20, 0x7, 0xf3, 0x4a,
    0x80, 0x7f, 0xf0, 0x19, 0xd6, 0xc0, 0x3f, 0x24,
    0xb5, 0x30, 0x7, 0xfd, 0xe0, 0x11, 0x0, 0x7d,
    0xe0, 0x17, 0x80, 0x7f, 0xc4, 0x1, 0x10, 0x7,
    0x8d, 0x0, 0x2c, 0x0, 0xff, 0x94, 0x0, 0x40,
    0x1f, 0x48, 0x4, 0x2a, 0xb, 0x8e, 0x1, 0xc5,
    0x2, 0x0, 0x39, 0x94, 0x10, 0x0, 0x94, 0x2,
    0xb0, 0x5a, 0x38, 0x80, 0x6, 0xc7, 0x0, 0x85,
    0x98, 0xfc, 0x0, 0xb0, 0x8, 0xd4, 0x4, 0x2,
    0x72, 0x0, 0x84, 0x3, 0xf1, 0x1, 0xb0, 0x5,
    0xe0, 0x4, 0x50, 0xa, 0x40, 0x23, 0x0, 0xfe,
    0x1d, 0x0, 0x8d, 0x5e, 0x25, 0x80, 0x24, 0x40,
    0x3, 0x10, 0x2, 0xd1, 0x0, 0x1b, 0x8, 0x4,
    0x73, 0xe, 0xc6, 0x1, 0xa4, 0x2, 0x60, 0x1,
    0x90, 0x80, 0x7, 0xc0, 0x3f, 0xf8, 0x44, 0x80,
    0x2, 0x0, 0x29, 0x0, 0x4d, 0xa0, 0x1f, 0xfc,
    0x3c, 0x4, 0x0, 0xb1, 0x80, 0x22, 0x55, 0x1,
    0x23, 0x44, 0xde, 0xf7, 0xf1, 0xb, 0xc0, 0x18,
    0x4, 0xf8, 0x1, 0x68, 0x57, 0xed, 0xcb, 0xb2,
    0x10, 0x80, 0xef, 0x40, 0x3, 0xc0, 0x2b, 0x40,
    0x9, 0xc0, 0x6, 0xf1, 0x1f, 0x9d, 0x0, 0x36,
    0x80, 0x4c, 0x60, 0x1, 0x20, 0x4c, 0x87, 0x7f,
    0xd1, 0x6e, 0x1, 0x2a, 0x80, 0x3c, 0x80, 0xd,
    0x0, 0xff, 0xe0, 0x58, 0x6, 0xa5, 0x0, 0xec,
    0x0, 0x18, 0x7, 0xff, 0x0, 0x40, 0x3a, 0x94,
    0x3, 0x68, 0x7, 0xbb, 0xff, 0x70, 0x7, 0xf8,
    0x80, 0x32, 0x48, 0x7, 0x8, 0x6, 0x10, 0xf,
    0xe1, 0x70, 0xe, 0x64, 0x0, 0xff, 0xe3, 0xc0,
    0x7, 0xcc, 0x1, 0xff, 0xc6, 0x86, 0x0, 0xb1,
    0x11, 0xa4, 0x1, 0xbf, 0xfc, 0x1, 0xf2, 0x38,
    0x5, 0x7, 0x76, 0x20, 0xf, 0xfe, 0x52, 0x38,
    0x7, 0xff, 0x29, 0x18, 0x5e, 0xc0, 0x3c, 0x40,
    0x13, 0x37, 0x80, 0x26, 0x0, 0xd3, 0xd0, 0x1,
    0xf4, 0x90, 0x2c, 0xcf, 0x98, 0x6, 0x0, 0x0,

    /* U+5B57 "字" */
    0x0, 0xff, 0xe0, 0x9, 0x80, 0x7f, 0xf2, 0xdf,
    0xb2, 0xc0, 0x3f, 0xf9, 0x27, 0x0, 0x4, 0x60,
    0xf, 0xf8, 0xa6, 0xab, 0xe8, 0x0, 0xd1, 0x55,
    0xf4, 0x98, 0x3, 0x19, 0x57, 0xe4, 0x0, 0xc2,
    0xab, 0xf3, 0x61, 0x10, 0x40, 0x3f, 0xf9, 0x6e,
    0x20, 0x1f, 0xfc, 0xc3, 0x0, 0xc7, 0xbb, 0xff,
    0xc4, 0x10, 0x8, 0xc8, 0x2, 0x62, 0x2f, 0x8c,
    0xc0, 0x10, 0x81, 0x14, 0x1, 0x8, 0x94, 0x1,
    0x21, 0x1b, 0xff, 0xbb, 0x9b, 0xb6, 0x6e, 0xc,
    0x80, 0xd, 0x2, 0xbb, 0xcd, 0x1c, 0x80, 0x3f,
    0xe3, 0x65, 0xfd, 0xc0, 0x8, 0x40, 0x2, 0x1,
    0xff, 0xc2, 0x20, 0x1, 0x0, 0x7c, 0xac, 0x20,
    0x1f, 0xf2, 0x28, 0x7, 0xfd, 0x3d, 0xff, 0xa8,
    0x3, 0x96, 0xc0, 0x3f, 0xf8, 0xb5, 0x40, 0xd,
    0x34, 0x1, 0xff, 0xc5, 0x25, 0x0, 0x93, 0x58,
    0x3, 0xf9, 0xfb, 0xff, 0xed, 0x0, 0xc9, 0xbf,
    0xfe, 0xea, 0x2, 0x81, 0x0, 0xff, 0xe4, 0xa,
    0xb0, 0x7, 0xff, 0x38, 0xa0, 0x84, 0x7f, 0x0,
    0x61, 0x1f, 0xc4, 0xcc, 0x7, 0xde, 0xef, 0xb4,
    0x3, 0x6f, 0x77, 0xdb, 0x20, 0x1f, 0xff, 0x21,
    0x60, 0xc, 0x20, 0x1f, 0xfc, 0x41, 0xdf, 0xea,
    0x0, 0xc6, 0x1, 0xff, 0xc4, 0x62, 0x0, 0xf1,
    0x8, 0x7, 0xff, 0x32, 0x40, 0x3f, 0xf8, 0xac,
    0x60, 0x1, 0x37, 0xd4, 0x0, 0xff, 0xe2, 0x8e,
    0x7f, 0xbb, 0x20, 0x80, 0x3f, 0xf8, 0x0,

    /* U+5B58 "存" */
    0x0, 0xff, 0x22, 0x4, 0x3, 0xff, 0x98, 0x57,
    0x6e, 0x50, 0xf, 0xfe, 0x5d, 0x0, 0x5c, 0x1,
    0xff, 0xc6, 0x11, 0xe5, 0x0, 0x84, 0x7f, 0xe0,
    0xe, 0x1c, 0xfe, 0xee, 0x20, 0x9, 0x7b, 0xbf,
    0xdf, 0xc6, 0x0, 0x73, 0x0, 0xff, 0xe5, 0xc,
    0x0, 0xc, 0x3, 0xff, 0x98, 0x20, 0x5, 0x73,
    0x22, 0x80, 0x38, 0x8b, 0xff, 0x80, 0x6d, 0x60,
    0x14, 0x66, 0xeb, 0x80, 0x34, 0x6e, 0xfd, 0x98,
    0xff, 0x6e, 0x48, 0x80, 0x7d, 0xc0, 0x10, 0xb9,
    0xde, 0xf7, 0xfd, 0xdc, 0xdd, 0x7b, 0x0, 0x7e,
    0x72, 0x0, 0xa0, 0x39, 0x8, 0x40, 0x3f, 0x48,
    0x7, 0xc7, 0x0, 0x11, 0xb0, 0x7, 0xff, 0x4,
    0x80, 0x3c, 0x3a, 0x1, 0xb8, 0x1, 0xc8, 0x45,
    0x84, 0x3, 0xf, 0x0, 0x71, 0x60, 0x80, 0x4a,
    0x40, 0x3, 0xbd, 0xdb, 0xc0, 0x30, 0xe1, 0x80,
    0x64, 0xc2, 0x0, 0xc6, 0x1, 0xf0, 0xe8, 0x80,
    0xb, 0xc8, 0x3, 0xa8, 0x40, 0x3f, 0xf8, 0x24,
    0x1, 0xb0, 0x40, 0x3f, 0xf8, 0x67, 0x7b, 0xbc,
    0x1, 0xb3, 0x76, 0xb4, 0x0, 0x40, 0x0, 0x80,
    0x3b, 0x50, 0x8b, 0x8, 0x6, 0x22, 0xc9, 0x60,
    0x6, 0x65, 0x28, 0x7, 0xff, 0x36, 0x54, 0x3,
    0xd6, 0x40, 0x1f, 0xfc, 0x12, 0x90, 0xf, 0xf9,
    0x77, 0xff, 0x58, 0x4, 0x3f, 0xfb, 0x58, 0x3,
    0xff, 0xf7, 0x39, 0x40, 0x11, 0x80, 0x7f, 0xde,
    0x1, 0xf9, 0x98, 0x62, 0x1, 0x8, 0x7, 0xfc,
    0x40, 0x17, 0x80, 0x61, 0x0, 0xf4, 0x80, 0x7f,
    0xca, 0xc4, 0xac, 0x1, 0x99, 0x0, 0x4, 0xd8,
    0xa0, 0x1f, 0xfc, 0x9, 0xda, 0x0, 0xe1, 0xbf,
    0xf6, 0xc9, 0x80, 0x7e,

    /* U+5B66 "学" */
    0x0, 0xff, 0xe9, 0x98, 0x7, 0x37, 0x60, 0x7,
    0x12, 0x80, 0x7f, 0x56, 0x68, 0x6, 0x91, 0x38,
    0x0, 0xd9, 0x5c, 0x40, 0x1e, 0x35, 0x2, 0x90,
    0xf, 0x28, 0x4, 0xc2, 0x3, 0x40, 0x1e, 0x34,
    0x0, 0x30, 0x80, 0x18, 0x0, 0x20, 0x1, 0x90,
    0xb, 0x0, 0x31, 0x44, 0x80, 0x6b, 0x99, 0x18,
    0x1, 0xe6, 0x58, 0x1, 0xb6, 0x10, 0x1, 0x8e,
    0xc8, 0x1, 0x2b, 0x31, 0x40, 0x8, 0xcc, 0x20,
    0xc, 0xcf, 0x68, 0x62, 0x1, 0xff, 0xcb, 0xc7,
    0x0, 0xff, 0xe6, 0xb8, 0x5, 0x1f, 0xff, 0xfc,
    0x48, 0x0, 0xc4, 0x1, 0x10, 0x1c, 0x4d, 0x52,
    0xed, 0x98, 0xdd, 0xb1, 0x80, 0xc0, 0x2d, 0x1a,
    0x58, 0x53, 0xc7, 0x65, 0x52, 0x20, 0xcc, 0x45,
    0x1c, 0xa2, 0x25, 0x61, 0x41, 0x69, 0xc1, 0x80,
    0x3f, 0xf8, 0x8d, 0x4e, 0x1, 0xe5, 0x50, 0x80,
    0x7f, 0xcc, 0x80, 0x1f, 0xf5, 0x77, 0xfd, 0xca,
    0x1, 0x86, 0xa4, 0x3, 0xff, 0x8b, 0xea, 0x1,
    0x1f, 0xa8, 0x7, 0xff, 0x14, 0x84, 0x2, 0x7c,
    0x10, 0xf, 0xc3, 0x9f, 0xff, 0xb4, 0x3, 0x3f,
    0xff, 0xed, 0x37, 0x30, 0xf, 0xfe, 0x51, 0x41,
    0x0, 0x7f, 0xf3, 0x9, 0x25, 0x57, 0xf2, 0x0,
    0x64, 0x55, 0xfd, 0x12, 0xd, 0x55, 0xfa, 0x40,
    0x35, 0x57, 0xf3, 0x80, 0x7f, 0xf5, 0xaf, 0x32,
    0x0, 0xc2, 0x1, 0xff, 0xc4, 0x44, 0x19, 0x84,
    0x2, 0x10, 0xf, 0xfe, 0x6c, 0x0, 0x7f, 0xf1,
    0x51, 0x0, 0x1, 0x36, 0xc6, 0x0, 0xff, 0xe3,
    0x5f, 0xfb, 0xb2, 0x4c, 0x3, 0xff, 0x80,

    /* U+5B8C "完" */
    0x0, 0xff, 0xed, 0x15, 0xfd, 0x0, 0x7f, 0xf2,
    0x87, 0x50, 0x14, 0x80, 0x3f, 0xf9, 0x2a, 0x1,
    0xac, 0x3, 0xff, 0x80, 0xbd, 0xff, 0xf5, 0x80,
    0x66, 0xff, 0xfd, 0x0, 0x15, 0x88, 0x7, 0xff,
    0x25, 0xc8, 0x0, 0x20, 0x1f, 0xfc, 0xb6, 0x1,
    0x0, 0xc4, 0x5f, 0xfc, 0x40, 0xf, 0xfb, 0x77,
    0xff, 0x88, 0x1, 0xe1, 0x0, 0xe3, 0xac, 0xcf,
    0xf5, 0x18, 0x7, 0x38, 0x1, 0x0, 0xa, 0x18,
    0xa6, 0x7f, 0xe5, 0xd0, 0x60, 0x1, 0x18, 0x2,
    0xea, 0xa0, 0xf, 0xfe, 0x10, 0x84, 0xdd, 0x60,
    0x6, 0x55, 0x0, 0x24, 0x80, 0x3f, 0xc5, 0x40,
    0x4, 0x51, 0x0, 0xfc, 0xdb, 0xff, 0xfe, 0xd5,
    0x0, 0xfc, 0xf7, 0x99, 0xff, 0xc8, 0xb9, 0x10,
    0x48, 0x43, 0x3f, 0xfe, 0x42, 0x34, 0x1, 0x0,
    0x7f, 0xf3, 0x8, 0x19, 0x0, 0x3f, 0xf9, 0x45,
    0x0, 0xb, 0xff, 0xe1, 0x0, 0xab, 0xfc, 0xc0,
    0x13, 0x7f, 0xf6, 0x98, 0x7, 0xe1, 0x0, 0x9c,
    0x0, 0x20, 0x1f, 0xfc, 0x64, 0x0, 0xc4, 0x1,
    0xff, 0x8, 0x80, 0x3f, 0x40, 0x4, 0x40, 0x1f,
    0xf2, 0xf7, 0x2c, 0x3, 0x97, 0x8c, 0x2, 0xa0,
    0xf, 0xfb, 0x40, 0x8, 0x40, 0x8, 0xea, 0x10,
    0x8, 0x58, 0x3, 0xe6, 0xbb, 0x9c, 0x3, 0xad,
    0xc4, 0x3, 0xa8, 0x40, 0x3f, 0x22, 0x40, 0x10,
    0x90, 0x20, 0x7, 0x16, 0x20, 0x6, 0xa1, 0x0,
    0xfe, 0xb0, 0x2, 0x0, 0x47, 0x5a, 0x60, 0x1c,
    0x5a, 0x20, 0x1e, 0x29, 0x50, 0x5, 0xd5, 0x3b,
    0x14, 0x3, 0xf1, 0xf7, 0xff, 0xb5, 0x80, 0x0,

    /* U+5BA2 "客" */
    0x0, 0xff, 0xec, 0xbf, 0x7a, 0x80, 0x7f, 0xf2,
    0x4e, 0x4, 0x28, 0x40, 0x3f, 0xe2, 0x9b, 0xbf,
    0xbc, 0x3, 0x7d, 0xdf, 0xd2, 0x40, 0xf, 0x64,
    0x4f, 0x8c, 0x3, 0xa, 0x27, 0xcd, 0xe0, 0x2,
    0x0, 0xff, 0xe5, 0x10, 0x88, 0x3, 0xff, 0xa2,
    0x3f, 0xf5, 0x0, 0x4b, 0xff, 0xf7, 0x0, 0x70,
    0x80, 0x44, 0x0, 0x4a, 0x0, 0x97, 0xff, 0xd2,
    0x60, 0x18, 0x42, 0x44, 0x50, 0xb, 0x60, 0x1f,
    0xf3, 0x68, 0x0, 0x68, 0x0, 0xdd, 0xc0, 0xba,
    0x0, 0xff, 0xe1, 0x6f, 0xf2, 0x80, 0x6a, 0xb4,
    0x0, 0xc7, 0xbd, 0xca, 0x0, 0xea, 0x20, 0xf,
    0x94, 0x3, 0xc7, 0xe9, 0x34, 0x1, 0xa1, 0x40,
    0x3f, 0x18, 0x1, 0x10, 0x1, 0x15, 0x38, 0x6,
    0x87, 0x0, 0xfe, 0xda, 0xdb, 0xb3, 0x80, 0x7e,
    0x77, 0x0, 0x7f, 0x85, 0x48, 0xe1, 0x80, 0x3f,
    0x3f, 0x53, 0x10, 0x7, 0x89, 0x67, 0x71, 0xc4,
    0x3, 0xf8, 0x56, 0x77, 0xf1, 0x0, 0x19, 0xb4,
    0xc4, 0x1, 0xc2, 0xca, 0x1, 0xfc, 0x72, 0x8,
    0x60, 0x1f, 0x9b, 0x6a, 0x6d, 0x40, 0x3f, 0x18,
    0x28, 0x7, 0xf3, 0x66, 0x56, 0xa0, 0x1f, 0xa4,
    0x6, 0xde, 0x64, 0x1, 0xff, 0xc4, 0xad, 0xe7,
    0x0, 0x24, 0x32, 0x80, 0x7f, 0xf1, 0x48, 0x40,
    0x3f, 0xc9, 0xdd, 0xf8, 0x40, 0x3f, 0xf8, 0x8c,
    0x89, 0xf8, 0x40, 0x3f, 0xf8, 0x85, 0x55, 0xf8,
    0x3, 0xff, 0xa4, 0x20, 0x1f, 0x88, 0x3, 0xff,
    0x88, 0xc0, 0x1f, 0x85, 0x80, 0x11, 0xff, 0xf9,
    0x80, 0xe, 0x40, 0x1f, 0xd3, 0xfe, 0x70, 0xf,
    0xd3, 0xfe, 0x80, 0xe,

    /* U+5BB6 "家" */
    0x0, 0xff, 0xe0, 0x89, 0x0, 0x7f, 0xf2, 0xca,
    0xbb, 0x50, 0x3, 0xff, 0x95, 0x8a, 0x0, 0x80,
    0xf, 0xfe, 0x1, 0xde, 0xf7, 0x7c, 0x20, 0x11,
    0xf7, 0x7d, 0xb4, 0x20, 0xd, 0x42, 0x11, 0xf8,
    0x3, 0x84, 0x7e, 0x25, 0xb0, 0x0, 0x80, 0x7f,
    0xf2, 0xdc, 0x4, 0x3, 0x19, 0xff, 0xf1, 0x8,
    0x3, 0xf8, 0x73, 0x62, 0x3f, 0xf8, 0x1f, 0x90,
    0x1, 0xc2, 0x20, 0x2, 0xa7, 0x5d, 0xff, 0xf0,
    0x33, 0xe, 0x1, 0x38, 0x2, 0x8c, 0xd1, 0x80,
    0x1f, 0xfc, 0x23, 0x34, 0x1a, 0x40, 0x1, 0x33,
    0x7, 0x42, 0x1, 0xff, 0xc1, 0x61, 0x7c, 0xb2,
    0x0, 0xf1, 0x76, 0xb0, 0x7, 0x26, 0x77, 0x5f,
    0x20, 0x1f, 0xf2, 0x56, 0xb0, 0x6, 0x1a, 0x31,
    0x19, 0xbf, 0x8c, 0x3, 0xc7, 0x9f, 0x6a, 0x1,
    0xe1, 0xd0, 0xa, 0x64, 0x3, 0xc0, 0x1e, 0xd3,
    0x0, 0xe6, 0x90, 0x8, 0xdc, 0xb5, 0x80, 0x26,
    0x0, 0xf1, 0x80, 0x47, 0x18, 0x12, 0x1, 0xa3,
    0x48, 0x2, 0x2a, 0x0, 0xf7, 0xc4, 0xec, 0xe6,
    0x18, 0x3, 0xfe, 0xf1, 0x0, 0xf1, 0x13, 0x36,
    0x90, 0x2, 0x26, 0x0, 0xfc, 0xa0, 0x1f, 0x65,
    0x28, 0x6, 0x3a, 0x94, 0x0, 0xca, 0x1, 0x50,
    0x7, 0x90, 0xc0, 0x32, 0xe7, 0xf5, 0x90, 0x6,
    0xf4, 0x0, 0x12, 0x0, 0x72, 0x80, 0x6, 0x3b,
    0x91, 0x88, 0x1, 0xe2, 0xe0, 0xa, 0x40, 0x38,
    0x7b, 0x7c, 0x3e, 0xd0, 0x3, 0xf9, 0x48, 0x0,
    0x54, 0x1, 0xc5, 0x3d, 0x2, 0x1, 0x8a, 0xcc,
    0x2, 0x20, 0x90, 0x9, 0x78, 0xc0, 0x9, 0x88,
    0x1, 0xc3, 0x3a, 0xe6, 0x1, 0x30, 0x22, 0x80,
    0x43, 0xe0, 0xd, 0x0, 0xe2, 0x92, 0xab, 0xd0,
    0xc, 0x60, 0xa, 0x40, 0x9, 0x80, 0x1e, 0x1,
    0x1d, 0x6b, 0x59, 0xa0, 0x80, 0x48, 0x1, 0xae,
    0x8, 0xe0, 0x0, 0xd5, 0x19, 0x85, 0x0, 0x20,
    0x7, 0x1d, 0x80, 0x73, 0xee, 0x10, 0x4, 0xae,
    0x60, 0x18, 0xc8, 0x0, 0x4f, 0x80, 0x1f, 0xf0,

    /* U+5BB9 "容" */
    0x0, 0xff, 0xe0, 0x13, 0x98, 0x7, 0xff, 0x2a,
    0x36, 0x34, 0x3, 0xff, 0x92, 0x6e, 0x0, 0x16,
    0x0, 0xff, 0x93, 0x7f, 0xfe, 0xc0, 0xd, 0x3f,
    0xff, 0x6a, 0x0, 0x28, 0x80, 0x3f, 0xf9, 0x5,
    0x40, 0x22, 0x0, 0xff, 0xe5, 0x8, 0x80, 0x39,
    0x13, 0xff, 0x88, 0x1, 0xc2, 0x1, 0xd, 0xd8,
    0x50, 0xae, 0xfc, 0x65, 0x37, 0x60, 0xc, 0x20,
    0x60, 0x1a, 0x54, 0x1a, 0xc0, 0x34, 0x3b, 0x6c,
    0x1, 0x0, 0x8, 0x1, 0xae, 0xaa, 0xc6, 0x0,
    0x84, 0x3, 0x18, 0x4, 0xfb, 0xc, 0xcf, 0x0,
    0xc, 0x7a, 0x18, 0x4, 0x94, 0x35, 0x42, 0xa4,
    0x0, 0x8a, 0xbe, 0x48, 0x3, 0x50, 0x6, 0x6b,
    0xd, 0x55, 0x69, 0x5c, 0x0, 0x69, 0x60, 0xf,
    0xea, 0x90, 0xa3, 0x0, 0xb8, 0x5e, 0xc4, 0x0,
    0x28, 0x1, 0xd2, 0x2b, 0xca, 0x14, 0xa0, 0x18,
    0xb0, 0x93, 0x8, 0x98, 0x40, 0x1c, 0xdd, 0x42,
    0x5a, 0xa0, 0x10, 0x80, 0xb, 0x54, 0xb7, 0x44,
    0x1, 0xfc, 0xda, 0x40, 0x15, 0xf9, 0x0, 0x55,
    0x41, 0x0, 0xfe, 0x2b, 0x90, 0xd, 0x48, 0x38,
    0x60, 0x12, 0xf3, 0x88, 0x7, 0x14, 0xea, 0x0,
    0x43, 0x8a, 0x0, 0x1c, 0x60, 0xd, 0x1d, 0x22,
    0x0, 0x8d, 0x60, 0xe, 0x1c, 0xff, 0xe6, 0x0,
    0xf3, 0x60, 0x1, 0xc0, 0x3f, 0xf9, 0x44, 0x0,
    0x30, 0xf, 0xfe, 0x39, 0x80, 0x1c, 0x1, 0xaf,
    0x38, 0x1, 0xb, 0xbf, 0xe0, 0xd, 0x3f, 0xd0,
    0x0, 0x18, 0x61, 0x0, 0x96, 0x23, 0xf1, 0x0,
    0x70, 0x80, 0x7f, 0x96, 0x23, 0xf1, 0x0, 0x7f,
    0xf1, 0x5, 0xdf, 0xf0, 0x7, 0xff, 0x48, 0x40,
    0x3f, 0x10, 0x7, 0xff, 0x11, 0x80, 0x3f, 0xa0,
    0x0, 0xff, 0xff, 0x98, 0x0, 0xc4, 0x1, 0x80,

    /* U+5BC6 "密" */
    0x0, 0xff, 0xe0, 0x1b, 0x8, 0x7, 0xff, 0x2e,
    0xf2, 0x60, 0x3, 0xff, 0x94, 0x68, 0x0, 0x61,
    0x0, 0xff, 0xe0, 0x37, 0x7f, 0xfd, 0x80, 0x1b,
    0xbf, 0xfe, 0xe7, 0x0, 0xc, 0x88, 0x7, 0xff,
    0x20, 0x60, 0x40, 0xc0, 0x3f, 0xf9, 0x84, 0x1,
    0xc2, 0xef, 0x84, 0x0, 0x6e, 0xff, 0x80, 0x3c,
    0x60, 0x12, 0x44, 0x52, 0x20, 0x3, 0x4b, 0x8b,
    0x56, 0xc8, 0x20, 0x8, 0x80, 0x58, 0x6, 0x40,
    0x32, 0x80, 0x46, 0xa7, 0x84, 0x30, 0x10, 0x0,
    0x61, 0x0, 0x4f, 0xf8, 0x40, 0x11, 0xc9, 0x4a,
    0x8, 0x78, 0x1, 0x30, 0x3f, 0xfa, 0x40, 0x30,
    0xfe, 0xd0, 0x38, 0x9, 0x55, 0x2, 0x80, 0x22,
    0xbb, 0x6e, 0x88, 0x3, 0xac, 0x41, 0x44, 0x2,
    0xe7, 0xa4, 0x0, 0x8f, 0x1, 0x0, 0xb0, 0x80,
    0x28, 0x50, 0x2, 0x0, 0x66, 0x80, 0xd, 0x1a,
    0xce, 0x40, 0x1, 0xc2, 0x0, 0x30, 0x5, 0x6,
    0x1, 0xf1, 0xeb, 0xba, 0x24, 0x4, 0x0, 0x32,
    0x0, 0xa0, 0x1, 0xfe, 0x80, 0x7e, 0xec, 0x90,
    0xb, 0x0, 0x21, 0x0, 0x84, 0xc, 0xc0, 0x1f,
    0x8c, 0xe0, 0x9, 0xca, 0x86, 0x28, 0xa, 0xc4,
    0x3, 0xff, 0x88, 0x94, 0xb, 0xce, 0x1, 0xf8,
    0xe7, 0xb2, 0xea, 0xbd, 0x7d, 0x60, 0x1f, 0x12,
    0x81, 0x3e, 0x61, 0x84, 0xd0, 0x22, 0x2, 0xaa,
    0x41, 0x14, 0xd1, 0x80, 0x75, 0x7e, 0x5, 0x90,
    0x6, 0xa2, 0x25, 0x0, 0x6b, 0x65, 0xd0, 0xf,
    0xb5, 0xdd, 0xc0, 0x10, 0x80, 0x42, 0x1, 0x90,
    0x0, 0x24, 0x1, 0xe3, 0x0, 0x18, 0x7, 0xff,
    0x3c, 0x40, 0x6, 0x1, 0x84, 0x3, 0xff, 0x8d,
    0xdf, 0xed, 0x0, 0xdd, 0xff, 0x8, 0x7, 0xff,
    0x64, 0xc0, 0x3f, 0xf8, 0xe4, 0x1, 0xee, 0x64,
    0x33, 0xff, 0xe0, 0x88, 0x2, 0x0, 0x30,

    /* U+5BF9 "对" */
    0x0, 0xff, 0xe4, 0xd, 0xf4, 0x80, 0x7f, 0xf3,
    0x25, 0x5, 0x8c, 0x3, 0xff, 0x96, 0x40, 0x12,
    0x80, 0x73, 0x66, 0xf7, 0x7a, 0xd4, 0x3, 0xff,
    0x88, 0x52, 0x64, 0x23, 0xe4, 0xa1, 0x0, 0xff,
    0xe1, 0x88, 0x7, 0xfc, 0x40, 0x1f, 0xfc, 0x33,
    0x60, 0xf, 0xfa, 0x7b, 0xff, 0x28, 0x5, 0x3c,
    0xe0, 0x14, 0xff, 0xf7, 0x0, 0x67, 0x61, 0x0,
    0xfe, 0x18, 0x10, 0xf, 0xca, 0x1, 0xb, 0x80,
    0x7f, 0xf2, 0x8c, 0x2, 0x53, 0x72, 0x11, 0xc0,
    0x1c, 0x52, 0x20, 0x3, 0xef, 0x80, 0x6, 0x0,
    0x46, 0x11, 0xbd, 0xd9, 0x40, 0x29, 0xd6, 0x0,
    0xa4, 0x41, 0xe8, 0x50, 0x2, 0xd0, 0xf, 0xfe,
    0x29, 0x0, 0x4b, 0xe0, 0x19, 0x1, 0xb2, 0x0,
    0x3f, 0xf8, 0x30, 0x80, 0x10, 0x80, 0x46, 0x2b,
    0x26, 0xf0, 0x1, 0xff, 0xc1, 0xb4, 0x0, 0xf5,
    0x83, 0x0, 0x4e, 0x60, 0x1f, 0xfc, 0x1b, 0x30,
    0xe, 0x40, 0x34, 0x0, 0xbc, 0x3, 0xff, 0x85,
    0xa0, 0x1d, 0x0, 0x8, 0x0, 0x8c, 0x3, 0xff,
    0x84, 0x40, 0x1c, 0x94, 0x6, 0x80, 0x3, 0x0,
    0xff, 0xe1, 0x40, 0x7, 0x95, 0xc2, 0x16, 0x74,
    0x3, 0xff, 0x82, 0x88, 0x0, 0xfa, 0x0, 0xe9,
    0x84, 0x3, 0xff, 0x83, 0x20, 0x10, 0xb0, 0x6,
    0x20, 0xf, 0xfe, 0x24, 0x90, 0x5, 0x12, 0x80,
    0x6, 0x20, 0xf, 0xfe, 0x1c, 0xb0, 0x4, 0x6c,
    0x14, 0xd9, 0x20, 0x18, 0xd1, 0xc0, 0x23, 0x0,
    0xc6, 0xc0, 0x1b, 0x80, 0x3, 0x26, 0x1, 0xab,
    0x2c, 0x80, 0x21, 0x0, 0xc2, 0x1, 0xa8, 0x80,
    0x3f, 0x94, 0x3, 0xca, 0x1, 0x89, 0xc0, 0x69,
    0x40, 0x3f, 0xf8, 0x8e, 0x20, 0x1d, 0x1d, 0xc5,
    0x0, 0xff, 0xa8, 0x40, 0x96, 0xe0, 0x3, 0x0,

    /* U+5C0F "小" */
    0x0, 0xff, 0xe0, 0x88, 0x80, 0x3f, 0xf9, 0xb1,
    0xdc, 0xb0, 0xf, 0xfe, 0x58, 0xb8, 0x1, 0xc,
    0x3, 0xff, 0x94, 0x60, 0x19, 0x80, 0x3f, 0xff,
    0xe0, 0x1f, 0xfc, 0x11, 0x0, 0xff, 0xd, 0x63,
    0x80, 0x7f, 0xc3, 0x9d, 0xa2, 0x1, 0xfa, 0xd4,
    0xe2, 0x0, 0x1f, 0xe9, 0x30, 0x2a, 0x0, 0xfc,
    0x80, 0x11, 0x0, 0x7f, 0xf0, 0x90, 0xc0, 0x3c,
    0x62, 0x1, 0x10, 0x7, 0xfa, 0x80, 0x34, 0x80,
    0x7a, 0xc0, 0x36, 0x0, 0x7f, 0x89, 0x0, 0x25,
    0x20, 0xe, 0x50, 0xc, 0x80, 0x1f, 0xf7, 0x80,
    0x6a, 0x0, 0xc4, 0x40, 0x9, 0x0, 0x3f, 0xf8,
    0x8, 0x20, 0x13, 0x0, 0x6a, 0x0, 0xd8, 0x1,
    0xff, 0xc1, 0x70, 0x8, 0x58, 0x2, 0x60, 0xc,
    0xa0, 0x1f, 0xfc, 0x1a, 0x0, 0xd4, 0x0, 0x51,
    0x0, 0x8c, 0x80, 0x3f, 0xf8, 0x26, 0x40, 0x11,
    0x90, 0x48, 0x6, 0x90, 0xf, 0xfe, 0x1a, 0x80,
    0x64, 0x8, 0x0, 0x91, 0x40, 0x3f, 0xf8, 0x76,
    0x1, 0x8c, 0x13, 0x15, 0xac, 0x3, 0xff, 0x88,
    0x64, 0x2, 0xea, 0x0, 0x3a, 0x90, 0xf, 0xfe,
    0x36, 0xff, 0x40, 0x7, 0xff, 0x64, 0x44, 0x48,
    0x1, 0x84, 0x3, 0xff, 0x8c, 0xdd, 0xcd, 0x90,
    0xc, 0xe0, 0x1f, 0xfc, 0x6f, 0x0, 0xfc, 0x60,
    0x1f, 0xfc, 0x61, 0x0, 0xfa, 0x40, 0x3f, 0xf8,
    0xf2, 0x60, 0x10, 0xb6, 0xb0, 0x7, 0xff, 0x1c,
    0x73, 0xfe, 0xe9, 0x20, 0xf, 0xfe, 0x8,

    /* U+5C4F "屏" */
    0x0, 0x8f, 0x3f, 0xff, 0xf8, 0xdd, 0x64, 0x1,
    0xbc, 0xc0, 0x3f, 0xf8, 0xc2, 0x90, 0x1, 0x88,
    0x3, 0xff, 0x92, 0xe0, 0x1f, 0x9a, 0x23, 0xff,
    0x82, 0x60, 0x1f, 0xfc, 0xc, 0x55, 0xff, 0xe0,
    0xb0, 0x7, 0xff, 0x2, 0xb7, 0x7f, 0xf8, 0x2a,
    0x1, 0xff, 0xd2, 0x60, 0xf, 0xfe, 0x77, 0x80,
    0x7e, 0x9b, 0xb4, 0x0, 0x57, 0x7c, 0x88, 0xab,
    0xce, 0x40, 0xf, 0xca, 0x88, 0xc0, 0x1, 0x22,
    0x65, 0x44, 0x50, 0x98, 0x80, 0x7f, 0x85, 0x5c,
    0x5, 0x59, 0xb5, 0x80, 0x50, 0xc8, 0x1, 0xfe,
    0xfa, 0x30, 0x17, 0x99, 0xca, 0x1, 0x14, 0xdd,
    0x0, 0x61, 0x0, 0x9c, 0x40, 0x3f, 0xf8, 0x8e,
    0x1, 0xf9, 0xa0, 0x84, 0x3, 0x8, 0xc0, 0x1c,
    0x27, 0x20, 0x1f, 0xcf, 0xbc, 0x1, 0xbb, 0xa3,
    0x0, 0xaf, 0xb1, 0x0, 0x21, 0x0, 0xc6, 0x1,
    0xff, 0xc9, 0x30, 0xc, 0x2a, 0xf0, 0x1, 0xa2,
    0x22, 0x0, 0xba, 0x1d, 0x40, 0x26, 0x0, 0xd1,
    0x50, 0xe0, 0x19, 0xde, 0x10, 0x9, 0x5e, 0x2a,
    0x0, 0x6, 0x1, 0x11, 0x0, 0x3f, 0xf8, 0xc4,
    0x0, 0xe0, 0x9, 0xa1, 0x48, 0x3, 0x88, 0xa0,
    0xc, 0x24, 0x44, 0x80, 0x2, 0x80, 0x44, 0x4a,
    0xc1, 0x0, 0xa7, 0x76, 0x30, 0xa, 0xb7, 0x56,
    0x40, 0x26, 0x1, 0x60, 0x2, 0x84, 0x2, 0x70,
    0xf, 0xfe, 0xc, 0x80, 0x64, 0xd, 0x40, 0x9,
    0x44, 0x3, 0xff, 0x82, 0x20, 0x12, 0x88, 0x10,
    0x4, 0x30, 0x1, 0xff, 0xc2, 0x82, 0x2, 0xb0,
    0x2, 0x80, 0xb, 0x48, 0x3, 0x30, 0x4, 0xc0,
    0x1c, 0x3b, 0xb0, 0x80, 0x2a, 0x6b, 0x4c, 0x3,
    0xa0, 0x81, 0x88, 0x3, 0xe2, 0x0, 0xe6, 0x50,
    0xf, 0x8b, 0x7e, 0x40, 0x38,

    /* U+5DE6 "左" */
    0x0, 0xff, 0x23, 0x98, 0x7, 0xff, 0x31, 0x2e,
    0x31, 0x0, 0x3f, 0xf9, 0x7a, 0x1, 0x60, 0x7,
    0xff, 0x2d, 0x40, 0x2f, 0x0, 0xff, 0xe2, 0x91,
    0x9f, 0x80, 0x31, 0x9f, 0xfc, 0x1, 0xd9, 0xb9,
    0x9c, 0x1, 0xa3, 0x33, 0xfe, 0xf5, 0x0, 0x21,
    0x80, 0x7f, 0xf2, 0xf8, 0x0, 0xc0, 0x1f, 0xfc,
    0xc2, 0x0, 0x15, 0xaa, 0x26, 0x0, 0xc6, 0x89,
    0xff, 0x2b, 0xc0, 0x4, 0x95, 0x77, 0x48, 0x6,
    0xdb, 0xbf, 0xfa, 0xa0, 0x40, 0x3f, 0x28, 0x4,
    0x82, 0x1, 0xff, 0xca, 0xb0, 0xb, 0x40, 0x3f,
    0xf9, 0x42, 0x60, 0x14, 0x6e, 0xff, 0xf0, 0x31,
    0x80, 0x3f, 0x30, 0x6, 0x12, 0x2f, 0xfe, 0x1,
    0xc9, 0x0, 0x7d, 0x40, 0x10, 0x80, 0x7f, 0xf0,
    0xc4, 0x3, 0xc8, 0x40, 0x1, 0xd2, 0x0, 0xff,
    0xe0, 0xb1, 0x80, 0x7a, 0x0, 0x26, 0x3d, 0xff,
    0x98, 0x2, 0x5f, 0xfe, 0x90, 0xf, 0x21, 0x80,
    0x52, 0x1, 0xc2, 0x1, 0xff, 0xc4, 0xa0, 0x9,
    0x84, 0x3, 0xff, 0x93, 0x42, 0x1, 0x40, 0x7,
    0xff, 0x26, 0x94, 0x2, 0x71, 0x0, 0xff, 0xe4,
    0x3a, 0x80, 0x45, 0x0, 0x1f, 0xfc, 0x9d, 0x0,
    0xde, 0x57, 0xdd, 0xe7, 0x0, 0x97, 0xbb, 0xb5,
    0x80, 0x12, 0x1, 0x59, 0x42, 0x8, 0xf8, 0x3,
    0x84, 0x78, 0xa4, 0x40, 0xf6, 0x79, 0x0, 0x3f,
    0xf9, 0x84, 0xc2, 0x0, 0x83, 0x0, 0xff, 0xe2,
    0xc, 0x8,

    /* U+5DF2 "已" */
    0x0, 0x11, 0x9f, 0xff, 0x14, 0x40, 0x3d, 0x9b,
    0x99, 0xff, 0xc5, 0xe5, 0x0, 0xc6, 0x60, 0xf,
    0xfe, 0x3c, 0x0, 0x61, 0x0, 0xff, 0xe4, 0x18,
    0x6, 0x2a, 0x43, 0x3f, 0xfe, 0x10, 0x80, 0x7f,
    0x2d, 0xe6, 0x7f, 0xf0, 0xac, 0x3, 0xfc, 0x2a,
    0x60, 0x1f, 0xfc, 0xa1, 0xfa, 0xc7, 0x0, 0xff,
    0xe4, 0xa8, 0x80, 0x2c, 0x3, 0xff, 0x92, 0x20,
    0x11, 0x8, 0xff, 0xc6, 0x1, 0xff, 0xc1, 0x1e,
    0xef, 0xfa, 0x40, 0x3f, 0xff, 0xe0, 0x1e, 0x30,
    0xf, 0xe2, 0xff, 0xff, 0xb0, 0x2, 0xb0, 0xf,
    0xfe, 0x49, 0xf6, 0x73, 0x0, 0x7f, 0xf2, 0x84,
    0xc4, 0x3, 0xff, 0x9c, 0xf9, 0x6a, 0x1, 0xff,
    0xca, 0xa3, 0x4a, 0x20, 0xe, 0x30, 0xf, 0xfe,
    0x11, 0x10, 0x2, 0x60, 0x10, 0x8, 0x58, 0x84,
    0x7f, 0xc4, 0x9c, 0x1, 0x98, 0x14, 0x3, 0x4e,
    0xf7, 0x7f, 0xb6, 0xcc, 0x2, 0x32, 0x1, 0x30,
    0xf, 0xfe, 0x4c, 0x0, 0x5a, 0x40, 0x1f, 0xfc,
    0x78, 0x40, 0x8, 0x76, 0x54, 0x84, 0x3, 0xfe,
    0x13, 0x6d, 0x70, 0x0,

    /* U+5E55 "幕" */
    0x0, 0xf2, 0x6f, 0x61, 0x0, 0x63, 0xde, 0xd3,
    0x0, 0xfa, 0x33, 0x76, 0xa2, 0x13, 0xcd, 0xde,
    0x21, 0x2d, 0xdb, 0x30, 0xe0, 0xae, 0x64, 0x50,
    0x80, 0x42, 0x45, 0x84, 0x2, 0x12, 0x21, 0x9a,
    0xd, 0x80, 0x3f, 0xf9, 0x84, 0x7d, 0x55, 0x94,
    0x2, 0x7a, 0xac, 0xc0, 0x13, 0x55, 0x57, 0xc2,
    0x2, 0xa8, 0x7a, 0x4e, 0xce, 0x1b, 0xb8, 0x5d,
    0x9c, 0x74, 0xd5, 0x4, 0x3, 0x64, 0xbb, 0xcc,
    0xef, 0xf9, 0x9d, 0xe9, 0xc0, 0xe, 0x22, 0x0,
    0x7f, 0xf1, 0x8c, 0x40, 0x30, 0x80, 0x47, 0x99,
    0xff, 0xc0, 0x10, 0x8, 0xc0, 0x3f, 0x1e, 0x67,
    0xff, 0x0, 0x40, 0x3f, 0xfb, 0x47, 0x77, 0xff,
    0xc0, 0x10, 0xf, 0xc4, 0x1, 0x1d, 0xdf, 0xff,
    0x0, 0x40, 0x22, 0x0, 0xc3, 0x0, 0x1f, 0xfc,
    0x69, 0x0, 0xe2, 0x5d, 0xcc, 0x28, 0x4, 0x37,
    0x99, 0xfb, 0x50, 0x80, 0xd, 0xfb, 0xb6, 0x61,
    0x40, 0x21, 0xbc, 0xcf, 0xdb, 0xb7, 0x9e, 0x80,
    0x7f, 0xf3, 0x2e, 0xc, 0x40, 0x3f, 0xf9, 0x2,
    0x94, 0x79, 0x64, 0x1, 0x86, 0xec, 0x1, 0x16,
    0xe1, 0x0, 0x43, 0x3d, 0x64, 0x39, 0x44, 0x1,
    0x86, 0xec, 0x1, 0x16, 0xe1, 0x0, 0x43, 0x3d,
    0x20, 0xc6, 0x1, 0xff, 0xc9, 0x16, 0x42, 0x0,
    0x8c, 0x3, 0xff, 0x88, 0x20, 0x12, 0xaa, 0xa9,
    0xd2, 0x1, 0x37, 0xe8, 0x4, 0x5f, 0xe7, 0x0,
    0xa7, 0x5e, 0x4, 0x15, 0x42, 0x20, 0xf, 0xfb,
    0x9c, 0x2, 0x12, 0x87, 0x0, 0xe5, 0x0, 0xbc,
    0x3, 0x84, 0x4, 0x3, 0x38, 0x7, 0xe1, 0xb6,
    0x86, 0x2, 0x0, 0x98, 0x31, 0x96, 0x38, 0x40,
    0x3f, 0x92, 0x5c, 0x2, 0x81, 0x29, 0x3, 0x9a,
    0x71, 0x0, 0xe0,

    /* U+5E76 "并" */
    0x0, 0xff, 0xea, 0x36, 0x40, 0x7, 0xf1, 0x88,
    0x7, 0xfd, 0x12, 0x6f, 0x0, 0x1f, 0x56, 0x74,
    0x0, 0x7f, 0x8c, 0x2, 0x72, 0x0, 0xe2, 0x50,
    0x3, 0x90, 0x7, 0xf4, 0x80, 0x6b, 0x0, 0xea,
    0x0, 0xc6, 0x1, 0xfc, 0x4a, 0x1, 0x78, 0x6,
    0x17, 0x0, 0x98, 0x40, 0x3c, 0x26, 0x74, 0xaa,
    0xa9, 0x4c, 0xf4, 0x0, 0x6d, 0x33, 0x8, 0x4,
    0xfd, 0x99, 0x95, 0x55, 0x99, 0xcc, 0x1, 0xaf,
    0x31, 0xd4, 0x0, 0x90, 0xf, 0xfe, 0x52, 0x88,
    0x10, 0x7, 0xff, 0x28, 0x44, 0x1a, 0xea, 0x88,
    0x0, 0xc4, 0x89, 0x88, 0x3, 0x22, 0x15, 0xb4,
    0x0, 0x31, 0x57, 0x61, 0x0, 0xae, 0xfc, 0x1,
    0xae, 0xd5, 0x26, 0x1, 0xff, 0xec, 0x11, 0x80,
    0x30, 0x8f, 0x0, 0x70, 0x8e, 0x0, 0x27, 0x7f,
    0x74, 0x20, 0x14, 0x77, 0x69, 0x0, 0xdd, 0xdc,
    0xb0, 0x20, 0x1f, 0xfc, 0xa1, 0x87, 0x0, 0xff,
    0xe6, 0xc, 0xa9, 0x14, 0x20, 0x18, 0x8b, 0x84,
    0x3, 0x11, 0x65, 0xe2, 0xad, 0xd9, 0xc0, 0x36,
    0xef, 0x40, 0x6, 0xdd, 0xd4, 0x40, 0x1c, 0xe0,
    0x11, 0x80, 0x7f, 0xf2, 0x14, 0x40, 0x2b, 0x0,
    0xff, 0xe3, 0x8d, 0x80, 0x65, 0x0, 0xff, 0xe3,
    0x1e, 0x8, 0x4, 0xa4, 0x1, 0xff, 0xc5, 0x2c,
    0x20, 0x8, 0x60, 0x3, 0xff, 0x8c, 0x80, 0x1d,
    0x44, 0x1, 0xe3, 0x0, 0xff, 0x9c, 0x2, 0x1c,
    0x40, 0xf, 0x98, 0x2, 0x20, 0xf, 0x86, 0xd6,
    0x38, 0xc0, 0x3f, 0x1b, 0x0, 0xc8, 0x7, 0xe4,
    0xa7, 0x0, 0xff, 0xa7, 0xf9, 0x0, 0x3c,

    /* U+5E8F "序" */
    0x0, 0xff, 0xef, 0x2d, 0x40, 0x7, 0xff, 0x31,
    0x69, 0x5e, 0x0, 0x3f, 0xf9, 0x7a, 0x1, 0x38,
    0x80, 0x7f, 0xf0, 0x17, 0x7f, 0xff, 0x38, 0x6,
    0xef, 0xff, 0x73, 0x80, 0x6b, 0x20, 0xf, 0xfe,
    0x40, 0xc0, 0x80, 0x4, 0x40, 0x1f, 0xfc, 0xb1,
    0x0, 0xf8, 0xcf, 0xff, 0x8c, 0xb6, 0x1, 0xf0,
    0xe6, 0x51, 0x35, 0x4b, 0xb2, 0x24, 0xaa, 0x65,
    0x9c, 0xa4, 0x0, 0xfe, 0x1e, 0xba, 0x99, 0x44,
    0x1d, 0xe6, 0x62, 0xb5, 0x38, 0x7, 0xfc, 0xa2,
    0x1, 0xff, 0xc2, 0xe0, 0xf, 0xf9, 0x18, 0x84,
    0x7e, 0x0, 0xf5, 0x0, 0x7f, 0xf0, 0x27, 0x7a,
    0x5e, 0xbb, 0x94, 0x20, 0x1a, 0xcc, 0x3, 0xf8,
    0xc0, 0x32, 0x43, 0x5f, 0x5d, 0x84, 0x0, 0x5a,
    0x80, 0x1e, 0x30, 0xf, 0xca, 0x20, 0x1, 0x40,
    0x9, 0xf4, 0x80, 0x3f, 0xf8, 0x46, 0x62, 0xb3,
    0x0, 0xf7, 0xab, 0xcc, 0x98, 0x3, 0x8, 0x4,
    0x27, 0xf9, 0x95, 0x18, 0x7, 0xa2, 0xa1, 0x99,
    0x30, 0x1, 0x30, 0x4, 0xe8, 0x1, 0xff, 0xc6,
    0x20, 0x8, 0xc0, 0x21, 0x51, 0x0, 0xff, 0xe2,
    0xf8, 0x5, 0xe0, 0x11, 0x97, 0x73, 0x77, 0x48,
    0x4, 0x5b, 0xa8, 0x0, 0x89, 0x40, 0x22, 0x0,
    0xb8, 0x0, 0x24, 0x5c, 0x1, 0x88, 0x9a, 0x1,
    0x40, 0x6, 0x50, 0x8, 0x80, 0x3f, 0xf8, 0x58,
    0x0, 0x55, 0x0, 0x42, 0x20, 0x9, 0xc0, 0x3f,
    0xf8, 0x4d, 0x97, 0x40, 0x19, 0x0, 0x21, 0x20,
    0xf, 0xf8, 0x40, 0x23, 0x40, 0xe, 0x90, 0x9,
    0x0, 0x39, 0x26, 0x50, 0x1, 0xff, 0xc2, 0x10,
    0xb, 0x80, 0x31, 0xdb, 0x30, 0xc0, 0x26, 0x0,
    0xff, 0x40, 0x1, 0x90, 0x3, 0x30, 0x7, 0xd2,
    0x1, 0xfe, 0x5e, 0xd9, 0x0, 0xe4, 0x30, 0x8,
    0x57, 0x4c, 0x3, 0xfe, 0x12, 0x0, 0xf0, 0xe7,
    0xfd, 0xd4, 0x40, 0x1f, 0xe0,

    /* U+5E93 "库" */
    0x0, 0xff, 0xe1, 0xa3, 0x0, 0x7f, 0xf2, 0xd3,
    0x6e, 0x54, 0x3, 0xff, 0x95, 0x4, 0x0, 0xe0,
    0xf, 0xfe, 0x0, 0xc5, 0x57, 0xe1, 0x0, 0x92,
    0xab, 0xe8, 0x10, 0xb, 0x5d, 0x57, 0xf1, 0x0,
    0x65, 0x5f, 0x9f, 0x40, 0x23, 0x0, 0xff, 0xe5,
    0x10, 0x0, 0x40, 0x3f, 0xf9, 0x72, 0x1, 0xf6,
    0xef, 0x59, 0xad, 0xee, 0xff, 0x7b, 0x80, 0x7c,
    0x45, 0xd2, 0x6b, 0x6c, 0x45, 0xf8, 0x3, 0xfc,
    0xd5, 0x7a, 0x40, 0x14, 0xdd, 0xfd, 0x46, 0x1,
    0xf9, 0x25, 0x50, 0x80, 0x31, 0x22, 0x7c, 0xb8,
    0x1, 0xf8, 0x40, 0x3f, 0xf9, 0xca, 0xe4, 0x1,
    0xc2, 0x3f, 0x88, 0xe8, 0x3, 0xfa, 0x38, 0x3,
    0x6f, 0x73, 0xfb, 0xbb, 0x71, 0x40, 0x23, 0x0,
    0xf7, 0x0, 0x50, 0x41, 0x9d, 0xee, 0x1, 0xff,
    0xc1, 0x10, 0xa2, 0x0, 0xba, 0x28, 0xc0, 0x13,
    0x11, 0x30, 0x80, 0x66, 0x0, 0x8c, 0xc, 0x3,
    0x33, 0xa8, 0x4, 0x2e, 0xf4, 0xe8, 0x6, 0x10,
    0x8, 0x42, 0x0, 0x3f, 0xf8, 0x66, 0x1, 0x88,
    0x2, 0x70, 0x18, 0x0, 0xff, 0xe1, 0x48, 0x6,
    0xe0, 0x8, 0x40, 0xd, 0xbd, 0xda, 0xc0, 0x21,
    0xff, 0xcc, 0x1, 0x94, 0x2, 0x20, 0x0, 0x90,
    0x8e, 0x0, 0xff, 0xe1, 0x18, 0x5, 0xaf, 0xff,
    0xf5, 0x80, 0x43, 0xff, 0xdc, 0xa0, 0x40, 0x19,
    0xe0, 0x3, 0xff, 0x8a, 0x32, 0x14, 0x1, 0x9,
    0x8, 0x7, 0xff, 0x19, 0xc1, 0x40, 0x27, 0xc,
    0x75, 0x5f, 0x20, 0x6, 0x55, 0xe7, 0xa0, 0x70,
    0xa, 0xc0, 0xa2, 0xab, 0xd0, 0x1, 0x15, 0x57,
    0x40, 0x85, 0x3a, 0x61, 0x0, 0x7f, 0x10, 0x4,
    0xc0, 0x1f, 0xd1, 0x66, 0x1, 0xfe, 0x18, 0x12,
    0x80, 0xf, 0x80,

    /* U+5E94 "应" */
    0x0, 0xff, 0xe1, 0x88, 0x7, 0xff, 0x34, 0xfb,
    0x96, 0x1, 0xff, 0xcc, 0xf1, 0x4, 0x50, 0xf,
    0xfe, 0x7f, 0x0, 0x7f, 0xf0, 0x53, 0x3b, 0xbf,
    0x18, 0x4, 0x9d, 0xde, 0xdb, 0x20, 0xd, 0x66,
    0x23, 0xf8, 0x3, 0x84, 0x7c, 0x49, 0x20, 0x11,
    0x0, 0x7f, 0xf9, 0x8e, 0x0, 0x3f, 0x7f, 0xff,
    0xf1, 0xb0, 0xc0, 0x3f, 0xf8, 0x51, 0xfc, 0x60,
    0x1d, 0x14, 0xc0, 0x1f, 0xf1, 0x3a, 0x0, 0x1c,
    0x6, 0x0, 0x33, 0xb9, 0x65, 0xc0, 0x3f, 0x87,
    0x62, 0xd0, 0x3, 0x20, 0x80, 0x56, 0x1, 0x68,
    0x7, 0xf1, 0x0, 0x5e, 0x8, 0x1, 0x20, 0x0,
    0x4c, 0x2, 0xc0, 0xc, 0x20, 0x18, 0xc0, 0x24,
    0x2d, 0x0, 0xbc, 0x0, 0xe0, 0x19, 0xc0, 0x3f,
    0x8, 0x28, 0x4, 0xa8, 0x1, 0x20, 0x2, 0x80,
    0x24, 0x10, 0xc, 0xe0, 0x1d, 0xe0, 0x15, 0x10,
    0x80, 0x4, 0x44, 0x60, 0x17, 0x0, 0x70, 0x80,
    0x46, 0xa, 0x1, 0x11, 0x10, 0x2, 0x2b, 0x0,
    0x85, 0x40, 0x38, 0xc0, 0x3c, 0xa0, 0x12, 0x60,
    0x4, 0x2e, 0x1, 0x48, 0x7, 0xb8, 0x2, 0x10,
    0x7, 0x80, 0x42, 0xd2, 0xf8, 0x82, 0x0, 0x17,
    0x0, 0xf1, 0x0, 0x4c, 0x0, 0x52, 0x1, 0x50,
    0x68, 0x3b, 0x0, 0xa4, 0x3, 0xe1, 0x0, 0x8c,
    0x2, 0xdc, 0xe2, 0x0, 0x94, 0x80, 0x2, 0xe0,
    0x1f, 0x28, 0x5, 0xc0, 0x18, 0xc0, 0x3a, 0xc0,
    0x2b, 0x0, 0xf8, 0x44, 0x1, 0x10, 0x7, 0xf4,
    0x88, 0x0, 0x94, 0x3, 0xe5, 0x0, 0xc7, 0xdf,
    0xff, 0x98, 0x2, 0x2f, 0xfe, 0x70, 0x7, 0x0,
    0x45, 0x42, 0x1, 0xff, 0xc6, 0x80, 0xf, 0x53,
    0x80, 0x7f, 0xf1, 0xc4, 0x1, 0x6, 0x8, 0xf2,
    0xa6, 0x7f, 0xfc, 0x54, 0xd0, 0x1, 0x67, 0xd8,
    0x15, 0x66, 0x7f, 0xf1, 0x6c, 0xc0,

    /* U+5EA6 "度" */
    0x0, 0xff, 0xe2, 0x8, 0x7, 0xff, 0x2c, 0x6b,
    0xf8, 0xc0, 0x3f, 0xf9, 0x54, 0xa0, 0xa, 0x0,
    0xff, 0xe0, 0x14, 0xdd, 0xfe, 0x40, 0x9, 0xae,
    0xfe, 0x91, 0x0, 0xbd, 0x91, 0x3f, 0x0, 0x72,
    0x27, 0xcd, 0x40, 0x1, 0x20, 0xf, 0xfe, 0x53,
    0x80, 0x7f, 0xf3, 0x46, 0x0, 0x3c, 0x3f, 0xfb,
    0x6a, 0xff, 0xfb, 0x6a, 0xff, 0xee, 0x40, 0xf,
    0xf0, 0xed, 0x5b, 0x80, 0x43, 0xb5, 0x74, 0x1,
    0xff, 0xd, 0x6f, 0x80, 0x51, 0xbb, 0x78, 0x4,
    0xbb, 0xaa, 0x10, 0xf, 0xa5, 0x48, 0x40, 0x31,
    0x14, 0x20, 0x18, 0x88, 0xb2, 0x1, 0xf6, 0x0,
    0x7f, 0xf1, 0xb0, 0x0, 0x60, 0x19, 0x3a, 0xe0,
    0x2, 0x3b, 0xba, 0x0, 0x21, 0xbb, 0x72, 0x0,
    0x7e, 0x14, 0x40, 0x4, 0x26, 0x77, 0x0, 0x46,
    0x88, 0x10, 0x8, 0x40, 0x23, 0x0, 0x84, 0x2,
    0x28, 0x89, 0x80, 0x21, 0x0, 0xff, 0xe1, 0x11,
    0x0, 0x3f, 0xd6, 0x1, 0xe6, 0x0, 0x84, 0x3,
    0x64, 0xc3, 0xbf, 0xd4, 0xc0, 0x1e, 0x30, 0x9,
    0xc2, 0x33, 0x72, 0x25, 0x9d, 0xfd, 0x5d, 0xf2,
    0x1, 0xb8, 0x2, 0x16, 0x73, 0x22, 0x8, 0xc0,
    0x1f, 0xce, 0x1, 0x88, 0x2, 0x35, 0x0, 0xff,
    0xe2, 0x40, 0x6, 0x60, 0xb, 0x8f, 0x98, 0x2,
    0x19, 0xaa, 0x9c, 0x3, 0x33, 0x0, 0x31, 0x0,
    0x44, 0x3, 0xe0, 0x10, 0xd9, 0xb6, 0x38, 0x4,
    0x92, 0x1, 0x84, 0x40, 0x13, 0x80, 0x1a, 0x40,
    0x22, 0x9c, 0x60, 0x8, 0xec, 0x3, 0x90, 0x2,
    0x12, 0x2, 0x51, 0x20, 0xf, 0xe7, 0x64, 0x10,
    0xb, 0x80, 0x24, 0xd, 0xd5, 0x41, 0x0, 0x7f,
    0x24, 0xdf, 0x50, 0x7, 0xa4, 0x8, 0x3, 0xe1,
    0x20, 0xf, 0xca, 0x21, 0x28, 0x10, 0x60, 0xa0,
    0x10, 0xa4, 0x6f, 0x6e, 0xa5, 0x0, 0x38, 0x44,
    0x5, 0x7e, 0xe0, 0xa, 0xdd, 0x7f, 0x5b, 0x90,
    0x0, 0x9a, 0xff, 0xae, 0x65, 0xe0,

    /* U+5EAD "庭" */
    0x0, 0xff, 0xe1, 0x9a, 0x0, 0x7f, 0xf3, 0x6b,
    0x2d, 0x0, 0x3f, 0xf9, 0x66, 0xa0, 0x8, 0x0,
    0xff, 0xe0, 0x8c, 0x55, 0x7e, 0x80, 0x8, 0xee,
    0xab, 0xd0, 0x40, 0x1b, 0x5d, 0x57, 0xf2, 0x0,
    0x64, 0x55, 0xf3, 0xe0, 0x6, 0x30, 0xf, 0xfe,
    0x50, 0x80, 0x42, 0x1, 0xff, 0xca, 0x29, 0x0,
    0xf8, 0xbf, 0xee, 0xe7, 0xff, 0xfd, 0x76, 0xd6,
    0x0, 0xfc, 0x5b, 0xfd, 0xcf, 0xb0, 0x8, 0x95,
    0xe7, 0x3e, 0xec, 0xe0, 0x1f, 0xca, 0x40, 0x19,
    0x0, 0x77, 0x55, 0xc, 0x60, 0x16, 0x80, 0x7f,
    0x20, 0x80, 0x66, 0x4, 0x20, 0xf, 0x96, 0x0,
    0x3f, 0x8f, 0x98, 0x2, 0xb0, 0x57, 0x45, 0x20,
    0xb, 0x68, 0x80, 0x3f, 0xc2, 0xc0, 0x5, 0x20,
    0x4, 0x5d, 0x38, 0x7, 0xff, 0x11, 0x80, 0x23,
    0x50, 0x1, 0x56, 0xa8, 0x5, 0x9b, 0x0, 0x18,
    0xc0, 0x30, 0xc8, 0x4, 0xd5, 0x40, 0x85, 0x20,
    0xc, 0x24, 0xea, 0x1, 0xf0, 0xb0, 0x80, 0x73,
    0x81, 0x0, 0x7f, 0x30, 0x4, 0x20, 0x19, 0x61,
    0x98, 0x20, 0x6, 0x8, 0xa7, 0x20, 0x9, 0x9e,
    0xcc, 0x2, 0x60, 0x9, 0xc9, 0xe6, 0x42, 0x0,
    0x30, 0x2, 0xc3, 0x80, 0x57, 0x8, 0x1, 0x8c,
    0x2, 0x16, 0xfe, 0x50, 0xb, 0x0, 0x3f, 0x8,
    0x7, 0xb8, 0x2, 0x2a, 0x1, 0xb0, 0x0, 0xa3,
    0xff, 0xca, 0x1, 0x67, 0xfa, 0x80, 0x23, 0x0,
    0xbd, 0x80, 0x2, 0x0, 0x70, 0x80, 0xf, 0xf2,
    0x90, 0x1, 0x80, 0x22, 0x90, 0xe, 0xb0, 0x40,
    0xf, 0xf1, 0x10, 0x0, 0x40, 0x13, 0x99, 0x80,
    0x32, 0x8d, 0xe5, 0xd5, 0x7a, 0xf3, 0x40, 0x8,
    0x1, 0x89, 0x4c, 0x3, 0x47, 0x6c, 0xee, 0xfb,
    0x36, 0xc8, 0x1, 0xa0, 0x12, 0xaa, 0x80, 0x3e,
    0x25, 0x67, 0x7e, 0x66, 0x3e, 0x0, 0x4, 0x2,
    0x96, 0x0, 0x99, 0xc0, 0x3f, 0xf8, 0x42, 0x20,
    0x87, 0x39, 0x33, 0x30, 0x3c, 0xc7, 0x53, 0x18,
    0x80, 0x7e, 0x18, 0x10, 0x4, 0x63, 0x0, 0x27,
    0xa0, 0x0, 0x2b, 0x39, 0xdf, 0xff, 0xb9, 0xc0,

    /* U+5F00 "开" */
    0x1, 0x8a, 0xaf, 0xfe, 0x44, 0x10, 0x3, 0x5d,
    0x57, 0xff, 0x90, 0xf8, 0x0, 0x20, 0xf, 0xfe,
    0x50, 0x88, 0x24, 0x3, 0xff, 0x94, 0xc2, 0xf,
    0xdb, 0x98, 0x30, 0x9, 0xb3, 0x38, 0x40, 0x27,
    0xcd, 0xe9, 0x0, 0x84, 0x8c, 0xce, 0x1, 0x9,
    0x9f, 0x80, 0x2e, 0x32, 0x10, 0xf, 0xff, 0xf8,
    0x7, 0xff, 0x54, 0x8b, 0x38, 0x4, 0x24, 0x5c,
    0x60, 0x17, 0x11, 0x40, 0x5, 0xfd, 0xdc, 0x60,
    0x13, 0x6e, 0xf0, 0x80, 0x4f, 0xbb, 0x7b, 0x48,
    0x7, 0xff, 0x32, 0xd8, 0x3, 0xff, 0x98, 0xd6,
    0xc8, 0x91, 0x80, 0x62, 0x44, 0xe0, 0xc, 0x48,
    0x93, 0x48, 0xcd, 0xdd, 0xe0, 0x1b, 0x2e, 0xf8,
    0x80, 0x2b, 0xbd, 0x24, 0x1, 0xd6, 0x1, 0x84,
    0x3, 0xff, 0x90, 0x80, 0x12, 0x0, 0x7f, 0xf2,
    0xc, 0xc0, 0x16, 0x80, 0x7f, 0xf2, 0x20, 0x3,
    0x38, 0x7, 0xff, 0x1d, 0x90, 0x2, 0x51, 0x0,
    0xff, 0xe3, 0x44, 0x80, 0x68, 0x0, 0xff, 0xe3,
    0x3b, 0x80, 0x33, 0x90, 0x7, 0xff, 0x1b, 0x40,
    0x32, 0xc0, 0x7, 0xff, 0x1f, 0x80, 0x26, 0xa0,
    0xf, 0xe6, 0x0, 0x88, 0x3, 0xc9, 0x6f, 0x92,
    0x1, 0xfe, 0x82, 0x5, 0x40, 0xf, 0x92, 0xc,
    0x3, 0xfe, 0x3d, 0xfa, 0x0, 0xf0,

    /* U+5F0F "式" */
    0x0, 0xff, 0xee, 0x8b, 0xc1, 0x0, 0x12, 0x4c,
    0x3, 0xff, 0x8d, 0xb0, 0xfa, 0x0, 0xb6, 0xc4,
    0x0, 0xff, 0xe2, 0x98, 0x4, 0x60, 0x20, 0xa,
    0x0, 0xff, 0xe2, 0x8, 0x6, 0x70, 0x80, 0x0,
    0x80, 0x71, 0x19, 0xff, 0x94, 0x3, 0x11, 0xab,
    0xc, 0x0, 0x45, 0xdb, 0x99, 0xfe, 0xb0, 0xd,
    0x39, 0x86, 0x18, 0xf5, 0xa, 0x10, 0xf, 0xfe,
    0x5f, 0x7, 0x0, 0x7f, 0xf3, 0x8, 0x19, 0xd0,
    0xcf, 0xfe, 0x0, 0xc2, 0x67, 0x91, 0xa0, 0x1,
    0x17, 0x99, 0xff, 0x10, 0x5, 0x39, 0x9a, 0xe4,
    0x40, 0x3f, 0xf8, 0x6c, 0x1, 0x70, 0x7, 0xfa,
    0x77, 0xbb, 0xed, 0x90, 0x10, 0x8, 0xc0, 0x3f,
    0x95, 0x88, 0x47, 0xe2, 0x66, 0x10, 0x4, 0xc0,
    0x1f, 0xc6, 0x1, 0xff, 0xc0, 0xe0, 0x8, 0x80,
    0x3f, 0x99, 0x0, 0x3f, 0x8d, 0xc8, 0x2, 0x10,
    0xf, 0xf5, 0xff, 0x90, 0x2, 0x9f, 0xf6, 0xb,
    0x0, 0x63, 0x0, 0xff, 0xe0, 0x8, 0x7, 0xe2,
    0x0, 0xca, 0x1, 0xff, 0xca, 0x30, 0xb, 0xc0,
    0x3f, 0xf9, 0x48, 0x1, 0x20, 0x6, 0x20, 0xf,
    0xfe, 0x2e, 0x0, 0x44, 0x20, 0x9, 0xde, 0x20,
    0xf, 0xec, 0x8b, 0xc8, 0x4, 0x0, 0xce, 0x0,
    0x60, 0x14, 0x0, 0x1b, 0x4a, 0x0, 0x4a, 0xe8,
    0x6e, 0x80, 0x80, 0x15, 0x81, 0x0, 0x75, 0x64,
    0xb0, 0x80, 0x7f, 0xb8, 0x2, 0x29, 0xb0, 0x8,
    0x81, 0x40, 0x3f, 0xc5, 0x8, 0xa, 0x40, 0x13,
    0x30, 0x2, 0x40, 0x20, 0xe, 0x14, 0x8b, 0xed,
    0x70, 0xa, 0x40, 0x3e, 0x50, 0x7, 0x22, 0xbd,
    0xf7, 0x2d, 0xd0, 0x40, 0x39, 0x20, 0x3, 0xd0,
    0x0, 0x3b, 0xa8, 0x41, 0x0, 0xff, 0x9e, 0x8c,
    0x5, 0x30, 0x80,

    /* U+5F15 "引" */
    0x0, 0xff, 0xe6, 0x16, 0x77, 0xff, 0xdd, 0x84,
    0x1, 0xd1, 0xfe, 0x50, 0x83, 0x10, 0xf, 0x84,
    0xe4, 0x3, 0x9c, 0x1, 0x0, 0x60, 0x1f, 0xf3,
    0x0, 0x62, 0x0, 0x88, 0x21, 0x4c, 0x8b, 0xc0,
    0x11, 0x80, 0x7f, 0x86, 0xb3, 0x77, 0xbc, 0x3,
    0xff, 0xb4, 0x95, 0x77, 0xdc, 0x1, 0xff, 0xc2,
    0x2b, 0x54, 0x4e, 0x30, 0x8, 0xc0, 0x3f, 0xca,
    0x1, 0xff, 0x30, 0x7, 0xfb, 0x80, 0x3f, 0xc5,
    0x0, 0x1f, 0xe2, 0x0, 0xab, 0xff, 0xda, 0x60,
    0x1f, 0xe6, 0x0, 0x9c, 0x3, 0xff, 0x8c, 0x40,
    0x11, 0x80, 0x7f, 0xf1, 0x4c, 0x3, 0x77, 0xff,
    0xce, 0x1, 0xfc, 0xc0, 0x1f, 0xfc, 0x8, 0x0,
    0xff, 0xe5, 0x88, 0x7, 0xe5, 0x85, 0x44, 0xf1,
    0x80, 0x61, 0x0, 0xfe, 0x7a, 0xbb, 0xf4, 0x0,
    0x42, 0x1, 0xff, 0xc6, 0x20, 0x8, 0xc0, 0x3f,
    0xf8, 0xdc, 0x1, 0x30, 0x7, 0xff, 0x18, 0xc0,
    0x22, 0x0, 0xff, 0xe0, 0x88, 0xe6, 0x40, 0xb,
    0x0, 0x3f, 0xf8, 0x3b, 0xdd, 0x48, 0x6, 0x70,
    0xf, 0xfe, 0x9, 0x0, 0x7c, 0x64, 0x1, 0xff,
    0xc8, 0x1e, 0x0, 0xe2, 0x0, 0x88, 0x3, 0x59,
    0x0, 0x44, 0xfe, 0x40, 0x1e, 0x81, 0x14, 0x80,
    0x65, 0xdf, 0xfb, 0x60, 0x40, 0x3e, 0x7e, 0xe2,
    0x0,

    /* U+5F55 "录" */
    0x0, 0x9e, 0xae, 0xfd, 0x99, 0xfe, 0x91, 0x0,
    0xe8, 0x82, 0xa2, 0x78, 0xcf, 0xfc, 0xd6, 0x1,
    0xc4, 0x1, 0xff, 0xc7, 0x70, 0xe, 0x82, 0x0,
    0xff, 0xe6, 0x16, 0xff, 0x6e, 0xff, 0xf0, 0xc,
    0x2, 0x10, 0xf, 0x27, 0x73, 0x77, 0xff, 0x80,
    0x60, 0x13, 0x80, 0x7b, 0x84, 0x3, 0xff, 0x8a,
    0x20, 0x1e, 0x20, 0xf, 0xfe, 0x31, 0x0, 0x7a,
    0x2a, 0x1d, 0xff, 0xf8, 0x0, 0x1b, 0xc0, 0x31,
    0xc4, 0xe7, 0x8, 0xff, 0xf0, 0x0, 0x35, 0xc2,
    0x80, 0xe3, 0xb3, 0x7f, 0xf0, 0xc0, 0x31, 0xbd,
    0x31, 0x80, 0x7f, 0xf3, 0x38, 0x9c, 0x40, 0x3f,
    0xf9, 0x2, 0x92, 0x11, 0xd2, 0x5, 0x1f, 0xf6,
    0x0, 0x6d, 0xff, 0xb9, 0x6, 0xba, 0xc4, 0x2,
    0x80, 0x28, 0xd4, 0x0, 0xf4, 0x80, 0xf, 0xd0,
    0x68, 0x40, 0x39, 0x0, 0x22, 0xb3, 0x0, 0xe4,
    0x86, 0xc1, 0x0, 0x8c, 0x3, 0xa9, 0xc0, 0x31,
    0x0, 0x79, 0xe4, 0x3, 0x39, 0x0, 0x7a, 0x2c,
    0x89, 0x32, 0xd0, 0xf, 0xe1, 0xb8, 0x0, 0xfc,
    0xb4, 0x32, 0xe2, 0x1, 0xfd, 0x88, 0x1, 0xf2,
    0xdf, 0x41, 0x80, 0x7c, 0x20, 0x1b, 0x14, 0x3,
    0x8f, 0xa9, 0x0, 0x3f, 0xd8, 0x20, 0x10, 0xd5,
    0x98, 0x5, 0x2, 0x1, 0xc2, 0xf4, 0x1, 0x8b,
    0x8, 0x3, 0x26, 0x28, 0x0, 0x40, 0x31, 0x4e,
    0x6e, 0x0, 0x71, 0x62, 0x80, 0x76, 0x80, 0x20,
    0x85, 0x73, 0x53, 0x69, 0x80, 0x22, 0x0, 0xd,
    0x50, 0x80, 0x2c, 0x0, 0x16, 0xf5, 0x18, 0x38,
    0x7, 0xa8, 0x3, 0x2e, 0xdc, 0x5a, 0x0, 0x7e,
    0x54, 0x0, 0x12, 0xdb, 0x80, 0x79, 0x1d, 0x0,
    0x0,

    /* U+5F85 "待" */
    0x0, 0xff, 0xeb, 0x8d, 0x30, 0x7, 0xe2, 0xce,
    0x70, 0xf, 0xfe, 0x15, 0x2c, 0xe0, 0x7, 0xd0,
    0x63, 0x2, 0x1, 0xff, 0xc0, 0xb4, 0x0, 0x1a,
    0x0, 0x79, 0x80, 0x22, 0x0, 0xff, 0xe, 0x20,
    0x4, 0xa8, 0x15, 0xff, 0x8c, 0x2, 0xcf, 0xfb,
    0x94, 0x3, 0x16, 0x18, 0x4, 0x94, 0xa, 0xa0,
    0xf, 0xfe, 0x0, 0xd8, 0x6, 0xd2, 0x0, 0x92,
    0xc0, 0x2, 0x1, 0xff, 0xc2, 0x30, 0xc, 0x60,
    0x12, 0xda, 0x8, 0x25, 0x32, 0xac, 0x1, 0x8d,
    0x56, 0x7f, 0x0, 0xde, 0x0, 0x7a, 0xbb, 0x71,
    0x2, 0xcd, 0x54, 0x60, 0x17, 0xd5, 0x50, 0x40,
    0x18, 0xf7, 0x22, 0x50, 0x1, 0x71, 0x55, 0xc6,
    0x1, 0x45, 0x56, 0x93, 0x0, 0xc4, 0x70, 0xc0,
    0x13, 0x3a, 0xaf, 0x0, 0x64, 0x55, 0xcd, 0x82,
    0x1, 0xa1, 0xc0, 0x26, 0x0, 0xff, 0xe3, 0x18,
    0x5, 0xe, 0x1, 0xae, 0x44, 0x3, 0xff, 0x86,
    0xc4, 0x0, 0x97, 0x0, 0xe3, 0x6e, 0xff, 0xfd,
    0xc0, 0x1b, 0xfd, 0x20, 0x4, 0x60, 0xf, 0xe1,
    0x1f, 0xc6, 0x1, 0x84, 0x3, 0x38, 0x7, 0xe4,
    0xee, 0xfe, 0xd0, 0xd, 0xde, 0xc0, 0x3, 0x70,
    0x10, 0xe, 0xf1, 0x0, 0xff, 0xe1, 0xc0, 0x5,
    0x1b, 0xe4, 0x1, 0x8c, 0x3, 0xff, 0x88, 0xa0,
    0x18, 0x84, 0x3, 0xa2, 0x5d, 0x91, 0x9b, 0xc0,
    0x19, 0xe2, 0x80, 0x3f, 0xf8, 0xd, 0x28, 0x85,
    0x89, 0x9c, 0x1, 0xa1, 0xc4, 0x3, 0xff, 0x82,
    0xe4, 0x7, 0x40, 0x1f, 0xfc, 0xc4, 0x0, 0x91,
    0x80, 0x3f, 0xf9, 0x64, 0xe0, 0x15, 0x80, 0x7f,
    0xf3, 0x20, 0x40, 0x60, 0x3, 0xff, 0x9b, 0xb7,
    0xcb, 0x15, 0x80, 0x10, 0x80, 0x7f, 0x8, 0x7,
    0xe3, 0x40, 0x3, 0xa9, 0x80, 0x44, 0x1, 0xfc,
    0xc0, 0x10, 0x80, 0x7f, 0xf0, 0xa4, 0x3, 0xfa,
    0x48, 0x64, 0x3, 0xfa, 0x4, 0x44, 0x96, 0xa0,
    0x1f, 0xc7, 0xbc, 0xc0, 0x1f, 0xcf, 0xdc, 0xdb,
    0x40, 0xe,

    /* U+5FD9 "忙" */
    0x0, 0xff, 0xea, 0xc, 0x30, 0x7, 0xf1, 0xee,
    0x90, 0x3, 0xff, 0x81, 0xaf, 0x2a, 0x1, 0xfb,
    0xc8, 0x96, 0x80, 0x1f, 0xf1, 0x80, 0x34, 0x3,
    0xf3, 0x0, 0x54, 0x20, 0x1f, 0xfc, 0x11, 0x0,
    0xfd, 0x60, 0x10, 0xa0, 0x7, 0xff, 0x28, 0x60,
    0x0, 0xca, 0x1, 0xff, 0xc1, 0x26, 0x0, 0xfc,
    0xf7, 0xd2, 0x1, 0xfd, 0x9e, 0x1, 0x24, 0xd8,
    0xe7, 0xff, 0xaf, 0xbf, 0xfd, 0x20, 0x7, 0x30,
    0xf, 0x25, 0x98, 0x7, 0xff, 0x9, 0x88, 0x34,
    0x3, 0xf2, 0x80, 0x7f, 0xf1, 0xc, 0x4, 0x3,
    0x88, 0x2, 0x21, 0x0, 0xc4, 0x5f, 0x8e, 0x44,
    0x14, 0x3, 0x90, 0x0, 0x3b, 0xa0, 0x8, 0x77,
    0x7f, 0x63, 0x0, 0x88, 0x8, 0x3, 0x5d, 0xb8,
    0x3, 0xff, 0x8a, 0x60, 0x7, 0x0, 0xc8, 0x80,
    0xf, 0xfe, 0x31, 0x41, 0xf0, 0x7, 0xff, 0x35,
    0xf1, 0x0, 0x3f, 0xff, 0xe0, 0x1f, 0xff, 0xf0,
    0xf, 0xff, 0x70, 0xbb, 0xfc, 0xc8, 0x1, 0xff,
    0xc7, 0x88, 0xfa, 0x6d, 0xc0, 0x3f, 0xf8, 0x24,
    0x1, 0xff, 0xc1, 0xd0, 0xf, 0xc2, 0x1, 0x86,
    0x0, 0x3f, 0xe2, 0x90, 0xe, 0x20, 0x7, 0x80,
    0x73, 0xff, 0xff, 0xda, 0x60, 0x1d, 0x2, 0x6c,
    0x1, 0xff, 0xc8,

    /* U+6001 "态" */
    0x0, 0xff, 0xe0, 0x13, 0xb0, 0x7, 0xff, 0x37,
    0x22, 0x68, 0x3, 0xff, 0x96, 0x62, 0x0, 0x40,
    0xf, 0xfe, 0x5b, 0x0, 0x46, 0x1, 0xff, 0xc1,
    0x19, 0xbc, 0xcf, 0xac, 0x2, 0x2c, 0xcf, 0xd7,
    0x24, 0x0, 0xa6, 0x43, 0x3f, 0x84, 0x3, 0x19,
    0xfe, 0x46, 0xe0, 0x3, 0x80, 0x7f, 0xf3, 0x4,
    0x1, 0xe4, 0x1, 0xff, 0xca, 0x29, 0x0, 0x1e,
    0xff, 0xfc, 0x40, 0x1f, 0xb7, 0xff, 0xb5, 0x0,
    0x3f, 0xd0, 0x40, 0x15, 0x88, 0x5, 0xe2, 0x1,
    0xff, 0xc3, 0x67, 0x0, 0x91, 0x14, 0x1, 0x16,
    0x88, 0x7, 0xff, 0x0, 0xaa, 0x40, 0x34, 0x82,
    0x30, 0x4, 0x78, 0x60, 0x1f, 0xc7, 0x5a, 0xa0,
    0x1a, 0x91, 0x8a, 0x4c, 0x2, 0x2c, 0xa4, 0x0,
    0xe2, 0xcc, 0x28, 0x7, 0x1d, 0x4c, 0xb6, 0x78,
    0xc0, 0x32, 0xde, 0x80, 0x6f, 0x30, 0xe, 0x29,
    0x0, 0xe6, 0xec, 0x60, 0xe, 0x24, 0x0, 0x88,
    0x3, 0x9f, 0x5b, 0x20, 0x3, 0x28, 0x4d, 0x90,
    0x6, 0x50, 0x9, 0x40, 0x2, 0xfd, 0x0, 0x13,
    0xb8, 0x0, 0x92, 0x0, 0x4d, 0xa5, 0x39, 0x10,
    0xa, 0xaf, 0x3a, 0x4, 0x3, 0x3b, 0x81, 0x2c,
    0x3, 0x96, 0xf1, 0x80, 0x39, 0xa9, 0xc0, 0xb7,
    0xa0, 0x34, 0x0, 0x92, 0x1, 0x93, 0xb8, 0xe0,
    0x1e, 0xc6, 0x86, 0xb2, 0x17, 0x29, 0x0, 0x99,
    0xc0, 0x2e, 0x10, 0x83, 0x0, 0xc6, 0x20, 0xe,
    0x20, 0x9, 0x8e, 0x0, 0x2b, 0x0, 0x88, 0x2,
    0xf0, 0xc, 0x80, 0x17, 0x38, 0x7, 0x39, 0x83,
    0x69, 0xff, 0x94, 0x2, 0x34, 0x0, 0xac, 0x2,
    0x57, 0x0, 0xf6, 0x7c, 0x8d, 0x80, 0x8, 0x40,
    0x2f, 0x0, 0x19, 0x80, 0x23, 0x10, 0xa, 0x67,
    0xd4, 0xe0, 0x14, 0x80, 0x48, 0x0, 0x70, 0x9,
    0x43, 0x40, 0x22, 0x66, 0xe5, 0x0, 0x85, 0xc4,
    0x0, 0x20, 0x4, 0x50, 0x18, 0x6, 0x0, 0xff,
    0xe0, 0xd8, 0x38, 0x1d, 0x0, 0x55, 0xdc, 0x20,
    0x1d, 0x62, 0x0, 0xf8, 0x52, 0x94, 0x27, 0xf1,
    0x0,

    /* U+6210 "成" */
    0x0, 0xff, 0xef, 0x1e, 0x6b, 0x0, 0xef, 0xd1,
    0x0, 0x7f, 0xf1, 0xb8, 0xca, 0x46, 0x48, 0x17,
    0x54, 0x3, 0xff, 0x8a, 0x40, 0x11, 0x78, 0x6,
    0xb0, 0xf, 0xfe, 0x4b, 0xba, 0x80, 0x29, 0x0,
    0xf4, 0x7f, 0xff, 0x80, 0x35, 0xfd, 0x0, 0x51,
    0xcc, 0x1, 0x13, 0x80, 0x7f, 0xf2, 0x46, 0x0,
    0x26, 0x0, 0xff, 0xf3, 0x15, 0x0, 0x7e, 0xff,
    0xf9, 0x40, 0x27, 0xff, 0xf6, 0xa0, 0x7, 0xff,
    0xc, 0x80, 0x22, 0x0, 0x1d, 0xd1, 0x0, 0x7f,
    0xa6, 0x79, 0x83, 0xc0, 0x26, 0x0, 0x72, 0x2e,
    0x0, 0x7f, 0x99, 0xba, 0x60, 0x80, 0x22, 0x4,
    0x20, 0x0, 0x80, 0x7f, 0xf1, 0x11, 0x80, 0x21,
    0x17, 0x80, 0x46, 0x1, 0xff, 0xc4, 0x13, 0x0,
    0xd2, 0x80, 0x15, 0x0, 0x70, 0x80, 0x6e, 0xe6,
    0x0, 0x42, 0x2, 0x1, 0x38, 0x4, 0x2c, 0x1,
    0xfc, 0x23, 0x80, 0x39, 0x40, 0x3e, 0x80, 0xf,
    0x18, 0x4, 0x40, 0x1, 0x0, 0x9c, 0x30, 0x3,
    0xc6, 0xc0, 0x1e, 0xe0, 0x9, 0xc0, 0xe, 0x1,
    0x8, 0x20, 0x7, 0xbc, 0x3, 0xe2, 0x0, 0xc2,
    0x18, 0x1, 0x18, 0x18, 0x7, 0x39, 0x83, 0x5a,
    0x80, 0x4c, 0x1, 0xf, 0x7b, 0x80, 0x5c, 0xc,
    0x1, 0xd0, 0x3, 0x29, 0x42, 0x0, 0x20, 0xb,
    0xd0, 0x3, 0x8d, 0x24, 0x3, 0x94, 0x14, 0x3,
    0x84, 0x40, 0x13, 0x60, 0x6, 0x41, 0xb0, 0xf,
    0x5a, 0x70, 0x4, 0x20, 0xe0, 0x18, 0xd9, 0x8a,
    0xf4, 0x74, 0x1, 0xf0, 0xda, 0x80, 0xc, 0x1,
    0x40, 0x11, 0x0, 0xcd, 0x42, 0xb8, 0x6, 0x63,
    0x0, 0xfa, 0xc0, 0xe, 0x1, 0x28, 0x7, 0x90,
    0x2, 0x79, 0xd2, 0x0, 0xe2, 0x70, 0x4, 0x98,
    0x1c, 0x0, 0x7a, 0x90, 0xea, 0x0, 0x75, 0xc8,
    0x5, 0xb0, 0x2, 0x2c, 0xec, 0x0, 0xf8, 0x6f,
    0x14, 0x3, 0x46, 0xff, 0x48, 0x80, 0x0,

    /* U+6216 "或" */
    0x0, 0xff, 0xee, 0xc6, 0x50, 0x80, 0x1a, 0xdc,
    0x3, 0xff, 0x8a, 0xae, 0x6b, 0x0, 0x72, 0x91,
    0xc6, 0x1, 0xff, 0xc3, 0x20, 0x9, 0x41, 0x0,
    0x21, 0x90, 0xf, 0xfe, 0x38, 0x83, 0xc0, 0x5,
    0x0, 0x2, 0xcf, 0xff, 0xfa, 0x0, 0x22, 0xff,
    0x40, 0x5, 0x88, 0x10, 0x60, 0x1f, 0xfc, 0xa1,
    0xf0, 0xf, 0xfe, 0x70, 0x84, 0x18, 0x7, 0xff,
    0x28, 0xe0, 0xb, 0x3f, 0xff, 0xec, 0x0, 0xdd,
    0xff, 0xd8, 0x40, 0x11, 0x33, 0xbf, 0x98, 0x40,
    0x80, 0x31, 0x0, 0x11, 0xcc, 0x3, 0x1e, 0xcc,
    0x47, 0xa7, 0xc4, 0x40, 0x19, 0x41, 0x2e, 0x31,
    0x0, 0x24, 0x0, 0xfe, 0x14, 0x1, 0x0, 0xb8,
    0x3c, 0x2, 0xc0, 0xb, 0xc0, 0x3f, 0xc6, 0xa,
    0x1, 0x11, 0x10, 0x2, 0xd0, 0xf, 0xb7, 0xfc,
    0xe0, 0x1c, 0x40, 0x13, 0x58, 0x6, 0x50, 0xf,
    0xfe, 0x27, 0x0, 0x46, 0xc0, 0x13, 0x0, 0x7e,
    0xdf, 0xf3, 0x80, 0x71, 0x80, 0x7e, 0xb0, 0xd,
    0xe0, 0x1f, 0xe3, 0x5, 0x0, 0xf9, 0x48, 0x3,
    0x28, 0x7, 0xf0, 0xa0, 0x9, 0x0, 0x7a, 0x0,
    0x38, 0xb6, 0x67, 0xea, 0xf1, 0x0, 0x20, 0x7,
    0x39, 0x0, 0x78, 0x99, 0xbc, 0xa6, 0xe2, 0x0,
    0xf0, 0xc, 0x30, 0x11, 0xb0, 0x1, 0x85, 0x1e,
    0xb7, 0xf2, 0x65, 0x40, 0x30, 0x1, 0x9c, 0x9,
    0xc9, 0xc8, 0x23, 0xb9, 0x70, 0xa4, 0x1, 0x90,
    0xb0, 0x40, 0x32, 0x3, 0x0, 0x42, 0xae, 0x20,
    0x1f, 0xec, 0x20, 0xe, 0x28, 0xe0, 0x8, 0x80,
    0x3f, 0x8d, 0x9c, 0x4, 0x3, 0xe7, 0x50, 0x1,
    0xa, 0x8, 0x0, 0x56, 0x33, 0xf2, 0x70, 0x3,
    0xc, 0x80, 0x7d, 0x40, 0x3d, 0x9d, 0xca, 0x73,
    0x0, 0x90, 0xc0, 0x3, 0xad, 0x20, 0x1c, 0x4e,
    0x1, 0x18, 0x80, 0x7e, 0xd6, 0x67, 0x98, 0x35,
    0x18, 0xa, 0xe0, 0x7, 0xff, 0x8, 0x66, 0x42,
    0x1, 0x2e, 0x7f, 0x50, 0x80, 0x0,

    /* U+6237 "户" */
    0x0, 0xff, 0xec, 0x8c, 0xe2, 0x80, 0x7f, 0xf2,
    0x7d, 0x8e, 0x84, 0x3, 0xff, 0x90, 0x60, 0x12,
    0x0, 0x7f, 0xf2, 0x14, 0x2, 0x60, 0xf, 0xfe,
    0x2, 0xde, 0x67, 0x94, 0x0, 0x3f, 0x99, 0xe9,
    0x10, 0x8, 0xa9, 0xc, 0xfc, 0x40, 0x1, 0x33,
    0xf9, 0xa0, 0x2, 0x70, 0xf, 0xfe, 0x42, 0x80,
    0x7f, 0xf3, 0x4, 0x3, 0xe1, 0xff, 0xff, 0xe0,
    0x48, 0x7, 0xff, 0xc8, 0x47, 0xff, 0x80, 0x1,
    0xf8, 0xc0, 0x21, 0xee, 0xff, 0xe0, 0x48, 0x7,
    0xff, 0x50, 0x40, 0x3f, 0xf9, 0x2, 0x1, 0x78,
    0x4, 0x28, 0x9f, 0xfc, 0x2, 0x0, 0x94, 0x2,
    0x20, 0x9, 0x2e, 0xff, 0xf8, 0x18, 0xc8, 0xd0,
    0x1, 0x30, 0x4, 0x40, 0x1f, 0xfc, 0x1, 0x9b,
    0x91, 0x0, 0x8c, 0x2, 0xe0, 0xf, 0xfe, 0x39,
    0x0, 0x62, 0x0, 0xff, 0xe3, 0xb8, 0x6, 0x50,
    0xf, 0xfe, 0x3e, 0x0, 0x42, 0x20, 0xf, 0xfe,
    0x3b, 0x80, 0x48, 0x1, 0xff, 0xc7, 0x61, 0x0,
    0xb0, 0x3, 0xff, 0x8f, 0xc0, 0x10, 0xb0, 0x7,
    0xff, 0x1e, 0x48, 0x1, 0x60, 0x1f, 0xfc, 0x81,
    0xda, 0xd5, 0x0, 0xff, 0xe5, 0x29, 0x0, 0x7f,
    0xf2, 0x0,

    /* U+624B "手" */
    0x0, 0xff, 0xef, 0x92, 0xce, 0x6b, 0x0, 0x7f,
    0x84, 0x44, 0x68, 0xcf, 0x37, 0xbf, 0xb4, 0xc6,
    0x52, 0x20, 0x1e, 0x4d, 0xfe, 0xe6, 0xe5, 0xcc,
    0x32, 0x10, 0x7, 0xc6, 0x1, 0xe9, 0x20, 0xf,
    0xfe, 0x2b, 0x10, 0x7, 0x98, 0x3, 0xff, 0x80,
    0x4a, 0xf3, 0x7d, 0x20, 0x1f, 0x53, 0xb3, 0x1e,
    0x26, 0xec, 0x1, 0xba, 0xa1, 0x90, 0x40, 0x3f,
    0xc, 0x4c, 0xa1, 0xd9, 0x14, 0x3, 0xff, 0x9c,
    0x60, 0x1f, 0xfc, 0x66, 0xef, 0xff, 0x68, 0x6,
    0xcf, 0xff, 0xa8, 0x3, 0xa0, 0x40, 0x3f, 0xf8,
    0xea, 0x60, 0x1f, 0xfd, 0x3d, 0x42, 0x2f, 0x80,
    0x30, 0x91, 0x78, 0xe4, 0xc0, 0x31, 0xde, 0xef,
    0xb0, 0x3, 0x6e, 0xfd, 0x8c, 0x1, 0xff, 0xd2,
    0x2a, 0xcc, 0xfe, 0x0, 0xdd, 0x99, 0xfa, 0x8c,
    0x3d, 0x4c, 0xff, 0x10, 0x6, 0x23, 0x3f, 0xcb,
    0xc0, 0x60, 0x1f, 0xfc, 0xc2, 0x9, 0x0, 0xff,
    0xe6, 0x38, 0x3f, 0x6e, 0x67, 0xd6, 0x1, 0xab,
    0x33, 0xed, 0xe8, 0x0, 0x9, 0x19, 0xfc, 0xa0,
    0x19, 0x8c, 0xfe, 0x21, 0x0, 0xff, 0xfb, 0x10,
    0x6, 0x10, 0xf, 0xfe, 0x2b, 0xf7, 0xfb, 0x0,
    0x31, 0x80, 0x7f, 0xf1, 0x60, 0x40, 0x3c, 0x62,
    0x1, 0xff, 0xcc, 0x1f, 0x0, 0xff, 0xe3, 0x48,
    0x80, 0x9, 0x23, 0xcc, 0x3, 0xff, 0x8c, 0xdd,
    0xfe, 0xdb, 0x71, 0x0, 0xff, 0xe0, 0x80,

    /* U+627E "找" */
    0x0, 0xff, 0xea, 0x16, 0x6b, 0x0, 0x78, 0xa6,
    0x8c, 0x0, 0x2a, 0x20, 0x1f, 0xd2, 0x65, 0x20,
    0x1e, 0xe6, 0x5d, 0x1, 0xfa, 0xf3, 0x0, 0xfc,
    0xc0, 0x11, 0x0, 0x71, 0x0, 0x4, 0x4a, 0x20,
    0x3a, 0x20, 0x1f, 0xfc, 0x93, 0x41, 0x0, 0xc,
    0x0, 0x7f, 0xf2, 0xf4, 0x2, 0xe0, 0xc, 0x75,
    0x84, 0x1, 0x7d, 0x18, 0x4, 0x60, 0x10, 0x81,
    0xda, 0x33, 0x80, 0x6d, 0x53, 0x0, 0xc4, 0xbc,
    0x1, 0x8, 0x5, 0x51, 0x3e, 0xee, 0xfd, 0x30,
    0xf, 0xfe, 0x0, 0xdf, 0x98, 0x4, 0xce, 0xc8,
    0x62, 0x5, 0x0, 0xb, 0x20, 0xf, 0x14, 0xc2,
    0x0, 0x7f, 0xf0, 0x44, 0x0, 0xbb, 0xe4, 0x1,
    0x6e, 0x90, 0x3, 0xff, 0x80, 0x24, 0xd6, 0x1,
    0xff, 0xc0, 0x84, 0x10, 0xc, 0x75, 0x9b, 0xd9,
    0xb2, 0x20, 0x1f, 0xfc, 0x1, 0xbe, 0x90, 0x9,
    0xd4, 0xcd, 0xfb, 0x80, 0x1f, 0xf7, 0x62, 0x80,
    0x44, 0x1, 0x30, 0x2, 0xc4, 0xd, 0x40, 0x33,
    0xd9, 0x0, 0x46, 0x6a, 0x0, 0x98, 0x2, 0x20,
    0x55, 0x0, 0x4e, 0x1, 0x5c, 0x20, 0x7, 0xf8,
    0x80, 0x32, 0xd0, 0x4, 0xa4, 0x1, 0x30, 0x7,
    0xc9, 0x80, 0x18, 0x80, 0x2a, 0x0, 0x86, 0xc0,
    0x35, 0x80, 0x7b, 0x2c, 0xc0, 0x32, 0x0, 0x7d,
    0x62, 0x1, 0x9b, 0xb8, 0x40, 0x10, 0x80, 0x7b,
    0x0, 0x3d, 0xa, 0x1, 0xe1, 0x10, 0x7, 0xfc,
    0x20, 0x1c, 0xce, 0xb, 0x4a, 0x1, 0xff, 0xc3,
    0x8b, 0x0, 0xe9, 0x1, 0xa5, 0xa0, 0xf, 0xfe,
    0xa, 0x73, 0x80, 0x7a, 0x41, 0x40, 0x21, 0x0,
    0xff, 0x96, 0xc4, 0x3, 0xe6, 0xfa, 0x0, 0x84,
    0x0, 0xb4, 0x40, 0x11, 0x80, 0x24, 0x3, 0xb,
    0x0, 0x70, 0x80, 0x10, 0x0, 0x54, 0xa0, 0x18,
    0x40, 0xc, 0x1, 0x2f, 0xcb, 0x80, 0x7d, 0xa0,
    0x1, 0x0, 0xe5, 0x0, 0xa0, 0xd2, 0xe8, 0x42,
    0x20, 0x1, 0xc4, 0xc0, 0x3, 0x60, 0x0, 0xc5,
    0x0, 0x45, 0x96, 0x80, 0x19, 0xf5, 0xcc, 0x53,
    0xc0, 0x34, 0xff, 0xb9, 0xc0, 0x3f, 0xf8, 0x25,
    0x19, 0xd6, 0x40, 0x0,

    /* U+62E9 "择" */
    0x0, 0xcb, 0xb8, 0x40, 0x1e, 0x12, 0x21, 0x99,
    0x10, 0xaa, 0x41, 0x0, 0xf5, 0x11, 0xc0, 0x4,
    0x7d, 0xfd, 0xba, 0xcc, 0x5d, 0xaa, 0x97, 0xc8,
    0x1, 0x84, 0x2, 0x70, 0xa, 0x4, 0x3, 0xff,
    0x80, 0x60, 0x1f, 0xfc, 0x1, 0x0, 0xff, 0xe0,
    0xa0, 0x7, 0xff, 0x2, 0x18, 0x2, 0x17, 0x73,
    0x0, 0x64, 0x30, 0x2, 0x67, 0x80, 0x45, 0xb4,
    0x25, 0x2c, 0x0, 0x10, 0x82, 0x0, 0x86, 0x80,
    0x2a, 0x31, 0x0, 0xc4, 0xb2, 0x0, 0x92, 0x0,
    0x3f, 0xa0, 0x5, 0xa2, 0x1, 0xff, 0xc4, 0xf0,
    0xf, 0xac, 0xc0, 0x36, 0xa0, 0x80, 0x62, 0x69,
    0x0, 0x9c, 0x80, 0x38, 0xd4, 0x3, 0x8e, 0xfc,
    0x2, 0x2d, 0x91, 0x14, 0x75, 0x10, 0x7, 0x1f,
    0x40, 0x80, 0x7f, 0xf0, 0xb, 0xdc, 0x40, 0x30,
    0x80, 0x67, 0xea, 0x0, 0xff, 0xa8, 0x40, 0x31,
    0xe7, 0x38, 0x7, 0x2a, 0x80, 0x3e, 0x38, 0x5d,
    0x0, 0x8a, 0xb0, 0x16, 0x75, 0x40, 0x33, 0x0,
    0x1a, 0x80, 0x21, 0x7a, 0x6a, 0x8c, 0xd5, 0x8c,
    0xae, 0xa, 0xd8, 0x69, 0x30, 0xc9, 0x40, 0xf,
    0x2a, 0x8a, 0xe6, 0x4c, 0x1, 0x4c, 0xac, 0x2d,
    0x80, 0x6, 0x1, 0xf2, 0x3a, 0xd3, 0xb3, 0x4,
    0x2, 0x46, 0x64, 0x68, 0x4, 0x80, 0x1c, 0x3b,
    0x62, 0x40, 0x1f, 0xfc, 0x11, 0x0, 0x5d, 0x48,
    0x4, 0x64, 0x0, 0x64, 0x10, 0xf, 0xe1, 0x81,
    0x0, 0x95, 0xc0, 0x3e, 0x1b, 0xef, 0xf1, 0x80,
    0x55, 0xfe, 0xe7, 0x0, 0xff, 0xe0, 0xc, 0x55,
    0x62, 0x0, 0xa6, 0xaa, 0x97, 0x10, 0xf, 0xf5,
    0x3a, 0xae, 0x10, 0x8, 0xd5, 0x66, 0x8b, 0x0,
    0xff, 0x30, 0x7, 0xff, 0xc, 0x40, 0x3f, 0xd2,
    0x40, 0x1f, 0xfc, 0x13, 0x80, 0x3, 0xe0, 0x4,
    0x20, 0x4, 0xdf, 0xfc, 0x60, 0x15, 0x7f, 0xec,
    0x30, 0x18, 0x20, 0x9, 0x80, 0x3f, 0xf9, 0x6,
    0x1, 0xd2, 0x1, 0xf9, 0x80, 0x26, 0x0, 0xf8,
    0x88, 0x2, 0xb8, 0x60, 0x1f, 0xa0, 0x81, 0x8c,
    0x3, 0xc0,

    /* U+62FC "拼" */
    0x0, 0xe1, 0x0, 0xff, 0xe6, 0xe7, 0x68, 0x80,
    0x72, 0x53, 0x0, 0x79, 0x1c, 0x80, 0x39, 0x4c,
    0x9, 0xc0, 0x31, 0x5a, 0xcb, 0x0, 0x63, 0xb8,
    0xd3, 0x0, 0xc6, 0x1, 0x8, 0x6, 0x60, 0xa,
    0x44, 0x2, 0x90, 0x9, 0x40, 0x3f, 0x78, 0x6,
    0x40, 0xc, 0xe0, 0x2, 0x50, 0x9, 0x0, 0x3f,
    0xf8, 0x4c, 0x1, 0xeb, 0x0, 0x98, 0x80, 0xd,
    0xd2, 0x1, 0x3e, 0x90, 0x1c, 0x90, 0x5, 0x95,
    0x6c, 0x1, 0x12, 0x0, 0x24, 0x40, 0x38, 0x94,
    0x31, 0x90, 0x2, 0x55, 0x20, 0x6, 0x4b, 0x10,
    0x10, 0xf, 0x84, 0x40, 0x1f, 0xfc, 0x33, 0xc,
    0x62, 0x0, 0x89, 0xd8, 0x54, 0x3, 0xff, 0x82,
    0x84, 0x5, 0x36, 0x1, 0x2c, 0x0, 0x2b, 0x98,
    0x2, 0x7d, 0xb0, 0x8, 0x7a, 0xc0, 0x3f, 0xf8,
    0x22, 0x20, 0xb, 0xc9, 0x80, 0x30, 0x80, 0x7f,
    0xf6, 0x1a, 0x80, 0x3f, 0xf8, 0xe5, 0x30, 0x1,
    0xa, 0xa9, 0xbb, 0xdc, 0x2, 0x8f, 0xd0, 0x8,
    0x7f, 0x90, 0x31, 0x84, 0x3, 0x8a, 0x44, 0x3,
    0xff, 0x82, 0x30, 0x2, 0x1, 0xe5, 0x71, 0x0,
    0xff, 0xe2, 0xa8, 0x7, 0x3d, 0x5, 0x21, 0x0,
    0x61, 0x21, 0x0, 0xc4, 0x9c, 0x15, 0x8e, 0x1,
    0xe4, 0xbd, 0x30, 0xb, 0x75, 0x80, 0x10, 0xed,
    0x90, 0x0, 0xf8, 0x3, 0xf8, 0xc0, 0x23, 0x0,
    0xff, 0xe4, 0x90, 0x4, 0x40, 0x1f, 0xfc, 0xa4,
    0x0, 0x90, 0x3, 0xff, 0x8b, 0xe0, 0x1a, 0x80,
    0x2c, 0x0, 0xff, 0x87, 0x24, 0x3, 0xe8, 0x30,
    0x0, 0xa8, 0x7, 0xfc, 0xe6, 0x1, 0x88, 0x0,
    0xce, 0x1, 0x48, 0x7, 0xff, 0x14, 0x54, 0x1,
    0xc0, 0x11, 0xb8, 0x7, 0xff, 0x1, 0x90, 0x5,
    0xbc, 0x2, 0x92, 0x5, 0xc0, 0xc, 0x40, 0x12,
    0x80, 0x75, 0xff, 0x48, 0x80, 0x43, 0xbd, 0x40,
    0x1e, 0x91, 0x14, 0x0, 0x40,

    /* U+6309 "按" */
    0x0, 0xff, 0xe3, 0x88, 0x7, 0xff, 0x1, 0x37,
    0x46, 0x1, 0xf8, 0x6f, 0xf8, 0xc0, 0x3f, 0xe9,
    0x22, 0x78, 0x7, 0xe9, 0x40, 0x5, 0x80, 0x7f,
    0xc4, 0x0, 0x20, 0xf, 0xfe, 0x2, 0x0, 0x7f,
    0xf1, 0x97, 0x3b, 0xa7, 0x0, 0x8f, 0xba, 0xdb,
    0x20, 0xf, 0xf8, 0x68, 0xc4, 0x60, 0xe, 0x11,
    0x89, 0x24, 0x0, 0x97, 0xa0, 0x10, 0xe3, 0x90,
    0x7, 0xff, 0xd, 0x80, 0x16, 0x84, 0x1, 0x8e,
    0x10, 0x2, 0x25, 0x5f, 0xc0, 0x11, 0x80, 0x7f,
    0xc2, 0x1, 0x2d, 0xfc, 0x55, 0x70, 0x4, 0x60,
    0xa, 0x31, 0x0, 0xc4, 0xec, 0x40, 0xb, 0xda,
    0xd9, 0x0, 0xca, 0x0, 0xa0, 0x2, 0xe7, 0x0,
    0x43, 0xb0, 0x19, 0x7a, 0x66, 0x0, 0x30, 0x6,
    0xab, 0xc7, 0x0, 0xff, 0xe0, 0xa, 0x13, 0x0,
    0x42, 0x1, 0xc8, 0x60, 0x1f, 0xfc, 0xa, 0xff,
    0xa4, 0x2, 0x1f, 0xff, 0xa4, 0x3, 0xfc, 0x8a,
    0x1, 0xff, 0xc3, 0x62, 0x0, 0xf8, 0x67, 0x40,
    0x3f, 0xf8, 0xa4, 0x0, 0x37, 0x0, 0xcc, 0xc7,
    0x73, 0x0, 0x63, 0x66, 0x20, 0x6, 0x7c, 0x0,
    0x56, 0x40, 0x7, 0xbe, 0x28, 0x3, 0x74, 0xc8,
    0x80, 0x22, 0x83, 0x1, 0x50, 0xf, 0x8d, 0x82,
    0x40, 0x23, 0x20, 0x2, 0x0, 0x4a, 0x1, 0x8,
    0x80, 0x3d, 0x98, 0x12, 0x50, 0x9, 0x80, 0x8,
    0x40, 0x15, 0x80, 0x6a, 0x56, 0x0, 0x84, 0xc0,
    0x8, 0x1, 0x97, 0x9e, 0x0, 0x22, 0x30, 0xc,
    0x95, 0x20, 0x1f, 0x32, 0x80, 0x61, 0x83, 0x0,
    0xa0, 0x3, 0xff, 0x89, 0x56, 0x60, 0x1f, 0x1a,
    0x80, 0x7f, 0xf1, 0x53, 0x1c, 0x3, 0xc7, 0x22,
    0x1, 0xff, 0xc3, 0x38, 0xd7, 0x0, 0xf9, 0xb9,
    0x80, 0x33, 0x50, 0x7, 0xd5, 0x8e, 0x40, 0x1f,
    0xe9, 0x80, 0x2, 0xca, 0x80, 0x4a, 0x0, 0x45,
    0x0, 0xf3, 0x7d, 0x90, 0x6, 0xe0, 0x1, 0x80,
    0x77, 0x0, 0x7e, 0x5c, 0x90, 0x4d, 0x70, 0x2,
    0x30, 0x1, 0x90, 0x5, 0x2d, 0x40, 0x8, 0xe6,
    0xb3, 0xd4, 0x60, 0x1a, 0x3a, 0xec, 0x1, 0xaf,
    0xfa, 0xd0, 0x3, 0x46, 0x53, 0x8, 0x7, 0xc2,
    0x80, 0x10,

    /* U+6362 "换" */
    0x0, 0xff, 0xea, 0x3d, 0xb8, 0x7, 0xc4, 0xe4,
    0x1, 0xff, 0xc2, 0x48, 0x48, 0x40, 0xe, 0x1c,
    0x8d, 0x60, 0xf, 0xfe, 0x9, 0x0, 0x44, 0x1,
    0xd0, 0x20, 0xb, 0x89, 0xab, 0xca, 0x40, 0xf,
    0x8, 0x4, 0x20, 0x18, 0x98, 0x2, 0x27, 0x65,
    0x43, 0x5b, 0x20, 0xf, 0xfe, 0x8, 0xf8, 0x7,
    0xff, 0x10, 0xe6, 0x80, 0x2a, 0x80, 0x1c, 0x20,
    0x8, 0x47, 0x0, 0x65, 0x20, 0xb, 0x18, 0x80,
    0x22, 0x79, 0xc2, 0x0, 0x16, 0xf7, 0x4a, 0x1,
    0xd, 0x80, 0x7f, 0xf0, 0xc, 0x80, 0x22, 0xce,
    0xe7, 0xa0, 0x4, 0x34, 0x40, 0x16, 0x29, 0x0,
    0x44, 0xf5, 0x40, 0xc, 0x23, 0x0, 0x79, 0x24,
    0x2, 0x3a, 0xa0, 0x5, 0x50, 0xa, 0x1, 0xff,
    0xc2, 0x50, 0xf, 0xfe, 0x8, 0x80, 0x5a, 0x60,
    0x15, 0x58, 0x7, 0xff, 0x24, 0x80, 0x33, 0x30,
    0x3, 0xff, 0x83, 0x3a, 0x80, 0x1f, 0xe1, 0x0,
    0xfc, 0x53, 0x20, 0x8, 0x4a, 0x40, 0x3f, 0xf8,
    0xf8, 0xc2, 0x1, 0xc2, 0x1, 0xff, 0xc6, 0x11,
    0x0, 0x79, 0x79, 0x44, 0x2, 0x72, 0x0, 0xaa,
    0xc0, 0x21, 0x50, 0x13, 0x0, 0xe8, 0xa7, 0xa0,
    0xd, 0x2, 0x1, 0x3b, 0x0, 0x6a, 0x30, 0xda,
    0x60, 0xe, 0x30, 0xf, 0xfe, 0x2b, 0x0, 0xaf,
    0x0, 0x73, 0xa8, 0x80, 0x7f, 0xf0, 0x45, 0x94,
    0x3, 0xf8, 0x6b, 0xbf, 0xd2, 0x1, 0xc3, 0x9f,
    0xf7, 0x48, 0x7, 0xff, 0x9, 0x24, 0x3, 0x87,
    0x14, 0x3, 0xff, 0x8a, 0xd6, 0x1, 0x4b, 0x80,
    0x55, 0x41, 0x0, 0xc3, 0x90, 0x1, 0x8, 0x1,
    0x32, 0x40, 0x26, 0x64, 0x28, 0x4, 0xbd, 0x2,
    0x0, 0x63, 0x0, 0xc4, 0xd, 0x66, 0x1, 0x34,
    0x80, 0x29, 0x40, 0x33, 0xc0, 0x0, 0x40, 0x31,
    0xa0, 0x68, 0x6, 0x99, 0x0, 0x6a, 0x80, 0xd,
    0xe0, 0x7, 0x40, 0x17, 0xd0, 0x7, 0x80, 0x17,
    0x58, 0x3, 0xcf, 0xac, 0x48, 0xc0, 0x1, 0xbf,
    0xe8, 0x10, 0x2, 0x77, 0xd1, 0x0, 0x7e, 0x29,
    0xdb, 0x0, 0x0,

    /* U+6392 "排" */
    0x0, 0xc5, 0x10, 0x0, 0xfc, 0x22, 0x0, 0xc4,
    0x20, 0x1f, 0xde, 0xee, 0x90, 0xf, 0x37, 0x72,
    0x0, 0x17, 0xbc, 0x80, 0x1f, 0x88, 0x0, 0xa0,
    0x1e, 0xa0, 0x3, 0x81, 0x20, 0x3, 0x40, 0x3e,
    0x10, 0x8, 0x40, 0x3c, 0x20, 0x18, 0x40, 0x22,
    0x0, 0xff, 0xe1, 0x9c, 0x51, 0x0, 0x7e, 0x5a,
    0x83, 0x0, 0x1d, 0x68, 0x4, 0x56, 0x81, 0x8e,
    0xa0, 0x1f, 0xc2, 0xaf, 0x80, 0xd, 0x53, 0x0,
    0xc9, 0x62, 0x1, 0xff, 0xc6, 0x10, 0xf, 0xc3,
    0x46, 0x40, 0x1f, 0xe2, 0x3a, 0x0, 0x51, 0x0,
    0x70, 0xc0, 0x2e, 0x69, 0x0, 0x7e, 0x4d, 0xc5,
    0x0, 0x2e, 0xf0, 0x4, 0x5c, 0xe0, 0x1f, 0xfd,
    0x12, 0x8a, 0x20, 0xf, 0xcb, 0x50, 0x20, 0x1f,
    0xfc, 0xc, 0x75, 0x0, 0xfe, 0x15, 0x7d, 0x0,
    0xfc, 0x74, 0xc0, 0x20, 0x1f, 0xfc, 0x21, 0x0,
    0x96, 0xc0, 0x21, 0x59, 0x2a, 0x32, 0x0, 0xff,
    0x12, 0x70, 0x3, 0x69, 0x40, 0x3c, 0x2b, 0x9a,
    0x40, 0x1f, 0x93, 0x6c, 0xc0, 0x48, 0x3, 0xe6,
    0x30, 0xf, 0xfe, 0x28, 0x90, 0x7, 0x17, 0xc8,
    0x3c, 0xd1, 0x0, 0x7e, 0x59, 0x85, 0x0, 0x64,
    0xc8, 0x3, 0xd3, 0xc, 0xa0, 0x1f, 0xc2, 0xcf,
    0x4a, 0x2, 0xce, 0x1, 0xe2, 0x0, 0xff, 0xe2,
    0x10, 0x7, 0xfa, 0x8, 0x3, 0xff, 0x84, 0x6c,
    0x1, 0xfe, 0x3d, 0xff, 0x10, 0x7, 0xe4, 0xff,
    0x60, 0x80, 0x7f, 0xf4, 0x96, 0xc0, 0x21, 0x0,
    0xff, 0xe4, 0x95, 0x28, 0x4, 0xc0, 0x1f, 0xfc,
    0x91, 0x0, 0xef, 0x0, 0xff, 0xe1, 0x88, 0x7,
    0x1b, 0x0, 0xa, 0xd4, 0x3, 0xcc, 0x0, 0x10,
    0x20, 0x8, 0x80, 0x3d, 0x3f, 0xed, 0x40, 0xf,
    0xa4, 0xca, 0xc0, 0x5c, 0xa, 0x80, 0x30,

    /* U+63A5 "接" */
    0x0, 0xff, 0xea, 0x35, 0x28, 0x7, 0xf8, 0x98,
    0x40, 0x3f, 0xe3, 0x95, 0xa1, 0x0, 0xfc, 0xbb,
    0x3e, 0x20, 0x1f, 0xe5, 0x0, 0x94, 0x2, 0x16,
    0x77, 0xa0, 0x0, 0x34, 0xef, 0x31, 0x80, 0x70,
    0x80, 0x78, 0x7e, 0x62, 0x22, 0x0, 0x92, 0x22,
    0x9c, 0x40, 0xf, 0xf8, 0xc4, 0x3, 0xff, 0x84,
    0x40, 0x2, 0x7b, 0x0, 0xbd, 0x40, 0x9c, 0x40,
    0x3f, 0xe1, 0x57, 0x0, 0x64, 0x18, 0x4, 0x94,
    0x41, 0x1c, 0x40, 0xb, 0xff, 0x8c, 0x7, 0x7a,
    0x84, 0x0, 0x20, 0x1f, 0x8, 0x4, 0x40, 0xc,
    0x0, 0x19, 0x80, 0x50, 0x3, 0xa8, 0xc0, 0x30,
    0xb1, 0x81, 0x22, 0x0, 0x1c, 0x88, 0xf0, 0xc,
    0x84, 0x1, 0x2e, 0x40, 0x5, 0x52, 0x15, 0xb6,
    0x80, 0x9, 0xbb, 0x18, 0x5, 0x37, 0xb4, 0x1,
    0xff, 0x28, 0x7, 0xff, 0xd, 0x40, 0x3f, 0xe7,
    0x0, 0xff, 0xe1, 0xb8, 0x7, 0xe9, 0x80, 0x8f,
    0xed, 0xd3, 0x0, 0x1f, 0x77, 0xbb, 0xe0, 0x0,
    0x53, 0x20, 0x8, 0x9d, 0x0, 0x2, 0x40, 0xc0,
    0x5, 0x22, 0xe1, 0x0, 0xda, 0xc2, 0x1, 0xc5,
    0x5b, 0xdc, 0xd0, 0x8, 0xbb, 0xbd, 0xb2, 0x2,
    0x1, 0xe1, 0x70, 0x52, 0x11, 0x0, 0x70, 0x8f,
    0x89, 0x90, 0x54, 0x3, 0xaa, 0x8, 0x3, 0xff,
    0x8a, 0xc1, 0x5d, 0x0, 0x1c, 0x9b, 0x28, 0x1,
    0xc, 0x44, 0x40, 0x12, 0xce, 0x90, 0x0, 0x40,
    0x3e, 0x27, 0x50, 0xa, 0x1d, 0xcc, 0x40, 0x15,
    0xb1, 0x0, 0x7f, 0xf0, 0x28, 0x40, 0x29, 0xc6,
    0xa0, 0x9, 0x44, 0x3, 0xff, 0x85, 0xa6, 0x1,
    0x8e, 0x50, 0x2, 0xb0, 0xf, 0xfe, 0x1b, 0x66,
    0xb8, 0x7, 0xe6, 0x10, 0xc, 0x35, 0x20, 0x13,
    0x80, 0x48, 0xf6, 0xc0, 0x1f, 0xa3, 0xa0, 0x2,
    0x65, 0x10, 0x8, 0x40, 0x1b, 0x70, 0xc2, 0x1,
    0x84, 0x3, 0x9c, 0x40, 0x3e, 0x42, 0x1, 0x20,
    0xf, 0x25, 0xf7, 0x18, 0x2, 0x51, 0x0, 0x32,
    0x0, 0xbd, 0x80, 0x5, 0x84, 0x48, 0xd5, 0xd6,
    0x80, 0x33, 0xaa, 0x94, 0x1, 0xd, 0xff, 0x40,
    0x6, 0x9e, 0xe5, 0xca, 0x88, 0x7, 0x15, 0x58,
    0x4,

    /* U+63D2 "插" */
    0x0, 0xff, 0xe9, 0xd7, 0x50, 0x7, 0xff, 0x8,
    0xda, 0x5c, 0x3, 0x95, 0x42, 0xa8, 0x1, 0xc6,
    0xac, 0xf3, 0x7b, 0xf9, 0x2d, 0xc, 0x1, 0x88,
    0x2, 0x20, 0x8, 0xbb, 0x2a, 0x61, 0x90, 0x80,
    0x3b, 0xc0, 0x3f, 0x8, 0x4, 0xe2, 0x1, 0xff,
    0x1e, 0x80, 0x7f, 0xf0, 0x10, 0xc0, 0x2, 0x40,
    0x12, 0x67, 0x7e, 0x20, 0x0, 0xee, 0x40, 0x29,
    0xa1, 0x1, 0xcf, 0xf7, 0x78, 0x4, 0x46, 0x20,
    0x1d, 0xc8, 0x20, 0x10, 0xab, 0x3, 0x4c, 0xe8,
    0x0, 0x92, 0x67, 0x38, 0x80, 0x80, 0x7e, 0x89,
    0x66, 0xca, 0x1, 0x13, 0x36, 0x8d, 0xe, 0x51,
    0x0, 0x85, 0x9c, 0x80, 0x3f, 0xf8, 0x64, 0x5,
    0x52, 0x1, 0x4c, 0x82, 0x48, 0x3, 0xff, 0x82,
    0x30, 0x1, 0xfe, 0x3d, 0xff, 0x77, 0xe8, 0x4,
    0xdf, 0xfb, 0x98, 0x3, 0xff, 0x80, 0x53, 0xcc,
    0x1, 0xc2, 0xd0, 0xc0, 0x1f, 0xda, 0xc0, 0x5,
    0xd6, 0x8, 0x0, 0xec, 0x97, 0x9b, 0x0, 0x9a,
    0xc0, 0x25, 0x99, 0x5, 0x80, 0x7f, 0x10, 0x4,
    0x80, 0xd, 0x93, 0x0, 0xe5, 0x11, 0x0, 0x13,
    0x0, 0x39, 0xc4, 0x2, 0x11, 0x10, 0x7, 0x86,
    0x0, 0x36, 0x10, 0x7, 0x43, 0x0, 0x61, 0x20,
    0xe, 0x6e, 0x40, 0xd, 0xa2, 0x1, 0xc4, 0x60,
    0x1d, 0xee, 0x80, 0x17, 0x0, 0x79, 0x7c, 0x3,
    0xb1, 0x0, 0x38, 0xa3, 0x0, 0x3f, 0xe1, 0x10,
    0x4, 0x62, 0x1, 0xff, 0xc8, 0x51, 0x0, 0x8d,
    0x80, 0x3f, 0xf8, 0xf1, 0x40, 0x1d, 0x2e, 0x1,
    0xff, 0xd5, 0x79, 0x0, 0x84, 0x3, 0xd1, 0xfa,
    0x1, 0x37, 0xb8, 0x7, 0xc, 0x8, 0x4, 0x60,
    0x1f, 0xfc, 0xd1, 0x50, 0xf, 0xfe, 0x40, 0xb8,
    0x89, 0x7c, 0x2, 0x11, 0x0, 0xd, 0x9b, 0xe3,
    0x0, 0x84, 0x1, 0x1d, 0xca, 0x10, 0xd, 0x64,
    0x7d, 0x33, 0xf7, 0x90, 0x40, 0x0,

    /* U+64AD "播" */
    0x0, 0xff, 0xea, 0x67, 0xd8, 0x7, 0xf0, 0x91,
    0xab, 0xd6, 0x61, 0x40, 0x3c, 0xa6, 0x8, 0x60,
    0x3, 0xad, 0xef, 0xf7, 0x6e, 0x54, 0x29, 0x9a,
    0x0, 0x3c, 0x60, 0x13, 0x80, 0x3d, 0x48, 0x40,
    0x3f, 0xca, 0x1, 0xfe, 0x10, 0x5, 0x0, 0x7f,
    0x2b, 0x9c, 0xc0, 0x7, 0xff, 0x5, 0xbd, 0x41,
    0x7c, 0xc0, 0x5, 0x5c, 0x72, 0xe0, 0x19, 0x76,
    0x40, 0x2a, 0xb1, 0x3, 0x50, 0x51, 0x0, 0xeb,
    0x0, 0x68, 0x6, 0xa2, 0x0, 0xe4, 0x60, 0x20,
    0x2, 0x0, 0x80, 0xd, 0x88, 0x1, 0x80, 0x1f,
    0xfc, 0x1b, 0xe0, 0x2, 0x71, 0x0, 0x6, 0x40,
    0x29, 0xf7, 0x0, 0x51, 0x80, 0x61, 0x54, 0x40,
    0x7, 0xff, 0xe, 0x40, 0xb, 0x92, 0x1, 0x5d,
    0x1a, 0x80, 0x7f, 0xf0, 0xe4, 0x3, 0xfe, 0xaf,
    0xd2, 0x0, 0xfe, 0x6e, 0xf7, 0x0, 0xff, 0xe0,
    0xf, 0x10, 0x7, 0xf3, 0x48, 0x7, 0xfa, 0x60,
    0x1b, 0xcc, 0x0, 0xc8, 0x0, 0x2c, 0x0, 0x9f,
    0x10, 0x2, 0x1c, 0x0, 0x8d, 0xe2, 0x44, 0x0,
    0xb2, 0x60, 0x4, 0x3b, 0x10, 0x1, 0xd9, 0x84,
    0xf2, 0x80, 0x70, 0x80, 0x4d, 0x41, 0x13, 0x30,
    0x26, 0x10, 0x2, 0xc, 0xcc, 0x1, 0xe3, 0x85,
    0x0, 0x37, 0xfd, 0x32, 0xff, 0xb4, 0x80, 0x9c,
    0x8, 0x3, 0xd1, 0x83, 0x0, 0x1f, 0xfc, 0x27,
    0x0, 0xd, 0x21, 0x80, 0x44, 0x0, 0x30, 0xc,
    0x20, 0x18, 0x44, 0x1, 0xf2, 0xdd, 0x0, 0x7f,
    0xa3, 0x90, 0x0, 0xbd, 0x80, 0x1f, 0xfc, 0x88,
    0xf4, 0x0, 0x2f, 0xe8, 0x7, 0xff, 0x90, 0x90,
    0x40, 0x2, 0x86, 0x1, 0xff, 0xc1, 0x10, 0xf,
    0x55, 0xa8, 0x1, 0x2f, 0x80, 0x3f, 0x4c, 0x0,
    0x7f, 0xa7, 0x50, 0x0, 0xbf, 0xa0, 0x1f, 0x33,
    0x4, 0x2, 0x60, 0xf, 0x9, 0x0, 0x7f, 0x18,
    0x4, 0x20, 0x18, 0xc8, 0x0, 0x22, 0x0, 0x9,
    0x9f, 0xc0, 0x17, 0x0, 0x4c, 0x80, 0x6, 0xc0,
    0xd, 0x64, 0x7b, 0x99, 0xf3, 0x1b, 0x38, 0x0,

    /* U+6536 "收" */
    0x0, 0xfe, 0x12, 0x0, 0xe5, 0x96, 0x0, 0xff,
    0xe2, 0x37, 0x6c, 0x80, 0x49, 0x4d, 0x2c, 0x1,
    0xff, 0xc3, 0xb0, 0x3, 0x0, 0x5a, 0x1, 0x78,
    0x7, 0xf1, 0x5e, 0x20, 0x0, 0xc0, 0x21, 0x0,
    0x28, 0x5, 0xc0, 0x1f, 0xd2, 0x87, 0x40, 0x1f,
    0xc6, 0x1, 0x28, 0x7, 0xf2, 0x80, 0x4, 0x3,
    0xf1, 0x80, 0x6c, 0xee, 0xdb, 0x88, 0x1, 0xe1,
    0x0, 0xfa, 0xc0, 0x30, 0x8f, 0x11, 0xd0, 0x7,
    0xff, 0x9, 0x80, 0x3f, 0xe1, 0x0, 0xff, 0xe0,
    0xa8, 0x80, 0x7f, 0xce, 0x1, 0xff, 0xc0, 0x3b,
    0x0, 0x93, 0xfe, 0x70, 0x9, 0xe0, 0x3, 0xff,
    0x81, 0x2, 0x1, 0xf1, 0x80, 0x58, 0x1, 0xff,
    0xc1, 0x50, 0xc, 0x80, 0x12, 0x0, 0x4a, 0x1,
    0xff, 0xc7, 0x50, 0x20, 0x8, 0x84, 0x3, 0xff,
    0x83, 0x20, 0x1d, 0x21, 0x40, 0x12, 0x0, 0x7f,
    0xf0, 0x9f, 0xa1, 0x0, 0x6, 0x65, 0x0, 0xb4,
    0x3, 0xff, 0x86, 0x2f, 0x0, 0x17, 0x10, 0x0,
    0x50, 0x3, 0xf4, 0x68, 0x80, 0x78, 0xc8, 0x0,
    0x40, 0x13, 0x80, 0x70, 0x80, 0x4c, 0x40, 0x1f,
    0xac, 0x3, 0xd4, 0x1, 0xa0, 0x3, 0xff, 0x84,
    0xc2, 0x1, 0x90, 0xc0, 0x31, 0x0, 0x7f, 0xf0,
    0xd4, 0x3, 0x60, 0x7, 0x40, 0x4, 0x2f, 0x82,
    0x1, 0xf5, 0xa0, 0x6, 0x82, 0x0, 0xc5, 0x49,
    0x7d, 0x6, 0x1, 0xe2, 0xd4, 0x0, 0xf6, 0x8,
    0x6, 0x5b, 0x40, 0xf, 0xc5, 0x84, 0x1, 0xf0,
    0xf9, 0x80, 0x7f, 0xf0, 0xa0, 0x40, 0x34, 0xb0,
    0x4, 0x3a, 0x1, 0xff, 0xc2, 0x10, 0xd, 0xd,
    0x28, 0x1, 0x8, 0x7, 0xf1, 0x0, 0x43, 0xc0,
    0x14, 0xb8, 0x2, 0xd8, 0x1, 0x0, 0x1f, 0xd0,
    0x22, 0x90, 0x5a, 0x9e, 0x60, 0xd, 0x3d, 0xae,
    0x1, 0xfc, 0x9d, 0xc6, 0x0, 0x2b, 0x8, 0x7,
    0x84, 0x80, 0x0,

    /* U+653E "放" */
    0x0, 0xff, 0xeb, 0x46, 0xc0, 0x7, 0xc5, 0x32,
    0x50, 0xf, 0xfe, 0xa, 0x39, 0x39, 0x80, 0x7b,
    0xd9, 0x94, 0x40, 0x1f, 0xfc, 0x46, 0x0, 0xe1,
    0x20, 0x8, 0xc0, 0x3f, 0xf8, 0x8, 0x40, 0x48,
    0x1, 0xca, 0x1, 0x10, 0x80, 0x7e, 0x3b, 0xdd,
    0x8c, 0xf, 0x37, 0x20, 0x0, 0x60, 0x13, 0x80,
    0x7f, 0x6a, 0x11, 0x42, 0x2, 0x44, 0x37, 0x40,
    0xb0, 0x9, 0x7f, 0xfb, 0xa4, 0x3, 0xff, 0x86,
    0x26, 0x1, 0xfc, 0x2c, 0x81, 0x46, 0x1, 0xc2,
    0x31, 0x32, 0x38, 0x7, 0xff, 0x9, 0x31, 0xc0,
    0x2b, 0xee, 0xb6, 0x42, 0xc0, 0x21, 0x33, 0x0,
    0x62, 0x74, 0x0, 0xff, 0xe0, 0xa9, 0x0, 0x4f,
    0x98, 0x10, 0xb, 0xe0, 0x3, 0xf5, 0xff, 0xba,
    0xc6, 0xc0, 0x32, 0x0, 0x4, 0x2, 0x20, 0xf,
    0xfe, 0x0, 0xa7, 0x8, 0x6, 0x21, 0x30, 0x8,
    0xc0, 0x3f, 0xf9, 0x4e, 0x80, 0x12, 0x80, 0x78,
    0x40, 0x23, 0x30, 0x7, 0xfb, 0x6c, 0x2, 0xc0,
    0xf, 0xf4, 0x78, 0x4, 0xb2, 0xa, 0x40, 0x4,
    0x30, 0x9, 0x0, 0x3c, 0x60, 0x13, 0x0, 0x63,
    0x6e, 0xa5, 0x0, 0xf2, 0x8, 0x7, 0x98, 0x2,
    0x30, 0xf, 0x8, 0x50, 0x7, 0xb8, 0x3, 0xe2,
    0x0, 0x85, 0xc0, 0x3e, 0x23, 0x0, 0xc2, 0xa0,
    0x1e, 0x11, 0x0, 0x8, 0x3, 0xfd, 0x40, 0x19,
    0xc0, 0x3e, 0x70, 0x9, 0xc0, 0x40, 0x21, 0x0,
    0xd6, 0x1, 0x98, 0x80, 0x3d, 0x80, 0x16, 0x81,
    0x80, 0x5e, 0x1, 0x51, 0x0, 0x77, 0x88, 0x6,
    0x15, 0x0, 0x94, 0x38, 0x2, 0x10, 0x5, 0x28,
    0x7, 0x8b, 0x44, 0x2, 0xb0, 0x8, 0x88, 0x2a,
    0x1, 0x11, 0xf2, 0x80, 0x46, 0x60, 0x8, 0xf8,
    0xc0, 0xa, 0x1, 0x5d, 0xb8, 0x80, 0x26, 0xe1,
    0x0, 0x8b, 0x74, 0x20, 0x1a, 0xc0, 0x8, 0x0,
    0x26, 0x40, 0xc, 0x44, 0x60, 0x8, 0xb0, 0x45,
    0x82, 0x1, 0x60, 0x2, 0xe1, 0xf0, 0x24, 0x2,
    0x1e, 0x8, 0x10, 0x7d, 0x10, 0x1, 0x7b, 0x14,
    0x20, 0x4, 0xf0, 0x20, 0xdf, 0x97, 0xc6, 0x7,
    0xdf, 0x0, 0x1c, 0x33, 0xae, 0x0,

    /* U+6570 "数" */
    0x0, 0x18, 0x0, 0xf7, 0x90, 0x5, 0x0, 0x32,
    0xd2, 0x80, 0x7f, 0x5e, 0x58, 0x41, 0xc, 0xf,
    0xdd, 0x0, 0xa, 0x96, 0x88, 0x3, 0xf2, 0x82,
    0x1b, 0x0, 0x9, 0x84, 0x1c, 0x0, 0x80, 0x13,
    0x0, 0x7e, 0x70, 0x3, 0x80, 0x7d, 0x40, 0xe,
    0x0, 0x98, 0x3, 0xf4, 0x2b, 0xb0, 0x6, 0x57,
    0x67, 0x0, 0x10, 0x0, 0x48, 0x3, 0xe7, 0xe5,
    0x7d, 0x20, 0x0, 0xeb, 0xb7, 0xc0, 0x38, 0x0,
    0x7b, 0xbb, 0x14, 0x28, 0x3, 0xff, 0x80, 0xc0,
    0x40, 0x10, 0x8f, 0x1d, 0x85, 0x88, 0x7, 0xfd,
    0x28, 0x1, 0xfe, 0x10, 0x6e, 0xd2, 0x0, 0xfa,
    0x7d, 0xf4, 0x2, 0x12, 0x10, 0x8, 0xa4, 0x2,
    0xe2, 0x0, 0xfa, 0x4c, 0x1c, 0x2, 0x8d, 0x60,
    0xb, 0x98, 0x0, 0xc6, 0x1, 0xc2, 0x60, 0x1,
    0x61, 0x0, 0xb0, 0x8, 0x2, 0x20, 0xb, 0x80,
    0x14, 0x60, 0x5, 0xca, 0xc3, 0x90, 0xc, 0x80,
    0xc0, 0x1, 0x10, 0x5, 0x4f, 0xcb, 0xe6, 0x68,
    0x5, 0x36, 0x0, 0xe1, 0x33, 0x0, 0x14, 0x3,
    0x14, 0xa, 0xc2, 0x69, 0x80, 0x46, 0x0, 0x10,
    0xa, 0x0, 0x23, 0x0, 0xc4, 0xad, 0x48, 0xf8,
    0xcd, 0x2a, 0xad, 0xb0, 0x40, 0x8, 0x1, 0x60,
    0x4, 0x7b, 0x52, 0x1, 0x14, 0xcd, 0x5e, 0x92,
    0x4e, 0x1, 0xe4, 0x0, 0x94, 0x3, 0xfe, 0x11,
    0x0, 0x34, 0x3, 0x94, 0x3, 0x3a, 0x0, 0x61,
    0x21, 0x0, 0x84, 0x40, 0x4, 0x10, 0xd, 0xc0,
    0x18, 0x64, 0x2, 0x2e, 0xd7, 0x0, 0xa4, 0x3,
    0x38, 0x6, 0x40, 0xe, 0xb0, 0x8, 0xa5, 0xd8,
    0x0, 0x4e, 0x1, 0x90, 0x3, 0x28, 0x7, 0x60,
    0x80, 0x4d, 0x0, 0x17, 0x0, 0x6a, 0x20, 0xd,
    0x62, 0x1, 0x97, 0xa4, 0x40, 0x39, 0x4c, 0x2,
    0x85, 0x0, 0xe1, 0xa0, 0xe, 0x3f, 0x10, 0xe,
    0x53, 0x2, 0xb7, 0x0, 0x98, 0x2, 0x4c, 0x10,
    0x1b, 0xc6, 0x0, 0xf8, 0x4f, 0x50, 0x2, 0x69,
    0x70, 0x8, 0xe4, 0x25, 0x0, 0x31, 0xed, 0xb5,
    0x15, 0x0, 0x66, 0x90, 0x84, 0x0, 0xbc, 0x3c,
    0x2, 0x29, 0xc2, 0x49, 0x50, 0xd0, 0xa, 0x24,
    0x2, 0xb7, 0x14, 0x70, 0x79, 0x8b, 0xd6, 0x0,
    0xf2, 0x5d, 0x73, 0x80, 0x74, 0x75, 0x80, 0x4c,
    0xe8, 0x1, 0xfc, 0x8a, 0x20, 0x1f, 0xf0,

    /* U+6574 "整" */
    0x0, 0xe6, 0xdd, 0x30, 0x7, 0xc4, 0xc4, 0x1,
    0xf1, 0x56, 0x6e, 0xa4, 0x89, 0x3b, 0xac, 0x80,
    0x0, 0xec, 0xe9, 0x0, 0x7a, 0xd4, 0xc8, 0x80,
    0x18, 0x88, 0x6e, 0x80, 0xc0, 0x13, 0x91, 0x60,
    0x5, 0x10, 0x7, 0xf9, 0x14, 0x24, 0x2, 0xad,
    0xdd, 0xea, 0x7b, 0x95, 0x42, 0x0, 0x15, 0x53,
    0x2c, 0x6c, 0x40, 0x3f, 0xb8, 0x2b, 0x2a, 0x84,
    0x0, 0x2a, 0xa6, 0x54, 0x20, 0x7, 0xfb, 0x81,
    0x40, 0x3f, 0xca, 0xe0, 0x1a, 0xb4, 0x2, 0x4f,
    0x51, 0x0, 0xb8, 0xc0, 0x7, 0x80, 0x11, 0x0,
    0x6b, 0x80, 0xb, 0xc0, 0x2, 0x1, 0x71, 0x80,
    0xf, 0x0, 0x2c, 0x66, 0x8, 0xa, 0x80, 0x9,
    0x0, 0x27, 0x0, 0xff, 0x30, 0xcc, 0xac, 0x3,
    0xb8, 0x3, 0x45, 0x88, 0x6, 0x21, 0x9, 0x90,
    0x0, 0x70, 0x3, 0xa4, 0x80, 0x26, 0xb1, 0x0,
    0xc2, 0x20, 0x97, 0x49, 0xe6, 0x0, 0xe5, 0xda,
    0x11, 0x48, 0x4, 0x20, 0x6, 0x90, 0x1, 0x4b,
    0x0, 0x64, 0x0, 0xca, 0x82, 0x0, 0x3d, 0x60,
    0x7, 0x37, 0xf9, 0x70, 0x40, 0x5, 0x97, 0x84,
    0x1, 0x38, 0x6d, 0xfb, 0x64, 0xc8, 0x11, 0x32,
    0xc9, 0xb4, 0xba, 0x3c, 0xbb, 0xa8, 0x80, 0xeb,
    0x2e, 0xd3, 0x2b, 0xbf, 0x41, 0xb5, 0xdf, 0x3a,
    0xa8, 0x0, 0x42, 0x1, 0xff, 0xc8, 0x21, 0x0,
    0x1b, 0x8, 0x7, 0xff, 0x18, 0x5c, 0x40, 0x29,
    0xef, 0xee, 0x7f, 0xdc, 0x1, 0xf, 0xff, 0xdd,
    0x0, 0x1e, 0x7e, 0xe3, 0x0, 0x78, 0x7f, 0xfb,
    0x90, 0x3, 0xf4, 0x80, 0x2c, 0x3, 0xff, 0x80,
    0x3c, 0x1, 0xf8, 0x40, 0x6, 0x1, 0xf0, 0x8e,
    0x24, 0x80, 0xe, 0x35, 0x50, 0x4, 0x2a, 0xa7,
    0x0, 0xd7, 0x7a, 0x39, 0xd5, 0x46, 0x13, 0x95,
    0x40, 0xd, 0x54, 0x90, 0xd, 0x55, 0xfd, 0x92,
    0xa0, 0x1f, 0xfc, 0xc4, 0x92, 0x0, 0xff, 0xe5,
    0x14, 0x0,

    /* U+6587 "文" */
    0x0, 0xff, 0xed, 0x3d, 0x20, 0x7, 0xff, 0x2b,
    0x61, 0x6c, 0x40, 0x3f, 0xf9, 0x2, 0x40, 0x13,
    0x0, 0x7f, 0xf2, 0x5, 0x0, 0x2e, 0x0, 0xff,
    0xe0, 0x9, 0x17, 0xe3, 0x0, 0x16, 0x91, 0x7c,
    0x20, 0x5, 0xfe, 0xdd, 0xfc, 0xe0, 0x2, 0xbd,
    0xdf, 0xbb, 0xda, 0x40, 0x3f, 0xf9, 0x90, 0xe0,
    0x1f, 0xfc, 0xc3, 0x95, 0x22, 0x8, 0x6, 0x22,
    0xfc, 0x1, 0xc4, 0x44, 0xe2, 0xad, 0xd6, 0x0,
    0x6c, 0xdd, 0xf6, 0x0, 0x67, 0xdd, 0x59, 0x80,
    0x62, 0x40, 0xa, 0x0, 0x3d, 0x20, 0x1a, 0x80,
    0x3f, 0xbc, 0x2, 0x62, 0x0, 0xe6, 0x0, 0x90,
    0x80, 0x3f, 0x90, 0x80, 0x29, 0x0, 0xce, 0x20,
    0x14, 0x0, 0x7f, 0xd2, 0x1, 0x23, 0x80, 0xa,
    0x0, 0x24, 0x30, 0xf, 0xf9, 0x10, 0x1, 0x41,
    0x87, 0x0, 0x68, 0x0, 0xff, 0xe0, 0xc8, 0x6,
    0xda, 0x30, 0x9, 0xcc, 0x3, 0xff, 0x82, 0x50,
    0x1, 0xa, 0x80, 0x45, 0x0, 0x1f, 0xfc, 0x37,
    0x50, 0xf, 0xbc, 0x3, 0xff, 0x8b, 0x0, 0x1e,
    0x52, 0x0, 0xff, 0xe2, 0x2e, 0x0, 0x79, 0x70,
    0x80, 0x3f, 0xf8, 0x25, 0x74, 0x20, 0x1f, 0x1e,
    0xc0, 0x7, 0xf8, 0xeb, 0x50, 0x3, 0x12, 0x0,
    0x73, 0xfc, 0x10, 0x6, 0x39, 0xec, 0x50, 0xe,
    0x5d, 0xb9, 0x0, 0xf3, 0xee, 0x98, 0x7, 0x18,
    0x40, 0x38, 0x6a, 0x80, 0x6, 0xd4, 0x0, 0xf1,
    0x49, 0x10, 0x3, 0xc3, 0x1c, 0xa0, 0x18, 0xae,
    0x88, 0x3, 0xc2, 0x62, 0x1, 0x1c, 0xf3, 0x80,
    0x7e, 0x5d, 0xb5, 0x0, 0x88, 0xc3, 0x22, 0x7b,
    0x18, 0x3, 0xff, 0x80, 0x95, 0xf7, 0x58, 0x0,
    0x27, 0x61, 0x0, 0xff, 0xe2, 0xa2, 0x88, 0x0,

    /* U+65AD "断" */
    0x0, 0xff, 0xeb, 0xd6, 0xa0, 0x7, 0xf8, 0xa6,
    0x84, 0x2, 0xdf, 0x80, 0x9, 0x14, 0xa0, 0x3,
    0xf1, 0x4e, 0xb2, 0xd0, 0x1, 0x48, 0x1c, 0x1e,
    0x48, 0x0, 0x40, 0xc4, 0x0, 0x28, 0xdd, 0x30,
    0x4, 0x80, 0x3, 0x0, 0x9e, 0x1b, 0x0, 0x29,
    0x96, 0x3, 0x6b, 0x90, 0x7, 0x30, 0x7, 0xbc,
    0x0, 0x80, 0x1, 0x70, 0x10, 0x80, 0xe, 0x15,
    0xa9, 0x0, 0xf6, 0x80, 0x4, 0x2, 0x10, 0x41,
    0x10, 0x5, 0x19, 0xd4, 0xa0, 0x1f, 0x21, 0x81,
    0x80, 0x77, 0x0, 0x63, 0x73, 0x0, 0xff, 0xb3,
    0xa8, 0x0, 0x37, 0x65, 0x0, 0xff, 0xe2, 0x9d,
    0xf4, 0x80, 0x6, 0xed, 0x40, 0x1f, 0xfc, 0x5a,
    0x40, 0xf, 0x95, 0x40, 0x11, 0xe6, 0x75, 0xb0,
    0x7, 0x60, 0x7, 0xe1, 0x60, 0xc, 0x67, 0xc9,
    0x24, 0x1, 0x97, 0xac, 0x40, 0x28, 0xbe, 0x30,
    0xf, 0xf8, 0x40, 0x38, 0x5c, 0x40, 0x29, 0x70,
    0xf, 0xf8, 0x54, 0xc0, 0x3d, 0xe0, 0x18, 0x70,
    0x80, 0x32, 0x79, 0x80, 0x5f, 0x40, 0x1e, 0x73,
    0x0, 0xf7, 0x18, 0x7, 0xff, 0x11, 0xe0, 0x3,
    0x88, 0x4, 0x3, 0x8, 0x7, 0xff, 0x2, 0xc0,
    0x2, 0x0, 0x1c, 0x8c, 0x10, 0x8, 0xc0, 0x3f,
    0xf8, 0x8, 0x3, 0x20, 0x10, 0xb8, 0xb8, 0x4,
    0x20, 0x1f, 0xfc, 0x8, 0x7b, 0x20, 0x1, 0x80,
    0x44, 0x1, 0x78, 0x7, 0xff, 0x6, 0x15, 0x0,
    0x8, 0x1, 0x70, 0x4, 0x40, 0x1f, 0xfc, 0x5,
    0x33, 0x15, 0x3d, 0x10, 0x1, 0x0, 0x26, 0x0,
    0xff, 0xe0, 0x5e, 0x65, 0x4f, 0x9b, 0xa1, 0x30,
    0x8, 0x80, 0x3f, 0x18, 0x7, 0xfc, 0x56, 0x1,
    0x10, 0x80, 0x7e, 0x52, 0x0, 0xff, 0x10, 0x80,
    0x48, 0x1, 0xfe, 0xdc, 0xbb, 0xfb, 0x31, 0xa2,
    0x1, 0x50, 0x7, 0xfc, 0x68, 0x9f, 0x19, 0x82,
    0xc, 0x20, 0xc0, 0xc, 0x1, 0x8, 0x7, 0xff,
    0xc, 0xb3, 0xdc, 0x2, 0x82, 0x9, 0x0, 0x80,

    /* U+65B0 "新" */
    0x0, 0xff, 0xeb, 0x46, 0xc0, 0x7, 0xff, 0x4,
    0xd8, 0x80, 0x3f, 0x23, 0x93, 0xa0, 0x7, 0xf1,
    0x3e, 0xe4, 0xe0, 0x7, 0x9, 0xa1, 0x80, 0x50,
    0x86, 0x40, 0x12, 0xdf, 0x6c, 0x10, 0x0, 0x4c,
    0x2, 0x4e, 0xcb, 0x80, 0x8, 0xef, 0x37, 0x1,
    0x69, 0x4, 0x3, 0x88, 0xc0, 0x2d, 0x0, 0xff,
    0x8c, 0x3c, 0x3, 0x89, 0x67, 0x40, 0x35, 0x90,
    0x7, 0xf9, 0xc0, 0x40, 0x2b, 0xfd, 0xa6, 0x0,
    0xe2, 0xda, 0x33, 0x77, 0xfa, 0x1, 0x3e, 0x0,
    0x39, 0x0, 0x3f, 0xea, 0x33, 0x38, 0xc, 0x2,
    0x20, 0x3, 0xff, 0x8c, 0x60, 0x3, 0x19, 0x0,
    0x9c, 0x3, 0xff, 0x89, 0x3e, 0x60, 0xa, 0xe7,
    0x0, 0xb3, 0x48, 0x3, 0x66, 0x7a, 0xd4, 0x0,
    0xc0, 0x1f, 0xf1, 0x50, 0x6, 0x33, 0xf2, 0x51,
    0x2, 0x0, 0x7f, 0xf0, 0x2c, 0x3, 0xff, 0x85,
    0x7b, 0x99, 0x0, 0x47, 0x99, 0x79, 0x80, 0x7f,
    0x85, 0xc8, 0x0, 0x45, 0x80, 0x31, 0x10, 0xc0,
    0x3d, 0xfc, 0x1, 0xf, 0x40, 0x1, 0xbf, 0xba,
    0x0, 0x8f, 0xb9, 0xee, 0xe, 0x1, 0xff, 0xc1,
    0xb0, 0xf, 0xfa, 0x0, 0x3f, 0xf8, 0x6a, 0x1,
    0xff, 0x28, 0x8, 0x7, 0xff, 0x6, 0x36, 0xea,
    0x80, 0x11, 0x55, 0xe5, 0x1, 0x80, 0x4, 0x3,
    0xfe, 0x3f, 0xc5, 0x0, 0x98, 0x6a, 0x40, 0x2,
    0x0, 0x30, 0xf, 0xfa, 0x91, 0x90, 0x3, 0x70,
    0xab, 0x90, 0x4, 0x20, 0x1f, 0xe5, 0x40, 0x3,
    0x0, 0x6c, 0x0, 0x52, 0x0, 0x4c, 0x1, 0xfe,
    0x80, 0x1, 0x90, 0x6, 0x62, 0x1, 0xd0, 0x8,
    0x80, 0x3f, 0xd0, 0x7, 0xc6, 0x1, 0xdb, 0x7c,
    0x80, 0x16, 0x80, 0x7f, 0x97, 0xf2, 0xf0, 0x2,
    0x10, 0x2, 0x28, 0x6, 0x40, 0xf, 0xfe, 0x9,
    0x0, 0x6f, 0x0, 0x94, 0x80, 0x10, 0x20, 0x20,
    0x1f, 0xf7, 0x90, 0x14, 0xa8, 0x4, 0x5b, 0x56,
    0xe0, 0x10, 0x80, 0x8, 0x3, 0xe4, 0xdf, 0xd6,
    0x0, 0xf2, 0xa0, 0x6, 0x81, 0x14, 0x0, 0x40,

    /* U+65E5 "日" */
    0x0, 0x88, 0xbf, 0xf8, 0x82, 0x1, 0x3f, 0xee,
    0xff, 0xf1, 0x3a, 0x0, 0x10, 0x1, 0xff, 0xc6,
    0x71, 0x0, 0xff, 0xe4, 0x98, 0x7, 0xff, 0x3f,
    0x7f, 0xff, 0xd8, 0x1, 0xff, 0xff, 0x1, 0x1f,
    0xf9, 0xc0, 0x3f, 0xd9, 0xdd, 0xfe, 0xb0, 0xf,
    0xff, 0xf8, 0x6f, 0xff, 0xfb, 0x0, 0x3f, 0xff,
    0xe0, 0x1f, 0xfc, 0xbc, 0xdd, 0xff, 0x80, 0x3f,
    0xc2, 0x45, 0xfe, 0x10, 0xf, 0xff, 0x30, 0x80,
    0x55, 0x77, 0xfe, 0x90, 0xc, 0x41, 0x62, 0xc,
    0xa8, 0x9f, 0xe6, 0x50, 0x18, 0x0,

    /* U+65E9 "早" */
    0x0, 0x97, 0x7f, 0xff, 0xf8, 0x9a, 0xa0, 0x1e,
    0xa2, 0x0, 0xff, 0xe2, 0x15, 0x0, 0x71, 0x0,
    0x7f, 0xf2, 0x8, 0x3, 0xf9, 0x9b, 0xff, 0x80,
    0x1, 0x84, 0x3, 0xf1, 0x4c, 0xff, 0xf0, 0x0,
    0x3f, 0xf8, 0x25, 0xff, 0xff, 0xc0, 0x0, 0xff,
    0xfa, 0x8d, 0x57, 0xff, 0x0, 0x3, 0xff, 0x82,
    0x6a, 0xbf, 0xf2, 0x0, 0x7f, 0xf0, 0x4b, 0xff,
    0xfe, 0xe0, 0xf, 0xe3, 0x0, 0xff, 0xe4, 0x8,
    0x6, 0x12, 0x0, 0xff, 0xe3, 0x11, 0x0, 0x3b,
    0x25, 0xdf, 0x94, 0x3, 0x3b, 0xfa, 0x70, 0x3,
    0xc2, 0xd1, 0x1d, 0x20, 0x1a, 0x23, 0xcc, 0x20,
    0x1f, 0xfd, 0x13, 0xbe, 0xef, 0xda, 0x1, 0xbb,
    0xbf, 0xb1, 0x3d, 0x4, 0x7f, 0x80, 0x30, 0x8f,
    0xf1, 0xd0, 0x7, 0xff, 0x3b, 0xc8, 0x3, 0xff,
    0x94, 0x56, 0x7b, 0xff, 0xfb, 0x0, 0x37, 0xff,
    0xf6, 0xa8, 0x7, 0xff, 0xfc, 0x3, 0xff, 0x82,
    0x40, 0x11, 0x0, 0x7f, 0xf2, 0x46, 0x4, 0x52,
    0x1, 0xff, 0x0,

    /* U+65F6 "时" */
    0x0, 0xff, 0xe4, 0x2e, 0x60, 0xc0, 0x3f, 0xf9,
    0x74, 0x66, 0xe0, 0xc, 0xbb, 0xff, 0xec, 0x30,
    0xf, 0xc4, 0x1, 0x10, 0x6, 0xa2, 0x0, 0xf1,
    0xf0, 0x7, 0xff, 0x10, 0x80, 0x3f, 0x88, 0x2,
    0x12, 0x2c, 0xc0, 0x18, 0x40, 0x2, 0x1, 0xa,
    0xa8, 0x3, 0xa3, 0xfb, 0x77, 0x58, 0x6, 0xed,
    0x10, 0xc, 0x95, 0x43, 0x0, 0xce, 0x1, 0xff,
    0xc0, 0x26, 0x0, 0xff, 0xed, 0xc8, 0x80, 0x7f,
    0xc8, 0xe0, 0x1f, 0x8, 0x6, 0x6e, 0xff, 0xed,
    0x0, 0xdf, 0x60, 0x1c, 0xbf, 0xe2, 0x0, 0xff,
    0xea, 0x4e, 0xb0, 0x7, 0xff, 0x2e, 0x98, 0xa5,
    0x40, 0x3f, 0xf8, 0x44, 0xee, 0x10, 0xf, 0xd6,
    0x20, 0x1f, 0xfc, 0x17, 0x88, 0x10, 0x6, 0xb0,
    0x8, 0x68, 0x3, 0xff, 0x92, 0x32, 0x1, 0x23,
    0x0, 0x7f, 0xf2, 0x58, 0xc0, 0x2e, 0x0, 0xff,
    0xe1, 0x88, 0x7, 0xb8, 0xa, 0xa0, 0x3, 0xff,
    0x80, 0xbf, 0xe2, 0x0, 0xf1, 0x76, 0xa8, 0x7,
    0xff, 0x1c, 0x40, 0x30, 0x80, 0x7f, 0xf2, 0x50,
    0x3, 0xff, 0x88, 0x20, 0x11, 0x33, 0x4f, 0x34,
    0x1, 0xf9, 0x80, 0x3e, 0x21, 0x0, 0x5c, 0xcd,
    0xc, 0x1, 0xc9, 0xdf, 0xeb, 0x0, 0x84, 0x3,
    0x64, 0x4b, 0x0, 0x7f, 0xa0, 0x40, 0x3c, 0xa0,
    0x18, 0x9d, 0x80, 0x3f, 0xe7, 0x0, 0xfa, 0x0,
    0x3f, 0xf8, 0xd0, 0x40, 0x11, 0x3f, 0x18, 0x7,
    0xff, 0x18, 0xf7, 0xfe, 0xd8, 0x10, 0xc,

    /* U+663E "显" */
    0x0, 0xea, 0xee, 0xff, 0xe2, 0x50, 0x80, 0x7e,
    0x75, 0x11, 0xff, 0xe2, 0x2c, 0x0, 0x7e, 0xd0,
    0xf, 0xfe, 0x31, 0x0, 0x7f, 0xf0, 0x23, 0x77,
    0xfc, 0xe0, 0x13, 0x80, 0x7f, 0xf0, 0x4, 0xcf,
    0xfc, 0x1, 0xff, 0xc5, 0x9e, 0xef, 0xf3, 0x80,
    0x7f, 0xf8, 0x4, 0xcf, 0xfc, 0x20, 0x1f, 0xfc,
    0x48, 0xdd, 0xff, 0x30, 0x7, 0xff, 0x12, 0x7b,
    0xbf, 0xce, 0x1, 0x38, 0x7, 0xe2, 0x0, 0xff,
    0xe3, 0x10, 0x7, 0xe9, 0x40, 0xf, 0xfe, 0x21,
    0xc0, 0x7, 0xe1, 0xbf, 0xfb, 0xa6, 0xff, 0xf5,
    0xc6, 0xff, 0xd8, 0x20, 0x1f, 0xa3, 0x40, 0x2f,
    0x9b, 0x50, 0x2, 0xdc, 0x60, 0x4, 0x6a, 0x1,
    0xf4, 0xb9, 0x30, 0x18, 0x80, 0x30, 0x1, 0x80,
    0x1, 0x20, 0x3c, 0xaa, 0x0, 0x78, 0x80, 0x10,
    0x1, 0xc6, 0x0, 0x30, 0x8, 0x43, 0xc0, 0xe,
    0x1, 0xed, 0x0, 0xb, 0x0, 0x7f, 0xf0, 0x14,
    0xc0, 0xa, 0x1, 0xe6, 0x10, 0x5, 0x80, 0x7f,
    0xf0, 0x38, 0x0, 0x32, 0x1, 0xf3, 0x0, 0x14,
    0x3, 0xff, 0x80, 0x60, 0xa, 0x10, 0xf, 0xa3,
    0x3e, 0x0, 0x3f, 0xf8, 0x11, 0x9a, 0x80, 0x1c,
    0x93, 0x57, 0x17, 0x6f, 0x0, 0x92, 0xec, 0x80,
    0x17, 0xdc, 0x4d, 0xda, 0x94, 0x6, 0xd9, 0x51,
    0x31, 0x80, 0x42, 0x88, 0x10, 0x8, 0xd1, 0x39,
    0x68, 0x8c, 0x3, 0xff, 0x9c, 0xc4, 0x80, 0x1f,
    0xfc, 0xc2, 0x40, 0xbd, 0xcc, 0xff, 0xe5, 0x6e,
    0x80,

    /* U+6668 "晨" */
    0x0, 0xf1, 0x9f, 0xff, 0x10, 0x40, 0x3f, 0x1f,
    0x66, 0x7f, 0xf1, 0x3a, 0x40, 0x3e, 0x91, 0x0,
    0xff, 0xe2, 0xb0, 0x80, 0x78, 0x40, 0x26, 0x99,
    0xff, 0x80, 0x31, 0x80, 0x7f, 0x9a, 0x67, 0xfe,
    0x0, 0xc2, 0x1, 0xff, 0xd9, 0x58, 0x8f, 0xf8,
    0x3, 0xfe, 0x10, 0x9, 0x66, 0x7f, 0xe0, 0xc,
    0x20, 0x1e, 0xd0, 0xc, 0x23, 0xff, 0x0, 0x42,
    0x40, 0x1e, 0x79, 0x55, 0xff, 0xe2, 0x3e, 0x0,
    0x78, 0x63, 0x4, 0x7f, 0xf8, 0x87, 0x12, 0x80,
    0x1a, 0xdd, 0x51, 0x3f, 0xf8, 0xaa, 0xd6, 0x1,
    0x90, 0x3, 0xff, 0x92, 0x60, 0x1f, 0xab, 0x2e,
    0x67, 0xff, 0x81, 0x79, 0xb8, 0x1, 0xf9, 0xee,
    0xd3, 0x3f, 0xfc, 0xb, 0xa2, 0x0, 0xe1, 0x0,
    0xc2, 0x1, 0xff, 0xc2, 0x20, 0xf, 0xf0, 0xc5,
    0xcc, 0xff, 0xf0, 0x2a, 0x80, 0x1f, 0xec, 0xeb,
    0x99, 0xff, 0xe0, 0x57, 0x7e, 0x90, 0x0, 0x80,
    0x3f, 0xf9, 0x44, 0xa0, 0x6, 0x0, 0xc4, 0x40,
    0xc, 0x42, 0x1, 0x88, 0xa0, 0x9, 0x98, 0x0,
    0xc0, 0x8, 0xb7, 0x0, 0x21, 0xde, 0x30, 0x9,
    0x3d, 0x0, 0x3, 0x2, 0x0, 0x40, 0x9, 0xc0,
    0xc0, 0x3d, 0xa2, 0x0, 0x6d, 0x60, 0x8, 0xc0,
    0x4, 0x60, 0x16, 0x82, 0x0, 0x42, 0xd1, 0x34,
    0x20, 0x1e, 0x66, 0x0, 0x2c, 0x3, 0x21, 0xc8,
    0x6, 0x97, 0x77, 0xe8, 0x7, 0x9e, 0xd4, 0xc,
    0x2, 0x23, 0x60, 0xf, 0xc4, 0x7a, 0x60, 0x1e,
    0x10, 0xb4, 0x1, 0xe0, 0x52, 0x0, 0xc2, 0xb3,
    0x20, 0x2c, 0xc3, 0x98, 0x0, 0x90, 0x6, 0xf7,
    0x8c, 0x1, 0x90, 0xf5, 0xbd, 0x4c, 0x1, 0x8e,
    0x33, 0xfb, 0x40,

    /* U+6682 "暂" */
    0x0, 0xff, 0xe9, 0xa, 0x90, 0x7, 0xff, 0x8,
    0x55, 0xc8, 0x2, 0x23, 0xda, 0xda, 0x32, 0x28,
    0x3, 0x2b, 0xcd, 0xf7, 0x2a, 0x3c, 0x13, 0xf7,
    0xc, 0x0, 0xb9, 0xbb, 0x7b, 0x6, 0x54, 0x32,
    0x8, 0x4, 0x61, 0x80, 0x1f, 0xfc, 0xd, 0x23,
    0x0, 0xf1, 0xb6, 0x5, 0x20, 0x6, 0x23, 0x3e,
    0x59, 0x10, 0x9, 0x6f, 0xbf, 0x24, 0x80, 0xb0,
    0x2, 0x8f, 0x2, 0xd, 0xca, 0x27, 0x0, 0xbd,
    0x4, 0x3, 0x9a, 0x0, 0x2b, 0xc3, 0x13, 0xcc,
    0x51, 0x80, 0x6a, 0xff, 0xee, 0x64, 0x0, 0xc6,
    0x20, 0x11, 0x1a, 0xf0, 0x80, 0x7f, 0xd, 0x94,
    0x0, 0x7f, 0xc8, 0x60, 0x1f, 0xea, 0x7, 0xbb,
    0xcc, 0x1, 0x45, 0xec, 0xf8, 0x5, 0x96, 0x1,
    0x3f, 0xb8, 0x8, 0x11, 0xe2, 0x80, 0x53, 0x25,
    0x4, 0x0, 0x8d, 0xc0, 0x2f, 0x0, 0x1f, 0x5c,
    0xc3, 0x98, 0x4, 0x25, 0xa, 0x40, 0x3, 0x0,
    0xfc, 0x80, 0x1f, 0xfc, 0xa, 0x0, 0x94, 0x4,
    0x3, 0xcc, 0x60, 0x26, 0x86, 0x1, 0x57, 0x79,
    0x0, 0x58, 0x6, 0x1, 0x10, 0x0, 0x73, 0xfb,
    0x2f, 0x84, 0x9, 0x44, 0x31, 0x4a, 0x54, 0x5,
    0x0, 0x50, 0x3, 0xe3, 0x1a, 0xa7, 0x19, 0xc5,
    0x3c, 0xa6, 0x74, 0x5f, 0x88, 0x7, 0x17, 0x66,
    0x2e, 0xb3, 0x3f, 0xf8, 0x16, 0x80, 0x1e, 0xa1,
    0x0, 0xff, 0xe2, 0xc0, 0x7, 0x84, 0x2, 0x23,
    0x3f, 0xf8, 0x2, 0x30, 0xf, 0xf2, 0xd5, 0x7f,
    0xac, 0x3, 0xff, 0x84, 0xf3, 0x3f, 0xe8, 0x0,
    0xff, 0xee, 0x56, 0x67, 0xfa, 0xc0, 0x3f, 0xf8,
    0x55, 0x99, 0xfe, 0xb0, 0xf, 0xfe, 0xc7, 0x0,
    0x7f, 0xf1, 0x88, 0x3, 0xcc, 0x60, 0x5d, 0xff,
    0xff, 0x18, 0xc, 0x0, 0x40,

    /* U+66F4 "更" */
    0x3, 0x9a, 0xaf, 0xfe, 0x44, 0xb0, 0xe, 0x32,
    0xaf, 0xff, 0x21, 0xa5, 0x8c, 0x3, 0xff, 0x99,
    0xc4, 0xe2, 0x1, 0xff, 0xc8, 0x14, 0x90, 0x8e,
    0xff, 0xfc, 0x80, 0x13, 0xff, 0xfd, 0xd6, 0x20,
    0x11, 0x67, 0x7f, 0xf2, 0x0, 0x4f, 0xff, 0xdd,
    0x64, 0x1, 0xd2, 0x62, 0x1, 0xff, 0xc3, 0x14,
    0x80, 0xe, 0x50, 0xf, 0xfe, 0x3b, 0x0, 0x7f,
    0x5d, 0xe2, 0x0, 0x92, 0xee, 0x80, 0xf, 0xfe,
    0x48, 0x80, 0x7f, 0xf1, 0x6e, 0xf1, 0x0, 0x4b,
    0x77, 0x40, 0x7, 0xff, 0x6c, 0xcf, 0x0, 0x61,
    0x33, 0x88, 0x3, 0xff, 0x83, 0xff, 0x8c, 0x2,
    0x4f, 0xfa, 0xc0, 0x3f, 0xf8, 0x39, 0x98, 0xc0,
    0x25, 0xcc, 0xa4, 0x3, 0xf8, 0x80, 0x3f, 0xf8,
    0xec, 0x1, 0xde, 0x40, 0x1f, 0xfc, 0x52, 0x80,
    0xe, 0x38, 0x0, 0x3f, 0xf9, 0x0, 0x21, 0xef,
    0xff, 0x69, 0x0, 0x70, 0xd0, 0x1, 0xf2, 0x50,
    0x2, 0x91, 0x0, 0xff, 0xe0, 0x8b, 0x80, 0x46,
    0xc0, 0x11, 0x38, 0x7, 0xff, 0xe, 0x50, 0x3,
    0xe1, 0x74, 0x21, 0x0, 0xff, 0x3e, 0xf2, 0x0,
    0x7c, 0x71, 0x7b, 0xdf, 0xee, 0xed, 0x86, 0xf,
    0x4, 0x1, 0xff, 0xc4, 0x11, 0xc7, 0xc1, 0xc0,
    0x1e, 0x4b, 0xb3, 0x8, 0x7, 0xff, 0xa, 0x80,
    0x23, 0x7d, 0xb4, 0x44, 0xf7, 0x2e, 0x19, 0xc,
    0x84, 0x2, 0x18, 0x3, 0xec, 0xec, 0x82, 0x0,
    0xe1, 0x47, 0x9b, 0xcd, 0xef, 0xfb, 0x94,

    /* U+6700 "最" */
    0x0, 0xe1, 0x22, 0xff, 0xe1, 0x8, 0x7, 0xf6,
    0x76, 0xef, 0xff, 0xb, 0xb0, 0x3, 0xe5, 0x30,
    0xf, 0xfe, 0x21, 0xa0, 0x7, 0x88, 0x2, 0x59,
    0x9f, 0xf1, 0x80, 0x44, 0x1, 0xfe, 0x59, 0x9f,
    0xf1, 0x80, 0x7f, 0xf7, 0x16, 0x23, 0xfc, 0x40,
    0x1f, 0xfc, 0x24, 0xbb, 0xff, 0x10, 0x7, 0xf8,
    0x80, 0x21, 0x33, 0xff, 0x0, 0x65, 0x0, 0xf2,
    0xb0, 0x80, 0x7f, 0xf0, 0x85, 0xcc, 0x3, 0x12,
    0x23, 0x6a, 0xef, 0xff, 0x85, 0x58, 0x88, 0x20,
    0x9d, 0xbb, 0xff, 0xe5, 0x6c, 0x20, 0x7, 0xff,
    0x31, 0x24, 0x80, 0x38, 0x44, 0x1, 0x84, 0x7f,
    0xe3, 0x84, 0xd7, 0x0, 0x9e, 0x20, 0x1, 0xf,
    0x64, 0x4c, 0xcc, 0xd4, 0xc6, 0xa0, 0x7, 0x9e,
    0x64, 0x1, 0x87, 0x66, 0x22, 0x77, 0xa2, 0x78,
    0x40, 0x3f, 0xf8, 0x26, 0x1, 0xff, 0x10, 0x7,
    0xa6, 0xa8, 0x1, 0x8a, 0xcc, 0x9, 0x98, 0xa0,
    0x18, 0x80, 0x3d, 0x35, 0x40, 0xe, 0x63, 0x2,
    0xb9, 0xd0, 0x9, 0x44, 0x3, 0xff, 0x8d, 0x8b,
    0x0, 0x14, 0x0, 0x7c, 0x68, 0x80, 0xe, 0x27,
    0x0, 0xd, 0x0, 0x50, 0x40, 0x10, 0x80, 0x57,
    0x86, 0x1, 0xd, 0x4, 0x20, 0x7, 0x2b, 0x80,
    0xf, 0x58, 0x2, 0x88, 0x38, 0x6, 0x50, 0x1,
    0x0, 0x72, 0x30, 0x2, 0x48, 0x3, 0xff, 0x81,
    0x1c, 0xc0, 0x1c, 0x33, 0xc6, 0x40, 0x1f, 0x8,
    0x6, 0x86, 0x10, 0x8, 0x80, 0x30, 0xb4, 0x54,
    0x4d, 0xef, 0x7f, 0x8, 0x0, 0xde, 0x80, 0x29,
    0xdb, 0x10, 0x9, 0x1, 0x5d, 0x90, 0x84, 0x1,
    0x2, 0x28, 0x4, 0x99, 0x73, 0x2, 0x75, 0x3e,
    0x8, 0x7, 0xf3, 0x77, 0x10, 0x0, 0xcc, 0x10,
    0xc, 0xb0, 0x60,

    /* U+6709 "有" */
    0x0, 0xff, 0xec, 0x15, 0xd2, 0x0, 0x7f, 0xf2,
    0xed, 0x16, 0xd0, 0x3, 0xff, 0x94, 0xe0, 0x11,
    0x0, 0x7f, 0xf0, 0xe3, 0x37, 0x78, 0x40, 0x28,
    0xdd, 0xff, 0x65, 0x8, 0x2b, 0x99, 0x17, 0x0,
    0x61, 0x22, 0xff, 0x1a, 0xd8, 0x18, 0x7, 0xff,
    0x30, 0x41, 0x94, 0x3, 0xff, 0x94, 0x70, 0x0,
    0xaf, 0xfb, 0x40, 0x34, 0x7f, 0xff, 0xf0, 0x70,
    0xc0, 0x3d, 0x0, 0x1b, 0xdd, 0xff, 0xc6, 0x1,
    0xfc, 0x6a, 0x1, 0x9e, 0x23, 0xfd, 0x88, 0x1,
    0xfb, 0x80, 0x3f, 0xf8, 0xba, 0x1, 0xf4, 0x10,
    0x7, 0xff, 0x14, 0xc0, 0x3c, 0xae, 0x1, 0xd3,
    0xff, 0xfa, 0x40, 0x3f, 0x9e, 0x80, 0x3d, 0x8c,
    0xdf, 0xbc, 0x3, 0xf2, 0x40, 0x7, 0xcb, 0x33,
    0xf9, 0x80, 0x3f, 0x8, 0x6, 0x30, 0xf, 0xfe,
    0x4a, 0x90, 0xe, 0x28, 0x7, 0xff, 0x2b, 0xdf,
    0xc, 0x3, 0x4f, 0xff, 0xea, 0x0, 0xfe, 0x28,
    0x20, 0xe, 0x9f, 0xff, 0xd4, 0x1, 0xff, 0xfb,
    0x59, 0x9f, 0xcc, 0x1, 0xff, 0xc5, 0xc6, 0x6f,
    0xd8, 0x1, 0xff, 0xcc, 0x9c, 0xb0, 0x8, 0xc0,
    0x3f, 0xf8, 0x26, 0x1, 0xd0, 0xc6, 0x20, 0x17,
    0x0, 0x7f, 0x70, 0x4, 0xc0, 0x1c, 0x20, 0x1c,
    0x2c, 0x1, 0xfc, 0xc8, 0x2c, 0x60, 0x1d, 0x44,
    0x2, 0x4d, 0xe2, 0x1, 0xfc, 0x37, 0xd2, 0x1,
    0xe3, 0xdf, 0xed, 0x91, 0x0, 0xc0,

    /* U+670D "服" */
    0x0, 0xd, 0xff, 0xfa, 0xc4, 0x1f, 0xbf, 0xff,
    0xb5, 0x40, 0x34, 0xa0, 0x7, 0x92, 0x4a, 0x4,
    0x3, 0xf8, 0xac, 0x3, 0x10, 0x7, 0xe2, 0x60,
    0xf, 0xfe, 0x0, 0x88, 0x2, 0x10, 0x8, 0xcc,
    0x1, 0xf8, 0x4c, 0xf8, 0x3, 0xff, 0x81, 0x9a,
    0x1, 0xfa, 0x73, 0x38, 0x80, 0x3f, 0xf9, 0x82,
    0x46, 0x60, 0xf, 0xfb, 0x34, 0x3, 0xfc, 0x3d,
    0xb8, 0x20, 0x10, 0x80, 0x7c, 0x66, 0x0, 0xff,
    0x18, 0x7, 0x94, 0x3, 0xff, 0x90, 0x46, 0x1,
    0xb, 0xd0, 0x7, 0xff, 0x1b, 0xc4, 0xbb, 0x33,
    0x48, 0x7, 0xf7, 0xf0, 0x7, 0xe7, 0xed, 0xd6,
    0x65, 0xbd, 0xc3, 0x0, 0xf0, 0x80, 0x7f, 0xf1,
    0xc6, 0x40, 0x3c, 0x24, 0x40, 0xf, 0xfe, 0x76,
    0xe0, 0x7, 0xff, 0x0, 0xcc, 0x20, 0x11, 0x0,
    0x4e, 0x1, 0xff, 0xc1, 0x10, 0xb, 0x30, 0x80,
    0x16, 0x0, 0x7f, 0xf1, 0x58, 0x2, 0x70, 0x50,
    0x9, 0x0, 0x21, 0x0, 0xa, 0x20, 0x3, 0xf7,
    0xa0, 0x2, 0x20, 0x1, 0x28, 0x6, 0x20, 0x2,
    0x5d, 0x0, 0x7f, 0x78, 0x4, 0xe0, 0x14, 0x80,
    0x7c, 0x60, 0x1f, 0xf2, 0x18, 0x7, 0x19, 0x80,
    0x22, 0x0, 0xb8, 0x3, 0xff, 0x81, 0xe0, 0x1d,
    0x0, 0x19, 0x80, 0x21, 0x0, 0xff, 0xe0, 0x18,
    0x80, 0x7f, 0x18, 0x4, 0x40, 0x1f, 0xfc, 0xc,
    0x10, 0xd, 0x6a, 0x1, 0x60, 0x4, 0xaf, 0xe0,
    0x1f, 0xbf, 0x4c, 0x3, 0xd5, 0x20, 0x5, 0x0,
    0x10, 0xc0, 0x80, 0x44, 0x1, 0x88, 0x80, 0x12,
    0x80, 0x62, 0x0, 0x48, 0x2, 0x40, 0x3d, 0x4c,
    0x1, 0x79, 0x0, 0x1a, 0xb0, 0x2, 0xe0, 0x3,
    0xf7, 0x10, 0x18, 0x5, 0x30, 0x88, 0xa0, 0x6b,
    0x93, 0x92, 0x7, 0xd3, 0x4a, 0x1, 0x8, 0x80,
    0x13, 0xfd, 0x66, 0x0, 0xaf, 0xc0, 0x16, 0x30,
    0x8, 0x59, 0x40, 0x0,

    /* U+672A "未" */
    0x0, 0xff, 0x8a, 0x20, 0x40, 0x1f, 0xfc, 0xac,
    0x77, 0x60, 0x7, 0xff, 0x24, 0x84, 0x0, 0x24,
    0x1, 0xff, 0xcd, 0x10, 0xf, 0xfe, 0xc, 0xf7,
    0xff, 0x68, 0x6, 0xcf, 0xfe, 0xeb, 0x10, 0xc,
    0x8c, 0x20, 0x1f, 0xfc, 0x41, 0x49, 0x0, 0xc2,
    0x1, 0xff, 0xc8, 0x10, 0xc, 0xa8, 0x1, 0xff,
    0xc6, 0x2b, 0x0, 0xeb, 0xfe, 0xee, 0xc0, 0xd,
    0x7d, 0xdd, 0xfa, 0x40, 0x1f, 0x8, 0xf8, 0x3,
    0x38, 0x8f, 0x0, 0x7f, 0xf4, 0xc6, 0xff, 0xff,
    0x68, 0x6, 0xcf, 0xff, 0xda, 0x6c, 0x80, 0x1f,
    0xfc, 0xa2, 0x90, 0xf, 0xfe, 0x73, 0x20, 0x7,
    0xff, 0x28, 0xa4, 0x6f, 0xff, 0xd0, 0x1, 0xfa,
    0x7f, 0xfd, 0xa6, 0x1, 0xf3, 0x40, 0x7, 0xe9,
    0x50, 0xf, 0xfe, 0xc, 0xc8, 0x3, 0xfd, 0x4a,
    0x1, 0xfe, 0x1c, 0x60, 0xf, 0xfe, 0x5, 0x40,
    0x7, 0xe5, 0xf3, 0x0, 0xce, 0x1, 0xa4, 0x3,
    0x3d, 0x88, 0x6, 0x1a, 0xa0, 0x80, 0x69, 0xa0,
    0xc, 0xb4, 0x1, 0x93, 0xd0, 0x2, 0xc5, 0x0,
    0xe9, 0x60, 0xf, 0x2d, 0x0, 0x61, 0xba, 0x14,
    0x20, 0xe, 0xa6, 0x0, 0xfc, 0xb4, 0x1, 0xca,
    0xec, 0x1, 0x87, 0x14, 0x3, 0xfc, 0xb8, 0x20,
    0x19, 0x9, 0x80, 0xd, 0xe6, 0x1, 0xf8, 0x40,
    0x23, 0xf6, 0x0, 0x31, 0x4, 0xe7, 0x48, 0x80,
    0x62, 0x0, 0xc4, 0x1, 0x86, 0x7b, 0x24, 0x2,
    0x31, 0x0, 0xfa, 0x44, 0x50, 0x1, 0xf0, 0x98,
    0x0,

    /* U+672C "本" */
    0x0, 0xff, 0xe0, 0xb, 0xc2, 0x0, 0x7f, 0xf3,
    0x2a, 0x1e, 0xc8, 0x3, 0xff, 0x96, 0x80, 0x13,
    0x80, 0x7f, 0xf3, 0xcc, 0x3, 0xff, 0xba, 0xfb,
    0xff, 0xf8, 0x3, 0x4f, 0xff, 0xdd, 0x64, 0x0,
    0x18, 0x20, 0xf, 0xfe, 0x40, 0xa5, 0x80, 0xc,
    0x3, 0xff, 0x98, 0x60, 0x2, 0x40, 0xf, 0xfe,
    0x5f, 0x0, 0x57, 0xb9, 0x94, 0x0, 0x42, 0x1,
    0x84, 0x2, 0x4c, 0xcb, 0x7d, 0x0, 0x31, 0x19,
    0xd6, 0x1, 0x30, 0x6, 0x70, 0x9, 0x4, 0xcc,
    0x40, 0x1f, 0xc6, 0x60, 0xa, 0x80, 0x37, 0x90,
    0x5, 0x60, 0x1f, 0xfc, 0xf, 0x0, 0x8c, 0x80,
    0x3a, 0xc0, 0x26, 0x30, 0xf, 0xf3, 0x18, 0x5,
    0x20, 0x1e, 0x60, 0xd, 0xc0, 0x1f, 0xc3, 0x0,
    0x11, 0x28, 0x7, 0xce, 0x1, 0x14, 0x0, 0x7e,
    0xa1, 0x0, 0xa4, 0x3, 0xf4, 0x88, 0x4, 0xe8,
    0x1, 0xe6, 0x40, 0x9, 0x50, 0x3, 0xf0, 0xc0,
    0x6, 0xa2, 0x0, 0xc7, 0x20, 0x10, 0xd8, 0x7,
    0xf9, 0x90, 0x2, 0x1f, 0x10, 0x0, 0xe0, 0x6,
    0x3f, 0xfc, 0x1, 0xa7, 0xfd, 0xcc, 0x1, 0x8a,
    0xc0, 0xa, 0x1, 0x88, 0x82, 0x1, 0xfe, 0x12,
    0x0, 0xec, 0x0, 0x20, 0x80, 0x16, 0xc0, 0x3f,
    0xf8, 0x48, 0xe0, 0x4, 0x60, 0xb, 0x45, 0x29,
    0xc8, 0x3, 0xff, 0x83, 0xf0, 0xcb, 0x60, 0x18,
    0xfa, 0xc0, 0x77, 0x59, 0x90, 0x6, 0x7c, 0xc6,
    0xfa, 0x4, 0xd0, 0x7, 0xfc, 0x46, 0x70, 0x6,
    0xe3, 0x31, 0x0, 0x7f, 0xf3, 0xc, 0x3, 0xff,
    0x96, 0x60, 0x13, 0x0, 0x7f, 0xf2, 0xe0, 0x81,
    0x8c, 0x3, 0xfe,

    /* U+673A "机" */
    0x0, 0xf0, 0xc3, 0x88, 0x7, 0xff, 0x37, 0x5e,
    0x2c, 0x3, 0xff, 0x9a, 0x60, 0x4, 0x0, 0xc5,
    0x9f, 0xff, 0x6a, 0x0, 0x7f, 0xf1, 0xac, 0xc0,
    0x3e, 0x29, 0x0, 0xff, 0xe3, 0x10, 0x7, 0xf1,
    0x0, 0x7e, 0x22, 0x0, 0x62, 0x10, 0xf, 0x1a,
    0xa0, 0x7, 0xf9, 0x7f, 0x74, 0x1, 0xe, 0xf5,
    0x80, 0x77, 0xd5, 0x0, 0x3f, 0xd2, 0x1, 0xfc,
    0x86, 0x1, 0xff, 0xc5, 0x70, 0xf, 0xf1, 0x0,
    0x7f, 0xf1, 0x69, 0xd4, 0x80, 0x32, 0x35, 0x88,
    0x7, 0xff, 0x14, 0x62, 0x84, 0x3, 0x5c, 0xa0,
    0x7, 0xff, 0x20, 0x4c, 0x3, 0x40, 0x7, 0xff,
    0x29, 0x80, 0x39, 0xdc, 0x0, 0x70, 0x8, 0x40,
    0x3f, 0xf8, 0x52, 0x1, 0xe8, 0x40, 0xf, 0xfe,
    0x3b, 0x8, 0x7, 0xd4, 0x22, 0x0, 0x8c, 0x3,
    0xff, 0x83, 0x60, 0x1f, 0x85, 0x48, 0x2, 0x10,
    0xf, 0xfe, 0x3, 0x90, 0x7, 0xb, 0x82, 0xb0,
    0x7, 0xff, 0x10, 0x60, 0x0, 0xa0, 0x1a, 0x32,
    0x98, 0x2, 0x20, 0xf, 0xfe, 0x2, 0x0, 0x5c,
    0x1, 0xc6, 0x18, 0x1, 0x30, 0x7, 0xe2, 0x70,
    0x2, 0x90, 0x12, 0x0, 0x7c, 0x80, 0x11, 0x80,
    0x7e, 0xc8, 0x90, 0x6, 0xc7, 0x0, 0x7c, 0x26,
    0x1, 0x60, 0x7, 0xc4, 0x20, 0xa0, 0x13, 0x98,
    0x7, 0xce, 0x1, 0x90, 0x0, 0x20, 0x18, 0x40,
    0x3f, 0xf8, 0x43, 0x0, 0x12, 0x80, 0x7e, 0xe0,
    0x3, 0x0, 0x7f, 0xd0, 0x20, 0x14, 0x80, 0x61,
    0x0, 0x88, 0x1, 0xa0, 0x1f, 0xf1, 0x80, 0x4e,
    0x60, 0x19, 0x0, 0x3c, 0x60, 0x1e, 0x20, 0x1,
    0x4, 0x10, 0x34, 0x0, 0x75, 0x98, 0x4, 0x52,
    0x80, 0x1e, 0x81, 0x14, 0x1, 0x6f, 0xc8, 0x7,
    0x87, 0x3f, 0xed, 0x60,

    /* U+6761 "条" */
    0x0, 0xff, 0xeb, 0x26, 0x50, 0x80, 0x7f, 0xf2,
    0x4a, 0xcd, 0x7c, 0x80, 0x30, 0x91, 0x0, 0x3f,
    0xf8, 0x3c, 0x1, 0xe, 0x77, 0x3f, 0xdd, 0xba,
    0xf7, 0x0, 0xff, 0x49, 0x80, 0x61, 0x18, 0x3,
    0xd0, 0x20, 0x1f, 0xa5, 0x80, 0x3f, 0xf8, 0x62,
    0x1, 0xe5, 0xd6, 0x0, 0xca, 0xcd, 0x94, 0x3,
    0x98, 0x3, 0xd5, 0x42, 0x0, 0xe7, 0xb9, 0x94,
    0x38, 0x6, 0x29, 0x0, 0xe1, 0x50, 0xf, 0x8b,
    0x65, 0xf8, 0x80, 0x22, 0xf0, 0xf, 0x8, 0x80,
    0x9, 0xb2, 0x1, 0x9a, 0x0, 0x31, 0xe1, 0x0,
    0x7d, 0x8f, 0x76, 0x26, 0xb0, 0xf, 0xc7, 0x82,
    0x1, 0xf8, 0xa1, 0x1, 0x26, 0x80, 0x3f, 0x1f,
    0x4a, 0x88, 0x7, 0xa, 0xc5, 0xfd, 0xb0, 0x80,
    0x7f, 0xb, 0x57, 0x72, 0xcc, 0xb, 0xa9, 0xd0,
    0x3, 0xc2, 0xf2, 0x80, 0x1f, 0xa, 0x60, 0x20,
    0x7, 0xe4, 0xae, 0x86, 0xbd, 0x72, 0x0, 0xfc,
    0x80, 0x18, 0x9a, 0xba, 0xd6, 0xbf, 0xd2, 0x51,
    0xba, 0x96, 0x30, 0x4, 0x1, 0x75, 0xda, 0x28,
    0x76, 0x62, 0xa, 0x0, 0x68, 0x8a, 0xb8, 0x6e,
    0xde, 0xe0, 0x1, 0x49, 0x88, 0x3b, 0xf0, 0x6,
    0x77, 0xf4, 0x5b, 0x0, 0x71, 0x0, 0x7f, 0xf1,
    0xf8, 0x3, 0xa4, 0x80, 0x3f, 0xf8, 0x82, 0x92,
    0x1, 0xcd, 0xb2, 0x53, 0xfe, 0xd0, 0xd, 0xff,
    0x5c, 0xf7, 0x2c, 0x40, 0x3d, 0x32, 0x29, 0x60,
    0xf, 0xcb, 0x73, 0xe8, 0x1, 0xe1, 0xc6, 0x0,
    0x8c, 0x3, 0xf7, 0x0, 0x6, 0xdc, 0x3, 0xa0,
    0xc0, 0x2a, 0x50, 0xf, 0xd4, 0x40, 0x14, 0x20,
    0x6, 0x30, 0x1, 0x6a, 0x83, 0x58, 0x7, 0x87,
    0x8, 0x2, 0xd0, 0xd, 0xc2, 0xda, 0x40, 0xf2,
    0xc0, 0x11, 0x0, 0x43, 0xe2, 0x0, 0xa0, 0xc,
    0x9d, 0x20, 0x17, 0x0, 0x75, 0x0, 0x62, 0xd5,
    0xd3, 0x0, 0xff, 0x50, 0x80, 0x9d, 0x38, 0x7,
    0x1d, 0x10, 0x7, 0xfc, 0x7d, 0xfd, 0x8a, 0x1,
    0xff, 0xc0,

    /* U+677F "板" */
    0x0, 0xff, 0xeb, 0xbc, 0x10, 0x7, 0xff, 0x9,
    0x21, 0xc0, 0x3f, 0x44, 0x1f, 0xc0, 0x3c, 0x46,
    0x8a, 0xf3, 0x9f, 0x6f, 0x10, 0x0, 0xf8, 0xc0,
    0x4, 0x1, 0xa7, 0xf7, 0x2e, 0xa1, 0x8c, 0x3,
    0x20, 0x7, 0xff, 0x8, 0xd8, 0x3, 0xff, 0x81,
    0x40, 0x1f, 0xfc, 0x26, 0x0, 0xfe, 0x24, 0x7d,
    0x60, 0xc, 0x55, 0xa8, 0x1, 0x6d, 0x10, 0x6,
    0x4b, 0xce, 0xff, 0x6d, 0xc1, 0x0, 0x77, 0x29,
    0x0, 0x62, 0x59, 0x0, 0xc2, 0x86, 0x20, 0x1f,
    0xfc, 0xd7, 0x99, 0xd5, 0x54, 0xb9, 0x0, 0x6f,
    0x42, 0x0, 0xc4, 0x92, 0x1, 0x89, 0x9b, 0x2a,
    0xcd, 0x18, 0x1, 0x8e, 0xf4, 0x3, 0x4d, 0x90,
    0x7, 0xff, 0x8, 0x44, 0x1, 0xc8, 0x1, 0xa8,
    0x3, 0xff, 0x8a, 0x20, 0x1d, 0x80, 0x18, 0x60,
    0xc, 0x3, 0xc3, 0xfe, 0xb0, 0x8, 0x80, 0x3c,
    0xc0, 0x1c, 0xe6, 0x20, 0x1e, 0x12, 0x3, 0x0,
    0x9c, 0x3, 0x8c, 0x40, 0x3d, 0x1e, 0x1, 0x20,
    0x4, 0x81, 0x60, 0x16, 0x0, 0x74, 0x80, 0x70,
    0x82, 0x8, 0x5, 0xa0, 0x15, 0x11, 0x80, 0x48,
    0x1, 0x85, 0x40, 0x3a, 0xce, 0x88, 0x2, 0x24,
    0x0, 0x1c, 0x80, 0x44, 0x40, 0xd, 0x20, 0x1e,
    0x5c, 0x56, 0x0, 0x9b, 0x40, 0x24, 0x0, 0xac,
    0x3, 0x13, 0x80, 0x8, 0x3, 0xc4, 0x1, 0x13,
    0x80, 0x78, 0x58, 0x3, 0x20, 0x0, 0xd8, 0x3,
    0x8c, 0x2, 0x20, 0x16, 0x0, 0xe9, 0x0, 0xe7,
    0x20, 0xb0, 0xf, 0x28, 0x4, 0xe0, 0xd, 0x0,
    0xe7, 0x0, 0xe1, 0xd7, 0x60, 0xf, 0x60, 0x5,
    0x80, 0xb6, 0x1, 0xca, 0x1, 0xf4, 0x8, 0x7,
    0x90, 0x2, 0x79, 0xa0, 0xf, 0x52, 0x0, 0x7f,
    0xf0, 0x54, 0x40, 0x9, 0x6c, 0x1, 0xfa, 0xdc,
    0x3, 0xff, 0x81, 0x0, 0x16, 0x28, 0x6, 0x68,
    0x0, 0xd0, 0xa0, 0x1f, 0xf1, 0x80, 0x5, 0x80,
    0x21, 0xa9, 0x77, 0x0, 0x7f, 0xc4, 0x0, 0x10,
    0xa1, 0x9, 0x18, 0x5, 0xf5, 0x0, 0x44, 0x80,
    0x9, 0x40, 0x3d, 0x64, 0x30, 0x9, 0xf4, 0xe0,
    0xff, 0x42, 0x1, 0x9b, 0xf3, 0x40, 0x0,

    /* U+6784 "构" */
    0x0, 0xf3, 0x42, 0x0, 0x79, 0x1c, 0xc0, 0x3f,
    0xf8, 0x6d, 0x2f, 0x62, 0x1, 0x92, 0xe3, 0x1c,
    0x3, 0xff, 0x85, 0xe0, 0x12, 0x80, 0x6e, 0x0,
    0xff, 0xe3, 0x18, 0x4, 0x20, 0x19, 0x40, 0x25,
    0x0, 0xff, 0xe5, 0x38, 0x6, 0xa8, 0x8f, 0x3a,
    0x80, 0x49, 0x78, 0xa0, 0x14, 0x48, 0x2, 0x40,
    0x33, 0xbf, 0xd1, 0x50, 0x0, 0xa4, 0x30, 0xc,
    0x4c, 0xf0, 0x20, 0x1f, 0xfc, 0x15, 0x0, 0x8,
    0x7, 0xeb, 0x70, 0xf, 0xfe, 0x2d, 0x10, 0x80,
    0x78, 0xc0, 0x21, 0xcc, 0xfa, 0x80, 0x3c, 0xbb,
    0xc0, 0x1a, 0x6c, 0x3, 0x1d, 0x1, 0x9f, 0x30,
    0x4, 0x20, 0x19, 0x0, 0x35, 0xa3, 0x80, 0xc,
    0x5b, 0x1c, 0x3, 0xff, 0x83, 0x80, 0x18, 0xa2,
    0x14, 0x7e, 0x60, 0xb, 0x0, 0xce, 0x1, 0x38,
    0x6, 0x50, 0xe, 0x73, 0x5c, 0x50, 0x9, 0x80,
    0x30, 0x80, 0x7c, 0x64, 0x1, 0xee, 0x0, 0x68,
    0x5, 0xc0, 0x1f, 0x84, 0x2, 0x90, 0xf, 0x89,
    0x5, 0x0, 0x6, 0x1d, 0xa2, 0x6, 0x1, 0x18,
    0x0, 0x54, 0x3, 0x90, 0x2, 0x90, 0xa, 0x3c,
    0x4a, 0x0, 0x38, 0x40, 0x12, 0x1, 0xee, 0xac,
    0x57, 0x0, 0x10, 0x38, 0x1, 0x84, 0x40, 0x1c,
    0x4e, 0x1, 0xf2, 0x9d, 0x80, 0x45, 0x66, 0x1,
    0x37, 0x80, 0x5e, 0x8, 0x1, 0x20, 0x7, 0x9c,
    0x3, 0xfb, 0x8, 0x2, 0x10, 0x40, 0x2, 0x8,
    0x7, 0x9c, 0x3, 0xc4, 0x1, 0x30, 0x4, 0x40,
    0x5a, 0x9e, 0x1, 0xf4, 0x81, 0x34, 0xef, 0xe2,
    0x2c, 0x90, 0x4, 0xe0, 0x2, 0xb4, 0x0, 0xf8,
    0xff, 0x65, 0x88, 0x6, 0xe8, 0xc4, 0x2, 0x20,
    0xf, 0xfe, 0x54, 0x80, 0x42, 0x20, 0xf, 0xfe,
    0x30, 0xf7, 0x3d, 0xc0, 0x25, 0x0, 0xf1, 0x80,
    0x42, 0x1, 0xf8, 0x84, 0x40, 0x1d, 0xa0, 0x1e,
    0x10, 0x9, 0x80, 0x3f, 0xf8, 0x68, 0xc0, 0x1e,
    0x93, 0x6, 0x20, 0xf, 0xc6, 0xc2, 0x0, 0x38,
    0xb0, 0xf, 0x87, 0x3e, 0x40, 0x3f, 0xd3, 0xdf,
    0xec, 0x70, 0x8,

    /* U+679C "果" */
    0x0, 0xc8, 0xef, 0xff, 0xc4, 0x50, 0xf, 0x9e,
    0xe2, 0x3f, 0xf8, 0x95, 0x80, 0x1e, 0xb0, 0xf,
    0xfe, 0x31, 0x88, 0x7, 0x8, 0x6, 0x11, 0x80,
    0x38, 0x44, 0x1, 0xc6, 0x1, 0xfc, 0xf9, 0x90,
    0x6, 0x9c, 0xc4, 0x80, 0x7f, 0xf0, 0x9f, 0x76,
    0x0, 0xd3, 0xba, 0x90, 0xf, 0xff, 0xb4, 0x7f,
    0xc0, 0x1a, 0xbf, 0xd4, 0x1, 0xff, 0xc2, 0x8f,
    0xf8, 0x3, 0x57, 0xfa, 0x80, 0x3f, 0xc2, 0x1,
    0xff, 0xc7, 0x30, 0xe, 0xa0, 0xf, 0xfe, 0x31,
    0x88, 0x7, 0x36, 0x4c, 0xf8, 0x3, 0x34, 0xcf,
    0x5e, 0x0, 0x7c, 0x6c, 0xdc, 0xe0, 0x1b, 0x19,
    0xb9, 0x0, 0x31, 0x67, 0xff, 0xee, 0x0, 0xd5,
    0xff, 0xfb, 0x4e, 0x8c, 0x3, 0xff, 0x94, 0x51,
    0xc0, 0x1f, 0xfc, 0xc2, 0x69, 0x65, 0x5c, 0x80,
    0x1f, 0xe2, 0x55, 0xcd, 0x12, 0xd, 0x35, 0x54,
    0xa8, 0x7, 0xf8, 0x89, 0x55, 0x4b, 0x80, 0x7a,
    0x30, 0x40, 0x3f, 0xe7, 0xd3, 0x0, 0xf9, 0xb5,
    0xc0, 0x35, 0x0, 0x6a, 0x40, 0x8, 0xb2, 0x8c,
    0x2, 0x6e, 0x92, 0x0, 0x87, 0x14, 0x3, 0xad,
    0x80, 0x32, 0xe6, 0x0, 0x64, 0x40, 0x32, 0x79,
    0x80, 0x7d, 0x34, 0x20, 0x18, 0xcc, 0x20, 0x18,
    0x6a, 0xc4, 0x3, 0xc2, 0x0, 0x5f, 0x60, 0xc,
    0x41, 0x22, 0x73, 0xca, 0x1, 0x84, 0x2, 0x60,
    0x8, 0x67, 0xa1, 0x68, 0x41, 0xbb, 0x18, 0x3,
    0xd4, 0x20, 0xe4, 0x1, 0xc2, 0xf4, 0xa0,

    /* U+67E5 "查" */
    0x0, 0xff, 0x8f, 0x35, 0x40, 0x3f, 0xf9, 0x5e,
    0x65, 0x40, 0x1f, 0xfc, 0xa2, 0x0, 0x88, 0x3,
    0xfe, 0xbf, 0xff, 0xe1, 0x0, 0xb7, 0xff, 0xf7,
    0x2a, 0x90, 0x3, 0xff, 0x94, 0x32, 0xe0, 0x1f,
    0xfc, 0xc5, 0x2d, 0x98, 0x89, 0xc0, 0x3f, 0xf8,
    0xd, 0x11, 0xae, 0x40, 0x99, 0xdc, 0xc8, 0x1,
    0xff, 0xc0, 0x74, 0x77, 0x90, 0x3, 0x8f, 0xc,
    0x2, 0x91, 0x0, 0xa8, 0x2, 0x1c, 0x70, 0xf,
    0xc, 0x61, 0x0, 0x50, 0xc6, 0x1, 0x2e, 0x8,
    0x5, 0x1a, 0xa0, 0x13, 0x73, 0x80, 0x69, 0x70,
    0x80, 0x3, 0x1, 0xe1, 0x0, 0x45, 0x5a, 0x21,
    0x20, 0x18, 0xf1, 0x80, 0xb, 0xdb, 0x20, 0x2,
    0xc7, 0x0, 0xc4, 0xa0, 0x40, 0x1, 0x11, 0xe7,
    0xfe, 0xed, 0xff, 0xdc, 0xe6, 0x80, 0x12, 0x87,
    0xb5, 0x68, 0x80, 0x7f, 0xf0, 0x8f, 0xf1, 0x64,
    0x40, 0xa5, 0x5c, 0x2, 0x17, 0x7f, 0xc2, 0x1,
    0x11, 0xd3, 0x0, 0x7f, 0xf5, 0xc5, 0xdf, 0xf0,
    0x80, 0x7f, 0xf7, 0x8f, 0xbb, 0xf1, 0x0, 0x7f,
    0xf0, 0x1c, 0x2, 0x3e, 0xef, 0xc4, 0x1, 0x18,
    0x7, 0xe3, 0x10, 0xf, 0xfe, 0x1a, 0x0, 0x7f,
    0x7c, 0x3b, 0xff, 0xf0, 0x23, 0x44, 0x3, 0x8d,
    0xe2, 0x63, 0x84, 0x7f, 0xf8, 0x1d, 0x73, 0x28,
    0x50, 0x1c, 0x87, 0x66, 0xff, 0xe3, 0xbd, 0x41,
    0x0, 0x7f, 0xf3, 0x8, 0xd8, 0x3, 0xff, 0x94,
    0x52,

    /* U+683C "格" */
    0x0, 0xf2, 0xc2, 0x0, 0x7e, 0x32, 0x0, 0xff,
    0xe1, 0x9d, 0x3d, 0x90, 0x7, 0x9b, 0x36, 0xc0,
    0x3f, 0xf8, 0x4a, 0x1, 0x20, 0x7, 0xa0, 0x0,
    0x82, 0x1, 0xff, 0xc1, 0x10, 0xf, 0xe7, 0x10,
    0xb, 0x73, 0x72, 0x4c, 0x3, 0xff, 0x8a, 0x50,
    0x1, 0x8c, 0xc4, 0x6d, 0x84, 0x1, 0xe2, 0xf0,
    0x8, 0x44, 0x0, 0x1c, 0x0, 0xff, 0x84, 0x3,
    0x2f, 0xeb, 0x80, 0x51, 0xda, 0x58, 0x20, 0x13,
    0x34, 0x60, 0x18, 0xc0, 0x34, 0x80, 0x7e, 0x2d,
    0x20, 0xd, 0x93, 0x4, 0x1, 0x38, 0x7, 0x30,
    0x7, 0xff, 0xe, 0x8e, 0xc4, 0x0, 0x32, 0x1,
    0xd7, 0xc, 0x20, 0x11, 0xb3, 0x8, 0x0, 0x20,
    0x16, 0x28, 0x5, 0x42, 0x1, 0xc2, 0xf2, 0x20,
    0x10, 0xcc, 0xb5, 0x4b, 0xe0, 0x3, 0xce, 0x80,
    0x1f, 0x90, 0x3, 0x15, 0x80, 0x2b, 0x45, 0xcc,
    0x3, 0x14, 0x0, 0x7f, 0x68, 0x7, 0x24, 0x80,
    0x43, 0x46, 0x1, 0x8a, 0xc4, 0x3, 0xf3, 0x0,
    0x79, 0x84, 0x1b, 0xd4, 0x3, 0xc9, 0xec, 0x1,
    0xe6, 0x0, 0xe1, 0x3, 0x7e, 0x91, 0x0, 0x95,
    0x80, 0x21, 0x9f, 0xb1, 0x0, 0xac, 0x3, 0xa3,
    0x3e, 0x44, 0x3, 0x45, 0x4d, 0x0, 0x78, 0x40,
    0xa, 0x40, 0x1e, 0x37, 0x0, 0xf4, 0x7f, 0xa8,
    0x3, 0xd, 0x0, 0x50, 0x1, 0xf9, 0x10, 0x1,
    0xff, 0xc1, 0x81, 0x0, 0x21, 0x0, 0x18, 0x3,
    0xd7, 0xa0, 0x1f, 0xfc, 0x7, 0x0, 0x94, 0x41,
    0x38, 0x3, 0xe3, 0x0, 0x8a, 0x67, 0x8, 0x7,
    0xc3, 0x8b, 0x0, 0x1f, 0xfc, 0x7, 0x66, 0xc6,
    0x1, 0xf8, 0xa8, 0xc0, 0x3f, 0xfb, 0xaf, 0x11,
    0x8c, 0x3, 0xff, 0x96, 0x4e, 0xf8, 0x40, 0x3f,
    0xe1, 0x0, 0xff, 0xe8, 0x10, 0x4, 0x40, 0x10,
    0x80, 0x7f, 0xc2, 0x20, 0xf, 0x91, 0x0, 0x88,
    0x0, 0xd2, 0x0, 0x8f, 0xfc, 0xe2, 0x56, 0x1,
    0x0,

    /* U+6A21 "模" */
    0x0, 0xe2, 0x86, 0x0, 0xf9, 0xe5, 0x80, 0x23,
    0x88, 0x18, 0x7, 0xec, 0x79, 0x70, 0xc, 0x73,
    0xd, 0x2e, 0x88, 0xc7, 0x76, 0x98, 0x80, 0x71,
    0x8, 0x3, 0x40, 0x3, 0xd8, 0xc0, 0x14, 0x5d,
    0x80, 0x21, 0xce, 0x50, 0xf, 0xf9, 0x44, 0x3,
    0xff, 0x85, 0x80, 0x1f, 0xf2, 0x20, 0x3, 0xff,
    0x82, 0x54, 0x0, 0x2a, 0xf0, 0x9, 0x6c, 0xc2,
    0xfe, 0x0, 0x2b, 0xfe, 0x10, 0x1, 0x7e, 0x98,
    0x3, 0x94, 0x80, 0x32, 0x68, 0x4, 0xf3, 0x14,
    0x80, 0x3b, 0x10, 0xc0, 0xe, 0x10, 0xf, 0x84,
    0xb, 0x7e, 0x62, 0xbf, 0xec, 0x88, 0x75, 0x0,
    0x68, 0x0, 0xfa, 0x2, 0x8, 0x3, 0xfe, 0x55,
    0x0, 0x4b, 0xf8, 0x1, 0x1f, 0xb8, 0x30, 0x4,
    0x89, 0xe2, 0x0, 0x88, 0x3, 0x9c, 0x2, 0x31,
    0x0, 0xf1, 0x9f, 0x84, 0x3, 0xfb, 0x40, 0x35,
    0x0, 0x79, 0xdf, 0xc6, 0x1, 0xfc, 0x80, 0x19,
    0x1c, 0x3, 0xff, 0x90, 0x64, 0x1, 0xd0, 0x40,
    0x1b, 0x33, 0xcc, 0x1, 0xfa, 0x80, 0x3e, 0xb0,
    0xd, 0x99, 0xe6, 0x0, 0x84, 0x2, 0x16, 0x0,
    0xc4, 0x0, 0x14, 0x0, 0xff, 0xe0, 0xa0, 0x5,
    0x60, 0x1c, 0xf9, 0x51, 0x12, 0xac, 0x20, 0x11,
    0xaa, 0x9a, 0xc8, 0x0, 0x8a, 0x1, 0xe3, 0x50,
    0x22, 0x7f, 0xc6, 0x1, 0x27, 0xfb, 0x4, 0x80,
    0x18, 0x1, 0xfd, 0x1b, 0x55, 0x88, 0x2, 0x7a,
    0xad, 0xb0, 0x12, 0x40, 0xa0, 0x1e, 0x40, 0xf,
    0xfe, 0x1a, 0x0, 0xe3, 0x70, 0x7, 0xa0, 0x80,
    0x3f, 0xf8, 0x25, 0x0, 0x1, 0x96, 0x0, 0xf2,
    0x6f, 0xf9, 0x0, 0x3f, 0x4f, 0xea, 0x0, 0x7f,
    0xf0, 0x53, 0x50, 0x2, 0x56, 0x0, 0xa6, 0x84,
    0x3, 0xff, 0x80, 0xdd, 0x64, 0x1, 0x15, 0xc9,
    0x0, 0x4b, 0xc8, 0x1, 0xff, 0x48, 0x80, 0x66,
    0xd1, 0xf, 0x10, 0xc, 0x40, 0x18, 0x80, 0x22,
    0x0, 0x18, 0x4, 0x99, 0x20, 0x11, 0x7a, 0x0,
    0x4e, 0x1, 0xd0, 0x5, 0x40, 0xd, 0x9a, 0xeb,
    0x30, 0xe, 0x1b, 0xda, 0xd1,

    /* U+6B63 "正" */
    0x0, 0xff, 0xe7, 0xaf, 0x7f, 0xff, 0xf2, 0x64,
    0x1, 0x62, 0x1, 0xff, 0xc9, 0x62, 0x0, 0xff,
    0xe7, 0xd1, 0x8, 0x7, 0xff, 0x18, 0x4a, 0x8,
    0x13, 0x7b, 0xff, 0xec, 0x0, 0xdd, 0xff, 0xdd,
    0xae, 0x1, 0xff, 0xed, 0x25, 0x20, 0xf, 0xfe,
    0x51, 0xed, 0x69, 0x80, 0x7f, 0xf2, 0x68, 0x2,
    0xb0, 0xf, 0xdd, 0xff, 0xba, 0xc4, 0x3, 0x8c,
    0x2, 0x20, 0xf, 0xfe, 0x8, 0xa4, 0x80, 0x7f,
    0xf9, 0x8e, 0x40, 0x3f, 0xf8, 0xdb, 0xff, 0xd8,
    0x20, 0x1f, 0xfc, 0x63, 0x0, 0xff, 0xff, 0x80,
    0x7f, 0xf9, 0x5c, 0x3, 0x18, 0x7, 0xf2, 0x77,
    0xa8, 0x4, 0xbf, 0xf5, 0x80, 0x6d, 0xff, 0xfb,
    0x96, 0x4, 0x3, 0xff, 0x94, 0x36, 0x1, 0xff,
    0xcd, 0x3f, 0x31, 0x1f, 0xfe, 0x51, 0xc8,

    /* U+6B65 "步" */
    0x0, 0xff, 0xe0, 0x3e, 0x61, 0x40, 0x3f, 0xf9,
    0x25, 0x6, 0x6a, 0x0, 0xff, 0xe1, 0x47, 0xf9,
    0x80, 0x27, 0x0, 0xdd, 0xde, 0xc5, 0x0, 0xf3,
    0x80, 0x20, 0x3, 0xf0, 0x8f, 0x8e, 0x80, 0x38,
    0x40, 0x21, 0x0, 0xff, 0xe4, 0x98, 0x7, 0xff,
    0x0, 0x47, 0xc7, 0x40, 0x1f, 0xfc, 0x6e, 0xef,
    0x62, 0x80, 0x7f, 0x84, 0x0, 0x60, 0x18, 0x40,
    0x3f, 0x8f, 0x7f, 0x40, 0x37, 0x7f, 0xa4, 0x3,
    0x77, 0xff, 0xda, 0x70, 0x40, 0x1f, 0xfc, 0xa2,
    0x91, 0x0, 0xff, 0xe6, 0x1d, 0xb1, 0x9f, 0xf0,
    0x6, 0x13, 0x3f, 0xcd, 0x3, 0x39, 0x96, 0xac,
    0xe6, 0x42, 0x1, 0x4e, 0x67, 0xe9, 0x10, 0xe,
    0xd6, 0xaa, 0x0, 0x7f, 0xcd, 0x90, 0x1, 0xe1,
    0xc3, 0x0, 0x2a, 0x0, 0x7f, 0x24, 0x9b, 0xd8,
    0x6, 0x2c, 0x30, 0x9, 0x50, 0x3, 0xf0, 0xd0,
    0x4, 0xc0, 0x12, 0x69, 0x0, 0x49, 0x40, 0x1f,
    0x8b, 0x4, 0x2, 0xa0, 0x8, 0xc0, 0x32, 0x58,
    0x4, 0x60, 0x19, 0x74, 0x80, 0x23, 0x70, 0x9,
    0xc4, 0x0, 0x96, 0x1, 0x9c, 0x2, 0x9a, 0x0,
    0xc3, 0xc0, 0x1d, 0x8d, 0x36, 0x1, 0xd4, 0xe0,
    0x1, 0x0, 0xc5, 0x84, 0x1, 0xc5, 0x2c, 0x1,
    0xc5, 0xe, 0x1, 0xe4, 0xc2, 0x0, 0xff, 0x8d,
    0xf7, 0x4e, 0x1, 0xc3, 0x36, 0x20, 0x1f, 0x23,
    0xd6, 0x7e, 0x41, 0x0, 0x79, 0xbd, 0x80, 0x3f,
    0x45, 0xc2, 0x98, 0x7, 0xe7, 0xe9, 0x10, 0xf,
    0xe4, 0x0, 0xfe, 0x49, 0xf8, 0x10, 0xf, 0xf9,
    0x0, 0x38, 0x9a, 0xba, 0xd8, 0x3, 0xff, 0x85,
    0x10, 0x79, 0xce, 0xd9, 0x51, 0x0, 0xff, 0xe1,
    0x80,

    /* U+6BB5 "段" */
    0x0, 0xff, 0xec, 0x2e, 0x6a, 0x0, 0x7f, 0xf2,
    0x9b, 0x68, 0xca, 0x80, 0x29, 0xef, 0xfe, 0xc4,
    0x0, 0xf9, 0x27, 0xe4, 0x80, 0x21, 0x30, 0x56,
    0x10, 0xe, 0x39, 0x0, 0xf1, 0xdb, 0x0, 0x79,
    0x8c, 0x34, 0x3, 0xf1, 0x0, 0x7f, 0xf0, 0x16,
    0xbe, 0x40, 0x3c, 0xd0, 0x40, 0x10, 0x80, 0x7f,
    0x27, 0xd2, 0x80, 0x61, 0x0, 0xad, 0xd8, 0x3,
    0xff, 0x82, 0xd1, 0x13, 0x8, 0x0, 0x80, 0x23,
    0x0, 0xff, 0xe1, 0x93, 0xbd, 0x3a, 0x0, 0x50,
    0x8, 0x40, 0x3f, 0xf9, 0x4, 0xc, 0x20, 0x3,
    0x0, 0x8, 0x4, 0xc8, 0x1, 0xff, 0xc0, 0x2b,
    0x28, 0x0, 0xac, 0x1, 0xa0, 0x14, 0x5d, 0x80,
    0x3e, 0x5f, 0xfb, 0x56, 0x84, 0x0, 0x2c, 0x0,
    0x61, 0x0, 0xc8, 0x1, 0xff, 0xc1, 0x91, 0x0,
    0x50, 0x80, 0x7, 0x19, 0x8f, 0x38, 0x1, 0xf2,
    0xee, 0xd6, 0x63, 0xa6, 0xc6, 0xef, 0xa8, 0x7f,
    0x18, 0xc0, 0x3f, 0x11, 0x49, 0xe3, 0xa6, 0xd1,
    0x1c, 0xee, 0x9b, 0xb0, 0x7, 0xff, 0x5, 0xcc,
    0x40, 0x3f, 0xe5, 0x0, 0xfc, 0x28, 0x85, 0x7a,
    0x26, 0x10, 0xf, 0xf1, 0x0, 0x7e, 0x4b, 0xb5,
    0x40, 0x84, 0xe8, 0x2, 0xff, 0xe2, 0x0, 0xac,
    0x3, 0xf0, 0x9a, 0xbc, 0x28, 0x2, 0xc0, 0x14,
    0x20, 0xe4, 0x1, 0x30, 0x4, 0x52, 0x1, 0x26,
    0x54, 0x3d, 0x20, 0x68, 0x0, 0x75, 0x20, 0x2,
    0x71, 0x0, 0xb1, 0x40, 0x3f, 0x84, 0x14, 0x80,
    0x7, 0x60, 0x11, 0x40, 0x6, 0x10, 0xf, 0xc2,
    0xca, 0x0, 0xf0, 0xf, 0xbc, 0x3, 0x8c, 0x3,
    0x14, 0xdf, 0x72, 0x40, 0x27, 0x20, 0xe, 0x42,
    0x0, 0xec, 0x90, 0x9, 0xd9, 0x4, 0x2, 0x7e,
    0xa2, 0x0, 0xe4, 0xe8, 0x20, 0xc, 0xa0, 0x1f,
    0xd3, 0x2, 0x1, 0xf8, 0x5f, 0x50, 0x2, 0x20,
    0x8, 0x80, 0x39, 0x0, 0x39, 0xac, 0x80, 0x38,
    0x40, 0x21, 0x70, 0x2a, 0x0, 0xe4, 0x0, 0x97,
    0x65, 0x36, 0x4, 0x2, 0x40, 0xd, 0x1f, 0xa4,
    0x1, 0xd3, 0x54, 0xea, 0x20, 0x9, 0xfa, 0xe7,
    0x44, 0x0,

    /* U+6C49 "汉" */
    0x0, 0x88, 0x3, 0xff, 0x98, 0xdb, 0xcc, 0x1,
    0xc4, 0x51, 0x9f, 0x91, 0x6, 0x1, 0xd6, 0x3,
    0x3a, 0x80, 0xbf, 0xbb, 0x66, 0x7a, 0xed, 0x9f,
    0x20, 0x1, 0x20, 0x8, 0xad, 0x24, 0x3, 0xff,
    0x84, 0xc2, 0x3, 0x86, 0x1, 0xa, 0xb0, 0x7,
    0xff, 0xc, 0xc0, 0x7, 0x92, 0x3, 0x83, 0x6e,
    0x64, 0x89, 0xf8, 0x3, 0x10, 0x6, 0x6e, 0xc2,
    0x1, 0xe3, 0x23, 0xbb, 0xf8, 0x2, 0x20, 0xf,
    0x9, 0x0, 0x54, 0x0, 0x70, 0xf, 0x20, 0x4,
    0xc0, 0x3, 0x74, 0x0, 0xf3, 0x0, 0x48, 0x1,
    0xd8, 0x1, 0x18, 0x16, 0x45, 0xf3, 0x80, 0x6c,
    0x0, 0xb4, 0x3, 0x90, 0x2, 0xc0, 0x70, 0x8,
    0x61, 0xc0, 0x24, 0x0, 0x9c, 0x3, 0x9, 0x80,
    0x48, 0xa, 0x60, 0x1b, 0x0, 0x22, 0x20, 0x0,
    0x50, 0x2, 0x60, 0x9, 0x0, 0x2c, 0xa2, 0x0,
    0x78, 0x6, 0xa0, 0xa, 0x0, 0x29, 0x0, 0xb4,
    0x3, 0x2e, 0xbd, 0x20, 0x6, 0x60, 0x8, 0xd0,
    0x14, 0x40, 0x26, 0x0, 0xf4, 0x28, 0x7, 0xa,
    0x80, 0x50, 0x10, 0x1, 0x30, 0x7, 0xff, 0xe,
    0x0, 0x23, 0xc2, 0x0, 0xac, 0x3, 0xf5, 0xfc,
    0x0, 0x62, 0x50, 0x8, 0xc0, 0x26, 0x20, 0xf,
    0xa5, 0x1, 0xc8, 0x3, 0x58, 0x7, 0x86, 0x40,
    0x3e, 0x26, 0x0, 0x8c, 0x3, 0xc, 0x0, 0x75,
    0x80, 0x7e, 0x90, 0x9, 0x44, 0x3, 0xac, 0x3,
    0xb0, 0x3, 0xe5, 0x40, 0xa, 0x0, 0x30, 0xe1,
    0x80, 0x73, 0x48, 0x7, 0xd, 0x80, 0x4c, 0x40,
    0x11, 0xf9, 0x80, 0x7c, 0xd4, 0x1, 0xa4, 0x40,
    0x28, 0x0, 0x1d, 0x60, 0x80, 0x47, 0x20, 0x19,
    0x75, 0x0, 0x6, 0x1, 0x38, 0x82, 0x62, 0x80,
    0x65, 0xc6, 0xb0, 0xc, 0x56, 0x41, 0xe0, 0x2,
    0x80, 0x1, 0x80, 0x74, 0xd0, 0x1, 0x30, 0x40,
    0x30, 0x82, 0x75, 0xe8, 0x4, 0xa0, 0x13, 0x73,
    0x0, 0x63, 0xf6, 0x0, 0x19, 0x80, 0x2, 0x80,
    0x18, 0xb6, 0xfa, 0x44, 0x3, 0xc3, 0x3d, 0x98,
    0x0,

    /* U+6CA1 "没" */
    0x0, 0xff, 0xe9, 0xcf, 0xf3, 0x80, 0x71, 0xef,
    0xff, 0xdc, 0xa0, 0x1f, 0xb, 0x0, 0xc7, 0x30,
    0x5, 0xe4, 0x1, 0xf0, 0xd0, 0x7, 0xc2, 0x20,
    0x8, 0x60, 0x2, 0x20, 0xf, 0xf0, 0x80, 0x7d,
    0x86, 0x1, 0x30, 0x4, 0x20, 0x12, 0x24, 0x1,
    0x8c, 0x3, 0xe2, 0xc9, 0x4, 0x80, 0x0, 0x80,
    0x43, 0x77, 0x8, 0x7, 0xff, 0x5, 0xbe, 0xc0,
    0x26, 0x0, 0x88, 0x3, 0xff, 0x94, 0x50, 0x1,
    0x28, 0x4, 0x60, 0x17, 0x5d, 0xa0, 0x2, 0x56,
    0x10, 0xc, 0x98, 0x1, 0xa8, 0x2, 0x60, 0x8,
    0xd1, 0xe, 0x40, 0xd5, 0x3d, 0x44, 0x0, 0xe1,
    0x0, 0x94, 0xc0, 0x2e, 0x0, 0xf9, 0x43, 0x0,
    0x25, 0xd5, 0xf, 0x0, 0x92, 0x80, 0x32, 0xc0,
    0x80, 0x77, 0x84, 0x80, 0x70, 0x82, 0xc3, 0x5d,
    0x80, 0x3c, 0xfd, 0xcd, 0xdb, 0xa0, 0xf, 0x54,
    0x0, 0x88, 0x0, 0xa, 0x57, 0x7f, 0xfe, 0xee,
    0x29, 0x8, 0x4, 0x55, 0x6d, 0x60, 0x1, 0x92,
    0x11, 0x0, 0x7f, 0x1c, 0x20, 0x7, 0x92, 0x40,
    0x3f, 0xfa, 0x63, 0x26, 0x0, 0x11, 0xf0, 0x7,
    0x28, 0x7, 0xc3, 0xbe, 0xe0, 0xd0, 0x0, 0x5e,
    0xed, 0xa0, 0x19, 0x44, 0x3, 0xea, 0x20, 0x81,
    0xe, 0x0, 0x24, 0x80, 0x7, 0x80, 0x34, 0x0,
    0x7c, 0x88, 0x0, 0x84, 0x30, 0x2, 0x6b, 0x2c,
    0x20, 0xa, 0x8, 0x3, 0xe8, 0x0, 0x98, 0x0,
    0xc8, 0x1, 0x26, 0x90, 0x4, 0x8e, 0x1, 0xf3,
    0x18, 0x5, 0x0, 0x15, 0xa0, 0x7, 0xc7, 0x60,
    0x1f, 0xc, 0x80, 0x4c, 0x20, 0x1, 0x51, 0x0,
    0xf8, 0x58, 0x3, 0xe8, 0x0, 0xd0, 0x5, 0x7d,
    0x4a, 0x1, 0xf1, 0x4f, 0xd1, 0x80, 0x62, 0x0,
    0x9c, 0x43, 0xd0, 0x3, 0xff, 0x82, 0xb8, 0x20,
    0x17, 0x80, 0xe, 0x0, 0x4, 0x1, 0xc3, 0x3d,
    0x22, 0x1, 0xe3, 0x0, 0x93, 0xef, 0x0, 0x25,
    0x0, 0x92, 0xb9, 0x85, 0xba, 0x90, 0x2, 0x32,
    0x0, 0xe4, 0x0, 0xd5, 0x79, 0xf6, 0xa0, 0x1c,
    0xb7, 0xf9, 0x78, 0x0,

    /* U+6CE8 "注" */
    0x0, 0xff, 0xe9, 0x88, 0x7, 0xf8, 0xee, 0x84,
    0x3, 0xfc, 0x5f, 0xd8, 0xa0, 0x1f, 0xb5, 0x16,
    0x0, 0x3f, 0xd6, 0x0, 0x3a, 0xd2, 0x0, 0xf0,
    0x80, 0x18, 0x3, 0xfd, 0x80, 0x18, 0x94, 0x3,
    0xc8, 0x1, 0x8, 0x7, 0xf2, 0xd0, 0x80, 0x5,
    0x80, 0x3d, 0x2, 0x10, 0x20, 0x1f, 0xe5, 0xe6,
    0x1d, 0x13, 0xac, 0xdd, 0xb8, 0xca, 0xb7, 0x76,
    0x40, 0x7, 0xd3, 0xc6, 0x1c, 0xa6, 0x45, 0xff,
    0x1b, 0xb0, 0x7, 0xf8, 0xc0, 0x3f, 0xf8, 0x62,
    0x0, 0x15, 0x10, 0xe, 0xb1, 0x0, 0xff, 0xe0,
    0x9b, 0x0, 0x3e, 0xba, 0xd0, 0x2, 0x5e, 0xff,
    0xcc, 0x1, 0x27, 0xfe, 0xc1, 0x3, 0x10, 0x2,
    0x5c, 0x80, 0x7e, 0x10, 0xf, 0xf8, 0xc8, 0x3,
    0x28, 0x7, 0xff, 0x27, 0x5c, 0x2, 0xf0, 0xf,
    0xfe, 0x54, 0x6a, 0xd1, 0x80, 0x45, 0x59, 0xba,
    0x60, 0x9, 0x37, 0x59, 0x0, 0x1e, 0x2a, 0x50,
    0xd, 0x2a, 0x64, 0x41, 0x0, 0xc4, 0x43, 0x76,
    0x0, 0xff, 0xe0, 0x38, 0x7, 0xff, 0x4, 0x40,
    0x3e, 0x8d, 0x80, 0x4, 0x8, 0x7, 0xfc, 0x6c,
    0x1, 0xe6, 0x72, 0x75, 0x4, 0xef, 0xf9, 0x80,
    0x24, 0xff, 0xb0, 0x40, 0x3d, 0x0, 0x1f, 0xe1,
    0x0, 0xff, 0xe1, 0x40, 0x80, 0x5, 0x40, 0x3f,
    0xf9, 0x6, 0xe0, 0x14, 0x80, 0x7f, 0xf2, 0x78,
    0x2, 0x17, 0x0, 0xff, 0xe4, 0x31, 0x0, 0x50,
    0x7, 0xbf, 0xfc, 0xe0, 0x12, 0x7f, 0xee, 0x90,
    0x6, 0x0, 0x46, 0xc1, 0xe4, 0x1, 0xff, 0xc2,
    0x16, 0x30, 0xe0, 0xb, 0xc0, 0xe, 0x1, 0xff,
    0xc7, 0x4d, 0x8d, 0x30, 0x4, 0xa1, 0x8, 0xff,
    0xf0, 0x4a, 0xc, 0x0, 0x4e, 0x40, 0x11, 0x5e,
    0xf7, 0x7f, 0xf0, 0x75, 0xc0,

    /* U+6D45 "浅" */
    0x0, 0xff, 0xea, 0x21, 0x80, 0x7c, 0x2e, 0xe1,
    0x0, 0x3d, 0x20, 0x7, 0xf4, 0x5e, 0x6a, 0x0,
    0x75, 0x44, 0x3c, 0xe, 0x16, 0xec, 0x20, 0x1f,
    0x18, 0x0, 0xae, 0x40, 0x32, 0x0, 0x4, 0x88,
    0x1, 0x27, 0x80, 0x7d, 0xe0, 0x19, 0xc0, 0x3f,
    0x8, 0xa8, 0x2, 0x40, 0xf, 0x93, 0x4c, 0x1,
    0x60, 0x1f, 0x9c, 0x16, 0xd1, 0xa8, 0x3, 0xf1,
    0x64, 0x5a, 0x80, 0x61, 0x0, 0x88, 0xd4, 0xc8,
    0x96, 0xa0, 0x1f, 0xce, 0x80, 0x2, 0x57, 0x10,
    0xa, 0x72, 0xa1, 0x91, 0x14, 0x1, 0xff, 0xc0,
    0x9d, 0xa8, 0x0, 0xff, 0xe0, 0x8, 0x6, 0x8a,
    0x50, 0xc, 0xc0, 0x1f, 0xfc, 0x12, 0x91, 0x0,
    0x95, 0xd6, 0xb4, 0xc0, 0x6, 0x1, 0xf1, 0x3c,
    0xde, 0xfe, 0xb0, 0x6, 0x30, 0x8, 0xb0, 0xc3,
    0x66, 0x29, 0x40, 0x27, 0x86, 0x42, 0x0, 0x8,
    0x6, 0x66, 0x0, 0x61, 0x1, 0x67, 0x5c, 0x0,
    0x9d, 0x5e, 0xb3, 0xbf, 0xb4, 0x3, 0x4d, 0x88,
    0x49, 0x0, 0xd, 0x5f, 0x40, 0x22, 0xa8, 0x53,
    0x10, 0x1, 0x20, 0x6, 0x4f, 0xd6, 0x1, 0xdc,
    0xa8, 0x40, 0xf, 0xfe, 0x3, 0x0, 0x70, 0x90,
    0x1, 0xc8, 0x3, 0xff, 0x80, 0x42, 0x9a, 0x40,
    0x1e, 0x14, 0x5, 0x0, 0xfe, 0x4b, 0xdf, 0x51,
    0x4b, 0x0, 0xf0, 0xfd, 0xf1, 0x5b, 0xc5, 0x6a,
    0x80, 0x64, 0x28, 0x70, 0x3, 0x20, 0x7, 0x40,
    0x80, 0xaa, 0x43, 0xa9, 0x78, 0x4, 0x83, 0x6e,
    0x1, 0x22, 0x0, 0x30, 0xb0, 0x4, 0xa0, 0x1c,
    0x80, 0x1b, 0x90, 0x2, 0x4b, 0x0, 0xe6, 0x0,
    0x8c, 0x40, 0x38, 0x4c, 0x3, 0xe4, 0x71, 0x0,
    0xe9, 0x0, 0xa4, 0x3, 0xc4, 0x1, 0xf4, 0x79,
    0xfa, 0x80, 0x4e, 0x20, 0x1, 0x50, 0xc, 0x97,
    0xa6, 0x1, 0xd8, 0xe6, 0x3, 0x40, 0x14, 0x80,
    0x4c, 0x0, 0x19, 0xeb, 0x40, 0xf, 0xa8, 0xa8,
    0x3, 0x88, 0x40, 0x29, 0x0, 0x5b, 0x8, 0x7,
    0xf3, 0x69, 0x0, 0x4, 0x0, 0x4a, 0x0, 0x71,
    0x0, 0x8, 0x7, 0x2e, 0xd0, 0x7, 0xe6, 0x0,
    0xab, 0x2e, 0x0, 0x2f, 0x0, 0x14, 0x75, 0x12,
    0xc8, 0x7, 0x8a, 0x0, 0x31, 0xa0, 0x6, 0x4e,
    0xe6, 0xb8, 0x80, 0x4d, 0xaa, 0x20, 0x2b, 0x80,
    0x0,

    /* U+6D88 "消" */
    0x0, 0xc8, 0x20, 0x1f, 0xe3, 0xbb, 0x18, 0x7,
    0xfd, 0x97, 0xd4, 0x40, 0x14, 0x59, 0x80, 0x39,
    0x11, 0xa0, 0x13, 0x52, 0x80, 0x64, 0x30, 0x2,
    0xea, 0x84, 0x3a, 0x61, 0x1, 0x0, 0x4, 0x0,
    0x72, 0xb4, 0x80, 0x13, 0x88, 0x6, 0xb0, 0xe,
    0xe0, 0xe, 0x10, 0x90, 0x8, 0x80, 0x23, 0xf5,
    0x0, 0xa4, 0x28, 0x2, 0x31, 0x0, 0xe1, 0x50,
    0x9, 0xc0, 0x30, 0xd4, 0x83, 0xb8, 0x9, 0x40,
    0x3f, 0xf8, 0x2c, 0x20, 0x1e, 0x6f, 0x80, 0xa,
    0x4d, 0x70, 0x40, 0x38, 0x60, 0x52, 0x40, 0x3f,
    0xf8, 0x27, 0x94, 0x62, 0x1, 0x8c, 0x1f, 0xac,
    0x3, 0xab, 0x64, 0x80, 0x31, 0x6f, 0xfd, 0xc0,
    0x1b, 0x7f, 0xed, 0x30, 0x9, 0x94, 0x9b, 0x64,
    0x2, 0x82, 0x0, 0xff, 0xe0, 0x14, 0x0, 0x58,
    0x1, 0x99, 0x40, 0xc, 0x1, 0xff, 0xc2, 0x60,
    0xa, 0xd8, 0x3, 0x18, 0x7, 0x8d, 0x13, 0xc6,
    0x1, 0x18, 0x4, 0x33, 0x62, 0x8, 0xc0, 0x1e,
    0xeb, 0xbf, 0x68, 0x7, 0xf2, 0x7c, 0x58, 0x7,
    0xdb, 0xff, 0xee, 0x0, 0xff, 0xb, 0x80, 0x7f,
    0xfa, 0xcb, 0x30, 0x60, 0x1c, 0xf1, 0x1e, 0x70,
    0xf, 0xfb, 0xcc, 0xde, 0x1, 0xd4, 0xef, 0xe9,
    0x0, 0xff, 0x31, 0x0, 0x1c, 0x3, 0xb7, 0xff,
    0xdc, 0x1, 0xfe, 0x80, 0xb, 0x40, 0x3f, 0xf9,
    0x4e, 0x20, 0x1, 0x60, 0xf, 0xfe, 0x48, 0xc0,
    0x4, 0xc0, 0x1e, 0x78, 0x8f, 0x38, 0x7, 0xe8,
    0x0, 0xd2, 0x1, 0xea, 0x77, 0xf4, 0x80, 0x46,
    0x1, 0x90, 0x2, 0x71, 0x0, 0xff, 0x8e, 0x74,
    0x3, 0xf2, 0x80, 0x6, 0x40, 0x3f, 0xf8, 0x1a,
    0xc6, 0x1, 0x30, 0x6, 0x8b, 0x7c, 0x10, 0x9,
    0x80, 0x22, 0x0, 0xc2, 0x1, 0xde, 0x1, 0xc9,
    0x4, 0x1, 0xa4, 0x82, 0x0, 0x39, 0xc0, 0x2,
    0xb8, 0x80, 0x1f, 0xfc, 0x3, 0xdf, 0x70, 0xe,
    0x8f, 0xf7, 0x51, 0x80, 0x40,

    /* U+6DF1 "深" */
    0x0, 0x84, 0x80, 0x3f, 0xf9, 0xa7, 0xdb, 0xa5,
    0x0, 0x26, 0xff, 0xff, 0xf0, 0x7a, 0x40, 0x35,
    0x0, 0xa, 0xac, 0x28, 0x80, 0x3f, 0xf8, 0x22,
    0xca, 0x1, 0x78, 0x6, 0x70, 0x10, 0xf, 0xfe,
    0x21, 0x0, 0x4d, 0x22, 0x0, 0xf0, 0xc, 0x91,
    0x1f, 0xcc, 0x1, 0xf9, 0xbd, 0xac, 0xc0, 0x36,
    0x18, 0xbb, 0xf1, 0xbd, 0x80, 0x42, 0x1, 0xc3,
    0x28, 0x0, 0x80, 0x5, 0x5c, 0xf1, 0x0, 0x32,
    0xf8, 0x58, 0xd, 0x80, 0x3f, 0xcf, 0xd0, 0x40,
    0x1, 0x70, 0x43, 0x1, 0xca, 0xfc, 0x0, 0xcc,
    0xc1, 0x0, 0xe5, 0x80, 0x9, 0x14, 0x11, 0x40,
    0x2c, 0x30, 0xc, 0xf3, 0x2e, 0x70, 0x9, 0x6c,
    0x2, 0x2b, 0x0, 0xa9, 0x0, 0x2c, 0x20, 0xb,
    0x0, 0x28, 0xd0, 0x7, 0x80, 0x45, 0x80, 0x3,
    0x10, 0xb2, 0x0, 0xa4, 0x2, 0x81, 0x0, 0x88,
    0x1, 0x0, 0x2, 0xc1, 0xc, 0xc7, 0x18, 0x60,
    0x80, 0x34, 0x2, 0x3f, 0x50, 0x5, 0x0, 0xa,
    0xdb, 0x4, 0xc, 0xc0, 0x9, 0x1, 0xa6, 0xd6,
    0x0, 0xc3, 0x55, 0x28, 0x4, 0x90, 0x2, 0x25,
    0x0, 0x98, 0x44, 0xb0, 0x60, 0x1f, 0x2a, 0x80,
    0x28, 0xfe, 0xed, 0x20, 0x11, 0xf7, 0x76, 0x88,
    0x7, 0xf9, 0xc0, 0x3f, 0xf8, 0x64, 0xc0, 0x1c,
    0x39, 0xc8, 0x6, 0x1, 0xff, 0xc4, 0x30, 0xe,
    0xb3, 0x18, 0xd, 0x98, 0x72, 0x0, 0xfc, 0xee,
    0x8c, 0x40, 0xc, 0x4a, 0x0, 0x70, 0x16, 0x7c,
    0x20, 0xf, 0xc5, 0xe, 0x60, 0x1d, 0x0, 0x17,
    0x0, 0x45, 0x60, 0x1f, 0xcb, 0x0, 0x1e, 0x35,
    0x0, 0xa, 0x80, 0xb, 0x0, 0x23, 0x0, 0x84,
    0x2, 0x77, 0x0, 0x77, 0x80, 0x52, 0x0, 0x7d,
    0x10, 0x2, 0xc8, 0x4, 0x52, 0x1, 0x45, 0x0,
    0x48, 0x60, 0x1, 0x70, 0x78, 0x0, 0x8a, 0x80,
    0x39, 0x94, 0x2, 0x53, 0x0, 0x18, 0x5, 0x20,
    0xe, 0x0, 0x8b, 0x0, 0x3e, 0xa3, 0x0, 0x88,
    0x0, 0xc4, 0x6, 0xe0, 0xb, 0x10, 0x6c, 0x10,
    0x60, 0x9, 0x80, 0x18, 0xe9, 0x62, 0x0, 0x1d,
    0xd6, 0x0, 0x45, 0xdf, 0x22, 0x0, 0x35, 0x2,
    0x90, 0xa, 0x2d, 0x0, 0x0,

    /* U+6E05 "清" */
    0x0, 0xff, 0xe1, 0x95, 0x64, 0x80, 0x7f, 0xf0,
    0x1b, 0x64, 0x80, 0x3f, 0x5a, 0x9b, 0x28, 0x7,
    0xf8, 0x64, 0x9b, 0x60, 0x1f, 0xff, 0x98, 0x2,
    0xaf, 0xfd, 0xcc, 0x1, 0xfc, 0xeb, 0x40, 0x1f,
    0xfc, 0x21, 0xa0, 0xc, 0x34, 0x1, 0xa, 0x4a,
    0x99, 0xe1, 0x0, 0x88, 0xcf, 0x2f, 0x80, 0x72,
    0xe9, 0x13, 0x5, 0x22, 0xae, 0xe3, 0x0, 0x9e,
    0xee, 0xab, 0x30, 0xf, 0x16, 0xe8, 0x80, 0x1b,
    0x31, 0x11, 0x0, 0x4b, 0x11, 0x4f, 0x80, 0x7f,
    0xf0, 0x4c, 0x3, 0xff, 0x82, 0xa0, 0x1d, 0x58,
    0xe0, 0x1d, 0x99, 0x5d, 0x8c, 0x2, 0x7b, 0xb6,
    0x6d, 0x80, 0x67, 0x53, 0x8e, 0x60, 0x7f, 0xf6,
    0x62, 0xec, 0x60, 0x13, 0xdd, 0xb3, 0x7f, 0xd2,
    0x0, 0x10, 0x8, 0x65, 0x24, 0x3, 0xff, 0x8a,
    0xc0, 0x6, 0x60, 0x6, 0x5a, 0x43, 0x22, 0xff,
    0xe0, 0x9a, 0x48, 0x5, 0x36, 0x21, 0x62, 0x97,
    0x93, 0x77, 0xff, 0x4e, 0x5b, 0x0, 0x64, 0xfe,
    0x40, 0xa, 0x6e, 0x67, 0xfe, 0xb9, 0x0, 0xf8,
    0x44, 0x1, 0x98, 0x3, 0xff, 0x82, 0xe0, 0x1f,
    0xfc, 0x42, 0x88, 0xf8, 0x40, 0x2, 0x1, 0xfb,
    0x3e, 0xc0, 0x38, 0xb3, 0x3e, 0x10, 0xf, 0xf4,
    0x18, 0x22, 0x80, 0x72, 0x27, 0xc0, 0x1f, 0xf3,
    0x0, 0x42, 0x1, 0xff, 0xca, 0x71, 0x0, 0xa,
    0x0, 0x63, 0xff, 0xf8, 0x80, 0x3f, 0xa4, 0x2,
    0x70, 0xe, 0x3f, 0xff, 0x88, 0x3, 0xf2, 0x88,
    0x5, 0x40, 0x1f, 0xfc, 0xae, 0x0, 0x8c, 0xc0,
    0x1e, 0x33, 0xf8, 0x3, 0xff, 0x83, 0x20, 0x1e,
    0x3c, 0xce, 0xfa, 0x10, 0xf, 0xd4, 0x80, 0xca,
    0x1, 0xe7, 0x0, 0xc7, 0x92, 0x20, 0x1, 0x0,
    0xe1, 0xbf, 0x90, 0xc, 0x20, 0x1, 0x0, 0xca,
    0x1, 0xcc, 0x1, 0xff, 0xc1, 0xb1, 0x28, 0x0,
    0xce, 0x62, 0x23, 0x98, 0x0, 0xff, 0xe0, 0xaf,
    0x69, 0x0, 0x61, 0xce, 0xe6, 0x30, 0x6,

    /* U+6E90 "源" */
    0x0, 0xc6, 0x20, 0x1f, 0xfc, 0xdc, 0xc7, 0x40,
    0x4, 0xd3, 0x3f, 0xfc, 0x27, 0x20, 0x8, 0xcc,
    0x0, 0x7a, 0x9, 0x93, 0x37, 0xff, 0xa, 0x30,
    0x2, 0x31, 0x0, 0x90, 0x10, 0x3, 0xff, 0x88,
    0x20, 0x1b, 0xc, 0x0, 0xc0, 0x60, 0x1f, 0xfc,
    0x48, 0x0, 0xc5, 0x98, 0xb8, 0x0, 0xed, 0xff,
    0xa8, 0x0, 0x31, 0xff, 0x9c, 0x3, 0xc6, 0x80,
    0x1e, 0x30, 0xb, 0x40, 0x3, 0x60, 0x1f, 0xfc,
    0x85, 0xcd, 0x70, 0x8, 0xf7, 0x58, 0xe0, 0x19,
    0xe9, 0x80, 0x3f, 0x1d, 0x19, 0x0, 0x71, 0x10,
    0xe0, 0xc0, 0xb, 0xb, 0x3c, 0xa0, 0x1e, 0x70,
    0xf, 0xfe, 0x2, 0x80, 0x8, 0x2, 0x1b, 0x0,
    0xff, 0x4f, 0xfe, 0xa0, 0xf, 0x39, 0x80, 0x52,
    0x1, 0xfe, 0x9f, 0xfd, 0x40, 0x1f, 0x64, 0x82,
    0x38, 0x0, 0x40, 0x21, 0x0, 0xff, 0xe2, 0xb7,
    0x58, 0x7, 0xfc, 0x6a, 0xb8, 0xc0, 0x3f, 0x84,
    0x2, 0x10, 0x8, 0x40, 0x35, 0xdf, 0x50, 0x7,
    0xff, 0x4, 0x80, 0x23, 0x0, 0xd1, 0xdd, 0xa4,
    0x3, 0xf9, 0xfa, 0x85, 0x80, 0x21, 0x50, 0xf,
    0xfe, 0x2, 0x80, 0x62, 0x81, 0x56, 0x20, 0x9,
    0x86, 0xd0, 0xcc, 0x1, 0x8c, 0xc9, 0x46, 0x1,
    0xac, 0x3, 0x68, 0x4, 0x40, 0xb5, 0x9a, 0x1,
    0x1e, 0x78, 0xe8, 0x7, 0x38, 0x4, 0x88, 0x0,
    0xb5, 0x7b, 0x92, 0x1, 0xc9, 0x8a, 0xe2, 0x1,
    0x30, 0x80, 0x8, 0x82, 0x1, 0x3c, 0x0, 0x18,
    0x3, 0x8c, 0x2, 0x90, 0xa, 0xc0, 0x25, 0x70,
    0x8, 0x54, 0x80, 0xe, 0x1, 0xc8, 0x1, 0x38,
    0x82, 0x10, 0x5, 0x56, 0x1, 0x24, 0x0, 0x6,
    0x40, 0x38, 0xcc, 0x1, 0x30, 0x18, 0x4, 0x8c,
    0x40, 0x14, 0x90, 0x2, 0xa, 0x40, 0x3a, 0x80,
    0x2, 0x60, 0xa2, 0x0, 0x80, 0xc, 0xa7, 0xb1,
    0x4d, 0x8e, 0x1, 0x30, 0x34, 0xe7, 0x20, 0x17,
    0xd6, 0x1a, 0x40, 0xad, 0x0, 0x1d, 0x44, 0x3,
    0xbc, 0x0, 0xc6, 0x1, 0x85, 0x4c, 0x0, 0xfd,
    0x40, 0x1c, 0x2e, 0x20, 0x74, 0xa0, 0x1f, 0xfc,
    0xa8, 0xef, 0xc5, 0x0, 0xf8,

    /* U+6ED1 "滑" */
    0x0, 0xff, 0xe8, 0x17, 0x71, 0x80, 0x22, 0xcf,
    0xff, 0xf6, 0x18, 0x7, 0x40, 0x8a, 0x6c, 0x42,
    0x4c, 0x3, 0xfc, 0x7e, 0x1, 0xc6, 0x1, 0x27,
    0x8b, 0x0, 0x7f, 0xf0, 0x8, 0x3, 0xa0, 0x80,
    0x30, 0x80, 0x45, 0xdd, 0xe1, 0x0, 0xfc, 0x3a,
    0xa0, 0x3a, 0x1, 0x8b, 0xba, 0xc5, 0x10, 0xf,
    0xfa, 0xbb, 0x86, 0x1, 0xf8, 0xa4, 0x3, 0xff,
    0x82, 0x20, 0x1e, 0x19, 0x70, 0x1, 0x0, 0x7f,
    0x84, 0x3, 0x13, 0x98, 0x5, 0xc4, 0x1, 0x40,
    0x80, 0x6, 0x10, 0x1, 0x7d, 0xa8, 0x3, 0x90,
    0x20, 0x1, 0x75, 0x0, 0x9c, 0x3, 0x3d, 0xc2,
    0xa0, 0x15, 0xba, 0x88, 0x7, 0xff, 0x15, 0x0,
    0x3a, 0x4, 0x2, 0x57, 0x7f, 0xf3, 0x0, 0x42,
    0xb6, 0x40, 0x4, 0x60, 0x8, 0xc0, 0x3f, 0xdc,
    0x1, 0x30, 0x26, 0xb1, 0x51, 0xa8, 0x1, 0x9d,
    0xff, 0xd0, 0x0, 0x28, 0x0, 0xa7, 0x44, 0x2b,
    0xc8, 0x3, 0xff, 0x83, 0xfa, 0x60, 0x1f, 0xc6,
    0x0, 0x17, 0x7f, 0x8, 0x4, 0x20, 0x1e, 0x1a,
    0xa1, 0x0, 0x71, 0x17, 0x80, 0x3f, 0xed, 0x55,
    0x78, 0x6, 0x15, 0x5f, 0x8, 0x7, 0xf2, 0x18,
    0x0, 0xc0, 0x3f, 0xf9, 0x30, 0x1, 0x20, 0x6,
    0x2d, 0xdf, 0x10, 0x7, 0xe4, 0x30, 0xa, 0x40,
    0x31, 0x6e, 0xf8, 0x80, 0x3f, 0x48, 0x4, 0x66,
    0x0, 0xff, 0xe3, 0xa1, 0x0, 0x50, 0x1, 0xe5,
    0x5f, 0x8, 0x7, 0xc2, 0x1, 0x12, 0x0, 0x71,
    0xd5, 0x75, 0x98, 0x4, 0x20, 0x12, 0xa8, 0x7,
    0x80, 0x3f, 0xeb, 0xe2, 0x0, 0xfd, 0x5d, 0xc3,
    0x0, 0x88, 0x0, 0xc0, 0x19, 0x0, 0x32, 0x80,
    0x78, 0x40, 0x3a, 0x4, 0xa4, 0x3, 0x28, 0x9,
    0xc5, 0x0, 0x7f, 0xf0, 0x13, 0xb4, 0xc0, 0x35,
    0x7f, 0x63, 0x80, 0x60,

    /* U+70B9 "点" */
    0x0, 0xff, 0x97, 0x71, 0x0, 0x3f, 0xf9, 0x74,
    0x47, 0x40, 0x1f, 0xfc, 0xa2, 0x0, 0x87, 0x33,
    0xeb, 0x81, 0x0, 0xff, 0xe2, 0x99, 0xfc, 0x8f,
    0x0, 0x1f, 0xfc, 0xe3, 0x0, 0xff, 0xe6, 0x94,
    0x80, 0x7f, 0xf1, 0x7f, 0xff, 0x69, 0x80, 0x7f,
    0xf5, 0x6, 0x73, 0x3b, 0xc0, 0x36, 0x67, 0xa8,
    0x80, 0x3e, 0xa6, 0x33, 0xe2, 0x0, 0xc6, 0x7e,
    0x5e, 0x0, 0xf9, 0x40, 0x3f, 0xf8, 0xc6, 0x1,
    0xff, 0xda, 0xff, 0xff, 0xb4, 0x3, 0xff, 0xbc,
    0x23, 0xff, 0xc0, 0x0, 0xff, 0xe1, 0xf7, 0x7f,
    0xd8, 0x1, 0xff, 0x18, 0x7, 0xff, 0x39, 0xc0,
    0x3f, 0xf8, 0xc6, 0x1, 0xf5, 0x42, 0xaf, 0xff,
    0x11, 0xf4, 0x3, 0xc3, 0x1, 0x75, 0x5f, 0xd7,
    0x6a, 0xaa, 0xca, 0x4, 0x3, 0xa5, 0xe3, 0x94,
    0x17, 0x74, 0x60, 0x6, 0xee, 0x28, 0x3, 0x15,
    0xb4, 0x3, 0xb, 0x80, 0x44, 0x16, 0x44, 0xf0,
    0x5, 0x80, 0x2c, 0x0, 0x60, 0x3, 0x80, 0xa,
    0xc0, 0x21, 0x60, 0x10, 0x1, 0x80, 0x18, 0x0,
    0x2c, 0x12, 0x1, 0x39, 0x2, 0x28, 0x5, 0x22,
    0x4, 0x1, 0x10, 0x68, 0x5, 0x40, 0xe4, 0x1,
    0x48, 0x8, 0x4, 0x4e, 0x0, 0x60, 0x8, 0xc1,
    0x0, 0x23, 0x0, 0x40, 0x4, 0xc0, 0xb0, 0x0,
    0xe0, 0xa, 0x8, 0x5c, 0x40, 0x94, 0x92, 0xc0,
    0xa, 0x62, 0xd8, 0x0, 0x7c, 0xb3, 0x0, 0x8f,
    0x7a, 0x0, 0x2a, 0xdb, 0x40, 0xb, 0x3a, 0x44,
    0x0,

    /* U+72B6 "状" */
    0x0, 0xf1, 0x43, 0x88, 0x7, 0x85, 0x98, 0x1,
    0xff, 0xc3, 0xf7, 0x8b, 0x0, 0xf6, 0x4c, 0xa8,
    0xf, 0xb8, 0x80, 0x1f, 0x84, 0x80, 0x8, 0x1,
    0xc2, 0x40, 0x4, 0x9, 0x11, 0x59, 0x0, 0x7f,
    0xf2, 0xf4, 0x2, 0xe0, 0xc, 0xb0, 0x20, 0x1f,
    0xfc, 0x47, 0x10, 0x1, 0xa0, 0x1, 0x69, 0xf0,
    0xc0, 0x3f, 0xf8, 0x96, 0x0, 0x25, 0x0, 0x10,
    0x0, 0xa4, 0x3, 0xff, 0x88, 0xb3, 0x7a, 0x20,
    0x5, 0x0, 0x90, 0x3, 0xc4, 0x66, 0x50, 0x8,
    0x4c, 0xe5, 0x61, 0x0, 0x89, 0x80, 0x3e, 0x1d,
    0xd6, 0x62, 0xc0, 0x36, 0x66, 0xde, 0x70, 0xa,
    0x0, 0x3e, 0x62, 0x0, 0xff, 0xe1, 0x40, 0x4,
    0x31, 0xd, 0x0, 0xc4, 0x1, 0xff, 0xc3, 0x10,
    0xc, 0xee, 0x30, 0xc, 0xae, 0x64, 0x41, 0x0,
    0xc2, 0x45, 0x93, 0x40, 0x3f, 0xf8, 0x11, 0x9b,
    0xa9, 0x0, 0xcf, 0xbb, 0xac, 0xc0, 0x3c, 0x40,
    0x1f, 0xda, 0x1, 0x9c, 0x3, 0xfe, 0x3d, 0x0,
    0xfe, 0x70, 0xc, 0x28, 0x1, 0xfc, 0xd8, 0x20,
    0x1f, 0xc4, 0x1, 0xdc, 0x1, 0xfa, 0xa4, 0x3,
    0xfc, 0xa0, 0x1e, 0x51, 0x0, 0xf5, 0xa8, 0x7,
    0xfd, 0xe0, 0x1f, 0x30, 0x7, 0x88, 0x2, 0x20,
    0xf, 0x85, 0x40, 0x2a, 0x0, 0xa4, 0x3, 0xd0,
    0x60, 0xde, 0x1, 0xf4, 0x0, 0x42, 0xac, 0x0,
    0x18, 0x0, 0xe1, 0xcf, 0x93, 0x0, 0xf1, 0x30,
    0x4, 0xc1, 0x60, 0x13, 0x98, 0x7, 0xff, 0x8,
    0x7c, 0x3, 0x48, 0x12, 0x80, 0x5a, 0x60, 0x1f,
    0xfc, 0x1a, 0x20, 0x9, 0xc4, 0x1, 0x0, 0x10,
    0xe2, 0x0, 0x7f, 0xce, 0x80, 0x11, 0x40, 0x4,
    0x50, 0x1, 0xa0, 0x3, 0xfe, 0xd0, 0x8, 0x7c,
    0x3, 0x9d, 0x0, 0x26, 0x0, 0xf0, 0x80, 0x45,
    0x20, 0x1, 0xd2, 0x0, 0xf5, 0xb0, 0x1d, 0x80,
    0x7d, 0x22, 0x28, 0x3d, 0xaf, 0x30, 0xf, 0xd3,
    0xf8, 0x20, 0x1f, 0x37, 0x71, 0x0, 0x94, 0x40,
    0x3f, 0xf8, 0x40,

    /* U+7406 "理" */
    0x2, 0x89, 0xaa, 0xd2, 0xa0, 0x37, 0xdf, 0xff,
    0xed, 0x40, 0xb, 0x5d, 0x95, 0x73, 0x52, 0x4a,
    0x8, 0x7, 0xf8, 0xa8, 0x0, 0x20, 0x1f, 0xc4,
    0x40, 0xf, 0xfe, 0x8, 0x88, 0x5, 0x80, 0x3e,
    0x37, 0x10, 0xa, 0x20, 0x20, 0x3, 0x81, 0x0,
    0xf4, 0xfd, 0x0, 0x4b, 0xf8, 0x20, 0x19, 0xdc,
    0x60, 0x4, 0x72, 0x0, 0xfc, 0x20, 0x11, 0x80,
    0x7d, 0xfe, 0x20, 0x3, 0xf9, 0x80, 0x7f, 0xfc,
    0x86, 0x20, 0x1, 0x24, 0x8, 0x7, 0x66, 0x4,
    0x0, 0xb8, 0x40, 0x1e, 0xa7, 0x30, 0x8, 0x9f,
    0x40, 0x38, 0xce, 0x0, 0x11, 0x88, 0x7, 0x98,
    0x3, 0xe2, 0x0, 0xef, 0xf1, 0x0, 0x1f, 0xcc,
    0x3, 0xd6, 0x1, 0xf4, 0x80, 0x80, 0x7f, 0xf0,
    0x84, 0x0, 0xdf, 0x20, 0x12, 0xf3, 0x87, 0x80,
    0x7f, 0xf0, 0x50, 0x3, 0x88, 0x2, 0x31, 0x0,
    0x2e, 0x4c, 0x41, 0x80, 0x34, 0x45, 0x56, 0x1,
    0xff, 0xc2, 0x36, 0x77, 0x68, 0x4, 0x2e, 0xf2,
    0x80, 0x7f, 0xf0, 0xda, 0x66, 0xf0, 0x8, 0x66,
    0x68, 0x40, 0xf, 0xf0, 0x80, 0x26, 0x4c, 0xd2,
    0x0, 0x66, 0x69, 0xec, 0x80, 0x3f, 0x37, 0x70,
    0x88, 0x1, 0xff, 0xc2, 0x60, 0x9, 0xa0, 0x3,
    0x86, 0xa0, 0x80, 0x3f, 0xf8, 0x8, 0x80, 0x6,
    0xc9, 0x80, 0x7b, 0x8f, 0x7f, 0xeb, 0x0, 0x87,
    0xff, 0x58, 0x0, 0x48, 0x3, 0xc5, 0xc, 0x1,
    0xff, 0xc5, 0x13, 0x0, 0x89, 0xf3, 0x5a, 0xfb,
    0xff, 0x58, 0x4, 0x3f, 0xfb, 0xa0, 0x1, 0xaf,
    0x19, 0xb0, 0x61, 0x28, 0x20, 0x1f, 0xfc, 0x11,
    0x72, 0x1, 0x87, 0x30, 0xd, 0xe0, 0x1f, 0xfc,
    0x53, 0x0, 0xfe, 0x78, 0x44, 0xff, 0xe1, 0x2d,
    0x88,

    /* U+7528 "用" */
    0x0, 0xff, 0xe9, 0x2f, 0x7f, 0xff, 0xf1, 0xb4,
    0xc0, 0x35, 0x8, 0x7, 0xff, 0x18, 0xa0, 0x2,
    0x10, 0xf, 0xfe, 0x4b, 0x0, 0x7e, 0x22, 0xc2,
    0x1, 0x88, 0xb0, 0x80, 0x7f, 0xf0, 0x37, 0x75,
    0x80, 0x47, 0xbb, 0xc0, 0x1f, 0xfd, 0xab, 0xbd,
    0x0, 0x11, 0xdd, 0xef, 0x0, 0xff, 0xe0, 0x22,
    0x62, 0x0, 0xc8, 0x98, 0xc0, 0x3f, 0xfe, 0x9f,
    0xfa, 0x80, 0x22, 0xff, 0xd6, 0x1, 0xff, 0x8,
    0x7, 0xe1, 0x0, 0xce, 0x1, 0xf1, 0x80, 0x7f,
    0xf0, 0x4, 0x3, 0x38, 0x7, 0xc2, 0x1, 0xf,
    0xfe, 0xa0, 0x8, 0xbf, 0xf5, 0x80, 0x7c, 0xe0,
    0x1f, 0xfc, 0xd2, 0x0, 0xff, 0xe6, 0xf8, 0x4,
    0x26, 0x78, 0x80, 0x31, 0x9e, 0x20, 0xf, 0x90,
    0x2, 0xbc, 0xcd, 0x0, 0x11, 0xe6, 0x6e, 0x0,
    0xf8, 0x80, 0x27, 0x0, 0xff, 0xe4, 0x20, 0x4,
    0x24, 0x1, 0xff, 0xc8, 0xf0, 0x9, 0x0, 0x3f,
    0xe3, 0xac, 0xe0, 0x8, 0x41, 0x10, 0x1, 0x78,
    0x7, 0xfd, 0xea, 0x64, 0x1, 0x30, 0x10, 0x4,
    0x2a, 0x1, 0xce, 0x1, 0x30, 0x8, 0x7, 0xa4,
    0x18, 0xc0, 0x74, 0x3, 0xc5, 0x26, 0xb6, 0x10,
    0x40, 0x24, 0xba, 0x60, 0xc, 0xc7, 0x18, 0x7,
    0xcd, 0x94, 0x20, 0xbb, 0xfd, 0xb4, 0x40, 0x18,
    0xc0, 0x3f, 0xf9, 0x40,

    /* U+753B "画" */
    0x0, 0x9, 0x17, 0xff, 0x20, 0x40, 0x9, 0xdc,
    0xdd, 0xff, 0xe4, 0x77, 0x13, 0x84, 0x3, 0xff,
    0x94, 0x3e, 0x40, 0x1f, 0xfc, 0xc2, 0x88, 0x2a,
    0xff, 0xf2, 0xa2, 0x41, 0xea, 0xbf, 0xf9, 0x4e,
    0x1, 0xfa, 0xbb, 0xff, 0xf7, 0x50, 0x80, 0x7f,
    0xf0, 0x1d, 0x44, 0x3, 0xf0, 0xab, 0x0, 0x7c,
    0x2e, 0xe1, 0xd, 0x0, 0xff, 0xe0, 0x68, 0xc,
    0x49, 0x0, 0x32, 0x21, 0xa0, 0x18, 0xe8, 0x40,
    0x7, 0x42, 0x1, 0xa9, 0xdb, 0x0, 0x48, 0x0,
    0x60, 0x19, 0x94, 0xc0, 0xc, 0xa6, 0x1, 0x94,
    0x0, 0x24, 0x60, 0x1f, 0x97, 0xc8, 0x0, 0xbe,
    0x40, 0x18, 0x40, 0x3f, 0xfe, 0xa9, 0xc4, 0x0,
    0x4e, 0x20, 0xf, 0xfe, 0x39, 0x0, 0x62, 0x0,
    0xff, 0xe3, 0xa6, 0x10, 0x1, 0x30, 0x80, 0x3f,
    0xf8, 0x64, 0x1, 0xff, 0xc0, 0x20, 0xf, 0xfe,
    0x4, 0x98, 0x7, 0xf8, 0xe4, 0x3, 0xff, 0x80,
    0x39, 0xfd, 0xdf, 0xbf, 0x4, 0x3, 0xfe, 0xaa,
    0xd7, 0x7f, 0xaa, 0xb0, 0x7, 0xf9, 0x57, 0xff,
    0x88, 0x1, 0xc6, 0x1, 0xff, 0xcd, 0x17, 0x0,
    0xff, 0xe6, 0xc7, 0xee, 0xff, 0xf1, 0x84, 0x2,
    0x20, 0x8, 0x8b, 0xff, 0x8d, 0x2, 0x10, 0x0,

    /* U+7559 "留" */
    0x0, 0xff, 0xea, 0xb5, 0xea, 0x80, 0x7f, 0xf1,
    0x89, 0xef, 0xe5, 0xa, 0x80, 0xb, 0xbf, 0xff,
    0xb9, 0xc0, 0x26, 0xd8, 0x40, 0xe, 0x20, 0xa2,
    0x0, 0xfc, 0x30, 0x40, 0x9, 0x0, 0xe2, 0x6a,
    0x20, 0x20, 0xf, 0xf9, 0x80, 0x40, 0x35, 0xf6,
    0xca, 0x80, 0x32, 0x4, 0x2, 0x77, 0x10, 0x4,
    0xe0, 0x1c, 0x28, 0x59, 0x82, 0x0, 0xb, 0x88,
    0x0, 0x62, 0xe, 0x1, 0xff, 0x41, 0x9b, 0x80,
    0x22, 0x0, 0x94, 0x0, 0x20, 0x10, 0x80, 0x7c,
    0x40, 0x3, 0x50, 0x5, 0x0, 0x46, 0x0, 0x70,
    0x8, 0x80, 0xc0, 0x21, 0x84, 0x0, 0xa4, 0x5,
    0xc0, 0x2b, 0x0, 0x10, 0x7, 0x28, 0x6, 0x72,
    0x0, 0x8c, 0x68, 0x2, 0x22, 0x2, 0x8, 0x0,
    0x80, 0x10, 0x1, 0xfe, 0xf4, 0x0, 0xaf, 0xbe,
    0xc0, 0x27, 0x0, 0x8, 0x7, 0x8c, 0x0, 0xa2,
    0x1, 0x3b, 0x20, 0x7, 0x78, 0x2, 0x80, 0x4,
    0xf7, 0xf9, 0xdf, 0x48, 0x0, 0x68, 0xd, 0x0,
    0xca, 0xa0, 0x2, 0x5e, 0xea, 0x10, 0x0, 0x20,
    0xb, 0xb7, 0x48, 0x1, 0xb2, 0x6b, 0x68, 0x3,
    0x21, 0x56, 0xf7, 0x7d, 0x5f, 0xdd, 0xb6, 0x25,
    0xc0, 0x3d, 0xa, 0x42, 0x3f, 0xfc, 0x33, 0xa1,
    0x0, 0xe2, 0x0, 0xff, 0xe3, 0x90, 0x7, 0x8,
    0x5, 0x1d, 0xd1, 0x80, 0x59, 0xdc, 0xc0, 0xf,
    0xfe, 0x15, 0x56, 0x30, 0xb, 0xea, 0x9e, 0x1,
    0xff, 0xc2, 0x24, 0x48, 0x3, 0x1a, 0x20, 0xc0,
    0x3f, 0xfb, 0x8f, 0xbb, 0x10, 0x5, 0x9b, 0xab,
    0x0, 0xff, 0xe1, 0x8, 0xe0, 0xc, 0xe2, 0x30,
    0x7, 0xff, 0x9, 0xb3, 0x22, 0x0, 0xaf, 0x31,
    0x40, 0x1f, 0xe1, 0x0, 0xff, 0xe6, 0x90, 0x7,
    0xff, 0x1c, 0x80, 0x3a, 0x4c, 0x7, 0x3f, 0xff,
    0xe4, 0x22, 0x50, 0x80, 0x0,

    /* U+767B "登" */
    0x0, 0xfe, 0x10, 0xe, 0x28, 0x50, 0x1, 0x10,
    0x3, 0xfa, 0x7b, 0xff, 0x77, 0xec, 0x1, 0xeb,
    0xd0, 0x96, 0x6a, 0x80, 0x7c, 0x8c, 0x20, 0x1e,
    0x27, 0x84, 0x0, 0xab, 0x44, 0x28, 0x3, 0xe5,
    0x10, 0xf, 0xef, 0x40, 0x9, 0x0, 0x24, 0x0,
    0xf8, 0x7a, 0xed, 0x54, 0x60, 0xc, 0xc6, 0x60,
    0xe, 0x8b, 0x8d, 0x30, 0xe, 0x78, 0x35, 0x52,
    0x0, 0x4c, 0x21, 0x0, 0x19, 0x9e, 0x5c, 0xb4,
    0x40, 0x22, 0x83, 0x8c, 0xb2, 0x0, 0xa0, 0x0,
    0x8a, 0x1, 0x36, 0xb0, 0x0, 0x48, 0x3, 0x8,
    0x0, 0xd0, 0x2, 0x27, 0x66, 0x88, 0x3, 0x10,
    0x0, 0x70, 0xc0, 0x22, 0xc2, 0x0, 0xf1, 0x4c,
    0xe7, 0x0, 0xf1, 0x79, 0x80, 0x71, 0xb0, 0x7,
    0xff, 0x18, 0xac, 0x40, 0x33, 0x72, 0x0, 0x45,
    0x24, 0x20, 0x1c, 0x26, 0xa0, 0x19, 0x7d, 0x40,
    0x7, 0x20, 0x19, 0x31, 0xf3, 0xfb, 0xbb, 0xf6,
    0xdc, 0x3, 0xd, 0x80, 0x18, 0x3, 0x93, 0xbb,
    0xff, 0x80, 0xe0, 0x1c, 0xa0, 0x5, 0x30, 0x54,
    0x0, 0xff, 0xe2, 0x22, 0x0, 0x1e, 0x1, 0x67,
    0xd1, 0x80, 0x7f, 0xf1, 0x6e, 0xd4, 0x80, 0x1f,
    0xe5, 0xdd, 0xfc, 0x80, 0x1c, 0x8a, 0x1, 0xff,
    0x19, 0xff, 0x0, 0x7f, 0xf1, 0xdb, 0xbb, 0xf2,
    0x0, 0x7f, 0xf0, 0xb8, 0x3, 0xff, 0x88, 0x40,
    0x1f, 0xe6, 0x30, 0xf, 0xfe, 0x11, 0x58, 0x7,
    0xfd, 0x9d, 0x2, 0xf, 0xdd, 0xac, 0x1, 0x1d,
    0xa4, 0x1, 0xff, 0xc0, 0x28, 0x10, 0x41, 0x1d,
    0xa0, 0x8, 0x30, 0xf, 0xe1, 0x56, 0x69, 0x40,
    0x27, 0x66, 0x9d, 0x80, 0x25, 0x66, 0xc4, 0x1,
    0xf, 0xd4, 0xce, 0x0, 0x92, 0x66, 0x80, 0xd,
    0x13, 0x3b, 0x54, 0x0, 0x62, 0x1, 0xff, 0xcb,
    0xd0, 0x1, 0x30, 0x7, 0xff, 0x28, 0xe8, 0x0,

    /* U+76D8 "盘" */
    0x0, 0xff, 0xec, 0xf6, 0x38, 0x80, 0x7f, 0xf2,
    0x58, 0x4e, 0x3c, 0x3, 0xff, 0x86, 0x59, 0xdf,
    0xf4, 0x80, 0x43, 0xff, 0xdd, 0x62, 0x1, 0xf4,
    0x98, 0x80, 0x7f, 0xf0, 0x45, 0x20, 0x3, 0xe5,
    0x0, 0xff, 0xe2, 0x90, 0x7, 0xfd, 0x79, 0x62,
    0x9, 0x59, 0x94, 0x0, 0x4e, 0x1, 0xff, 0x29,
    0x90, 0x82, 0x54, 0x19, 0x88, 0x3, 0xff, 0x8a,
    0xe4, 0x1, 0x20, 0x80, 0x7f, 0x15, 0xf7, 0x4,
    0x2, 0xfe, 0xf3, 0x0, 0xdf, 0xd4, 0x1, 0x1f,
    0x62, 0x4a, 0x8, 0x80, 0x30, 0x8e, 0x0, 0xc2,
    0x20, 0xe, 0x13, 0xa2, 0x0, 0xff, 0xe6, 0x14,
    0xc9, 0x80, 0x31, 0xb3, 0x8, 0x0, 0x8c, 0xd9,
    0x0, 0x21, 0x78, 0xd0, 0x60, 0xe, 0xf9, 0x93,
    0x0, 0x10, 0xbe, 0xa8, 0x60, 0x12, 0xc3, 0x88,
    0x33, 0x0, 0x23, 0x30, 0x3, 0x80, 0x24, 0xbc,
    0xc3, 0x80, 0x42, 0x1, 0x8c, 0x3, 0x40, 0x4,
    0xbc, 0xe0, 0x7a, 0x60, 0x1d, 0xc0, 0x19, 0x54,
    0x0, 0x94, 0x0, 0xc3, 0x1f, 0x81, 0x42, 0x22,
    0x5c, 0x40, 0xe, 0xaa, 0x25, 0x6e, 0xff, 0xac,
    0xcc, 0xd, 0x6, 0x1, 0xee, 0x43, 0x22, 0xff,
    0xe1, 0x1a, 0x68, 0x7, 0x94, 0x3, 0xff, 0x8c,
    0x24, 0x1, 0xc2, 0x0, 0x1b, 0x50, 0xa, 0x60,
    0x2, 0x5b, 0x10, 0xf, 0xfe, 0x1, 0xa1, 0x0,
    0x48, 0x80, 0x8, 0x90, 0xc0, 0x3f, 0xfa, 0xaa,
    0xe0, 0x11, 0xba, 0x0, 0x57, 0x40, 0x12, 0x39,
    0x80, 0x54, 0xa1, 0x54, 0x80, 0x8, 0x60, 0xc0,
    0x26, 0x60, 0x4, 0x70, 0x20, 0x13, 0xd5, 0x1c,
    0x3, 0xff, 0x98, 0xd0, 0x40, 0x1f, 0xfc, 0xa2,
    0x80,

    /* U+76F4 "直" */
    0x0, 0xff, 0x9a, 0x5c, 0x80, 0x3f, 0xf9, 0x2b,
    0x2d, 0x1a, 0x20, 0x1f, 0xf5, 0x7f, 0xfe, 0xa0,
    0xd, 0xdf, 0xff, 0xa8, 0xd, 0x40, 0x3f, 0xf9,
    0x4a, 0x84, 0x1, 0xff, 0xcc, 0x61, 0xd8, 0x77,
    0xf8, 0x40, 0x24, 0x77, 0xfd, 0x18, 0x40, 0x4f,
    0x13, 0xbd, 0xd8, 0x3, 0x1f, 0x77, 0x6c, 0xc3,
    0x98, 0x6, 0x1f, 0xa9, 0x9c, 0x20, 0x13, 0xcc,
    0xf5, 0x71, 0x0, 0x79, 0xc4, 0x3, 0xff, 0x8a,
    0xa0, 0x1e, 0x10, 0xc, 0x23, 0xfe, 0x0, 0xde,
    0x1, 0xfe, 0x6c, 0xcf, 0xf2, 0x0, 0x7f, 0xf0,
    0x9b, 0x77, 0xfc, 0x80, 0x1f, 0xfd, 0xc1, 0x33,
    0xff, 0x8, 0x7, 0xff, 0x9, 0x26, 0x7f, 0xc4,
    0x1, 0xff, 0xc2, 0x5a, 0xaf, 0xf1, 0x80, 0x7f,
    0xf7, 0x16, 0xef, 0xfc, 0x80, 0x1f, 0xfc, 0x24,
    0x99, 0xff, 0x20, 0x7, 0xff, 0x8, 0x48, 0xbf,
    0xc0, 0x1f, 0xfd, 0xd7, 0xee, 0xff, 0x28, 0x7,
    0xc3, 0x15, 0x40, 0x9, 0x6e, 0xff, 0xc8, 0x1,
    0x2d, 0x40, 0xd3, 0xa9, 0x0, 0x44, 0xab, 0xfe,
    0x10, 0x8, 0x95, 0xf5, 0xc0, 0x3f, 0xf9, 0x85,
    0x4, 0x1, 0xff, 0xca, 0x1b,

    /* U+770B "看" */
    0x0, 0xff, 0xee, 0x8, 0x88, 0xd5, 0xa2, 0xae,
    0x88, 0x3, 0xc7, 0x9d, 0xff, 0xf7, 0x73, 0x72,
    0xa5, 0xd5, 0x16, 0x0, 0x3d, 0x26, 0x20, 0x1f,
    0xfc, 0x5d, 0x0, 0xf7, 0x88, 0x7, 0xf8, 0x8c,
    0xc8, 0xad, 0x18, 0xe0, 0x1e, 0x5e, 0xcc, 0xd6,
    0x1, 0xa3, 0xfb, 0x93, 0x16, 0xa2, 0x1, 0xf3,
    0xfe, 0x66, 0xb0, 0xd, 0x1b, 0xbf, 0xbd, 0xc0,
    0x3a, 0xc0, 0x3f, 0xf9, 0x16, 0x1, 0xd0, 0x84,
    0x50, 0x80, 0x61, 0x22, 0xfe, 0x4f, 0x0, 0xca,
    0x79, 0x55, 0x28, 0x6, 0x6a, 0xaf, 0xec, 0x52,
    0x0, 0x4d, 0x44, 0x72, 0x0, 0x67, 0x88, 0xff,
    0x4e, 0x90, 0x7, 0xff, 0x42, 0x69, 0xde, 0x50,
    0xc, 0x8e, 0xff, 0xfc, 0x8, 0xc2, 0x0, 0x2c,
    0x44, 0xc0, 0x19, 0x95, 0x7f, 0x90, 0x61, 0xcc,
    0x3, 0xce, 0x60, 0x18, 0x8b, 0xfc, 0x6d, 0x0,
    0x1f, 0x1c, 0x0, 0x7f, 0xf1, 0x4c, 0x3, 0xc5,
    0xa0, 0x1c, 0x79, 0x9f, 0x9c, 0x2, 0x70, 0xe,
    0x5d, 0x10, 0xe, 0x3c, 0xcf, 0xce, 0x1, 0xf9,
    0xa8, 0x3, 0xff, 0x9b, 0xa0, 0x10, 0xc0, 0x4,
    0x2a, 0xbf, 0x8c, 0x3, 0xf7, 0x0, 0x13, 0xd0,
    0x2, 0x32, 0x2f, 0xcc, 0x1, 0xf9, 0x73, 0x16,
    0x20, 0x18, 0x9d, 0xff, 0x28, 0x7, 0xf1, 0x98,
    0x3, 0xff, 0xaa, 0x9d, 0xdf, 0xa4, 0x3, 0xff,
    0x8a, 0x9d, 0xdf, 0xa4, 0x3, 0xff, 0xa4, 0xe0,
    0x1f, 0xc4, 0x1, 0xff, 0xc4, 0x20, 0xf, 0xe1,
    0x70, 0x19, 0xff, 0xfd, 0xa4, 0x5, 0x60, 0x10,

    /* U+7801 "码" */
    0x0, 0x1d, 0xee, 0xfb, 0x20, 0x0, 0xf5, 0x55,
    0xdf, 0x54, 0x88, 0x6, 0xf4, 0x22, 0xf1, 0xba,
    0xcc, 0x2a, 0xc8, 0x9c, 0xad, 0x0, 0x1f, 0xfc,
    0x32, 0x0, 0xff, 0x88, 0x3, 0x72, 0x90, 0x6,
    0x23, 0x75, 0x82, 0x0, 0xff, 0x8, 0x6, 0x2a,
    0x80, 0xa, 0x37, 0x20, 0xf, 0x7b, 0x7f, 0xf5,
    0x0, 0x46, 0x1, 0xed, 0x0, 0x90, 0x3, 0x8b,
    0xb7, 0x0, 0x22, 0x0, 0xb8, 0x3, 0xc8, 0x1,
    0x18, 0x7, 0x50, 0x0, 0xc8, 0x1, 0xe0, 0x10,
    0x80, 0x70, 0x98, 0x1, 0x40, 0x3c, 0x40, 0x1e,
    0x20, 0x8, 0x80, 0x39, 0x0, 0x2d, 0x21, 0x0,
    0xc2, 0x1, 0x10, 0x1, 0x80, 0x26, 0x0, 0xe9,
    0x0, 0xa3, 0x7b, 0xd0, 0x0, 0xe0, 0x1, 0x0,
    0x84, 0x2, 0x20, 0xc, 0x66, 0x0, 0xfa, 0x40,
    0x4, 0x0, 0x30, 0x8, 0x80, 0x2, 0x1, 0xde,
    0x1, 0xf8, 0x80, 0x2, 0x0, 0x2f, 0xf8, 0x2,
    0x1e, 0xa1, 0x5, 0x30, 0xd, 0x8, 0x1, 0x84,
    0x3, 0xfe, 0x15, 0x60, 0xf0, 0xe, 0x53, 0x0,
    0xc2, 0x20, 0xf, 0xfe, 0x7, 0x86, 0x0, 0x7f,
    0xf0, 0x3e, 0x62, 0x3e, 0x50, 0xb, 0xc1, 0xa0,
    0x3, 0xfe, 0x16, 0x77, 0xfb, 0x40, 0x21, 0x0,
    0x3c, 0x0, 0x7f, 0x88, 0xd1, 0x31, 0x80, 0x3c,
    0x2, 0x30, 0x8, 0xc0, 0x3f, 0xaf, 0x72, 0xef,
    0x67, 0x10, 0x80, 0x4c, 0x1, 0xf0, 0x80, 0x61,
    0x40, 0xf, 0x85, 0x8, 0x2, 0x20, 0xf, 0xb1,
    0xc0, 0x21, 0x10, 0x7, 0xe5, 0x60, 0x8, 0x40,
    0x3f, 0xe1, 0xf, 0x87, 0x66, 0xcf, 0x66, 0x40,
    0x3, 0x0, 0xff, 0xe0, 0x38, 0xb, 0xc4, 0xce,
    0x84, 0x50, 0x9, 0x40, 0x3f, 0x3c, 0x42, 0xa4,
    0x3, 0xe1, 0x79, 0xa0, 0xb, 0xc0, 0x32, 0x80,
    0x50, 0xee, 0x50, 0xf, 0xd1, 0x6, 0x0, 0xc8,
    0x1, 0x86, 0xda, 0xc0, 0x3f, 0xf8, 0x4, 0x1,
    0xce, 0x40, 0x1c, 0x92, 0x80, 0x1f, 0xfc, 0x8,
    0x20, 0x13, 0x78, 0x0, 0xff, 0xe4, 0x9e, 0xff,
    0x64, 0x0, 0x40,

    /* U+793A "示" */
    0x0, 0xf0, 0x8f, 0xff, 0x10, 0x3, 0xf9, 0x7b,
    0xbf, 0xf8, 0xbe, 0xc0, 0x1f, 0x40, 0x80, 0x7f,
    0xf1, 0x64, 0x3, 0xff, 0x9c, 0x20, 0x1f, 0x49,
    0x80, 0x7f, 0xf1, 0xa, 0xc0, 0x3e, 0x4c, 0xff,
    0xff, 0xe2, 0x6a, 0x80, 0x7f, 0xf5, 0x1e, 0xf3,
    0x3f, 0xf9, 0x32, 0x20, 0xb0, 0x86, 0x7f, 0xfc,
    0x96, 0x80, 0x30, 0xf, 0xfe, 0x61, 0x3, 0x88,
    0x7, 0xff, 0x2f, 0x80, 0x7b, 0x2e, 0xfe, 0xa0,
    0xc, 0xd7, 0x7f, 0x67, 0x28, 0x4, 0x68, 0x9f,
    0x80, 0x37, 0xa2, 0x7c, 0x62, 0x1, 0xe7, 0x61,
    0x0, 0xff, 0xe0, 0x24, 0xb0, 0x7, 0xe8, 0x84,
    0xf3, 0x0, 0x7f, 0x9a, 0xda, 0x5c, 0x3, 0xe6,
    0x0, 0xa8, 0x3, 0xfd, 0xa0, 0x14, 0x10, 0x7,
    0x40, 0x80, 0x52, 0x1, 0xfe, 0xf0, 0xd, 0xc0,
    0x18, 0x9c, 0x2, 0x25, 0x0, 0xff, 0x22, 0x0,
    0x23, 0x60, 0xa, 0x40, 0x34, 0x80, 0x7f, 0xf0,
    0x20, 0x3, 0x40, 0x1, 0xd0, 0x2, 0x44, 0x0,
    0x7f, 0xf0, 0xd, 0x0, 0x21, 0x50, 0xe0, 0xd,
    0x20, 0x1f, 0xfc, 0x2f, 0x0, 0xc6, 0x12, 0x60,
    0x8, 0x20, 0x13, 0x32, 0x0, 0x7f, 0x21, 0x0,
    0x9, 0xc0, 0x18, 0xef, 0x0, 0x33, 0x2a, 0x0,
    0xc6, 0x1, 0xdd, 0x39, 0xa2, 0x1, 0x44, 0x0,
    0x22, 0x0, 0xf9, 0x0, 0x38, 0xd8, 0xc0, 0x3f,
    0xf8, 0xb0, 0x20, 0x1f, 0xfc, 0x69, 0x10, 0x13,
    0x7c, 0x70, 0xf, 0xf8,

    /* U+79BB "离" */
    0x0, 0xff, 0xec, 0xd, 0x7d, 0x80, 0x7f, 0xf2,
    0xa5, 0x41, 0x20, 0x3, 0xff, 0x81, 0x3d, 0xff,
    0xf3, 0x80, 0x4f, 0xff, 0xfb, 0xb0, 0xd1, 0x84,
    0x3, 0xff, 0x90, 0x27, 0xc, 0x1, 0xff, 0xcc,
    0x32, 0xd8, 0x77, 0xf1, 0xa3, 0xbe, 0x20, 0x57,
    0x7e, 0x8a, 0x80, 0x27, 0x81, 0x50, 0x8b, 0x34,
    0x60, 0xd4, 0x20, 0x59, 0xb3, 0x4d, 0x75, 0x0,
    0xc8, 0xc4, 0xe6, 0x66, 0x1, 0x7a, 0x30, 0x9,
    0x3d, 0xe, 0x80, 0x3c, 0x60, 0x13, 0x7, 0x88,
    0x7, 0xc8, 0x60, 0x11, 0x0, 0x7f, 0x9a, 0x44,
    0x9, 0x40, 0x27, 0x10, 0xf, 0xfe, 0x11, 0x90,
    0x9d, 0x6d, 0x74, 0xd4, 0x0, 0x7f, 0xf0, 0xe6,
    0xc4, 0xeb, 0xfd, 0xd3, 0x5f, 0xe0, 0xf, 0xf1,
    0x80, 0x7f, 0xf1, 0xc8, 0x3, 0x91, 0x84, 0x3,
    0xff, 0x84, 0x25, 0x40, 0x1f, 0x4f, 0x7f, 0xe8,
    0x0, 0x87, 0xff, 0xbb, 0x54, 0x3, 0x9f, 0xbf,
    0xfd, 0x0, 0x10, 0xff, 0xfe, 0xc3, 0x0, 0x14,
    0x8, 0x7, 0xff, 0x1c, 0xfc, 0x0, 0xe0, 0x1f,
    0xfc, 0xa3, 0x0, 0xf1, 0xc4, 0x0, 0x32, 0x44,
    0x0, 0x28, 0x88, 0x3, 0xfc, 0xaf, 0xe0, 0x11,
    0xdb, 0xa8, 0x5, 0xce, 0xc0, 0x1f, 0xf0, 0xb8,
    0x6, 0xcd, 0xd0, 0x4, 0xc8, 0x1, 0xff, 0xc0,
    0x30, 0xc, 0x66, 0x20, 0xe, 0xf0, 0xf, 0xfe,
    0x1, 0x0, 0x7f, 0xf0, 0xc, 0x3, 0xff, 0x83,
    0x0, 0x2, 0x46, 0x8b, 0xdf, 0xc9, 0x80, 0xf,
    0xfe, 0xb, 0xef, 0xed, 0xcb, 0xa1, 0x2, 0xd6,
    0xf8, 0x4, 0x40, 0x6, 0x0, 0xbc, 0x0, 0x40,
    0x1f, 0xa4, 0xc8, 0x40, 0x2a, 0x0, 0x1b, 0xa,
    0x30, 0x7, 0xfc, 0xa0, 0x18, 0xe5, 0xc0, 0x29,
    0xeb, 0x0, 0xff, 0xe0, 0x57, 0xfe, 0xc6, 0x0,
    0x0,

    /* U+79D1 "科" */
    0x0, 0xff, 0x10, 0x7, 0xf8, 0x62, 0x4, 0x1,
    0xfe, 0x26, 0xbf, 0xdb, 0x0, 0xfe, 0xb7, 0x77,
    0x80, 0x7c, 0xf7, 0xdb, 0x28, 0x0, 0x43, 0x0,
    0x26, 0xd0, 0x80, 0x10, 0x0, 0x40, 0x1e, 0x78,
    0x41, 0x0, 0xf2, 0x80, 0x28, 0x97, 0xc8, 0x3,
    0x84, 0x3, 0x84, 0x3, 0xc3, 0x18, 0xc0, 0x5,
    0x0, 0xe, 0x10, 0x7, 0xf9, 0xa5, 0xd8, 0x2,
    0x47, 0x30, 0xa, 0x88, 0x0, 0x36, 0x1, 0xff,
    0x34, 0x68, 0x7, 0xf0, 0xe0, 0x80, 0xd8, 0x7,
    0xff, 0x0, 0x44, 0x1, 0x8, 0x80, 0x38, 0x76,
    0x78, 0x80, 0x3f, 0xd5, 0xfd, 0x40, 0x12, 0x77,
    0xc0, 0x6, 0x36, 0x0, 0xff, 0x8d, 0x40, 0x3f,
    0x9c, 0x44, 0xe8, 0x1, 0xff, 0xc1, 0x20, 0xf,
    0xf8, 0x76, 0x2e, 0x80, 0x3f, 0xf8, 0x3, 0x6a,
    0x80, 0x18, 0x51, 0xb0, 0x8, 0x0, 0xb8, 0x1,
    0xff, 0xc0, 0x4a, 0x90, 0xc, 0x39, 0x26, 0x16,
    0x1, 0x1d, 0x0, 0x7f, 0xf0, 0x68, 0x3, 0xa1,
    0x80, 0xb, 0x40, 0x11, 0x80, 0x7f, 0xf0, 0x58,
    0x3, 0xd2, 0x60, 0x5, 0x81, 0x89, 0x0, 0xff,
    0xe0, 0x30, 0x80, 0x7d, 0x40, 0x13, 0xf3, 0x80,
    0x79, 0x48, 0x3, 0xa0, 0x3, 0x84, 0x1, 0xa0,
    0x1f, 0x18, 0x80, 0x57, 0xb0, 0x1, 0x48, 0x80,
    0x72, 0x66, 0xa0, 0x12, 0xc5, 0xef, 0xe0, 0x7,
    0x98, 0x0, 0x6c, 0x0, 0x20, 0xc, 0x64, 0x19,
    0xb4, 0xe8, 0x40, 0x1f, 0x88, 0x0, 0xc0, 0x15,
    0x80, 0x79, 0xc, 0x3, 0xfe, 0x27, 0xd0, 0x2,
    0xa8, 0x14, 0x80, 0x3c, 0xc0, 0x1e, 0x14, 0x0,
    0xd9, 0x2, 0x1, 0x55, 0x2c, 0x3, 0xe2, 0x94,
    0x58, 0xbe, 0xe5, 0x88, 0x7, 0xf9, 0x44, 0x3,
    0xf3, 0x5d, 0x3a, 0x8, 0x7, 0xff, 0xf5, 0x80,
    0x22, 0x0, 0xff, 0x88, 0x2, 0x10, 0xf, 0xc4,
    0xc0, 0x72, 0x1, 0xff, 0x41, 0xd, 0x0, 0x60,

    /* U+7A0D "稍" */
    0x0, 0xfc, 0x64, 0x1, 0xf9, 0x37, 0x46, 0x1,
    0xff, 0xc0, 0x48, 0xec, 0xd4, 0x0, 0x35, 0x18,
    0x2, 0x8, 0x90, 0x0, 0x29, 0x70, 0xc, 0x37,
    0xf6, 0xe2, 0x0, 0xe0, 0x49, 0x5c, 0x20, 0x20,
    0x3, 0x0, 0x39, 0xa2, 0x0, 0x14, 0xa0, 0x7,
    0xbc, 0x3, 0xb8, 0x3, 0xc6, 0x60, 0x0, 0x80,
    0x5a, 0x1, 0xec, 0x50, 0x42, 0x0, 0x18, 0x80,
    0x75, 0x80, 0x58, 0x1, 0x2e, 0xe2, 0x80, 0x44,
    0x1, 0x58, 0x4, 0x20, 0x1c, 0x40, 0x2, 0x50,
    0xc, 0x46, 0x40, 0x1f, 0x32, 0xab, 0x0, 0x3d,
    0x6, 0x6f, 0x0, 0xf0, 0x88, 0x3, 0xf5, 0xc8,
    0x18, 0x80, 0xc, 0xc3, 0xfa, 0x40, 0x1a, 0x7f,
    0x98, 0x2, 0xee, 0x18, 0x47, 0x66, 0x40, 0x10,
    0xe6, 0x5c, 0xe0, 0x11, 0x30, 0x7, 0xc3, 0x0,
    0xe0, 0x1f, 0xfc, 0x8, 0x0, 0x8c, 0x3, 0xf8,
    0x84, 0x3, 0xff, 0x84, 0x20, 0x1, 0xb5, 0x10,
    0xc, 0x8f, 0x20, 0x18, 0x99, 0xbc, 0x40, 0x1f,
    0x25, 0x10, 0x6, 0xc8, 0x0, 0xe4, 0x99, 0xf3,
    0x80, 0x7e, 0x23, 0x0, 0xd1, 0x0, 0xe, 0x6f,
    0xff, 0x28, 0x7, 0xea, 0x0, 0xf3, 0xa0, 0x7,
    0xff, 0x21, 0x80, 0x3e, 0x30, 0xf, 0xfe, 0x3b,
    0x8, 0x7, 0x33, 0xb8, 0x3, 0x1c, 0x47, 0x8c,
    0x3, 0xe8, 0x0, 0xf4, 0x40, 0x3, 0x95, 0xdf,
    0xcc, 0x1, 0xe6, 0x10, 0x1, 0x80, 0x7f, 0x9b,
    0xff, 0xca, 0x1, 0xe2, 0x0, 0xa, 0x0, 0x7f,
    0xf3, 0x12, 0x41, 0x80, 0x3f, 0xf9, 0xcd, 0xf0,
    0x1, 0xff, 0x1c, 0x47, 0x8c, 0x3, 0xff, 0x92,
    0xae, 0xfe, 0x60, 0xf, 0xfe, 0x75, 0xd9, 0x40,
    0x21, 0x0, 0xff, 0x8, 0x7, 0xf8, 0x91, 0x0,
    0x10, 0x80, 0x7d, 0xc0, 0x1e, 0x10, 0xb, 0x80,
    0x3f, 0xa4, 0x3, 0xe7, 0x30, 0x90, 0xd, 0x22,
    0x6c, 0x1, 0x12, 0x0, 0x9c, 0xb8, 0x7, 0xc3,
    0x9e, 0xc0, 0x19, 0xbb, 0x4, 0x3, 0x5f, 0xf6,
    0x30, 0x4,

    /* U+7A7A "空" */
    0x0, 0xff, 0xec, 0xa6, 0x73, 0x80, 0x7f, 0xf2,
    0x4a, 0xcc, 0x61, 0x0, 0x3f, 0xf9, 0x2, 0x1,
    0xbc, 0x3, 0xfe, 0x6d, 0xff, 0xfb, 0x0, 0x32,
    0x7f, 0xfe, 0xc3, 0x19, 0x20, 0xf, 0xfe, 0x49,
    0xfa, 0x80, 0x7f, 0xf3, 0x8, 0x3, 0xa, 0x27,
    0xff, 0x10, 0x80, 0x3f, 0x2d, 0xdf, 0xfd, 0x37,
    0x7a, 0x40, 0x33, 0x80, 0x42, 0x0, 0x3b, 0xf9,
    0x0, 0xd7, 0xbf, 0x24, 0xa, 0x1, 0x29, 0x98,
    0x1, 0xeb, 0x98, 0x40, 0x63, 0x0, 0x12, 0x0,
    0x1b, 0x6d, 0x69, 0x16, 0x43, 0x2d, 0x6e, 0x8c,
    0x3, 0x10, 0x0, 0x88, 0x1, 0x92, 0xe6, 0x28,
    0x80, 0x12, 0xa2, 0x1, 0xd4, 0x20, 0x16, 0x28,
    0x7, 0x1e, 0x0, 0x44, 0x40, 0xe, 0x6e, 0x50,
    0xc, 0x35, 0xaa, 0x1, 0xc2, 0x0, 0x22, 0x0,
    0x4f, 0xb2, 0x20, 0x1f, 0x15, 0x62, 0x80, 0x14,
    0x40, 0x2f, 0x69, 0x47, 0xdf, 0xff, 0xfb, 0x15,
    0xb2, 0x80, 0x31, 0x4a, 0xa0, 0x7, 0xff, 0xd,
    0x8c, 0x3, 0xe2, 0x0, 0xff, 0xe2, 0x10, 0x7,
    0xe1, 0xd8, 0x76, 0x68, 0x3, 0x23, 0x34, 0xf1,
    0x80, 0x1f, 0xc4, 0xf1, 0x32, 0x80, 0xd, 0xf3,
    0x34, 0x38, 0x80, 0x7f, 0xff, 0xc0, 0x3f, 0x26,
    0xff, 0xfd, 0xc0, 0x1a, 0xff, 0xfe, 0xeb, 0x20,
    0xa2, 0x0, 0xff, 0xe4, 0xa, 0x40, 0x10, 0x7,
    0xff, 0x2c, 0x83, 0x99, 0x13, 0xff, 0x90, 0xaf,
    0x0,

    /* U+7ACB "立" */
    0x0, 0xff, 0xe0, 0x8, 0x7, 0xff, 0x32, 0xbb,
    0x84, 0x1, 0xff, 0xc9, 0x55, 0x0, 0xc0, 0x7,
    0xff, 0x35, 0x0, 0x3f, 0xf9, 0x28, 0x1, 0x18,
    0x7, 0xff, 0x24, 0x64, 0x93, 0x80, 0x3f, 0xf8,
    0x3, 0x9f, 0xff, 0xa4, 0x93, 0x3f, 0xff, 0x69,
    0x0, 0x24, 0xc0, 0x3f, 0xf9, 0x5, 0x60, 0x1f,
    0xfd, 0xa, 0x20, 0xf, 0xfe, 0x41, 0x58, 0x0,
    0xb7, 0xfb, 0xac, 0xee, 0xff, 0xe1, 0x7e, 0x90,
    0x7, 0xa, 0xfe, 0x68, 0x8f, 0xe2, 0xb8, 0x21,
    0x0, 0xfe, 0x81, 0x3, 0x50, 0xf, 0xb5, 0x5b,
    0x8, 0x3, 0xff, 0x83, 0xe0, 0x1e, 0x31, 0x0,
    0x9c, 0x3, 0xf9, 0x40, 0x24, 0x0, 0xf2, 0x0,
    0x67, 0x0, 0xfe, 0xc0, 0x8, 0x48, 0x3, 0xb0,
    0x2, 0x12, 0x0, 0xfe, 0x40, 0xc, 0x80, 0x1c,
    0x80, 0x13, 0x80, 0x7f, 0x84, 0x80, 0x2f, 0x0,
    0xc8, 0x1, 0xb4, 0x3, 0xfe, 0x70, 0x9, 0x40,
    0x36, 0x80, 0x42, 0x80, 0x1f, 0xf6, 0x80, 0x44,
    0x1, 0x9c, 0x2, 0x70, 0xf, 0xfe, 0x2, 0x80,
    0x48, 0x1, 0x18, 0x80, 0x54, 0x1, 0xff, 0xc0,
    0x2b, 0x79, 0xa0, 0xa, 0x80, 0x22, 0x30, 0xf,
    0x84, 0xd1, 0x30, 0x61, 0x22, 0x67, 0x0, 0x9d,
    0x13, 0x18, 0x83, 0xf6, 0x5d, 0xff, 0xc2, 0x1,
    0x2d, 0xde, 0xce, 0x7a, 0x0, 0xff, 0xe6, 0x48,
    0x80, 0x7f, 0xf3, 0xb, 0xcc, 0x47, 0xff, 0x94,
    0x7e,

    /* U+7AEF "端" */
    0x0, 0xe6, 0x30, 0xf, 0xf3, 0xdc, 0x0, 0x7f,
    0xf0, 0x2e, 0x70, 0x80, 0x33, 0xb0, 0x1, 0x21,
    0x1d, 0x40, 0xa, 0xe4, 0x1, 0xe5, 0x0, 0x58,
    0x5, 0x51, 0x2e, 0x6, 0x1, 0x68, 0x2d, 0x46,
    0x0, 0x79, 0x0, 0x6, 0x1, 0x38, 0x3, 0x40,
    0x3e, 0xc0, 0x0, 0x98, 0x4, 0x25, 0xe0, 0xf,
    0x20, 0x1, 0x80, 0x4, 0x3, 0xe3, 0x0, 0xf4,
    0x76, 0xd0, 0x2, 0xb7, 0x88, 0x2, 0x68, 0xb0,
    0x9, 0x21, 0xc0, 0x3c, 0xc0, 0x1f, 0xa, 0x98,
    0x0, 0x9c, 0xc0, 0x23, 0x72, 0x0, 0xf1, 0x0,
    0x7e, 0x36, 0x0, 0xff, 0xe1, 0x10, 0x3, 0x65,
    0xdf, 0xa2, 0xd2, 0x4c, 0x40, 0x3f, 0xc5, 0x22,
    0x0, 0x14, 0xc8, 0x8a, 0x8d, 0x0, 0xb3, 0xbf,
    0xff, 0xda, 0xc0, 0x1b, 0x6d, 0xc0, 0x76, 0xe8,
    0xf7, 0xff, 0xff, 0x84, 0xe0, 0x3, 0x0, 0x58,
    0x28, 0x1, 0xe4, 0x80, 0x3f, 0xf8, 0x50, 0x0,
    0x10, 0x1, 0x1, 0x0, 0x4, 0x80, 0x3f, 0xf8,
    0x64, 0x0, 0x20, 0x0, 0x80, 0x80, 0x1a, 0x2a,
    0x1d, 0xcc, 0x1, 0x89, 0xdf, 0x4e, 0x0, 0x42,
    0x0, 0x2e, 0x0, 0x68, 0x2a, 0xae, 0xde, 0x1,
    0xaa, 0xee, 0xa6, 0x10, 0x8, 0xc0, 0x2, 0x40,
    0x3, 0xb, 0xdc, 0xc4, 0x80, 0x68, 0xcc, 0xb7,
    0x84, 0x2, 0x10, 0x9, 0x80, 0xa, 0x68, 0x1,
    0xff, 0xc1, 0x16, 0x0, 0x94, 0x0, 0x44, 0x1,
    0x13, 0x80, 0x7f, 0xf0, 0xf8, 0x2, 0x88, 0x59,
    0x80, 0xc, 0x80, 0x35, 0x0, 0x58, 0x20, 0xb,
    0x0, 0xf8, 0x4c, 0xd2, 0x0, 0x2d, 0x10, 0x9,
    0x84, 0x0, 0x40, 0x13, 0x0, 0x79, 0xfe, 0xe1,
    0x0, 0x36, 0x0, 0x7f, 0xf1, 0xa0, 0x3, 0xf7,
    0x0, 0x7f, 0xf1, 0x88, 0x3, 0x89, 0xb0, 0xc0,
    0x3f, 0xf8, 0xd2, 0x68, 0xf5, 0xdb, 0x26, 0x1,
    0xfc, 0x60, 0x8, 0x0, 0x84, 0x0, 0x99, 0x70,
    0xa2, 0x1, 0x38, 0x4, 0x26, 0x0, 0x11, 0x0,
    0x14, 0x2, 0xe0, 0xf, 0xf8, 0xcc, 0x6, 0x56,
    0xe, 0x12, 0xd, 0x24, 0x6, 0xe0, 0x1f, 0xfc,
    0xc, 0xec, 0x6, 0xf8, 0x5, 0xf9, 0x6d, 0xfc,
    0x10,

    /* U+7B14 "笔" */
    0x0, 0xff, 0xea, 0x2f, 0xe2, 0x80, 0x7e, 0x6d,
    0xa3, 0x0, 0xff, 0xe0, 0x40, 0x1d, 0x18, 0x7,
    0x86, 0x49, 0x74, 0x3, 0xfe, 0x72, 0x0, 0xb7,
    0xb9, 0xb4, 0x21, 0x60, 0x10, 0xf7, 0x76, 0x28,
    0x4, 0x30, 0x1, 0x84, 0x62, 0x59, 0x75, 0x0,
    0xc2, 0x3c, 0x74, 0x1, 0x50, 0x7, 0xf9, 0xa0,
    0x3, 0xfe, 0x20, 0x3, 0xa0, 0x4, 0x20, 0x12,
    0x43, 0x8, 0x4, 0x2a, 0x1, 0xc, 0x42, 0x70,
    0x0, 0x20, 0x13, 0x68, 0x4, 0xcf, 0x24, 0x1,
    0x55, 0x8, 0x0, 0x2a, 0xec, 0x20, 0x6, 0x60,
    0x14, 0x9a, 0x80, 0x10, 0x1, 0x84, 0x12, 0x81,
    0x4, 0xd4, 0x60, 0x1e, 0x9b, 0xc0, 0x4, 0x5f,
    0x40, 0x91, 0x21, 0xc2, 0x2a, 0x4d, 0xab, 0xa4,
    0x3, 0xcd, 0x9f, 0xed, 0xbe, 0xeb, 0x72, 0x9e,
    0x5d, 0x4c, 0x40, 0x26, 0x0, 0xf5, 0x10, 0x7,
    0xff, 0x1c, 0xc0, 0x3d, 0x80, 0x1f, 0xfc, 0x11,
    0x23, 0x45, 0x7a, 0xc0, 0xf, 0x27, 0x5d, 0x55,
    0x70, 0x1, 0xbb, 0x99, 0xd1, 0xd9, 0xc0, 0x1f,
    0xca, 0x26, 0x5b, 0xac, 0x0, 0xdd, 0xcd, 0xcb,
    0xa9, 0x95, 0x50, 0x3, 0xdb, 0x75, 0x30, 0xec,
    0x80, 0x1f, 0xfc, 0x16, 0x0, 0xe2, 0x20, 0x7,
    0xff, 0x1c, 0xa0, 0x3, 0x89, 0x40, 0x2, 0x44,
    0x33, 0x0, 0x69, 0xab, 0xcd, 0xef, 0xf6, 0xa0,
    0x7, 0xab, 0xfb, 0x3a, 0x64, 0x80, 0x1b, 0xb3,
    0xa3, 0xb3, 0xb9, 0xfe, 0xe5, 0x0, 0xd, 0xff,
    0xbb, 0x72, 0xe9, 0xc0, 0x33, 0xb2, 0xa1, 0x90,
    0x88, 0x0, 0x3c, 0x0, 0x74, 0x0, 0xff, 0xe5,
    0xe8, 0x0, 0x80, 0x3f, 0xf8, 0x26, 0x8a, 0xcf,
    0x12, 0xe6, 0xba, 0xc0, 0x4, 0xb8, 0x84, 0xd5,
    0xe6, 0xd8, 0x6, 0xcb, 0xa9, 0x87, 0x63, 0x32,
    0xf0, 0x6, 0x47, 0x73, 0x2a, 0x19, 0x30, 0x6,
    0xa7, 0x7e, 0x94, 0x0, 0x18, 0x7, 0xff, 0x0,
    0x80, 0x32, 0xc4, 0x73, 0x0, 0x44, 0x1, 0xff,
    0xc1, 0x70, 0xf, 0xfe, 0xc, 0x80, 0x7f, 0xf0,
    0x62, 0x50, 0x40, 0x3e, 0x14, 0xc4, 0x0, 0x0,

    /* U+7B49 "等" */
    0x0, 0xff, 0xe9, 0xb7, 0xe2, 0x0, 0x7e, 0x6c,
    0x81, 0x0, 0xff, 0xa0, 0xe, 0xd4, 0x88, 0x20,
    0x11, 0x49, 0xbe, 0x11, 0x61, 0x0, 0xea, 0x10,
    0xa, 0xb7, 0x5d, 0xc2, 0xe, 0x0, 0x8b, 0x77,
    0x77, 0xa8, 0x1, 0x54, 0x1, 0xf8, 0x6e, 0x4c,
    0x3, 0xfd, 0xc0, 0x54, 0x1, 0xfe, 0x66, 0x0,
    0x7f, 0xda, 0x1c, 0x1, 0x9, 0x80, 0x51, 0x94,
    0x1, 0x8e, 0x80, 0x36, 0x6f, 0xb0, 0x50, 0x5,
    0x5e, 0x0, 0x15, 0x35, 0x90, 0x0, 0xea, 0xc0,
    0x1, 0x4c, 0x80, 0x26, 0x80, 0xa4, 0x38, 0xaf,
    0x21, 0xab, 0x0, 0x58, 0x83, 0x32, 0xe8, 0x3,
    0xcf, 0xe5, 0xfe, 0x8a, 0xef, 0xe5, 0x20, 0x5,
    0x7f, 0xb9, 0xaf, 0xec, 0x3, 0xe8, 0x0, 0xff,
    0xe3, 0x22, 0x0, 0x3c, 0xa0, 0x1f, 0xfc, 0x61,
    0x50, 0xf, 0x56, 0xdd, 0xf4, 0x80, 0x6a, 0xbb,
    0xec, 0xe1, 0x0, 0xc8, 0xee, 0x53, 0x3e, 0xe0,
    0xd, 0xa6, 0x7c, 0x8e, 0xe5, 0x0, 0x55, 0xc4,
    0x7e, 0x70, 0xc, 0xf1, 0x1f, 0xaa, 0x80, 0xc0,
    0x1f, 0xfc, 0xc7, 0x8, 0x20, 0xf, 0xfe, 0x51,
    0x48, 0x26, 0xff, 0xff, 0xf0, 0x90, 0x2, 0x7f,
    0xfb, 0x50, 0x0, 0x7b, 0xff, 0xff, 0xc1, 0x40,
    0x9, 0xff, 0xdc, 0xc0, 0x14, 0x90, 0x7, 0xff,
    0x20, 0x60, 0x2, 0xd0, 0xf, 0xfe, 0x52, 0x80,
    0x4f, 0x95, 0x30, 0x1, 0x1c, 0xcf, 0x88, 0x2,
    0x49, 0x95, 0xd8, 0x3, 0x1a, 0xb1, 0x80, 0x47,
    0xcc, 0xde, 0x0, 0x8d, 0x98, 0x80, 0x1f, 0x90,
    0xc0, 0x27, 0x60, 0xf, 0xde, 0x1, 0xff, 0xc0,
    0xc4, 0x0, 0x8c, 0x6, 0x6d, 0x0, 0x3f, 0xf8,
    0xb6, 0x69, 0x8a, 0x14, 0xc8, 0x1, 0x8c, 0x3,
    0xff, 0x85, 0x96, 0x60, 0x7, 0x0, 0xe3, 0x40,
    0xf, 0xfe, 0x3c, 0x10, 0xa, 0x4e, 0x0, 0x78,

    /* U+7B5B "筛" */
    0x0, 0xff, 0xe9, 0xae, 0xc8, 0x80, 0x7e, 0x6a,
    0x60, 0xf, 0xfe, 0x5, 0x93, 0x78, 0x7, 0xc9,
    0x2b, 0x34, 0x1, 0xfe, 0x91, 0x0, 0xf, 0xfe,
    0xe9, 0xf, 0x0, 0x97, 0xff, 0xb5, 0x40, 0x8,
    0xc0, 0x1f, 0x85, 0x98, 0x80, 0x1f, 0xc5, 0xc0,
    0x54, 0x1, 0x10, 0x6, 0x25, 0x79, 0x0, 0x88,
    0x3, 0x91, 0xa4, 0x20, 0x40, 0x7, 0xb2, 0x1,
    0xd, 0x18, 0x4, 0x5b, 0x60, 0x1b, 0xe4, 0x82,
    0x4, 0x7, 0x41, 0x8c, 0x6, 0xc2, 0x0, 0x29,
    0x4, 0x70, 0x3, 0x28, 0x4, 0x5a, 0xd8, 0x20,
    0x55, 0x7c, 0xe0, 0x7a, 0x90, 0x80, 0x8, 0x9d,
    0x91, 0x0, 0xc7, 0x24, 0x9, 0xb3, 0x80, 0xf9,
    0xbe, 0xd5, 0xbb, 0xaf, 0xf7, 0x54, 0x40, 0x9,
    0xc5, 0xd, 0x0, 0x29, 0x41, 0x91, 0x7f, 0xf0,
    0x16, 0xc1, 0x18, 0xec, 0xc, 0x0, 0x66, 0x10,
    0xf, 0xfe, 0x17, 0x1, 0x80, 0x4, 0x40, 0x18,
    0x7e, 0xa6, 0x63, 0x0, 0xa2, 0x67, 0x63, 0x80,
    0x7f, 0xc2, 0x84, 0x66, 0x0, 0xc2, 0x67, 0x21,
    0x80, 0x7f, 0xf0, 0x13, 0xae, 0xa8, 0x60, 0x14,
    0xd5, 0x5a, 0xe0, 0x1f, 0xfc, 0xd, 0x0, 0xff,
    0xe0, 0xc8, 0x7, 0xc2, 0x0, 0x30, 0x30, 0xf,
    0xfe, 0x8, 0x80, 0x8, 0x2, 0x16, 0x0, 0x8,
    0x8, 0x0, 0x7d, 0x40, 0x2d, 0xf2, 0x0, 0xe4,
    0x10, 0x60, 0x20, 0x3, 0x80, 0x7f, 0x8c, 0x3,
    0xe1, 0xee, 0x49, 0x80, 0x46, 0x1, 0xff, 0xc8,
    0x10, 0xb0, 0xb, 0x40, 0x3f, 0xf9, 0x4c, 0x1,
    0x20, 0x7, 0xff, 0x25, 0x44, 0x0, 0x82, 0x1,
    0xff, 0x49, 0x0, 0x7c, 0x30, 0x1, 0x70, 0x0,
    0x40, 0x3f, 0x90, 0x2, 0x30, 0xd, 0x84, 0x0,
    0x25, 0x0, 0x60, 0x1, 0xc0, 0x3c, 0xc0, 0x14,
    0x0, 0x44, 0x40, 0xb, 0x80, 0x26, 0xba, 0x90,
    0xf, 0x4c, 0xab, 0x90, 0x2, 0x24, 0x1, 0xb3,
    0x0, 0xc8, 0xa0, 0x2, 0x0, 0x84, 0x99, 0x44,
    0x3, 0xaf, 0x79, 0x0, 0x3f, 0xa4, 0x82, 0x0,
    0x3e,

    /* U+7D22 "索" */
    0x0, 0xff, 0x9b, 0x7a, 0x0, 0x3f, 0xf9, 0x52,
    0x42, 0xe4, 0x1, 0xff, 0x2e, 0xff, 0xfe, 0x0,
    0xdb, 0xff, 0xf6, 0xb0, 0x2, 0x88, 0x3, 0xff,
    0x90, 0x52, 0x0, 0x20, 0xf, 0xfe, 0x51, 0x0,
    0x32, 0x5d, 0xfe, 0x60, 0xc, 0xae, 0xff, 0x4e,
    0x0, 0x45, 0x99, 0xf8, 0x3, 0x6e, 0x67, 0xc4,
    0x0, 0x4e, 0xbb, 0xfd, 0x40, 0x1a, 0x2e, 0xff,
    0x72, 0xf8, 0x7, 0xff, 0x32, 0x5c, 0x3, 0xff,
    0x98, 0x20, 0x1b, 0xbb, 0x38, 0x6, 0x4e, 0xef,
    0xb0, 0x3, 0x30, 0x0, 0x46, 0x4c, 0x70, 0x9,
    0x68, 0x44, 0xd4, 0xe2, 0x23, 0x0, 0x9a, 0x10,
    0xe8, 0xf6, 0x88, 0x0, 0x35, 0x41, 0x4d, 0x84,
    0x92, 0x0, 0x51, 0xa4, 0x95, 0xe2, 0x69, 0x0,
    0x67, 0xca, 0xdb, 0x20, 0x8, 0xc0, 0xb, 0x96,
    0x40, 0x18, 0x40, 0x39, 0x98, 0xa4, 0x1, 0x1c,
    0x53, 0x80, 0x7f, 0x50, 0x80, 0x7f, 0x2e, 0x62,
    0x12, 0x30, 0x40, 0x3e, 0x5b, 0x40, 0xe, 0x39,
    0xeb, 0x13, 0x0, 0x8f, 0x4, 0x3, 0xd, 0x7d,
    0x20, 0x7, 0x14, 0xf7, 0x37, 0x0, 0x31, 0x60,
    0x80, 0x54, 0xa0, 0x1f, 0x84, 0x3, 0xfc, 0x58,
    0x1, 0xff, 0xc4, 0x15, 0x67, 0x88, 0x8, 0x7,
    0xa5, 0x4c, 0x0, 0x53, 0x7b, 0x40, 0x13, 0xd4,
    0x25, 0x8e, 0x82, 0x60, 0x4, 0x56, 0xa0, 0x2,
    0x54, 0x20, 0xf, 0x49, 0x9a, 0x7a, 0xac, 0x40,
    0x27, 0xe6, 0x0, 0x9c, 0x3, 0xf6, 0x0, 0x45,
    0x56, 0x40, 0x7, 0x80, 0xd, 0x8, 0xf3, 0x20,
    0xe, 0x4b, 0x20, 0x9, 0x30, 0x1, 0xc0, 0x11,
    0xeb, 0xd4, 0x31, 0x80, 0x5e, 0x0, 0x4d, 0x70,
    0x9, 0x0, 0x16, 0x22, 0x9c, 0x20, 0x60, 0xe,
    0x17, 0x0, 0xd1, 0x86, 0xb6, 0x0, 0x2e, 0xe3,
    0x0, 0x50, 0x40, 0x24, 0xde, 0x20, 0x1c, 0x79,
    0x42, 0x1, 0xfc, 0x9b, 0xfd, 0xb2, 0x20, 0x1f,
    0xf0,

    /* U+7E41 "繁" */
    0x0, 0xff, 0xe9, 0xdf, 0x40, 0x7, 0xf9, 0x6d,
    0xc0, 0x3f, 0xd0, 0x82, 0xff, 0xfd, 0xd8, 0x40,
    0x34, 0x91, 0x2c, 0xd9, 0x0, 0x23, 0x70, 0xf,
    0xc2, 0x68, 0xe, 0x1, 0x34, 0xce, 0xb9, 0x6,
    0xc0, 0x2, 0x44, 0x7a, 0x6d, 0x83, 0x40, 0x3f,
    0xea, 0x0, 0x92, 0x23, 0xa7, 0xd0, 0x19, 0x0,
    0x11, 0x4c, 0x1, 0x4c, 0x83, 0x24, 0x3, 0xf0,
    0xb2, 0x9c, 0x80, 0x5a, 0xa4, 0x0, 0x26, 0x0,
    0x98, 0x40, 0x1a, 0x29, 0xcc, 0x0, 0x36, 0x0,
    0xcb, 0x68, 0x0, 0xb0, 0x8, 0x50, 0x40, 0x7,
    0x8, 0xa4, 0x0, 0xe7, 0x41, 0x30, 0x2, 0x0,
    0x9, 0x80, 0x2e, 0xb0, 0xb, 0xa4, 0x2d, 0x0,
    0xf, 0xb3, 0xda, 0x20, 0x1a, 0x40, 0x33, 0x8,
    0x0, 0x50, 0x0, 0xc0, 0x10, 0xa9, 0x4, 0x88,
    0x6, 0xf2, 0x0, 0xa6, 0xc0, 0x9, 0x68, 0x16,
    0x1, 0x7d, 0xf, 0x38, 0x7, 0x26, 0xd1, 0x0,
    0x72, 0xf2, 0x86, 0x0, 0x58, 0x4c, 0x20, 0x2,
    0x81, 0x0, 0x96, 0xc0, 0x8, 0x60, 0x1, 0x10,
    0x8, 0x4, 0x42, 0x82, 0x53, 0xaf, 0xea, 0x1,
    0x60, 0x0, 0x73, 0xfb, 0x92, 0x40, 0x1a, 0x5,
    0x51, 0x88, 0x0, 0x35, 0x91, 0x2a, 0x1, 0xc7,
    0x92, 0x40, 0x10, 0xce, 0xca, 0xa5, 0x88, 0x4,
    0x6e, 0xc0, 0x1e, 0x82, 0x0, 0xe1, 0x10, 0x7,
    0x8c, 0x3, 0xfe, 0xc0, 0xf, 0xf9, 0x33, 0x73,
    0x98, 0x3, 0xf9, 0xad, 0x48, 0x3, 0xcb, 0x74,
    0xa6, 0x3, 0x36, 0x20, 0x1e, 0x4c, 0xb5, 0x20,
    0xf, 0x2d, 0xf4, 0x80, 0x64, 0xf3, 0x0, 0xc9,
    0x66, 0x1, 0xff, 0xc6, 0x1c, 0x0, 0xc2, 0x1,
    0xff, 0xc1, 0x34, 0x57, 0x84, 0x0, 0x38, 0x6,
    0x57, 0x42, 0x7, 0xab, 0xd7, 0x0, 0x93, 0x2c,
    0x53, 0xe6, 0xae, 0x0, 0x3b, 0x98, 0x81, 0xc9,
    0xb, 0x80, 0x39, 0x10, 0x6f, 0xbc, 0x1, 0xc5,
    0xd2, 0x40, 0x16, 0x81, 0xe0, 0x4, 0x20, 0x8a,
    0x1, 0x25, 0xc0, 0x5, 0x42, 0x1, 0xa6, 0xb7,
    0x14, 0x2, 0x30, 0x5, 0x62, 0x0, 0x5e, 0x1,
    0x68, 0x0, 0x5f, 0x98, 0x88, 0x1, 0xd4, 0x1,
    0x1d, 0xd2, 0x2b, 0x80, 0x4b, 0x98, 0xe8, 0x10,
    0x26, 0x10, 0x15, 0xc3, 0x0, 0xe5, 0xba, 0x0,
    0x0,

    /* U+7EBF "线" */
    0x0, 0xff, 0xe2, 0x1d, 0x50, 0x80, 0x3f, 0xf8,
    0x27, 0xb6, 0x60, 0x1f, 0x6a, 0xaa, 0x46, 0xbe,
    0x80, 0x3f, 0xa4, 0x93, 0x4, 0x3, 0xc2, 0x0,
    0x5d, 0x50, 0x57, 0x0, 0xf8, 0x94, 0x2, 0x30,
    0xf, 0xf7, 0x10, 0x3, 0x40, 0x3e, 0xb0, 0x8,
    0xc8, 0x3, 0xf8, 0x4b, 0x5d, 0x20, 0x3, 0xc4,
    0xc0, 0x17, 0x80, 0x7f, 0xd5, 0x8c, 0x9b, 0x0,
    0x1d, 0x0, 0x13, 0x13, 0x8, 0x1, 0x6b, 0x40,
    0x32, 0x98, 0x80, 0x18, 0x3, 0x2a, 0x80, 0x5,
    0x37, 0x3c, 0x8b, 0x4a, 0x40, 0x1f, 0xca, 0x1,
    0x15, 0x0, 0x50, 0xca, 0x0, 0xf2, 0x0, 0xfe,
    0x35, 0x9b, 0x0, 0x94, 0x3, 0x54, 0x80, 0x58,
    0xc4, 0x2, 0x1, 0xab, 0xf2, 0x98, 0x3, 0x8,
    0x7, 0xe1, 0x71, 0xdf, 0xe5, 0x0, 0x8c, 0x4d,
    0xa1, 0xc0, 0x27, 0x10, 0xf, 0xa8, 0x3, 0xfa,
    0x7b, 0x25, 0xe2, 0x0, 0x1, 0xf9, 0x80, 0xc,
    0xe8, 0x5, 0x3b, 0xea, 0x1, 0xfc, 0x40, 0x10,
    0xb6, 0x0, 0x49, 0x0, 0xd, 0x62, 0x0, 0xff,
    0x1c, 0x0, 0x69, 0x40, 0x0, 0xf2, 0x90, 0x80,
    0x7f, 0x2c, 0x55, 0xe1, 0x0, 0x52, 0xc0, 0x10,
    0xd5, 0x34, 0xd8, 0x4, 0xd8, 0x3, 0x5b, 0xc5,
    0xd8, 0x2, 0x16, 0x0, 0xfc, 0xd3, 0xfd, 0x92,
    0x40, 0x12, 0xd9, 0x2, 0x28, 0x7, 0xfc, 0xc8,
    0x1, 0xce, 0x1, 0x52, 0x0, 0x4e, 0x0, 0x14,
    0x0, 0x12, 0xc6, 0x7c, 0x80, 0x7b, 0x0, 0x21,
    0x0, 0x98, 0x80, 0x2b, 0xb7, 0x6d, 0x25, 0xda,
    0x0, 0x3c, 0x80, 0x1e, 0x69, 0x0, 0xe4, 0x59,
    0xec, 0x74, 0x74, 0x0, 0xc3, 0x20, 0x1d, 0x12,
    0x1, 0xcf, 0xd6, 0xc2, 0x1, 0x9c, 0x0, 0x31,
    0xc8, 0x1, 0x91, 0xc6, 0x5c, 0x0, 0x90, 0x20,
    0x1c, 0x76, 0x65, 0x3c, 0xe0, 0x1e, 0x43, 0x96,
    0x84, 0x0, 0xf0, 0xbe, 0xe2, 0x16, 0xb0, 0x7,
    0x10, 0x5, 0x8e, 0x1, 0x91, 0x45, 0x6b, 0xa0,
    0x80, 0xc, 0x1, 0xcb, 0xde, 0x1, 0xf2, 0x80,
    0x2b, 0xa9, 0x40, 0x39, 0x8, 0x0, 0xdb, 0x42,
    0x52, 0x1, 0xcc, 0x20, 0x1f, 0xfc, 0xd, 0xcf,
    0x92, 0x0, 0x9a, 0xcc, 0x9, 0xe4, 0x0,

    /* U+7EC4 "组" */
    0x0, 0xe1, 0x52, 0x0, 0xff, 0xe6, 0xdd, 0x6b,
    0x80, 0x73, 0x4c, 0xfe, 0x71, 0x0, 0xf8, 0x54,
    0x1, 0x40, 0x19, 0xe5, 0x9b, 0xf4, 0x68, 0x7,
    0xcc, 0x1, 0x20, 0x6, 0xc0, 0xf, 0xf1, 0x80,
    0x7d, 0x20, 0x15, 0x0, 0x67, 0x0, 0xff, 0x84,
    0x3, 0x98, 0x40, 0xa, 0x60, 0x1f, 0xbb, 0xfe,
    0x0, 0xff, 0x40, 0x0, 0x6c, 0x18, 0x80, 0x3f,
    0xf8, 0xf2, 0x20, 0xb, 0x1c, 0x9d, 0x40, 0xf,
    0xfe, 0x2a, 0x30, 0x0, 0x82, 0x4c, 0x0, 0x40,
    0x1d, 0x11, 0x80, 0x3f, 0x68, 0x4, 0x54, 0xc0,
    0x13, 0x80, 0x73, 0x3b, 0xc0, 0x1f, 0xb8, 0x3,
    0xf3, 0x88, 0x7, 0xff, 0x15, 0x88, 0x3, 0xc7,
    0x0, 0x1f, 0xfc, 0x61, 0xdd, 0x60, 0x4, 0x3c,
    0x1, 0xf6, 0xf7, 0x40, 0x1f, 0xe2, 0xf0, 0xa,
    0x88, 0x3, 0xe3, 0x11, 0x80, 0x3f, 0xd6, 0x60,
    0x4, 0x39, 0x70, 0xf, 0xfe, 0x3c, 0x20, 0x4,
    0x90, 0xd1, 0x0, 0xe, 0x98, 0x88, 0x3, 0xf9,
    0x40, 0x3f, 0x78, 0x7, 0x3b, 0xe0, 0xf, 0xe6,
    0x0, 0xe1, 0x4a, 0x70, 0xf, 0xfe, 0x34, 0xa2,
    0xc5, 0xf7, 0x2d, 0x40, 0x3f, 0xf8, 0xe5, 0x74,
    0xe8, 0x20, 0x40, 0x1f, 0x77, 0xfc, 0x1, 0xff,
    0x1b, 0x56, 0xfe, 0xe8, 0x3, 0xff, 0x8f, 0x3f,
    0x92, 0xa4, 0x0, 0x22, 0x0, 0x7f, 0xf1, 0x59,
    0x80, 0x1f, 0x20, 0xc9, 0x0, 0x57, 0x55, 0x0,
    0x6b, 0x40, 0x1, 0x80, 0x71, 0x3e, 0x5e, 0xb0,
    0x80, 0x4a, 0xb8, 0x3, 0x2d, 0x88, 0x2b, 0x1a,
    0xcf, 0x6c, 0x18, 0x8, 0x7, 0xff, 0xc, 0xc0,
    0x13, 0x94, 0xc2, 0x1, 0xa4, 0x40, 0x3f, 0xf8,
    0x2, 0xe4,

    /* U+7ED3 "结" */
    0x0, 0xe5, 0x61, 0x0, 0xfe, 0x19, 0xb7, 0x0,
    0xff, 0xd, 0x4f, 0x30, 0x7, 0xea, 0x64, 0x84,
    0x0, 0xfe, 0x90, 0xa, 0xc0, 0x3f, 0x30, 0x4,
    0x40, 0x1f, 0x85, 0xc0, 0x26, 0x0, 0xa3, 0x7b,
    0xa2, 0x0, 0xa3, 0xb9, 0xb6, 0x60, 0x14, 0x80,
    0x6f, 0x0, 0x2b, 0x90, 0x8c, 0x1, 0x84, 0x62,
    0x4e, 0x0, 0xb, 0x80, 0x4c, 0x80, 0x1f, 0xfc,
    0x53, 0x0, 0x50, 0x4, 0x33, 0x9f, 0x8, 0x80,
    0xf, 0xfe, 0x0, 0xd8, 0x3a, 0x0, 0x5a, 0xc6,
    0xf, 0x37, 0xff, 0x84, 0x2, 0x8f, 0xfb, 0x94,
    0x20, 0x3, 0x74, 0x80, 0x44, 0x1, 0xc6, 0x1,
    0x8, 0x7, 0x8, 0x7, 0x10, 0x6, 0xe0, 0x1,
    0x19, 0xc0, 0x17, 0x19, 0x84, 0x0, 0x22, 0x0,
    0xfc, 0xa8, 0x8f, 0xdc, 0xc0, 0x80, 0x4f, 0x98,
    0xeb, 0x0, 0x58, 0x7, 0xc5, 0x41, 0xc0, 0x1f,
    0xfc, 0x4, 0x20, 0x5f, 0xd4, 0x0, 0xde, 0x0,
    0x20, 0xf, 0xfe, 0x9, 0x80, 0x56, 0x80, 0x15,
    0x90, 0x2, 0x20, 0xab, 0xfe, 0x6c, 0x10, 0x4,
    0xb0, 0x4, 0x5d, 0x94, 0x20, 0xf5, 0x5f, 0xe9,
    0x30, 0x4, 0xb0, 0x6, 0x25, 0x35, 0x90, 0x4d,
    0xff, 0xfd, 0xd6, 0x20, 0x1f, 0xfc, 0x29, 0x20,
    0xf, 0xc2, 0x90, 0x0, 0xd0, 0xf, 0x89, 0xe0,
    0x8, 0x3, 0xfe, 0x50, 0x2, 0x30, 0x9b, 0x4e,
    0x7e, 0xc0, 0x7, 0x91, 0x31, 0x0, 0x7d, 0x3d,
    0x92, 0xc6, 0x1, 0xfd, 0x77, 0xc0, 0x1f, 0xe3,
    0x58, 0xbd, 0xd2, 0x0, 0x7f, 0xf1, 0xe, 0xb7,
    0xf2, 0x9d, 0x8, 0x92, 0x1, 0xff, 0xc4, 0xd5,
    0x20, 0xf, 0x8c, 0x3, 0xbf, 0xf4, 0x80, 0x70,
    0x88, 0x3, 0xf1, 0x50, 0x7, 0xff, 0xc, 0x50,
    0x2, 0x14, 0x7b, 0xed, 0x40, 0xf, 0xfe, 0x25,
    0xdd, 0xdc, 0xb8, 0x41, 0x0, 0x84, 0x2, 0x66,
    0xc8, 0x1, 0x30, 0x4, 0x88, 0x10, 0xf, 0xd6,
    0x20, 0xf3, 0x3a, 0x90, 0x92, 0x0,

    /* U+7EDC "络" */
    0x0, 0xff, 0xe2, 0x8, 0x7, 0xff, 0xd, 0x58,
    0x40, 0x3c, 0x3b, 0xd4, 0x1, 0xff, 0xc1, 0x2a,
    0x9e, 0x40, 0xe, 0x92, 0x5, 0x30, 0xf, 0xfe,
    0x5, 0x0, 0x5c, 0x1, 0x8d, 0xc0, 0x28, 0xaa,
    0x5d, 0xa5, 0x0, 0x38, 0x5c, 0x2, 0xd0, 0xd,
    0xc0, 0x19, 0x15, 0x48, 0x86, 0xb8, 0x0, 0xd2,
    0x1, 0xb, 0x0, 0x54, 0x40, 0x1f, 0xf1, 0x80,
    0x42, 0xe0, 0x15, 0x88, 0x1, 0xd4, 0x3, 0xff,
    0x80, 0x60, 0x15, 0x80, 0x4a, 0xb1, 0xb4, 0x0,
    0x66, 0xff, 0x9c, 0x3, 0x48, 0x2, 0x14, 0x0,
    0x55, 0x56, 0x48, 0x7, 0x33, 0x1, 0x9c, 0x2,
    0x81, 0x1, 0x70, 0xd, 0xaa, 0x0, 0x13, 0x0,
    0xe9, 0xa9, 0x0, 0x91, 0xc0, 0x4, 0x1, 0x88,
    0x80, 0x12, 0x65, 0x73, 0x80, 0x4a, 0x1, 0x1d,
    0x80, 0x46, 0x1, 0xfd, 0x0, 0xa3, 0x4, 0x1,
    0xc3, 0xa0, 0x1d, 0x42, 0x1, 0xe9, 0x20, 0x2,
    0xe9, 0x0, 0x70, 0xe2, 0x80, 0x65, 0xee, 0x8,
    0x4, 0xac, 0x93, 0xd4, 0x40, 0x1f, 0x15, 0x74,
    0x80, 0x6a, 0x10, 0x1, 0x73, 0xdb, 0x8, 0x6,
    0x28, 0x20, 0xc, 0x2c, 0xe0, 0xc, 0x40, 0x8,
    0xae, 0x0, 0x3c, 0xfa, 0xfb, 0x2, 0x1, 0x84,
    0x24, 0xc0, 0x3e, 0x40, 0x8, 0x5f, 0xdd, 0xe0,
    0x93, 0x0, 0x13, 0x82, 0x80, 0x7e, 0xd8, 0x0,
    0xb, 0xc4, 0x78, 0xc1, 0x34, 0x41, 0x40, 0x30,
    0xac, 0xeb, 0x38, 0x80, 0x7f, 0xc8, 0x1, 0x41,
    0xa4, 0xef, 0x53, 0x10, 0x7, 0xff, 0x18, 0x72,
    0xd8, 0x8e, 0x77, 0x48, 0x1, 0x8b, 0xff, 0x84,
    0x3, 0xf1, 0x46, 0xe3, 0x11, 0x20, 0x3, 0x8,
    0x7, 0xff, 0x0, 0xb3, 0x5c, 0x80, 0x33, 0x0,
    0x62, 0x99, 0xe1, 0x0, 0xf7, 0x18, 0x7, 0xc,
    0x50, 0x6, 0x16, 0x6e, 0x0, 0xff, 0xe0, 0x14,
    0xf3, 0x80, 0x7f, 0xf1, 0xa0, 0x0, 0xb9, 0xac,
    0x1, 0x8c, 0x3, 0xfe, 0x10, 0x9, 0x3f, 0xd4,
    0x60, 0x1e, 0x81, 0x7, 0xff, 0xe7, 0x22, 0x58,
    0x0,

    /* U+7EE7 "继" */
    0x0, 0xe4, 0x30, 0xf, 0xfe, 0x0, 0xba, 0x0,
    0x7f, 0x92, 0xf3, 0x44, 0x0, 0x99, 0x20, 0x1d,
    0x51, 0x64, 0x1, 0xfd, 0xa0, 0x2, 0x40, 0x5,
    0x1b, 0x30, 0xa0, 0x41, 0x40, 0xe, 0xe, 0xa0,
    0x1c, 0x2c, 0x1, 0x38, 0x8, 0x80, 0x1d, 0xf,
    0x0, 0x18, 0xe2, 0x14, 0x60, 0x19, 0x80, 0x23,
    0x20, 0xe, 0x10, 0x3, 0x0, 0x73, 0x80, 0x4,
    0x3, 0x48, 0x5, 0xe0, 0x1f, 0x60, 0x0, 0x80,
    0x2f, 0x0, 0x11, 0x0, 0x26, 0x10, 0x2, 0x94,
    0x18, 0x7, 0x38, 0x0, 0xc0, 0x3d, 0x20, 0x11,
    0x40, 0x0, 0x6e, 0x5f, 0x24, 0x3, 0xe, 0xe0,
    0x80, 0x5f, 0x56, 0x80, 0x14, 0x88, 0x2, 0x55,
    0xc0, 0xa, 0x1, 0x85, 0x2e, 0x4, 0x1, 0xba,
    0xc6, 0x10, 0x2, 0x0, 0x51, 0x60, 0x12, 0x80,
    0x6c, 0x97, 0x70, 0x4, 0x8e, 0xe9, 0xc0, 0x0,
    0x80, 0x7c, 0x32, 0x1, 0x88, 0x3, 0xfc, 0x40,
    0xb, 0x0, 0xfa, 0x80, 0x3a, 0x8c, 0x80, 0x38,
    0x88, 0x76, 0x0, 0x5e, 0xb4, 0x0, 0x99, 0x0,
    0x39, 0x73, 0xc0, 0x39, 0x77, 0x10, 0x2, 0x10,
    0x40, 0x1, 0x48, 0x7, 0xeb, 0x0, 0xe7, 0x50,
    0xe, 0x3b, 0x0, 0xad, 0x44, 0x3, 0xc4, 0xc0,
    0x1e, 0xa3, 0x0, 0x8b, 0x0, 0x34, 0xd7, 0x98,
    0x7, 0x48, 0x7, 0x8, 0x3, 0x44, 0x1, 0x60,
    0x1f, 0xb, 0x0, 0x67, 0x40, 0x10, 0xa, 0x4,
    0x6, 0x40, 0x3f, 0xce, 0xa0, 0x1a, 0x40, 0x10,
    0x20, 0x15, 0x80, 0xc, 0x1, 0x60, 0x2, 0x69,
    0xcf, 0x80, 0xe, 0x60, 0x16, 0x0, 0xca, 0x69,
    0x20, 0x2, 0xee, 0x6c, 0xb1, 0x80, 0x7d, 0x15,
    0xa0, 0x18, 0xc3, 0x2c, 0x80, 0x21, 0x11, 0x2c,
    0xe6, 0xd0, 0x7, 0x94, 0xc0, 0xc0, 0x2, 0x1,
    0xe3, 0xbf, 0xda, 0x63, 0x25, 0x40, 0xf, 0xd0,
    0x8, 0x80, 0xf, 0x72, 0x0, 0x78, 0x5c, 0x2,
    0x58, 0x8d, 0xae, 0x71, 0x13, 0x98, 0x7, 0xe4,
    0x8f, 0x30, 0x8, 0xdd, 0xff, 0xd1, 0x86, 0x12,
    0x69, 0x19, 0xf6, 0xe2, 0x30, 0x7, 0xff, 0xd,
    0x81, 0x32, 0xdc, 0xc0, 0x3a, 0x88, 0x3, 0xff,
    0x80, 0x2a, 0xa0,

    /* U+7EED "续" */
    0x0, 0xe3, 0x30, 0x7, 0xfa, 0xbb, 0x8, 0x3,
    0xfe, 0x1c, 0xc8, 0x3, 0xf2, 0x28, 0x9d, 0x0,
    0x7f, 0xcc, 0x0, 0x32, 0x0, 0x97, 0x7f, 0xd6,
    0x1, 0x3f, 0xfb, 0xa0, 0x3, 0xe9, 0x0, 0x88,
    0x2, 0xb2, 0x0, 0xfe, 0x17, 0x10, 0xe, 0x51,
    0x0, 0x30, 0x6, 0x40, 0xf, 0xf8, 0x84, 0x3,
    0xa0, 0x2, 0x80, 0xd, 0x59, 0x54, 0x60, 0x8,
    0xea, 0x97, 0xa0, 0x1c, 0xa4, 0x0, 0x91, 0x73,
    0x0, 0x1b, 0x0, 0x79, 0xc0, 0xc9, 0x48, 0x2,
    0x1b, 0x0, 0x1b, 0x64, 0x61, 0xce, 0x55, 0x4c,
    0x1, 0x25, 0x4c, 0xab, 0x54, 0x1, 0x62, 0x0,
    0xa8, 0x30, 0x3, 0x20, 0x7, 0xff, 0xb, 0x40,
    0xa, 0x1, 0x4b, 0x80, 0x5, 0x60, 0x40, 0x3f,
    0xf8, 0x3a, 0x1, 0xfe, 0x80, 0x5e, 0xd5, 0x9e,
    0xe4, 0xcb, 0xb9, 0x0, 0x13, 0x80, 0x24, 0x3,
    0xc6, 0xc0, 0x15, 0x2c, 0xb3, 0x26, 0x50, 0x3e,
    0x0, 0x22, 0x0, 0x1b, 0xf8, 0xc0, 0x2e, 0x0,
    0x8e, 0x84, 0x26, 0xc0, 0x8, 0x18, 0x0, 0x90,
    0xe, 0x63, 0x0, 0x40, 0x5, 0x39, 0x3a, 0xf4,
    0x20, 0x3, 0x4, 0xdd, 0x20, 0x6, 0x38, 0x0,
    0xa3, 0x68, 0x3c, 0x13, 0xa1, 0x0, 0x3c, 0x44,
    0x0, 0xed, 0x0, 0xf2, 0x83, 0x40, 0x10, 0x0,
    0x80, 0x6, 0x1, 0xf9, 0x44, 0x3, 0xd0, 0x15,
    0x20, 0xf, 0xf0, 0x4, 0x5f, 0xf7, 0x40, 0x4,
    0xe0, 0x19, 0x27, 0x9d, 0x94, 0x40, 0x3f, 0xe1,
    0x72, 0x0, 0x14, 0xb5, 0x7d, 0xb0, 0x81, 0x0,
    0x7f, 0xf0, 0xcc, 0x2, 0x69, 0x52, 0x7d, 0xfc,
    0x4c, 0x87, 0x70, 0x80, 0x42, 0xef, 0xa3, 0x44,
    0x2, 0x17, 0xcd, 0x82, 0x3, 0x39, 0xe3, 0x4,
    0x2, 0xa0, 0x73, 0xa7, 0x20, 0x9, 0x7a, 0xc,
    0x3, 0x19, 0x80, 0x7, 0x60, 0x11, 0xab, 0x82,
    0x6b, 0x80, 0x69, 0x0, 0xe3, 0x9c, 0x0, 0x36,
    0x0, 0x6e, 0x14, 0x0, 0xa2, 0xc0, 0x25, 0x0,
    0x97, 0x30, 0xc0, 0xb, 0x90, 0xd, 0x64, 0x16,
    0xe0, 0x12, 0x30, 0x2, 0x62, 0x7a, 0x8c, 0x2,
    0x14, 0x0, 0x87, 0x10, 0x2, 0x89, 0x0, 0xb8,
    0x2, 0x76, 0x10, 0xe, 0x13, 0x0, 0x37, 0x98,
    0x7, 0x35, 0x2, 0x40, 0x7, 0xff, 0x3, 0x31,
    0xf2, 0x20, 0x1f, 0x2f, 0x58, 0x0,

    /* U+7F29 "缩" */
    0x0, 0xff, 0xea, 0xb, 0x18, 0x7, 0xf9, 0xfb,
    0x40, 0x3f, 0xf8, 0x13, 0x2c, 0x90, 0xf, 0xcb,
    0x2, 0x4c, 0x1, 0xff, 0x28, 0x1, 0x0, 0x21,
    0x45, 0x5b, 0x40, 0x28, 0x55, 0xc6, 0x1, 0xc6,
    0x40, 0x7, 0x0, 0x1f, 0x5d, 0x54, 0xe0, 0x10,
    0xd5, 0x6c, 0x90, 0xd, 0x20, 0x17, 0x0, 0x28,
    0x3, 0xff, 0x86, 0xc0, 0x10, 0xa8, 0x0, 0xd0,
    0x0, 0x60, 0x1f, 0xfc, 0x79, 0x0, 0xbc, 0x90,
    0xc, 0x2, 0xff, 0xfe, 0x40, 0x1, 0x0, 0x9,
    0xc0, 0xc, 0x3b, 0x75, 0x62, 0x2, 0xa0, 0x1f,
    0xa5, 0x99, 0xe0, 0x9, 0x0, 0xbf, 0x80, 0xe,
    0x5d, 0x3, 0x4c, 0xfb, 0xff, 0xda, 0xc8, 0xc0,
    0x4, 0x0, 0xa4, 0xc0, 0x8, 0x0, 0xa0, 0x7,
    0x41, 0x0, 0x7c, 0x50, 0x0, 0x10, 0xf, 0xa0,
    0x8, 0x80, 0xc, 0x50, 0xf, 0xeb, 0x0, 0x30,
    0x7, 0x9c, 0x42, 0x80, 0x24, 0xad, 0xc0, 0x8,
    0x73, 0x1c, 0xe0, 0x8, 0xca, 0x10, 0x0, 0xc0,
    0x1, 0x80, 0x38, 0x8c, 0x2, 0x43, 0x30, 0x80,
    0x63, 0x30, 0x80, 0x2c, 0x0, 0xe2, 0x1, 0xd1,
    0x80, 0x12, 0x65, 0x28, 0x6, 0x39, 0x0, 0x11,
    0x98, 0xa0, 0x3, 0xa1, 0xcc, 0x2, 0x13, 0x5a,
    0x20, 0x0, 0xe8, 0x4, 0x53, 0x9c, 0x1, 0xe3,
    0x0, 0x84, 0x60, 0x9, 0x0, 0x12, 0x20, 0x1e,
    0x10, 0xf, 0x38, 0x1, 0x7b, 0x98, 0x1, 0xff,
    0xc0, 0x3a, 0xc5, 0x20, 0xf, 0x84, 0x88, 0xc0,
    0x1e, 0xa0, 0x15, 0xae, 0xc5, 0x1a, 0xb0, 0xf,
    0x93, 0x75, 0x60, 0x1e, 0x2e, 0xe5, 0x29, 0xbc,
    0x98, 0x7, 0xff, 0x20, 0x44, 0xf9, 0xb0, 0xda,
    0x1, 0xfe, 0x11, 0x0, 0x7c, 0x57, 0xd0, 0x60,
    0x1f, 0xfc, 0x15, 0xee, 0x68, 0x7, 0xb9, 0x0,
    0x38, 0xf0, 0x3, 0xf9, 0x33, 0x1e, 0x1, 0xe7,
    0x0, 0xcb, 0x98, 0x20, 0xf, 0xe1, 0x33, 0x10,
    0x7, 0xa0, 0x8e, 0x3a, 0x8c, 0x3, 0xff, 0x92,
    0x7b, 0x8e, 0x20, 0x1c, 0x40, 0x2, 0x6, 0x0,
    0x25, 0x52, 0x40, 0x22, 0x0, 0xff, 0xe0, 0x21,
    0x84, 0x4, 0x88, 0xbd, 0x54, 0xcc, 0x26, 0x40,

    /* U+7F3A "缺" */
    0x0, 0xff, 0xe9, 0xbd, 0x18, 0x7, 0xfd, 0x3f,
    0xc4, 0x1, 0xfc, 0x70, 0xbc, 0x1, 0xfe, 0x16,
    0x1, 0xb0, 0xf, 0xeb, 0x0, 0x1a, 0x26, 0x30,
    0xe, 0x20, 0x8, 0xc0, 0x3f, 0x8c, 0x0, 0x37,
    0x7b, 0x34, 0x3, 0xf0, 0x80, 0x7f, 0x28, 0x7,
    0xe2, 0x20, 0x1c, 0x40, 0x2, 0x59, 0x99, 0xc0,
    0x31, 0x88, 0x7, 0xe3, 0x22, 0x63, 0xa0, 0x4,
    0x2c, 0xd4, 0x50, 0x5, 0x0, 0x4, 0x20, 0x1,
    0x66, 0xe0, 0x30, 0x7, 0xfc, 0xa0, 0x13, 0x0,
    0x3c, 0x2, 0x13, 0x20, 0x2, 0x20, 0x3, 0xff,
    0x85, 0x22, 0x48, 0x1, 0xfd, 0x7d, 0x40, 0x12,
    0x69, 0x0, 0x79, 0x2a, 0x8c, 0x60, 0x1, 0x65,
    0x20, 0x8, 0x58, 0x3, 0x10, 0x7, 0xd9, 0x71,
    0x22, 0x0, 0x29, 0xad, 0x40, 0xf, 0xfe, 0x21,
    0x80, 0x7f, 0xb0, 0x3, 0xff, 0x88, 0xe0, 0x1f,
    0xc3, 0x43, 0x39, 0xc0, 0x12, 0x61, 0x0, 0x4e,
    0x0, 0x8f, 0xdd, 0x10, 0x0, 0xf7, 0xb8, 0x54,
    0xc6, 0x40, 0x18, 0xc0, 0x35, 0x0, 0x4a, 0xe4,
    0x1, 0x89, 0x10, 0xe, 0x1, 0xff, 0xc3, 0x4a,
    0xa2, 0x0, 0x65, 0xab, 0x48, 0x10, 0xf, 0xfa,
    0x0, 0x18, 0x0, 0x30, 0xd, 0xa0, 0x3, 0x4e,
    0xe2, 0x0, 0x73, 0xf7, 0x3d, 0x40, 0x3b, 0xc0,
    0x30, 0x80, 0x3c, 0x0, 0x2c, 0x1, 0xca, 0x22,
    0x0, 0xff, 0xe3, 0x9, 0x0, 0x71, 0x28, 0x7,
    0xff, 0x1d, 0xc0, 0x3e, 0x80, 0xf, 0xfe, 0x0,
    0x98, 0x7, 0x58, 0x4, 0xe2, 0x0, 0x26, 0x0,
    0xf9, 0x88, 0x0, 0x4a, 0x1, 0x9c, 0x80, 0x2a,
    0x90, 0xa, 0x4c, 0x3, 0xc2, 0x1, 0xf9, 0x60,
    0x2, 0x42, 0x71, 0x0, 0xb1, 0x0, 0x18, 0x1,
    0xc2, 0x84, 0x0, 0xeb, 0x0, 0xde, 0x0, 0x80,
    0xd, 0xc0, 0x4, 0xb8, 0xac, 0xfe, 0xbe, 0x34,
    0x63, 0x0, 0x99, 0x0, 0xc, 0x80, 0x16, 0x0,
    0x48, 0xea, 0x60, 0x11, 0xe5, 0x84, 0x80, 0x1a,
    0x40, 0x35, 0xb0, 0xbb, 0x0, 0x7f, 0xf0, 0x93,
    0xfa, 0x40, 0x3d, 0x3d, 0x0, 0x0,

    /* U+7F51 "网" */
    0x1, 0x8a, 0xaf, 0xfe, 0x44, 0x8, 0x3, 0x5d,
    0x57, 0xff, 0x90, 0xfa, 0x0, 0x30, 0xf, 0xfe,
    0x51, 0x80, 0x7f, 0xf3, 0x84, 0x3, 0xb3, 0x77,
    0xff, 0x86, 0x1, 0xfe, 0x32, 0x28, 0x2d, 0x48,
    0xb1, 0xd5, 0x89, 0x0, 0x7f, 0xf0, 0xb9, 0xa1,
    0x80, 0x27, 0x73, 0x68, 0x7, 0xff, 0x0, 0x40,
    0x6, 0x0, 0x10, 0xb, 0x80, 0x2, 0x20, 0xf,
    0xf6, 0xf4, 0x98, 0x4, 0x39, 0xee, 0x40, 0x10,
    0x80, 0x7f, 0x88, 0x1b, 0x40, 0x2e, 0x30, 0x85,
    0x0, 0x10, 0x7, 0xfc, 0x20, 0x1, 0x0, 0xa4,
    0x40, 0x39, 0xc0, 0x3f, 0xed, 0x0, 0xe2, 0x1a,
    0x0, 0xec, 0x0, 0xff, 0x8e, 0x80, 0x33, 0x2,
    0x40, 0x6, 0x20, 0xf, 0xfe, 0x2, 0xb0, 0x4,
    0x84, 0xe, 0x20, 0x17, 0x0, 0x7f, 0xf0, 0x44,
    0x3, 0x78, 0x8, 0x80, 0x25, 0x50, 0x7, 0xff,
    0x1, 0x40, 0x31, 0x2a, 0x0, 0x74, 0x0, 0x7f,
    0xc6, 0x40, 0x1c, 0x3e, 0x1, 0xc4, 0x1, 0xff,
    0x40, 0x5, 0x7, 0x2a, 0xa0, 0x1, 0x80, 0x10,
    0x3, 0xfc, 0xa8, 0x0, 0x47, 0xc6, 0x90, 0xa,
    0x2a, 0xec, 0x1, 0xfe, 0xb0, 0xb, 0x80, 0x8,
    0xe0, 0x2, 0x45, 0x40, 0xf, 0xf8, 0x40, 0x4,
    0xa0, 0xe, 0x0, 0xa0, 0x3, 0xff, 0x84, 0xa0,
    0x5e, 0x1, 0x60, 0x1, 0x54, 0x1, 0x8, 0x6,
    0x10, 0xe, 0xae, 0xd2, 0x0, 0x9a, 0xed, 0x43,
    0x9f, 0xee, 0x0, 0xff, 0x84, 0x3, 0xc8, 0x80,
    0x63, 0x0, 0xf2, 0x0, 0x4, 0x0, 0x20, 0x1f,
    0xf0, 0x80, 0x78, 0x60, 0x1, 0x62, 0x2b, 0x0,
    0xff, 0x99, 0x44, 0x44, 0x6f, 0xe6, 0x0, 0x5e,
    0xe2, 0x80, 0x7f, 0xf0, 0x2b, 0xb9, 0xb9, 0x2,
    0x0,

    /* U+7F6E "置" */
    0x0, 0x36, 0xff, 0xff, 0xf1, 0xb9, 0xc0, 0x21,
    0x92, 0x0, 0xff, 0xe3, 0xc, 0x18, 0x0, 0x80,
    0x21, 0x55, 0x0, 0x42, 0xaa, 0x0, 0xca, 0xa0,
    0xc, 0xc0, 0x1e, 0x2e, 0xe0, 0x4, 0x5d, 0xc0,
    0x8, 0xbb, 0x84, 0x1, 0xe1, 0x0, 0x8e, 0xec,
    0x1, 0x1d, 0xd8, 0x2, 0x2b, 0xb1, 0x0, 0x42,
    0x0, 0x24, 0x0, 0xff, 0xe4, 0x12, 0x0, 0x57,
    0x97, 0x7e, 0x80, 0x8, 0x6e, 0xfe, 0xcd, 0x0,
    0xa3, 0x7a, 0xab, 0xd2, 0x1, 0xd, 0x57, 0xdd,
    0x68, 0x4, 0xe4, 0x41, 0x1f, 0x80, 0x30, 0x8f,
    0xc4, 0x90, 0x4, 0x80, 0x1f, 0xfc, 0x91, 0xa0,
    0x5, 0xff, 0xdb, 0xbc, 0xc0, 0x14, 0x6e, 0xfb,
    0xfd, 0xcc, 0x1, 0x87, 0x77, 0xcc, 0x1, 0x46,
    0xef, 0xc2, 0x1, 0xe9, 0x20, 0xf, 0xfe, 0x21,
    0x30, 0x7, 0x88, 0x2, 0x8a, 0xaf, 0xf2, 0x80,
    0x5c, 0x1, 0xfe, 0x9b, 0xbf, 0xf2, 0x80, 0x7f,
    0xf0, 0x84, 0x7f, 0xe0, 0xf, 0xfe, 0x1c, 0xdd,
    0xff, 0x98, 0x3, 0xff, 0x85, 0x37, 0x7f, 0xe6,
    0x0, 0xff, 0xe1, 0x33, 0xbf, 0xf9, 0x0, 0x3f,
    0xf8, 0x4a, 0x67, 0xfe, 0x60, 0xf, 0xfe, 0x11,
    0xa2, 0x7f, 0x88, 0x3, 0xff, 0x85, 0x39, 0x9f,
    0xe6, 0x0, 0xf8, 0xab, 0x14, 0x2, 0xbf, 0xff,
    0xf3, 0x80, 0x4f, 0x94, 0x70, 0xa6, 0x1, 0x88,
    0xcf, 0xfc, 0x20, 0x10, 0x9a, 0xc7, 0x10, 0x7,
    0xff, 0x28, 0xb8,

    /* U+7FFB "翻" */
    0x0, 0xff, 0xea, 0x89, 0xab, 0xd4, 0x88, 0x7,
    0xff, 0xc, 0x6b, 0x7f, 0xdd, 0x95, 0xa, 0xd2,
    0x7, 0x7b, 0xac, 0x50, 0x5b, 0xcc, 0x48, 0x83,
    0x29, 0x0, 0x7e, 0xc0, 0xf4, 0x22, 0x1d, 0x1d,
    0x21, 0x99, 0xa8, 0x19, 0x86, 0x88, 0x0, 0x9e,
    0xf9, 0x1, 0x80, 0x39, 0x80, 0x39, 0x40, 0x40,
    0xca, 0x40, 0x2b, 0xfe, 0x60, 0xaa, 0x40, 0x4,
    0x3a, 0xe8, 0x1, 0xca, 0x8, 0x1, 0x9d, 0x3,
    0x0, 0xa, 0xe2, 0x1, 0x14, 0x68, 0x7, 0x50,
    0xd3, 0x80, 0x5c, 0x0, 0x20, 0x22, 0x0, 0x72,
    0x90, 0x7, 0x4c, 0x86, 0x28, 0x2, 0x50, 0x3,
    0x9e, 0x69, 0x80, 0x5b, 0x58, 0x1, 0xce, 0x1,
    0xff, 0x30, 0x84, 0x80, 0x70, 0xe0, 0x6, 0xa5,
    0x30, 0xf, 0xa, 0x42, 0xa0, 0x28, 0x80, 0x38,
    0x0, 0x80, 0x19, 0x29, 0x40, 0x3c, 0x26, 0xe1,
    0x80, 0x1c, 0x40, 0x1, 0x0, 0xe9, 0x60, 0xf,
    0x9e, 0x41, 0x0, 0x40, 0x21, 0x30, 0x40, 0xd,
    0x8c, 0x0, 0x50, 0x8, 0xc0, 0x4, 0x7, 0xdc,
    0x10, 0xb, 0x3f, 0x40, 0x21, 0x30, 0x2, 0xd8,
    0x5, 0xb2, 0xb2, 0x0, 0x13, 0x10, 0xc, 0x36,
    0x1, 0xa, 0x2, 0x50, 0xc1, 0x38, 0xb5, 0x10,
    0x0, 0xb4, 0x3, 0xe, 0x10, 0x6, 0xd0, 0x5e,
    0xe4, 0x9b, 0x77, 0x35, 0x80, 0xb0, 0x40, 0x22,
    0xc2, 0x0, 0xe3, 0x1, 0x1f, 0xc5, 0x25, 0xe2,
    0x1, 0xac, 0x80, 0x3f, 0xf8, 0xd4, 0x40, 0x1c,
    0xc0, 0x2a, 0x1, 0xf2, 0x60, 0x81, 0x61, 0x0,
    0x35, 0x53, 0x4, 0x1, 0xfb, 0xd8, 0x1, 0xf2,
    0x60, 0x81, 0x61, 0x0, 0x55, 0x66, 0x1, 0x88,
    0x3, 0xff, 0xb0, 0x74, 0x20, 0x34, 0x40, 0x1f,
    0xfc, 0x82, 0xe1, 0x1, 0xe3, 0x0, 0xff, 0xe4,
    0xa, 0x0, 0x48, 0x20, 0x18, 0x54, 0x40, 0x32,
    0xe0, 0x6, 0x10, 0xf, 0xf9, 0x83, 0xe8, 0x2,
    0x7c, 0xa5, 0x0, 0x10, 0x38, 0x1, 0x33, 0x39,
    0x41, 0xc, 0x4, 0x2, 0x23, 0x20, 0xd, 0x60,
    0x66, 0x1f, 0x33, 0xea, 0xfb, 0x0, 0x49, 0x11,
    0xb0, 0x24, 0x44, 0x72, 0xe0,

    /* U+80FD "能" */
    0x0, 0xff, 0xe9, 0x2e, 0x38, 0x80, 0x7c, 0x33,
    0x22, 0x0, 0xff, 0xe0, 0x41, 0xc7, 0x98, 0x7,
    0xa9, 0x99, 0xe0, 0x1f, 0xf3, 0x90, 0x0, 0x5d,
    0x76, 0xc4, 0x0, 0xa0, 0x2, 0x0, 0x26, 0x71,
    0x0, 0x61, 0x80, 0x9, 0x52, 0x89, 0x28, 0x0,
    0x20, 0x13, 0x65, 0x98, 0xc0, 0x6, 0xa0, 0x8,
    0x6c, 0x3, 0x22, 0x80, 0x74, 0x98, 0x4, 0x20,
    0x12, 0x20, 0x2, 0x3d, 0xd0, 0x6, 0xb0, 0xf,
    0xe3, 0x90, 0x8, 0x40, 0x31, 0x19, 0x0, 0x61,
    0x20, 0xe, 0x27, 0xcc, 0x10, 0x4, 0x80, 0x1f,
    0xfc, 0x5c, 0xd8, 0x33, 0x43, 0x8, 0xb, 0x0,
    0x9a, 0xbc, 0xd4, 0x0, 0x1c, 0x84, 0x2, 0x20,
    0xa, 0x5e, 0x68, 0x1, 0x3d, 0xcc, 0xa8, 0x65,
    0x7f, 0xf4, 0x1, 0x80, 0x55, 0x32, 0xa5, 0x0,
    0x30, 0x4, 0x93, 0x55, 0xd3, 0x2, 0x0, 0x60,
    0x9, 0x19, 0x8a, 0x1, 0x30, 0x1, 0xa9, 0x95,
    0x79, 0x9f, 0x0, 0x1c, 0x1, 0xfe, 0x80, 0x6,
    0x0, 0x7f, 0x10, 0x82, 0xd2, 0x8, 0x6, 0x14,
    0xc3, 0x0, 0xf1, 0x14, 0x1, 0xf3, 0xc7, 0x7f,
    0xee, 0xb3, 0x0, 0xf9, 0x9a, 0x0, 0xf3, 0xee,
    0x60, 0x2, 0x24, 0x0, 0xfe, 0x44, 0x80, 0x3d,
    0x40, 0x3, 0x12, 0xad, 0xba, 0x0, 0xff, 0xe2,
    0x98, 0x5, 0xba, 0x50, 0x2, 0x80, 0x7e, 0xab,
    0xb0, 0x7, 0xf8, 0xc0, 0x32, 0x0, 0x7e, 0x17,
    0x70, 0x7, 0xff, 0x9, 0xec, 0x3, 0xf5, 0xe6,
    0x0, 0x3f, 0xe4, 0xaf, 0x80, 0xf, 0xfe, 0x56,
    0x5a, 0x80, 0x7f, 0xc6, 0x70, 0x7, 0xf8, 0x80,
    0x23, 0xff, 0x50, 0x7, 0xb7, 0x30, 0x20, 0x1f,
    0xc6, 0x1, 0x20, 0x1, 0x44, 0x3, 0xc5, 0x22,
    0x1, 0xc6, 0x1, 0x7d, 0x55, 0x0, 0x1f, 0xee,
    0x60, 0xc, 0x20, 0xe0, 0x11, 0x2a, 0xc0, 0x11,
    0x8, 0x10, 0x4, 0x22, 0x0, 0xce, 0x0, 0x90,
    0xf, 0xf4, 0x80, 0x28, 0x82, 0x42, 0xc4, 0x47,
    0x30, 0x0, 0x3c, 0x53, 0x22, 0xe5, 0xb4, 0x0,

    /* U+81EA "自" */
    0x0, 0xfc, 0x2c, 0x80, 0x1f, 0xfc, 0x76, 0x9b,
    0xf5, 0x0, 0xff, 0xe2, 0xe8, 0x5, 0xc0, 0x1f,
    0xf0, 0x91, 0x9e, 0x70, 0xc, 0x67, 0xe2, 0x0,
    0xa7, 0xb7, 0x33, 0x10, 0x4, 0x99, 0x9e, 0xdf,
    0x51, 0x60, 0xf, 0xfe, 0x3c, 0x10, 0x7, 0xff,
    0x20, 0xc0, 0x39, 0x13, 0xff, 0x80, 0x40, 0x1f,
    0x86, 0xef, 0xff, 0x82, 0x1, 0xf8, 0x48, 0xbf,
    0xf8, 0x1c, 0x1, 0xfd, 0xbb, 0xff, 0xc0, 0x70,
    0xf, 0xff, 0x4b, 0x37, 0xff, 0x0, 0xc0, 0x3f,
    0xc, 0xcf, 0xff, 0x2, 0x80, 0x3f, 0xd, 0x57,
    0xff, 0x4, 0x3, 0xf9, 0x57, 0xff, 0x80, 0x60,
    0x1f, 0xfe, 0x9e, 0xef, 0xfe, 0x4, 0x0, 0x7e,
    0x11, 0xff, 0xe1, 0x0, 0x7e, 0x1b, 0xbf, 0xfe,
    0x8, 0x7, 0xf2, 0x27, 0xff, 0x0, 0x80, 0x3f,
    0xfc, 0x84, 0x1, 0xf, 0x77, 0xff, 0x2, 0x40,
    0x22, 0x18, 0x1, 0x81, 0x1f, 0xfe, 0x3, 0x20,
    0x17, 0x80,

    /* U+8272 "色" */
    0x0, 0xff, 0xec, 0x15, 0x40, 0x7, 0xff, 0x37,
    0x15, 0xf4, 0x2, 0x12, 0x33, 0x8, 0x7, 0xff,
    0xe, 0xc4, 0x0, 0x5d, 0xfe, 0xed, 0xcc, 0x73,
    0x80, 0x7f, 0xf0, 0x65, 0x0, 0x30, 0x80, 0x7d,
    0x0, 0x1f, 0xfc, 0x9, 0x60, 0xf, 0xfe, 0x9,
    0x0, 0x7f, 0xd2, 0xc0, 0x10, 0xa2, 0x70, 0x7,
    0x48, 0x7, 0xfa, 0x98, 0x2, 0x2f, 0xbb, 0xc6,
    0x1, 0xa1, 0x0, 0x3f, 0xe, 0x28, 0x6, 0xf1,
    0x0, 0x99, 0xc0, 0x26, 0x70, 0xf, 0xe8, 0x30,
    0xe, 0xdf, 0xfd, 0x20, 0x19, 0xbf, 0xf5, 0x88,
    0x6, 0x10, 0xf, 0xfe, 0x4a, 0x40, 0x6, 0x91,
    0x0, 0xff, 0xe4, 0xa8, 0x6, 0x1c, 0x70, 0xc,
    0x89, 0x80, 0x31, 0xa2, 0x46, 0x1, 0xfc, 0x52,
    0x1, 0x15, 0xde, 0x20, 0xb, 0xae, 0xef, 0x0,
    0xff, 0xef, 0x17, 0x76, 0x20, 0xb, 0x3b, 0xad,
    0x0, 0xff, 0xe1, 0x88, 0xe0, 0xc, 0x23, 0xc0,
    0x1f, 0xfe, 0xf5, 0x0, 0xff, 0x17, 0xff, 0xff,
    0x3, 0x90, 0x92, 0x0, 0x3f, 0xf9, 0x63, 0x7b,
    0xac, 0xc2, 0x80, 0x7f, 0xf3, 0x2c, 0x8e, 0x80,
    0x30, 0x80, 0x44, 0x20, 0x1f, 0xfc, 0x15, 0x20,
    0xf, 0xc4, 0x1, 0x7d, 0xd5, 0x7f, 0xd9, 0x40,
    0x11, 0x0, 0x72, 0x80, 0x42, 0x8a, 0xbf, 0xf1,
    0x80, 0x6b, 0x0, 0xe9, 0x20, 0xf, 0xfe, 0x3b,
    0x30, 0x3, 0x87, 0x65, 0x48, 0x40, 0x3f, 0xf8,
    0x4, 0xb7, 0x20, 0x0,

    /* U+82F1 "英" */
    0x0, 0xf4, 0xf6, 0x18, 0x7, 0x93, 0x7a, 0x0,
    0x3f, 0xe3, 0x61, 0x38, 0x0, 0xf4, 0x90, 0xb8,
    0x80, 0x70, 0xdf, 0xfd, 0x80, 0x12, 0x7f, 0xf8,
    0x80, 0x2e, 0xff, 0xac, 0x19, 0x0, 0x3f, 0xf9,
    0x48, 0xc4, 0x1, 0xff, 0xcc, 0x25, 0xa6, 0x69,
    0x0, 0x21, 0x66, 0xf0, 0x6, 0x56, 0x6a, 0x90,
    0x16, 0x67, 0x0, 0x4f, 0x32, 0xcd, 0x99, 0x18,
    0x5, 0x73, 0x32, 0x80, 0x78, 0xa0, 0x92, 0xc3,
    0x6a, 0xec, 0x1e, 0x65, 0x22, 0x1, 0xff, 0x3e,
    0xd9, 0x14, 0x0, 0x40, 0x3c, 0xd6, 0x0, 0xfe,
    0x5d, 0xff, 0xed, 0x0, 0xdf, 0xfe, 0xe8, 0x0,
    0xf5, 0x10, 0x7, 0xff, 0x10, 0x5c, 0xc0, 0x31,
    0x0, 0x7f, 0xf2, 0x18, 0x3, 0xf0, 0xbb, 0xca,
    0x1, 0x99, 0xde, 0x10, 0xf, 0xfe, 0x1, 0x44,
    0x52, 0x1, 0xa6, 0x22, 0x20, 0xf, 0xfe, 0xab,
    0xc8, 0x4, 0x55, 0x57, 0x80, 0x6b, 0xaa, 0x8c,
    0x2, 0x97, 0x9, 0x84, 0x0, 0x85, 0x56, 0x30,
    0xc, 0x8a, 0xb0, 0x6, 0x38, 0x81, 0x0, 0x7f,
    0xf3, 0xb, 0xc4, 0x3, 0xff, 0x94, 0x32, 0x9d,
    0xfd, 0xdd, 0x82, 0x1, 0xe1, 0xce, 0xee, 0xfe,
    0x30, 0x8, 0x47, 0x2e, 0x88, 0x7, 0x87, 0x54,
    0x47, 0x0, 0x7e, 0x3a, 0xb1, 0x0, 0x96, 0xc0,
    0x21, 0xba, 0x30, 0xf, 0x9a, 0xbb, 0x14, 0x3,
    0x25, 0x25, 0x80, 0x65, 0xcd, 0xa7, 0x10, 0x6,
    0xca, 0x88, 0x7, 0x4d, 0x80, 0x13, 0x4c, 0x3,
    0x12, 0xc7, 0x80, 0x90, 0x7, 0x9b, 0x58, 0x3,
    0x16, 0x40, 0x80, 0x70, 0x90, 0x98, 0x4, 0x93,
    0xf2, 0x40, 0x1f, 0x3f, 0x52, 0x0, 0x44, 0x40,
    0xcb, 0xcf, 0xb6, 0x0, 0xff, 0xe0, 0x2d, 0xfe,
    0x5e, 0x80,

    /* U+8303 "范" */
    0x0, 0xf4, 0xee, 0x18, 0x7, 0x8f, 0x36, 0x40,
    0x3f, 0xf8, 0xa, 0xc4, 0x7c, 0x1, 0xee, 0x32,
    0x65, 0x0, 0xf2, 0x6f, 0xfd, 0x40, 0x11, 0x7f,
    0xf8, 0x80, 0x2a, 0xff, 0xb5, 0x3, 0xc8, 0x3,
    0xff, 0x94, 0x5e, 0x2, 0x1, 0xff, 0xcc, 0x10,
    0xb7, 0x54, 0x41, 0x80, 0x64, 0x4f, 0x0, 0x62,
    0x44, 0x2b, 0xd8, 0xc, 0x55, 0xdb, 0x80, 0x25,
    0xbb, 0xf2, 0x80, 0x5f, 0x76, 0xa8, 0x10, 0xf,
    0x16, 0x44, 0xd0, 0x7, 0xaa, 0x63, 0x8, 0x3,
    0xfb, 0x3e, 0xc1, 0xd8, 0x1, 0x17, 0x7d, 0xb9,
    0x17, 0x69, 0x20, 0xe, 0x53, 0x4, 0xc7, 0x0,
    0x43, 0xa2, 0x7f, 0x9b, 0xc0, 0x39, 0x0, 0x34,
    0x8, 0x20, 0x7, 0xff, 0x0, 0x84, 0x3, 0xe,
    0x90, 0x0, 0x44, 0x1, 0xff, 0xc8, 0x12, 0xd9,
    0x6d, 0x0, 0xf3, 0xee, 0xf0, 0x7, 0xea, 0xee,
    0x3b, 0x49, 0x80, 0x7b, 0xc8, 0xb8, 0x3, 0xe4,
    0x50, 0x18, 0xd4, 0x0, 0xff, 0xe4, 0x88, 0x4,
    0x50, 0x1, 0xfe, 0x49, 0xb0, 0xc, 0x20, 0x4,
    0xe6, 0x0, 0xbc, 0x3, 0xf8, 0xad, 0x90, 0x2,
    0x10, 0xe, 0x9c, 0x29, 0x18, 0x40, 0xf, 0x98,
    0x3, 0xcc, 0x1, 0xe3, 0xd5, 0xd7, 0xb4, 0x0,
    0xf2, 0x18, 0x4, 0x53, 0x0, 0x1f, 0x16, 0x80,
    0x58, 0x1, 0xf6, 0x77, 0xfb, 0x58, 0x88, 0x1,
    0xc5, 0x82, 0x1, 0x50, 0x7, 0xe1, 0x0, 0x9f,
    0x75, 0x80, 0x11, 0xe0, 0x80, 0x54, 0x40, 0x1b,
    0x80, 0x3e, 0xa0, 0x1, 0xa0, 0x16, 0x8, 0x5,
    0xa, 0xc, 0x1, 0x37, 0x6e, 0xf7, 0x90, 0x4,
    0xe0, 0x80, 0x19, 0x9c, 0x1, 0x80, 0x18, 0x48,
    0xb8, 0x3, 0x9, 0x83, 0x80, 0x4b, 0x20, 0x13,
    0x10, 0x7, 0xff, 0x6, 0x80, 0x3, 0xad, 0x34,
    0x1, 0xd8, 0xe6, 0x20, 0x1f, 0xa, 0xe2, 0x0,
    0x45, 0x2c, 0x1, 0xe1, 0x8c, 0xef, 0xff, 0xba,
    0x8c, 0x0,

    /* U+884C "行" */
    0x0, 0xff, 0xeb, 0x2d, 0xa0, 0x7, 0xff, 0x30,
    0xe9, 0x2d, 0xc0, 0x30, 0x91, 0x9f, 0xc4, 0x40,
    0xf, 0x8f, 0x0, 0x28, 0x0, 0xb3, 0xb7, 0x33,
    0xed, 0xd6, 0x0, 0x71, 0xe0, 0x6, 0x90, 0x1,
    0x98, 0x3, 0xfe, 0x34, 0x0, 0x97, 0x0, 0x34,
    0x30, 0x0, 0x40, 0x3f, 0xf8, 0x2c, 0x0, 0x8a,
    0x0, 0xd2, 0xe0, 0x11, 0x5b, 0x2a, 0x27, 0xe5,
    0xb2, 0x0, 0x20, 0x6, 0x96, 0x42, 0x0, 0x92,
    0x6a, 0xef, 0xf5, 0x20, 0x5, 0x20, 0x15, 0x35,
    0x5e, 0xc8, 0x7, 0xff, 0x19, 0x69, 0xf5, 0x59,
    0x40, 0xc, 0x60, 0x1f, 0xfc, 0x65, 0x82, 0x49,
    0x0, 0x90, 0xe3, 0x37, 0x7f, 0xd9, 0x66, 0x1,
    0xc7, 0x60, 0x10, 0xd2, 0xb9, 0x91, 0x7f, 0x8d,
    0x34, 0x3, 0x16, 0x80, 0x6b, 0x13, 0x0, 0xff,
    0xe1, 0x8, 0x4, 0x38, 0x20, 0x19, 0x41, 0x90,
    0x3, 0xff, 0x80, 0x32, 0x0, 0x2c, 0x10, 0xc,
    0x20, 0x15, 0xff, 0xf8, 0x80, 0x29, 0xfe, 0x60,
    0x4, 0x10, 0x7, 0xff, 0x20, 0xc0, 0x38, 0xc0,
    0x3f, 0xf9, 0xf0, 0x40, 0x40, 0x1f, 0xfc, 0xc1,
    0xdc, 0xf0, 0xf, 0xfe, 0x71, 0x80, 0x7f, 0xff,
    0xc0, 0x3f, 0xfc, 0xc4, 0x66, 0x0, 0xff, 0xe5,
    0x97, 0x6e, 0x8, 0x4, 0x20, 0x1f, 0xfc, 0x75,
    0x10, 0xf, 0x28, 0x7, 0xe2, 0x0, 0x88, 0x3,
    0xff, 0x83, 0x2, 0x1, 0xfd, 0x2, 0x28, 0x0,
    0xf3, 0x21, 0x10, 0xd7, 0x1c, 0x3, 0x80,

    /* U+89C2 "观" */
    0x0, 0xff, 0xe0, 0xc5, 0xdf, 0xfa, 0x88, 0x2,
    0x4d, 0xff, 0xf7, 0x50, 0xc3, 0xa2, 0x7f, 0x97,
    0x0, 0x2a, 0x20, 0xf, 0xa, 0xc9, 0x80, 0x7f,
    0xf0, 0x4, 0x40, 0x1f, 0xfc, 0x2, 0x70, 0x8,
    0xcf, 0xc0, 0x18, 0xc0, 0x14, 0x42, 0x1, 0xf1,
    0x80, 0x6d, 0xcc, 0xe2, 0x0, 0xf2, 0x6f, 0x7f,
    0xca, 0x1, 0x70, 0x7, 0x17, 0x7c, 0x80, 0x7f,
    0xf0, 0x9c, 0x2, 0x30, 0xe, 0xb1, 0x6, 0x10,
    0xf, 0xd1, 0xd0, 0x0, 0x20, 0x9, 0x40, 0x38,
    0xc0, 0x23, 0x0, 0xf8, 0xdc, 0x5e, 0x10, 0x2,
    0x11, 0x0, 0x7f, 0xf1, 0x48, 0x2, 0x78, 0x0,
    0x90, 0x3, 0xc2, 0x1, 0x18, 0x7, 0xc2, 0xe0,
    0x11, 0x80, 0x58, 0x1, 0xfe, 0x10, 0xf, 0xd0,
    0x40, 0x1e, 0x40, 0xf, 0x30, 0x7, 0xff, 0x7,
    0x80, 0x38, 0x88, 0xe, 0x1, 0x88, 0x0, 0x40,
    0x1f, 0xe3, 0x70, 0xc, 0x80, 0x1, 0x0, 0x8c,
    0x2, 0x70, 0x60, 0x8, 0x80, 0x3b, 0x0, 0x32,
    0x80, 0x20, 0x86, 0x54, 0x2, 0xc0, 0x82, 0x19,
    0x0, 0xf7, 0x0, 0x63, 0x70, 0x2d, 0xe6, 0xb0,
    0xa, 0xd0, 0xf7, 0x98, 0x3, 0x85, 0x40, 0x3a,
    0xc, 0x2, 0x43, 0x0, 0x8a, 0x80, 0x3f, 0xa0,
    0x3, 0xe9, 0x0, 0xa0, 0x3, 0x84, 0x3, 0xf1,
    0x30, 0x4, 0x60, 0x10, 0x80, 0x18, 0xc0, 0x3f,
    0x23, 0x10, 0x5, 0xc0, 0x10, 0xe1, 0x1, 0x40,
    0x14, 0x80, 0x44, 0x1, 0x86, 0xe7, 0x44, 0x24,
    0xc0, 0x28, 0xe, 0xbd, 0x33, 0x60, 0x4, 0x8a,
    0x1, 0x88, 0x2, 0x50, 0x60, 0x8, 0xd8, 0xd,
    0x2, 0x30, 0x40, 0x3, 0x5e, 0x1, 0xa, 0x80,
    0x4c, 0x4, 0x1, 0x70, 0x6, 0x57, 0x0, 0xda,
    0x22, 0x0, 0xba, 0x40, 0x22, 0xf, 0x44, 0x61,
    0x0, 0x63, 0x0, 0x87, 0xc, 0x10, 0x3, 0xe6,
    0x0, 0x15, 0xd8, 0xc0, 0x39, 0x90, 0x5b, 0xcc,
    0x0, 0x52, 0x40, 0x10, 0xb4, 0x80, 0x7f, 0xf0,
    0x2f, 0xa4, 0x40, 0x33, 0x6f, 0xfd, 0xd2, 0x0,

    /* U+89E3 "解" */
    0x0, 0xe5, 0x30, 0xf, 0xfe, 0x6d, 0x53, 0x18,
    0x3, 0xe3, 0x55, 0xfe, 0x20, 0xe, 0x15, 0x0,
    0x79, 0xaa, 0x8c, 0x1, 0x79, 0x55, 0xfd, 0xaa,
    0x1, 0xa4, 0x2, 0x6c, 0xaa, 0x63, 0x82, 0x0,
    0x7f, 0xdc, 0x1, 0x98, 0x3, 0xf6, 0x85, 0x10,
    0x7, 0xff, 0x9, 0xc4, 0x0, 0x46, 0x40, 0x17,
    0x82, 0xed, 0x80, 0x4f, 0xfe, 0x20, 0xf, 0x48,
    0x0, 0x77, 0x1c, 0x0, 0x4a, 0x1, 0x60, 0x5,
    0x80, 0x3, 0x0, 0x8, 0x2, 0x44, 0x0, 0x3d,
    0xc5, 0x0, 0x15, 0x90, 0x1, 0x40, 0x2, 0x80,
    0x22, 0x0, 0x10, 0x1, 0x80, 0x30, 0x88, 0x3,
    0x27, 0x26, 0x90, 0x2, 0x42, 0xb0, 0x2, 0xe0,
    0x4, 0x0, 0x7f, 0xc5, 0x64, 0x0, 0x37, 0x45,
    0x20, 0x9, 0x40, 0xe, 0xe0, 0xb, 0x40, 0xd,
    0x20, 0x14, 0x0, 0xf, 0x41, 0x48, 0x2, 0x63,
    0x0, 0xb4, 0x2, 0x30, 0x0, 0x80, 0x67, 0x13,
    0xc1, 0x1, 0xea, 0xa6, 0x48, 0x7, 0xeb, 0x0,
    0x2d, 0x0, 0x63, 0x37, 0x18, 0x76, 0x50, 0x18,
    0x7, 0xf2, 0x80, 0x8, 0xc0, 0x31, 0x0, 0xfd,
    0x8, 0x2, 0x61, 0x80, 0x3f, 0xf8, 0x86, 0x1,
    0x1a, 0x80, 0x46, 0xf3, 0x40, 0x1f, 0x68, 0x1,
    0xa4, 0x2, 0xa0, 0xf, 0xf9, 0x80, 0x23, 0x0,
    0x9, 0x80, 0x4, 0x3, 0x38, 0x0, 0x48, 0x40,
    0x31, 0x27, 0x80, 0x78, 0x6c, 0x0, 0xb4, 0x1,
    0x20, 0xf, 0xee, 0x80, 0x26, 0xdb, 0x30, 0xb,
    0x80, 0x25, 0x0, 0x11, 0x80, 0x55, 0x32, 0x23,
    0x50, 0x8, 0xcc, 0x40, 0x18, 0x40, 0x3f, 0xe2,
    0x88, 0x66, 0x24, 0x2, 0x5c, 0xdd, 0x8, 0x1,
    0x40, 0x9, 0x40, 0x5, 0x70, 0x9, 0x44, 0x3,
    0xfc, 0x48, 0x0, 0x30, 0x6, 0x20, 0x0, 0xb8,
    0x2, 0x40, 0xf, 0xf8, 0x50, 0xc, 0x2, 0x30,
    0xd, 0xe0, 0x11, 0xf5, 0xdd, 0x0, 0x12, 0x5e,
    0x70, 0x85, 0x0, 0x4c, 0x22, 0x1, 0x60, 0x1,
    0x80, 0xa2, 0x60, 0x8, 0x90, 0xc0, 0x27, 0x0,
    0x9, 0x6, 0xce, 0x80, 0x4a, 0x1, 0xff, 0xc3,
    0x80, 0x1d, 0x0, 0x1b, 0x29, 0xb, 0x40, 0x7,
    0x10, 0x5, 0xc0, 0x1c, 0xdf, 0xc6, 0x1, 0x87,
    0x7a, 0x40, 0x3c, 0x2e, 0x6, 0xc0, 0x18,

    /* U+8A00 "言" */
    0x0, 0xff, 0xec, 0xc7, 0xf1, 0x80, 0x7f, 0xf2,
    0x65, 0xc0, 0x74, 0x3, 0xff, 0x93, 0x80, 0x10,
    0xb8, 0x7, 0xfc, 0x6c, 0xdf, 0x8c, 0x3, 0x4b,
    0x37, 0xe4, 0x8, 0xc9, 0x9f, 0xe0, 0xc, 0x33,
    0x3f, 0xae, 0x90, 0x3, 0xff, 0x98, 0xf0, 0x20,
    0x1f, 0xfc, 0xa1, 0x84, 0xef, 0xff, 0xfe, 0x57,
    0x28, 0x6, 0x7d, 0xff, 0xff, 0xe1, 0x75, 0x0,
    0x7e, 0x82, 0x0, 0xff, 0xe1, 0xa, 0xa8, 0x3,
    0xe5, 0x0, 0xff, 0xe2, 0xa, 0x0, 0x7d, 0x5d,
    0x99, 0xff, 0xc2, 0xde, 0x10, 0xf, 0xfe, 0xad,
    0x76, 0x67, 0xff, 0xb, 0x78, 0x40, 0x3e, 0x50,
    0xf, 0xfe, 0x20, 0xa0, 0x7, 0xd2, 0x40, 0x1f,
    0xfc, 0x21, 0x55, 0x0, 0x7c, 0xdb, 0xff, 0xff,
    0xc2, 0xea, 0x0, 0xfc, 0x2a, 0xcd, 0xff, 0xc2,
    0x52, 0x0, 0xf8, 0x7e, 0xa6, 0x7f, 0xf8, 0x55,
    0xa8, 0x1, 0xe4, 0x10, 0xf, 0xfe, 0x2e, 0x80,
    0x78, 0xc0, 0x3f, 0xf8, 0xc4, 0x1, 0xfe, 0x6f,
    0xff, 0xf3, 0x80, 0x7f, 0xf0, 0x89, 0x57, 0xfc,
    0x60, 0x1f, 0xfc, 0x24, 0xaa, 0xff, 0x20, 0x7,
    0xff, 0x44, 0x40, 0x3c, 0x40, 0x1f, 0xfc, 0x62,
    0x0, 0xf2, 0x28, 0xd, 0x7f, 0xff, 0xac, 0x85,
    0x24, 0x2,

    /* U+8BA1 "计" */
    0x0, 0xe2, 0x0, 0xff, 0x85, 0x94, 0x3, 0xff,
    0x81, 0x9b, 0xa4, 0x0, 0xfe, 0xf9, 0xac, 0x0,
    0xff, 0x19, 0x80, 0xad, 0xc0, 0x3e, 0x31, 0x0,
    0x18, 0x80, 0x7f, 0x10, 0x80, 0x51, 0x0, 0xf,
    0x38, 0x7, 0xff, 0x8, 0x74, 0x40, 0x26, 0x0,
    0xff, 0xe5, 0x1f, 0x90, 0x2, 0x80, 0x3f, 0xf9,
    0x63, 0x8f, 0xa8, 0x1, 0xff, 0xcc, 0x18, 0x20,
    0xf, 0xfe, 0x49, 0xaa, 0xe3, 0x0, 0x89, 0x15,
    0x6c, 0x0, 0xce, 0xaa, 0x43, 0x0, 0xab, 0x2a,
    0xb6, 0x40, 0x36, 0xdd, 0x54, 0xe0, 0x1a, 0x6a,
    0x97, 0x98, 0x0, 0x28, 0x7, 0x98, 0x28, 0x3,
    0xff, 0x86, 0x64, 0x4, 0x1, 0xe1, 0x7, 0x0,
    0xff, 0xe2, 0x18, 0x7b, 0x21, 0x80, 0x74, 0x98,
    0x80, 0x7f, 0xf0, 0xa, 0x44, 0xa, 0x6f, 0xc0,
    0x38, 0xb3, 0xbf, 0xeb, 0x0, 0xdd, 0xff, 0x6b,
    0x0, 0x7f, 0xff, 0xc0, 0x3f, 0xfc, 0x6b, 0x6e,
    0x1, 0xff, 0xcd, 0xa4, 0x85, 0x0, 0xff, 0xe7,
    0x90, 0x7, 0xff, 0x1d, 0x0, 0x3c, 0x4c, 0x1,
    0xff, 0xc6, 0x29, 0x0, 0xe5, 0xd1, 0x0, 0xff,
    0xe3, 0x28, 0x80, 0x69, 0xa0, 0xf, 0xfe, 0x43,
    0x98, 0x0, 0xb5, 0x80, 0x3f, 0xf9, 0x5a, 0x4b,
    0xa4, 0x1, 0xf3, 0x0, 0x61, 0x0, 0xff, 0xe,
    0x50, 0x7, 0xf1, 0x38, 0x8a, 0x80, 0x3e,

    /* U+8BA2 "订" */
    0x0, 0x9d, 0x80, 0x3f, 0xf9, 0x8d, 0x13, 0x0,
    0x1f, 0xfc, 0xb8, 0x0, 0x3d, 0x0, 0x67, 0xdf,
    0xff, 0xfb, 0xa0, 0x2, 0x40, 0x9, 0x70, 0x0,
    0x30, 0x40, 0x1f, 0xf0, 0xb9, 0x80, 0x28, 0xc0,
    0x23, 0x50, 0x30, 0xf, 0xfe, 0x3e, 0x20, 0x1,
    0x54, 0x4, 0xa0, 0x1f, 0xfc, 0x14, 0x30, 0xd,
    0x6b, 0x34, 0x1, 0x57, 0x6e, 0xe7, 0x0, 0x87,
    0x75, 0xd6, 0x1, 0xea, 0x60, 0xe, 0x12, 0x2d,
    0xe0, 0x18, 0x88, 0x20, 0x18, 0x8c, 0xc4, 0x1,
    0xff, 0xc9, 0x5f, 0xdc, 0xc6, 0xfa, 0x0, 0x7f,
    0xf1, 0xe4, 0x3, 0xde, 0x1, 0xff, 0xc7, 0x60,
    0xf, 0x30, 0x7, 0xff, 0x1e, 0xdd, 0x10, 0x1,
    0xff, 0xcb, 0x18, 0xba, 0x0, 0xff, 0xff, 0x80,
    0x7f, 0xfd, 0xf, 0x3e, 0x80, 0x3f, 0xf9, 0x45,
    0x86, 0xa, 0x60, 0x1f, 0xfc, 0xe1, 0x0, 0xff,
    0xe2, 0xa8, 0x7, 0xd4, 0x40, 0x1f, 0xfc, 0x59,
    0x0, 0xe3, 0xd5, 0x0, 0xa, 0x23, 0x40, 0x23,
    0x0, 0xf9, 0x48, 0x3, 0x46, 0x10, 0x1, 0x3a,
    0xec, 0xa0, 0x10, 0x80, 0x7c, 0xa6, 0x0, 0x2c,
    0x70, 0xd, 0xc0, 0x1f, 0x20, 0x7, 0xed, 0x68,
    0xd3, 0x0, 0xe3, 0x0, 0xf1, 0x48, 0x7, 0xe1,
    0x97, 0x0, 0xfa, 0xc, 0x0, 0x4b, 0x3a, 0x20,
    0x1c,

    /* U+8BB0 "记" */
    0x0, 0xff, 0xe8, 0x96, 0xfb, 0x80, 0x7c, 0x23,
    0xfe, 0x0, 0xf5, 0x90, 0x45, 0x0, 0x6b, 0xfe,
    0xef, 0xf9, 0x0, 0x37, 0x0, 0x4b, 0x80, 0x5,
    0x40, 0xf, 0xf8, 0x60, 0x3, 0x3a, 0x0, 0x47,
    0x40, 0x1f, 0xfc, 0x32, 0x0, 0xeb, 0x50, 0xb,
    0x41, 0x58, 0x40, 0x3f, 0xf8, 0xd4, 0x81, 0xe,
    0x0, 0x9e, 0xff, 0xfb, 0x0, 0x3f, 0xeb, 0xf7,
    0x0, 0xff, 0xe4, 0x12, 0x26, 0x20, 0xf, 0xfe,
    0x44, 0xed, 0xde, 0xd6, 0x0, 0xff, 0xe3, 0xb8,
    0x7, 0xac, 0x3, 0xff, 0x8e, 0x40, 0x1e, 0x30,
    0x9, 0x3b, 0xff, 0xec, 0x0, 0xf6, 0xc3, 0x20,
    0x7, 0xd0, 0x20, 0x1f, 0xfc, 0x21, 0x79, 0x90,
    0x7, 0xc4, 0x1, 0xff, 0xd2, 0x23, 0x3c, 0x40,
    0x11, 0x0, 0x7f, 0xf1, 0x67, 0x33, 0x69, 0x80,
    0xc0, 0x7, 0xff, 0x2f, 0x3f, 0x90, 0x3, 0xff,
    0xb2, 0x86, 0x1, 0xff, 0xc2, 0x10, 0xf, 0xe1,
    0xbc, 0x40, 0xf, 0xf9, 0x7f, 0xac, 0x3, 0xfe,
    0xe0, 0xf, 0xfb, 0x0, 0x8, 0x60, 0x13, 0x0,
    0x7b, 0xc0, 0x31, 0x0, 0x70, 0xb8, 0x7, 0xdc,
    0x1, 0xd4, 0xa4, 0x1, 0x4f, 0x77, 0x84, 0x2,
    0x30, 0x1, 0x28, 0x4, 0x5a, 0xa0, 0xa0, 0x18,
    0x47, 0x80, 0x32, 0x0, 0x44, 0x60, 0x5, 0xd2,
    0x0, 0x58, 0x7, 0xff, 0x6, 0x40, 0x36, 0x24,
    0x50, 0x6, 0x2d, 0x62, 0x0, 0xf8, 0x57, 0x48,
    0x3, 0xad, 0xc0, 0x3c, 0x53, 0xbf, 0xff, 0x75,
    0x10, 0x0,

    /* U+8BBE "设" */
    0x0, 0xff, 0xe9, 0x9f, 0xf9, 0xc0, 0x3c, 0xdd,
    0xff, 0xf6, 0x10, 0x7, 0xd2, 0x0, 0x8a, 0x0,
    0xe9, 0x10, 0xf, 0x8e, 0x0, 0x3e, 0xc0, 0x9,
    0x6c, 0x2, 0x20, 0xf, 0xf3, 0x0, 0x7c, 0xcc,
    0x0, 0x91, 0x40, 0x2, 0x1, 0xa, 0x24, 0x1,
    0xff, 0xc0, 0x96, 0x0, 0x1a, 0x80, 0x18, 0x2,
    0x6b, 0xb5, 0x0, 0x42, 0x1, 0xfd, 0x2f, 0x38,
    0x1, 0x78, 0x5, 0xc0, 0x1f, 0xfc, 0x58, 0x60,
    0x9, 0x54, 0x1, 0x28, 0x0, 0x40, 0x3f, 0xc6,
    0xab, 0x10, 0x4, 0xd4, 0x1, 0x11, 0x80, 0x78,
    0xbf, 0x58, 0x1, 0x79, 0x55, 0x6b, 0x0, 0x2c,
    0x3, 0x40, 0x6, 0x40, 0xc, 0x52, 0x60, 0x80,
    0x1d, 0x40, 0xa, 0x0, 0xa1, 0x40, 0x34, 0x0,
    0x7e, 0x20, 0xe, 0x10, 0x3, 0xbd, 0x8e, 0x1,
    0xc7, 0xb3, 0x57, 0x9e, 0x61, 0x92, 0xe0, 0x1f,
    0x97, 0x7b, 0xff, 0xdb, 0x37, 0xc2, 0x1, 0xb,
    0x48, 0x7, 0x8d, 0xc8, 0x44, 0x1, 0xf8, 0x56,
    0x0, 0x3f, 0xfb, 0x87, 0x4, 0x0, 0x11, 0xf0,
    0x6, 0xc0, 0xf, 0xfe, 0xb, 0xa8, 0x2, 0x7b,
    0xb4, 0x80, 0x66, 0x0, 0xff, 0x12, 0x80, 0xc,
    0x1, 0xa, 0x0, 0x38, 0x0, 0xa0, 0x3, 0xfc,
    0x5b, 0x58, 0x1a, 0x1, 0x53, 0x9e, 0x0, 0x46,
    0xe0, 0x1f, 0xfc, 0x13, 0x6, 0x40, 0xa, 0x30,
    0x2, 0x1e, 0x0, 0xff, 0xe1, 0x30, 0x2, 0xcc,
    0x3, 0xed, 0x20, 0xf, 0x9c, 0x3, 0x96, 0x40,
    0x9c, 0x3, 0xe1, 0x50, 0xf, 0x86, 0x0, 0x33,
    0xd3, 0x66, 0xc1, 0x80, 0x78, 0x67, 0xa0, 0x80,
    0x38, 0x40, 0x28, 0x83, 0xc9, 0x80, 0x7f, 0xc2,
    0xfa, 0x60, 0x10, 0xe0, 0x2, 0x9c, 0x34, 0x3,
    0x86, 0x3b, 0x8c, 0x1, 0xe4, 0x0, 0xc7, 0x96,
    0xa0, 0xf, 0x0, 0x92, 0x79, 0xc4, 0x53, 0xce,
    0x20, 0x12, 0x0, 0x71, 0xa0, 0x4, 0xbb, 0x9f,
    0x6c, 0x1, 0xc3, 0x1d, 0x95, 0xa6, 0x0,

    /* U+8BCD "词" */
    0x0, 0xff, 0xe9, 0x37, 0x59, 0x0, 0x43, 0x39,
    0x9f, 0xfc, 0xa, 0x20, 0xd, 0x22, 0x98, 0x80,
    0xb, 0x63, 0x3f, 0xfe, 0x2, 0xf8, 0x6, 0x20,
    0x0, 0xda, 0x0, 0x80, 0x7f, 0xf0, 0x88, 0x3,
    0x78, 0x80, 0x52, 0x10, 0x62, 0x1, 0xff, 0xc1,
    0x10, 0x8, 0xb0, 0x40, 0x10, 0x7, 0x9d, 0xff,
    0xfc, 0x60, 0x1f, 0x8b, 0x1b, 0x14, 0x0, 0x2a,
    0xcd, 0xe5, 0x10, 0xf, 0xf8, 0xa4, 0xc0, 0x5,
    0xd5, 0x33, 0xea, 0xf1, 0x0, 0xf8, 0x48, 0xc8,
    0x3, 0x38, 0x7, 0xf0, 0x98, 0x7, 0xa3, 0xb7,
    0x37, 0x8c, 0x0, 0xaa, 0x10, 0xf, 0xb, 0x90,
    0x7, 0x9c, 0x3, 0xc, 0x80, 0x55, 0xdf, 0xfe,
    0xe8, 0x0, 0xf8, 0x40, 0x38, 0x40, 0x31, 0x33,
    0xbe, 0x62, 0x0, 0xfd, 0x8c, 0x80, 0x1f, 0x26,
    0xcc, 0x46, 0x9d, 0x20, 0xf, 0x8a, 0x68, 0x3,
    0xee, 0x0, 0xfc, 0xa0, 0x1f, 0xfc, 0x51, 0x0,
    0xfd, 0xe0, 0x1f, 0xfc, 0x82, 0xfe, 0x0, 0xff,
    0xf3, 0x9b, 0xb0, 0x7, 0xff, 0x19, 0x58, 0x3,
    0xc, 0x40, 0x3, 0xff, 0x8a, 0x95, 0x32, 0x0,
    0xfe, 0xe0, 0xf, 0xfe, 0x21, 0x8, 0x7, 0x85,
    0x58, 0x3, 0xf9, 0x40, 0x38, 0x63, 0x40, 0x9,
    0xff, 0x75, 0x0, 0x7f, 0xbc, 0x3, 0x16, 0x1b,
    0xcc, 0x50, 0x7, 0xc2, 0x1, 0xe4, 0x40, 0x4,
    0x98, 0x40, 0x6, 0x71, 0x0, 0xd1, 0xbc, 0x40,
    0x10, 0x80, 0x18, 0x2, 0x7b, 0x10, 0xf, 0xe4,
    0x72, 0x10, 0x8, 0x80, 0x22, 0xc2, 0xa8, 0x0,
    0xff, 0x84, 0x3, 0xd0, 0x1, 0x8f, 0x54, 0x3,
    0xff, 0x80, 0xa6, 0x0, 0x24, 0xb5, 0x0, 0xff,
    0xe4, 0x67, 0xfb, 0x6d, 0x0, 0x0,

    /* U+8BD5 "试" */
    0x0, 0xff, 0xe2, 0x8c, 0x4a, 0x0, 0x4, 0x3,
    0x93, 0xf9, 0x80, 0x3f, 0xe8, 0x76, 0xb1, 0xde,
    0x70, 0xd, 0x0, 0x33, 0x20, 0xf, 0xf2, 0x0,
    0x4e, 0x41, 0x6, 0x1, 0x20, 0x4, 0xd4, 0x1,
    0xff, 0xc1, 0x22, 0x0, 0x2c, 0x2, 0x84, 0x0,
    0x94, 0xc0, 0x3f, 0x8, 0x6, 0xe1, 0xc, 0x0,
    0xd6, 0xa0, 0x4, 0x35, 0xbc, 0xdd, 0xe3, 0x0,
    0xa7, 0x8c, 0xc0, 0x1e, 0xa6, 0x9b, 0x1a, 0x43,
    0x22, 0xe0, 0xc, 0x45, 0x1d, 0x0, 0x7a, 0x58,
    0xc, 0x3, 0xff, 0x88, 0x20, 0x3, 0x66, 0x90,
    0x0, 0x4e, 0x1, 0xff, 0xc3, 0x80, 0x6c, 0x99,
    0xae, 0x80, 0x11, 0xff, 0xf2, 0x0, 0x53, 0xff,
    0x38, 0x68, 0x7, 0x28, 0x7, 0xf8, 0x80, 0x3f,
    0x8c, 0x3, 0xc2, 0x1, 0xfc, 0x20, 0x10, 0x80,
    0x74, 0x41, 0x44, 0x3, 0xd7, 0xff, 0xcf, 0xe0,
    0x17, 0x80, 0x79, 0xe8, 0x80, 0x39, 0x50, 0x3,
    0xa0, 0x40, 0x21, 0x0, 0xff, 0xe1, 0x8, 0x7,
    0x84, 0xc0, 0x23, 0x0, 0xff, 0xe1, 0x24, 0x10,
    0x4, 0x94, 0xc0, 0x13, 0x0, 0x7f, 0xf0, 0xde,
    0x80, 0x28, 0x42, 0x0, 0x84, 0x3, 0xff, 0x94,
    0x20, 0x11, 0x0, 0x7f, 0xf0, 0x48, 0x3, 0xf8,
    0x80, 0x21, 0x3e, 0xb0, 0xf, 0xdf, 0xb2, 0x1,
    0xd6, 0xe4, 0xe0, 0x12, 0x48, 0xa2, 0x0, 0x21,
    0x0, 0x84, 0x18, 0x74, 0x2, 0x78, 0xc2, 0x0,
    0xa1, 0x0, 0xe, 0x0, 0x42, 0x0, 0xe4, 0xf5,
    0x0, 0xe1, 0xc0, 0x8, 0x84, 0x0, 0x60, 0xb,
    0x0, 0xe8, 0xe1, 0x0, 0xe1, 0x94, 0x10, 0xe,
    0x30, 0x9, 0xc0, 0x23, 0xd7, 0x41, 0x0, 0x13,
    0x5f, 0x30, 0x48, 0x7, 0x48, 0x5, 0x8, 0x13,
    0x84, 0x3, 0xf7, 0xba, 0x94, 0x0, 0x9c, 0x80,
    0x23, 0x50, 0xd, 0x5c, 0xc0, 0x18, 0x50, 0x80,
    0x3e, 0xc4, 0x3, 0xe0, 0x0,

    /* U+8BED "语" */
    0x0, 0xc2, 0x1, 0xff, 0xce, 0xce, 0xc2, 0x0,
    0xa7, 0xff, 0xff, 0x85, 0x82, 0x1, 0x21, 0x81,
    0xe1, 0x81, 0x30, 0x7, 0xff, 0x8, 0xdc, 0x2,
    0x50, 0x8, 0x70, 0xc8, 0x40, 0x3f, 0xf8, 0x6a,
    0x1, 0xe, 0x0, 0x68, 0xf, 0x98, 0x82, 0x80,
    0x45, 0x11, 0xd3, 0x86, 0x1, 0x8f, 0x0, 0x3,
    0x0, 0x2c, 0xee, 0x30, 0x9, 0x1d, 0xf9, 0x8c,
    0x3, 0xc7, 0x6f, 0xe6, 0x0, 0xaf, 0xf3, 0x0,
    0x4d, 0xff, 0xb0, 0x80, 0x3f, 0x24, 0x8, 0x0,
    0xd4, 0x3, 0xfe, 0x3b, 0x0, 0xe5, 0x77, 0x31,
    0x80, 0x44, 0x20, 0x1f, 0xfc, 0x3, 0x0, 0xd9,
    0x51, 0x9, 0xc5, 0x0, 0xf, 0xd3, 0x0, 0x45,
    0x32, 0x70, 0x8, 0xc0, 0x31, 0x80, 0x77, 0x80,
    0x42, 0xa2, 0x1, 0x2b, 0x33, 0x0, 0x21, 0x0,
    0xc4, 0x1, 0xc2, 0x7, 0x35, 0x6c, 0x1, 0x2d,
    0xda, 0x0, 0x25, 0xa5, 0x0, 0x64, 0x30, 0x7,
    0x63, 0x2a, 0x8, 0x4, 0x48, 0x83, 0x0, 0x89,
    0x68, 0xc0, 0x5e, 0x0, 0x30, 0x80, 0x7f, 0xf1,
    0x9c, 0x3, 0xf0, 0xc0, 0x80, 0x7f, 0xf0, 0x85,
    0x90, 0x3, 0xf9, 0xfb, 0xff, 0xff, 0x85, 0xd2,
    0x1, 0xff, 0xc0, 0x6d, 0xff, 0xff, 0x75, 0x0,
    0x7f, 0xf0, 0x4a, 0x48, 0x3, 0xfc, 0x2a, 0xe0,
    0x1f, 0xfc, 0x6, 0x0, 0xff, 0xe1, 0x70, 0x7,
    0xf3, 0x67, 0x70, 0x2, 0x37, 0x7f, 0x20, 0x4,
    0x60, 0x1f, 0xc4, 0x62, 0xa0, 0x12, 0xc4, 0x7b,
    0x0, 0x3f, 0x90, 0x3, 0xc2, 0x1, 0xff, 0xc7,
    0x1b, 0x0, 0xe5, 0xb0, 0x9, 0x62, 0x3d, 0x80,
    0x1f, 0x94, 0x40, 0x35, 0x50, 0x40, 0x23, 0x77,
    0xf2, 0x0, 0x7e, 0x48, 0x0, 0x1e, 0xa8, 0x7,
    0xff, 0x10, 0xc0, 0x39, 0xf2, 0xb0, 0x80, 0xc,
    0x1, 0xff, 0xc2, 0xe0, 0xf, 0x1a, 0x80, 0x62,
    0x60, 0x1a, 0xff, 0xf6, 0x10, 0xa3, 0x0, 0x0,

    /* U+8BF7 "请" */
    0x0, 0xff, 0xe2, 0x16, 0x75, 0x88, 0x7, 0xfa,
    0xfe, 0x84, 0x3, 0x88, 0xce, 0x83, 0x14, 0x63,
    0x38, 0x80, 0x39, 0x10, 0xb, 0x84, 0x0, 0x2e,
    0xdc, 0xc9, 0x40, 0x28, 0xcc, 0xb7, 0xcc, 0x2,
    0x50, 0x8, 0xb0, 0x81, 0x84, 0x3, 0xff, 0x84,
    0xa0, 0x10, 0xd0, 0x4, 0x32, 0x9, 0x2c, 0xab,
    0x10, 0x4, 0x6a, 0xb3, 0x4b, 0x0, 0x65, 0xb0,
    0xa, 0x0, 0xd, 0xc6, 0x70, 0x7, 0x19, 0xdc,
    0xc0, 0x1e, 0x4a, 0x5d, 0x30, 0x4, 0x41, 0x9a,
    0x20, 0x8, 0xd9, 0xa8, 0x90, 0xf, 0x96, 0x88,
    0x2, 0xb1, 0x0, 0xff, 0x87, 0x40, 0x32, 0xb3,
    0xb1, 0x80, 0x61, 0xdc, 0xbb, 0x20, 0x4, 0xd7,
    0x6c, 0xd6, 0x0, 0xb2, 0xa6, 0x27, 0x18, 0x7,
    0x75, 0x98, 0xbb, 0x20, 0x4, 0xd7, 0x6c, 0xc6,
    0xf1, 0x81, 0x80, 0x76, 0x81, 0x90, 0x7, 0xff,
    0xc, 0x58, 0x14, 0x3, 0x98, 0xb, 0x22, 0xe,
    0xff, 0xfc, 0x8, 0xb5, 0xa, 0xda, 0x0, 0xf1,
    0xb9, 0x11, 0x13, 0xf8, 0xfd, 0xd0, 0x2, 0x24,
    0x0, 0xf8, 0xa9, 0x4c, 0xff, 0x92, 0x18, 0x3,
    0xff, 0x82, 0x80, 0x1f, 0xfc, 0x1f, 0x0, 0xff,
    0xe2, 0xce, 0xef, 0x48, 0x4, 0x60, 0x1f, 0xfc,
    0x5c, 0xbb, 0xed, 0x0, 0xff, 0xe4, 0xab, 0x37,
    0x20, 0x7, 0xff, 0x9, 0xe8, 0x80, 0x3f, 0xf9,
    0x85, 0xb, 0xe0, 0x1a, 0xff, 0xfa, 0xc0, 0x3f,
    0xf8, 0x86, 0x1, 0xaf, 0xff, 0xac, 0x3, 0xf9,
    0x0, 0x3d, 0x40, 0x1f, 0xfc, 0x88, 0x0, 0xc3,
    0x88, 0x1, 0x8d, 0x13, 0x8c, 0x3, 0xf1, 0x90,
    0x4, 0x7e, 0x60, 0x1d, 0x17, 0x7b, 0x94, 0x2,
    0x30, 0xc, 0x6e, 0x0, 0x6c, 0x10, 0xf, 0x38,
    0x5, 0x94, 0xc0, 0x10, 0x80, 0x74, 0x3c, 0x48,
    0x6, 0x20, 0x8, 0x80, 0x22, 0x0, 0xea, 0x0,
    0xf4, 0x38, 0x7, 0x22, 0x1, 0x84, 0x2, 0x91,
    0x11, 0x2e, 0x90, 0x7, 0xff, 0xa, 0xfe, 0x40,
    0x33, 0xf7, 0x36, 0x88, 0x2,

    /* U+8BFB "读" */
    0x0, 0xc4, 0x1, 0xff, 0x16, 0x75, 0x0, 0x7f,
    0xd9, 0xba, 0x30, 0xf, 0xeb, 0x31, 0x54, 0x0,
    0xfe, 0x43, 0x2, 0xc6, 0x0, 0x9b, 0xbf, 0xe6,
    0x0, 0xaf, 0xfe, 0xc2, 0x0, 0xca, 0x1, 0xa5,
    0xc0, 0x10, 0x20, 0x1f, 0xf1, 0xd8, 0x6, 0x1c,
    0x10, 0xa, 0x80, 0xa, 0x1, 0xff, 0xc1, 0xf0,
    0xe, 0x3c, 0x10, 0x1e, 0x0, 0x5d, 0xaa, 0xa3,
    0x0, 0x9a, 0xaa, 0xd6, 0x0, 0xf1, 0x63, 0xf9,
    0x80, 0x10, 0x8c, 0xe0, 0xe, 0x22, 0x6a, 0xa8,
    0x3, 0xe2, 0x81, 0x0, 0x55, 0xcc, 0xe3, 0x0,
    0x9a, 0x20, 0xf1, 0x54, 0x0, 0x14, 0xd5, 0x4c,
    0x1, 0x38, 0x7, 0xff, 0xc, 0x40, 0x18, 0xca,
    0xb4, 0xa8, 0x2, 0x8, 0x3, 0xff, 0x84, 0x40,
    0x1, 0x0, 0xec, 0x0, 0x2e, 0xe9, 0x67, 0xfe,
    0xaa, 0x7f, 0xb4, 0x2, 0xc0, 0x3, 0x0, 0x71,
    0x80, 0x65, 0x54, 0xd0, 0x55, 0x52, 0xc, 0x1,
    0x20, 0x2, 0x7a, 0xc0, 0x3e, 0x44, 0x10, 0x2c,
    0x28, 0x1, 0x1, 0x44, 0x20, 0x40, 0x21, 0x50,
    0xf, 0x3d, 0xe0, 0x90, 0x7, 0xc3, 0xdc, 0x70,
    0xf, 0xfe, 0x19, 0x9a, 0xe4, 0x3, 0xe1, 0x0,
    0xff, 0xe0, 0xbd, 0x88, 0x8, 0x10, 0x4, 0x20,
    0x1f, 0xfc, 0x59, 0xa1, 0x0, 0x5e, 0x0, 0x47,
    0xff, 0xb1, 0x0, 0x3f, 0xca, 0xc2, 0x1, 0xff,
    0xc1, 0x38, 0x0, 0xfc, 0xfb, 0xc0, 0x1f, 0xfc,
    0x46, 0x0, 0xfc, 0x44, 0x57, 0x7c, 0xc0, 0x18,
    0x9d, 0x9d, 0xe9, 0xa0, 0xf, 0xf0, 0xc4, 0x62,
    0x0, 0xdc, 0x8c, 0x97, 0xc, 0x1, 0xff, 0x30,
    0x5, 0x48, 0x1, 0x2b, 0x18, 0x1e, 0x40, 0x7,
    0x94, 0x3, 0x24, 0x81, 0xe2, 0x80, 0x45, 0x68,
    0x60, 0x13, 0xe8, 0x80, 0x69, 0x0, 0x96, 0xc2,
    0x30, 0xc0, 0x21, 0xf1, 0x16, 0x30, 0x4, 0x56,
    0x1, 0xf3, 0x50, 0x1, 0xc0, 0x31, 0xf9, 0x0,
    0x53, 0x20, 0x9, 0xc0, 0x36, 0x2c, 0x48, 0x4,
    0x80, 0x1, 0x8c, 0x10, 0xe, 0x6c, 0x10, 0xe0,
    0xc, 0x34, 0xe0, 0x1a, 0xa6, 0xb9, 0xc0, 0x3f,
    0x1e, 0x71, 0x80, 0x7f, 0xc2, 0xca, 0x1, 0xff,
    0x10, 0x80, 0x0,

    /* U+8C03 "调" */
    0x0, 0xff, 0xe9, 0x67, 0xd8, 0x80, 0x6b, 0xff,
    0xff, 0xe0, 0xd0, 0x4, 0x86, 0x9, 0xe6, 0x0,
    0x74, 0x0, 0xff, 0xe0, 0xaa, 0x80, 0xa, 0x1,
    0xe, 0x18, 0x70, 0x7, 0xff, 0xc, 0x80, 0x3,
    0x60, 0x1a, 0x40, 0x3a, 0x23, 0xf3, 0x80, 0x7c,
    0x98, 0x1, 0x70, 0x6, 0x17, 0x71, 0x8, 0x89,
    0xdd, 0x20, 0x1f, 0x8e, 0xdb, 0x50, 0x3, 0xd9,
    0x53, 0x2a, 0xb0, 0xf, 0xf9, 0x24, 0x80, 0x3e,
    0x30, 0xc, 0x80, 0x1f, 0x95, 0xdc, 0xc8, 0x1,
    0xf9, 0x40, 0x31, 0x80, 0x7d, 0x95, 0x10, 0x9b,
    0x70, 0xf, 0xaa, 0xc0, 0x2c, 0x0, 0xf8, 0xc0,
    0x3a, 0xc0, 0x3e, 0x7f, 0x0, 0xa5, 0x80, 0x3c,
    0xa0, 0x1c, 0x20, 0x1e, 0x68, 0x40, 0x9, 0xa5,
    0x80, 0x3a, 0xb6, 0x80, 0x3f, 0xca, 0x20, 0x1c,
    0x28, 0x1, 0xe2, 0x40, 0xf, 0xf1, 0xf7, 0x37,
    0x6e, 0xe1, 0x0, 0x7f, 0xf2, 0x4, 0xce, 0x10,
    0xf, 0xfe, 0x21, 0x80, 0xc, 0x2f, 0xfb, 0xaf,
    0x70, 0xf, 0xfe, 0x18, 0x80, 0x4c, 0x80, 0x1d,
    0x0, 0x1f, 0xfc, 0x36, 0x0, 0xf, 0x0, 0x9,
    0x0, 0x22, 0x0, 0xff, 0x8b, 0xdc, 0x80, 0xe,
    0x1, 0x5d, 0x88, 0x3, 0xff, 0x89, 0x0, 0x11,
    0x0, 0x51, 0xa4, 0x1, 0xfe, 0x30, 0xf, 0xee,
    0x0, 0x84, 0x80, 0x22, 0x0, 0xf9, 0x40, 0x3f,
    0x8f, 0xc0, 0x38, 0xa8, 0x3, 0xf5, 0x0, 0x67,
    0x0, 0xca, 0x80, 0xb, 0xff, 0x6a, 0x80, 0x7c,
    0xe4, 0x1, 0x4f, 0x0, 0x46, 0x27, 0x96, 0x80,
    0x2, 0x8b, 0x0, 0xf2, 0x88, 0x2, 0x9b, 0xc0,
    0x29, 0x0, 0x1a, 0x0, 0x48, 0xea, 0x1, 0x10,
    0x0, 0xbc, 0xed, 0x42, 0x58, 0x61, 0x40, 0x3e,
    0x10, 0xc, 0x28, 0x1, 0xe, 0x20, 0x5, 0x3c,
    0xe0, 0x1f, 0x94, 0x80, 0x57, 0x4, 0x3, 0xff,
    0x90, 0x5b, 0xfd, 0x44, 0x0,

    /* U+8D25 "败" */
    0x0, 0xff, 0xe2, 0xa0, 0x80, 0x7e, 0x29, 0xbb,
    0xfa, 0x94, 0x3, 0x6d, 0xf8, 0x80, 0x7d, 0xec,
    0x89, 0xf2, 0xd1, 0x80, 0x10, 0x80, 0x54, 0x3,
    0xe2, 0x0, 0xff, 0x28, 0x3, 0x0, 0x26, 0x0,
    0xf0, 0x80, 0x42, 0x3c, 0x1, 0x8, 0x1, 0x0,
    0x2, 0x40, 0x1f, 0xec, 0xee, 0xc2, 0x1, 0x88,
    0xc0, 0x3, 0xff, 0xbb, 0xc, 0x3, 0x9b, 0x64,
    0x3, 0xd4, 0x1, 0xf8, 0x4e, 0x0, 0x3a, 0x49,
    0x8c, 0x3, 0x98, 0x3, 0xff, 0x86, 0x20, 0x13,
    0x0, 0x67, 0x10, 0x1, 0xb3, 0x40, 0x11, 0xc0,
    0x7, 0xff, 0x3, 0xe0, 0x2, 0xd9, 0x94, 0x0,
    0x54, 0x60, 0x1f, 0xfc, 0x7, 0x0, 0xc2, 0x0,
    0x20, 0x9, 0x40, 0x3f, 0xf8, 0xc6, 0x0, 0x50,
    0x8, 0x80, 0x3f, 0xf8, 0xd6, 0x0, 0xf0, 0x1,
    0x8, 0x7, 0xff, 0x6, 0x18, 0x2, 0x60, 0x2,
    0x0, 0x1c, 0x3, 0xfc, 0x20, 0x1a, 0x68, 0x0,
    0x2a, 0x24, 0x0, 0xc0, 0xf, 0x38, 0x7, 0xf2,
    0x88, 0x2, 0x58, 0x2, 0x70, 0x0, 0x80, 0x44,
    0x1, 0x38, 0x4, 0x20, 0x6, 0x0, 0x1c, 0x0,
    0xc, 0x40, 0x21, 0x1, 0x10, 0x4, 0x2a, 0x0,
    0x50, 0x4, 0x80, 0x7a, 0x80, 0x35, 0x2d, 0x60,
    0x4, 0x55, 0x14, 0x60, 0x1, 0x60, 0xe, 0x60,
    0xc, 0x94, 0xa8, 0x0, 0x51, 0x86, 0x50, 0xd,
    0x0, 0x19, 0x40, 0x3e, 0x60, 0xb, 0xbd, 0xac,
    0x3, 0x98, 0x3, 0x29, 0x80, 0x7a, 0x40, 0x6,
    0xe2, 0xa, 0xa0, 0xa, 0x60, 0x3, 0xb4, 0x80,
    0x34, 0x88, 0x2, 0x4c, 0x80, 0x16, 0x21, 0x4c,
    0x1, 0xe1, 0xc4, 0x0, 0x63, 0x0, 0xd, 0x42,
    0x40, 0x3, 0x24, 0xa0, 0x12, 0xe8, 0x80, 0x6,
    0xc8, 0xcc, 0x0, 0x1e, 0x0, 0x22, 0x0, 0x70,
    0x3, 0x45, 0x16, 0x8, 0x6, 0x32, 0x4, 0xf2,
    0x0, 0xa6, 0xb9, 0xa, 0x13, 0x1c, 0x0, 0x58,
    0xa2, 0xe4, 0x1b, 0xf6, 0x20, 0x18, 0x94, 0x2,
    0x7b, 0x30, 0xc, 0x55, 0xd0, 0x0,

    /* U+8D26 "账" */
    0x0, 0xff, 0xe0, 0x8b, 0x20, 0x7, 0xff, 0x1,
    0x7b, 0xff, 0xdc, 0x80, 0xd, 0x9b, 0x50, 0xc,
    0xb4, 0xa0, 0x1a, 0xc4, 0x3, 0xc3, 0x40, 0x3,
    0x0, 0x60, 0x4, 0x34, 0xb5, 0x40, 0x0, 0x88,
    0x3, 0xf0, 0x80, 0x80, 0x46, 0x1, 0x68, 0x4,
    0xe0, 0x1c, 0x3b, 0xb8, 0x3, 0xfe, 0x83, 0x0,
    0xa4, 0x3, 0x8c, 0xd3, 0x4, 0x1, 0xfe, 0x67,
    0x0, 0x99, 0x0, 0x3c, 0xe8, 0xa8, 0x1, 0xfc,
    0xb2, 0x1, 0x1c, 0x80, 0x7d, 0xc0, 0x2, 0x0,
    0xfe, 0xd0, 0x8, 0x78, 0x3, 0xf0, 0x80, 0x7f,
    0xf0, 0x20, 0x80, 0x14, 0x40, 0x1f, 0xfc, 0xac,
    0x6b, 0x40, 0xf, 0xfe, 0x21, 0x68, 0x4, 0xbb,
    0x89, 0x3b, 0xac, 0xb4, 0x0, 0xff, 0xe0, 0x51,
    0x80, 0x62, 0x2f, 0x1a, 0x58, 0x7, 0xff, 0x6e,
    0x8c, 0x3, 0x8, 0x6, 0x22, 0x1d, 0x0, 0x7f,
    0xf0, 0xb, 0x40, 0x25, 0xe1, 0x0, 0x16, 0xeb,
    0x14, 0x3, 0xff, 0x8e, 0xa0, 0x2, 0x10, 0xf,
    0xc6, 0x0, 0x30, 0xf, 0xf6, 0x0, 0x4e, 0x1,
    0x84, 0x0, 0x2c, 0x0, 0x62, 0x1, 0x0, 0xf9,
    0x40, 0x2d, 0x0, 0xe6, 0xa, 0x30, 0x1, 0xc1,
    0xc0, 0x7, 0xc4, 0x40, 0x2, 0x8, 0x6, 0x9f,
    0x30, 0x1, 0xa2, 0xe3, 0x0, 0x7e, 0x50, 0xa,
    0x40, 0x3d, 0xe0, 0x3, 0xbd, 0x10, 0xf, 0x8d,
    0x28, 0x2, 0x72, 0x0, 0xc2, 0xa0, 0x28, 0x5,
    0xa0, 0x1e, 0x5c, 0xb8, 0x40, 0xb, 0xc4, 0x2,
    0x80, 0x3, 0xc0, 0x0, 0xe0, 0x14, 0x3, 0xcb,
    0x0, 0x11, 0x50, 0x3, 0x18, 0x1, 0x67, 0x0,
    0x7, 0x1a, 0x0, 0xf3, 0x1b, 0x0, 0x4c, 0x4,
    0x60, 0x9, 0x20, 0x72, 0x19, 0x10, 0xe, 0x4b,
    0x90, 0x95, 0x0, 0x40, 0x13, 0xae, 0x30, 0x5,
    0xbc, 0xc1, 0xa4, 0x47, 0xdb, 0x40, 0xa, 0xb3,
    0x54, 0x1, 0x14, 0x60, 0x1f, 0x8f, 0x75, 0x4,
    0x1, 0xe3, 0x20, 0x0,

    /* U+8D44 "资" */
    0x0, 0xff, 0xec, 0x94, 0xb8, 0x7, 0xff, 0xb,
    0x7e, 0xd4, 0x3, 0xbd, 0xa2, 0xc0, 0x3f, 0xf8,
    0xc, 0x40, 0x95, 0xa8, 0x0, 0x42, 0x0, 0x26,
    0xf7, 0x5f, 0xf7, 0x62, 0x80, 0x7c, 0x54, 0x0,
    0xf0, 0xc, 0x42, 0x30, 0x4, 0x27, 0x40, 0x6,
    0xd5, 0x0, 0x9c, 0x25, 0x0, 0x3f, 0xf8, 0x24,
    0x1, 0x15, 0x61, 0x9a, 0x69, 0x80, 0x3, 0xb2,
    0x1, 0x17, 0x48, 0x4, 0xa0, 0x1c, 0x79, 0xaa,
    0xc0, 0x15, 0x16, 0x80, 0x44, 0x8a, 0x1, 0x48,
    0x6, 0x16, 0xbe, 0xab, 0x70, 0x94, 0x54, 0x0,
    0xd6, 0x5b, 0x1a, 0x20, 0x5, 0xce, 0x94, 0x0,
    0x7c, 0x73, 0xcd, 0x0, 0x70, 0xe0, 0x39, 0x0,
    0x16, 0x8c, 0x3, 0xac, 0x1f, 0xd8, 0x2, 0x4a,
    0x0, 0x16, 0xd2, 0x0, 0x8, 0x3, 0x8e, 0xcd,
    0xe4, 0x40, 0x23, 0xa5, 0x80, 0x9, 0x6d, 0x81,
    0x84, 0xa, 0x37, 0x10, 0x2c, 0x3, 0x2e, 0x8,
    0x3c, 0x80, 0x6e, 0x1, 0xee, 0x6b, 0x90, 0x5,
    0x60, 0x3, 0xba, 0x0, 0xcd, 0xac, 0x27, 0x40,
    0x10, 0x83, 0xcd, 0x55, 0xa6, 0x8d, 0xd5, 0x5e,
    0xbe, 0xe6, 0x10, 0x6, 0xa8, 0x65, 0x5c, 0x68,
    0xab, 0xf9, 0xa2, 0x80, 0x3c, 0x80, 0x1f, 0xfc,
    0x64, 0x0, 0xff, 0xe6, 0x88, 0x7, 0xfb, 0x7f,
    0xeb, 0xad, 0xff, 0xd4, 0x1, 0xff, 0xc2, 0x30,
    0x1, 0xdd, 0x6a, 0x80, 0x42, 0x1, 0x8, 0x7,
    0x88, 0x2, 0x10, 0x4, 0x0, 0x5a, 0x1, 0x28,
    0x4, 0xa0, 0x1e, 0x81, 0x8, 0x0, 0x4a, 0x0,
    0x57, 0xe, 0x83, 0x6a, 0xd4, 0x1, 0xe4, 0xef,
    0x75, 0xd6, 0x0, 0xa2, 0xf, 0x17, 0xfe, 0xc8,
    0x10, 0xf, 0x12, 0xd7, 0x51, 0x0, 0x4c, 0xea,
    0x1, 0x92, 0x7b, 0x1c, 0x40, 0x15, 0xfb, 0x4a,
    0x20, 0x1a, 0x24, 0x2c, 0xc0, 0x3c, 0x71, 0xa0,
    0xaa, 0x0, 0xf9, 0x75, 0xc0, 0xb, 0x9d, 0x26,
    0x1, 0xc8, 0xc, 0x1, 0xc9, 0x3d, 0x44, 0x1,
    0xc2, 0xd9, 0xb0, 0x40, 0x9, 0x3, 0xb8, 0x9c,
    0xfb, 0x61, 0x0, 0xff, 0x13, 0xed, 0xe8, 0x80,

    /* U+8DB3 "足" */
    0x0, 0xc5, 0x5b, 0xbf, 0xfc, 0x4c, 0x50, 0xf,
    0xa5, 0x48, 0xbf, 0xf8, 0x87, 0x42, 0x1, 0xe5,
    0x0, 0xff, 0xe3, 0x90, 0x7, 0xff, 0x39, 0xc0,
    0x3f, 0xdb, 0xff, 0xfe, 0xd0, 0xf, 0xfe, 0x71,
    0x80, 0x7f, 0xf3, 0x8c, 0x3, 0xff, 0x87, 0xbf,
    0xff, 0xed, 0x0, 0xff, 0xe9, 0xb8, 0x7, 0x94,
    0x3, 0xff, 0x8e, 0x40, 0x1e, 0x95, 0x22, 0xf0,
    0x6, 0x12, 0x2e, 0x4a, 0x10, 0xf, 0x15, 0x6e,
    0xf8, 0x3, 0x6e, 0xfa, 0xd4, 0x3, 0xf1, 0xcb,
    0x80, 0x7f, 0xf3, 0x35, 0xa2, 0x80, 0x3e, 0x70,
    0xf, 0xfe, 0x11, 0x88, 0x1, 0xc0, 0x3e, 0xbf,
    0xff, 0xa4, 0x3, 0xca, 0x1, 0x8, 0x7, 0xff,
    0xd, 0x88, 0x3, 0xb4, 0x2, 0x20, 0xf, 0xfe,
    0x21, 0x80, 0x61, 0x40, 0x8, 0x5c, 0x3, 0xc6,
    0x89, 0xe5, 0xb1, 0x0, 0xcc, 0x1, 0xd0, 0xc0,
    0x1d, 0xf7, 0x7e, 0xa4, 0x0, 0xe9, 0x0, 0xf4,
    0xd0, 0x7, 0xff, 0x15, 0xc4, 0x0, 0x2c, 0x1,
    0x28, 0x6, 0x70, 0xf, 0xf8, 0xe0, 0x2, 0x99,
    0x30, 0x7, 0xd7, 0xfd, 0xdf, 0x50, 0x2, 0xc0,
    0x21, 0x60, 0x99, 0x0, 0x7e, 0x11, 0xf9, 0x5c,
    0x28, 0x2, 0x81, 0x0, 0x37, 0x38, 0x80, 0x7f,
    0xf0, 0xcb, 0x1e, 0xd8, 0x3, 0xc, 0x75, 0xc2,
    0x98, 0x80, 0x7c, 0x8c, 0x0, 0x38, 0x40, 0xf,
    0xc8, 0xf5, 0x9d, 0xff, 0xf5, 0x88,

    /* U+8F7B "轻" */
    0x0, 0xe7, 0x83, 0x0, 0xff, 0xe5, 0xbc, 0x3e,
    0x0, 0x71, 0xcd, 0x52, 0xef, 0x65, 0x38, 0x80,
    0x7a, 0xc0, 0x22, 0x0, 0x87, 0x19, 0x54, 0x89,
    0x8d, 0x63, 0x8c, 0x0, 0xdd, 0xe6, 0x1, 0x6f,
    0xf9, 0x8c, 0x3, 0xff, 0x80, 0x80, 0x8, 0x10,
    0xf, 0xd0, 0x4c, 0x1, 0xff, 0x10, 0x0, 0xc0,
    0x3f, 0x8c, 0x27, 0xff, 0x9c, 0x3, 0xa, 0x80,
    0x3d, 0x40, 0x32, 0x24, 0xde, 0x1, 0xe7, 0x70,
    0x6, 0xa0, 0x8, 0xa8, 0x40, 0xb, 0x77, 0x49,
    0x0, 0x75, 0x40, 0x6, 0x74, 0x0, 0xc6, 0x20,
    0xd, 0xab, 0x20, 0xe, 0x3d, 0x50, 0xc, 0xb0,
    0x1, 0xd4, 0x1, 0x62, 0xa4, 0x80, 0x43, 0x38,
    0x40, 0x1e, 0x20, 0xe, 0x60, 0x2, 0xb0, 0x1,
    0x40, 0x7, 0xec, 0x1, 0xf2, 0xed, 0x8, 0x2,
    0x0, 0x22, 0x30, 0x8, 0xc3, 0x44, 0x3, 0xfc,
    0xbc, 0x20, 0xc0, 0x13, 0x88, 0x0, 0x72, 0x4,
    0x3, 0x1e, 0xf3, 0x0, 0x62, 0x10, 0x80, 0xf,
    0xe3, 0x50, 0x1, 0x4e, 0x10, 0xce, 0xa0, 0x3,
    0x80, 0xc, 0x60, 0x1f, 0xb6, 0x98, 0xd3, 0xe6,
    0x75, 0x91, 0x18, 0xc0, 0x2f, 0xcd, 0xd1, 0x0,
    0x7, 0xd8, 0x98, 0xd9, 0xbf, 0x13, 0x40, 0x4,
    0x66, 0x22, 0x0, 0x79, 0x80, 0x3f, 0xf8, 0x2,
    0x1, 0xe2, 0x30, 0x0, 0xe2, 0x21, 0x40, 0x3f,
    0xc5, 0x40, 0x3, 0xbe, 0xfd, 0x10, 0x8, 0xe8,
    0x2b, 0xfe, 0x20, 0xa, 0xbf, 0xda, 0x60, 0xd,
    0x41, 0x0, 0xf8, 0xc0, 0x38, 0x40, 0x21, 0x0,
    0xff, 0xe1, 0xa7, 0x0, 0x7f, 0xf1, 0x20, 0x40,
    0xd8, 0x40, 0x3, 0x66, 0x1, 0xff, 0xc4, 0x6e,
    0xfc, 0x93, 0x0, 0xe8, 0xbc, 0xc8, 0xc0, 0x29,
    0xcc, 0x5c, 0x90, 0x7, 0xfc, 0xee, 0x43, 0x38,
    0x3, 0x11, 0x99, 0x1b, 0x80, 0x3f, 0x8c, 0x3c,
    0x3, 0xff, 0x84, 0x20, 0x1e, 0x60, 0x3, 0x4,
    0x98, 0x7, 0xff, 0x0, 0xa4, 0x3, 0xd0, 0x22,
    0xf0, 0x1c, 0xff, 0xff, 0xe0, 0x6a, 0x0,

    /* U+8F93 "输" */
    0x0, 0xff, 0xea, 0x1a, 0x80, 0x7f, 0xf0, 0x19,
    0xc4, 0x3, 0xfc, 0x79, 0x56, 0x1, 0xfe, 0x99,
    0x46, 0x8, 0x7, 0xf5, 0x80, 0x10, 0x3, 0xf1,
    0x63, 0x0, 0xa, 0x0, 0x3e, 0x4a, 0x60, 0xb,
    0x29, 0x40, 0x33, 0x69, 0x80, 0x66, 0xa0, 0xe,
    0x1b, 0x51, 0x0, 0x8d, 0x68, 0xc0, 0xae, 0x40,
    0x22, 0x0, 0x97, 0x8, 0x3, 0xff, 0x83, 0x75,
    0xa8, 0x1, 0x3e, 0xd8, 0x4, 0x7b, 0x22, 0x2,
    0xe2, 0x1, 0x8, 0xc0, 0xea, 0x1, 0x9a, 0xcd,
    0xe8, 0x40, 0x26, 0xd0, 0x4, 0x40, 0x0, 0x5d,
    0xd7, 0xa0, 0x7, 0x36, 0x65, 0x42, 0x1, 0x88,
    0x2, 0xc0, 0x2, 0xb3, 0x80, 0x2c, 0x40, 0x3f,
    0xf8, 0x52, 0x1, 0x20, 0x0, 0x66, 0x24, 0x1,
    0x94, 0x62, 0x1, 0xf0, 0x94, 0xeb, 0x80, 0xc,
    0x40, 0x40, 0x25, 0x0, 0x12, 0xf6, 0x6e, 0xbb,
    0xff, 0x76, 0xbb, 0x80, 0x2a, 0x0, 0x11, 0x0,
    0x2, 0x40, 0xbf, 0xbb, 0xba, 0x80, 0xa, 0x21,
    0x95, 0x40, 0x26, 0x0, 0x1a, 0x0, 0xb, 0x46,
    0x40, 0x3c, 0xa5, 0x54, 0xf2, 0x20, 0x20, 0x11,
    0x0, 0x3f, 0x11, 0x0, 0x6, 0x60, 0x9, 0x90,
    0x5, 0x80, 0x3a, 0x40, 0x3f, 0x10, 0x5, 0x50,
    0x20, 0x10, 0x80, 0x4, 0x3, 0x92, 0x26, 0x90,
    0x0, 0x5a, 0x20, 0x14, 0xd8, 0x80, 0x7f, 0xf0,
    0x5d, 0x94, 0x80, 0x2, 0x40, 0x1f, 0xfc, 0xb2,
    0x0, 0x1d, 0x88, 0x4, 0xac, 0x1, 0xff, 0xc1,
    0x2a, 0xef, 0x40, 0x9, 0x24, 0x2, 0x31, 0x0,
    0xff, 0xe0, 0xf2, 0x88, 0x7, 0xf9, 0x9c, 0x3,
    0xff, 0x93, 0x10, 0x0, 0xfe, 0x20, 0x0, 0x80,
    0x74, 0x11, 0x14, 0x80, 0x6, 0xe0, 0x1a, 0x68,
    0x40, 0x2b, 0x16, 0x60, 0x7, 0x26, 0xea, 0x90,
    0x3, 0xf2, 0x29, 0x80, 0x4d, 0xd2, 0xc0, 0x1f,
    0xfc, 0x67, 0xd2, 0x0, 0x38, 0x47, 0xd8, 0x7,
    0xff, 0x18, 0x88, 0x1, 0x18, 0x30, 0x6, 0x40,
    0xf, 0x70, 0x1, 0x80, 0x4, 0x0, 0x7a, 0x65,
    0xa0, 0x4, 0x8, 0x13, 0xd0, 0x7, 0x98, 0x86,
    0x40, 0x12, 0x2e, 0xb, 0x34, 0xa0, 0x6, 0xef,
    0xd8, 0x0, 0x0,

    /* U+8FD1 "近" */
    0x0, 0xff, 0xf2, 0x1b, 0xca, 0x0, 0x62, 0xde,
    0x60, 0xf, 0x1a, 0xb3, 0xc4, 0xde, 0xfe, 0x43,
    0x59, 0x0, 0x50, 0x43, 0x2c, 0x1, 0xa3, 0x2a,
    0x61, 0xd9, 0x8, 0x3, 0x98, 0x2, 0xd0, 0xa,
    0x54, 0x2, 0x70, 0xf, 0xfe, 0x1, 0xa0, 0x4,
    0xe6, 0x1, 0x51, 0x0, 0x7e, 0x12, 0x34, 0x67,
    0xbc, 0x0, 0xed, 0x10, 0x8, 0x40, 0x3d, 0xbf,
    0xdb, 0x97, 0x30, 0x80, 0x1e, 0x1a, 0x2, 0xb3,
    0x0, 0xff, 0xe5, 0x27, 0xea, 0x0, 0x7c, 0x8a,
    0xbf, 0x90, 0x80, 0x3f, 0xf8, 0x93, 0x55, 0xfa,
    0xf6, 0x40, 0x3f, 0xf9, 0xce, 0x7, 0x9f, 0xf6,
    0xa0, 0x0, 0x40, 0x3f, 0xf8, 0x68, 0x12, 0x60,
    0x11, 0x48, 0x0, 0xc0, 0x34, 0x4c, 0x88, 0x2,
    0x69, 0x95, 0xd0, 0x7, 0xc4, 0x0, 0x60, 0x8,
    0x5d, 0x9a, 0x0, 0xb5, 0x98, 0x80, 0x8, 0x30,
    0xf, 0x88, 0x2, 0x30, 0xf, 0xfe, 0x9, 0x67,
    0x80, 0x7b, 0x80, 0x26, 0x0, 0xff, 0xe5, 0x18,
    0x4, 0x40, 0x1f, 0xfc, 0xa5, 0x0, 0xbc, 0x3,
    0xff, 0x92, 0x62, 0x1, 0x28, 0x7, 0xff, 0x26,
    0xc0, 0x31, 0x80, 0x7f, 0xf2, 0x78, 0x2, 0x70,
    0xc, 0x20, 0x13, 0x80, 0x78, 0x64, 0x3, 0x3b,
    0x49, 0xb4, 0x0, 0x6f, 0x0, 0x11, 0x80, 0x72,
    0x73, 0x0, 0x68, 0xd0, 0xe9, 0x0, 0xe5, 0xdb,
    0xd0, 0x12, 0x30, 0x4, 0x80, 0x7c, 0x53, 0xbf,
    0xdb, 0x99, 0x6f, 0xd7, 0xfb, 0xb7, 0x1c, 0xc,
    0x0, 0x54, 0xe0, 0x1e, 0x12, 0x33, 0x88, 0x82,
    0x1, 0xda, 0x1a, 0x65, 0xeb, 0x1c, 0xc0, 0x1f,
    0xfc, 0x73, 0xcd, 0x20, 0x0, 0xcf, 0x4b, 0x19,
    0x8, 0x7, 0xf8, 0xa4, 0x3, 0xf8, 0x5a, 0x73,
    0x7b, 0xff, 0xf7, 0x73, 0x4c,

    /* U+8FD8 "还" */
    0x0, 0xff, 0xea, 0x8b, 0x18, 0x7, 0xff, 0x3b,
    0x27, 0x1c, 0x3, 0x11, 0x9f, 0xff, 0x0, 0x80,
    0x3c, 0x84, 0x0, 0x86, 0x0, 0x6e, 0xb3, 0x3f,
    0xf8, 0x1b, 0xe8, 0x1, 0x90, 0x40, 0x29, 0x45,
    0x20, 0xf, 0xfe, 0x1f, 0x80, 0x76, 0x80, 0x6e,
    0x10, 0xf, 0xfe, 0x21, 0x0, 0x71, 0xc8, 0x0,
    0xed, 0x20, 0xc8, 0xb0, 0x7, 0x11, 0x46, 0xb0,
    0x1, 0xe6, 0x8b, 0xc1, 0x7, 0xcd, 0xda, 0xc0,
    0x34, 0x6e, 0xd9, 0x42, 0x1, 0xf3, 0xa0, 0x7,
    0xc5, 0x20, 0x10, 0xb8, 0x7, 0xff, 0x2b, 0x80,
    0x32, 0x80, 0x7f, 0x97, 0x7f, 0xec, 0x30, 0xe,
    0x93, 0x0, 0xff, 0xe1, 0xd1, 0x0, 0x47, 0xe0,
    0x19, 0xd8, 0x3, 0xd5, 0xd2, 0x1, 0xff, 0xc1,
    0x20, 0x9, 0xe0, 0x3, 0xc8, 0xa2, 0xd6, 0x1,
    0xe9, 0x0, 0xfd, 0x50, 0x1, 0xff, 0x26, 0x0,
    0x73, 0x7e, 0x0, 0x76, 0xa8, 0x6, 0x40, 0x9,
    0xc, 0x2, 0x3c, 0x10, 0xe, 0x10, 0xc, 0xa4,
    0x1, 0xac, 0xc0, 0x36, 0x90, 0x4, 0x74, 0x1,
    0xfe, 0x60, 0xd, 0x48, 0x1, 0xc3, 0x82, 0x1,
    0x60, 0x7, 0xf8, 0xe0, 0xa, 0xd4, 0x3, 0xe1,
    0xc1, 0x9, 0x70, 0xf, 0xf9, 0xff, 0x50, 0x3,
    0xf8, 0xb3, 0x98, 0x3, 0xff, 0x9c, 0x42, 0x1,
    0xf0, 0x80, 0x42, 0x1, 0xf7, 0x80, 0x42, 0x1,
    0xff, 0x3e, 0x0, 0x69, 0x10, 0xe, 0x40, 0xb,
    0xc0, 0x3f, 0xd5, 0x0, 0x1c, 0xdd, 0x4a, 0x40,
    0x3, 0xda, 0xc5, 0x0, 0x84, 0x91, 0x0, 0x3,
    0x50, 0xf, 0xcb, 0x5b, 0xfd, 0xbf, 0x1d, 0xbd,
    0xfe, 0xed, 0xbb, 0x8, 0x8, 0x4, 0x57, 0x22,
    0x1, 0xe1, 0x22, 0xe1, 0x0, 0xf1, 0x1, 0x61,
    0x9b, 0xd1, 0xbd, 0xc0, 0x3f, 0xf9, 0x27, 0x98,
    0x20, 0x0, 0xc7, 0x42, 0x8, 0x7, 0xff, 0x0,
    0x5c, 0xc0, 0x3f, 0xc2, 0xf7, 0xdf, 0xdb, 0x99,
    0xb7, 0x5d, 0xcf, 0xe8, 0x0,

    /* U+8FD9 "这" */
    0x0, 0xff, 0xef, 0x36, 0x48, 0x7, 0xff, 0x1,
    0x8c, 0x3, 0xfa, 0xa4, 0xda, 0x40, 0x3f, 0xd9,
    0x39, 0x0, 0x1f, 0x8c, 0x2, 0x61, 0x0, 0xfc,
    0x26, 0x0, 0x79, 0x0, 0xfb, 0x40, 0x33, 0x80,
    0x7e, 0x13, 0x0, 0x99, 0x8b, 0xdf, 0xfa, 0xc0,
    0x34, 0xff, 0xf6, 0x8, 0x3, 0x84, 0x2, 0xe8,
    0x10, 0xf, 0xfe, 0x19, 0xb0, 0x0, 0xb4, 0x1,
    0x10, 0x10, 0xf, 0xfe, 0x29, 0x0, 0x47, 0xbc,
    0xe1, 0xcc, 0x89, 0xf8, 0xc0, 0x31, 0xac, 0x28,
    0x6, 0x21, 0x0, 0x14, 0xf3, 0x95, 0x5d, 0xe9,
    0x0, 0x87, 0x29, 0xc0, 0x3f, 0xea, 0x36, 0xf5,
    0x0, 0xa4, 0x2, 0x90, 0xe, 0x18, 0xbb, 0xa0,
    0x40, 0x2, 0x0, 0x1a, 0xa0, 0xa9, 0x80, 0x4c,
    0x1, 0xd4, 0xe8, 0x93, 0xd8, 0x3, 0x44, 0x2,
    0x5f, 0xb0, 0x9, 0x84, 0x3, 0x9c, 0x3, 0x90,
    0x0, 0x7e, 0x80, 0x10, 0x88, 0x2, 0x80, 0xf,
    0x48, 0x80, 0x7e, 0x1b, 0x80, 0xf, 0x38, 0x80,
    0x79, 0x7b, 0xc0, 0x3f, 0x9d, 0x0, 0x39, 0xd8,
    0x3, 0xff, 0x8a, 0x36, 0x80, 0x1e, 0x9a, 0x0,
    0xff, 0xe1, 0xaf, 0xa0, 0x7, 0xe5, 0xd2, 0x0,
    0xff, 0x9f, 0xa8, 0x40, 0x22, 0xda, 0x0, 0xc5,
    0xe0, 0x1f, 0xe2, 0x81, 0x0, 0xcb, 0x84, 0xba,
    0x40, 0x11, 0x0, 0x7f, 0x9, 0xb8, 0x4, 0x35,
    0x41, 0x0, 0x16, 0x18, 0x1, 0x80, 0x32, 0xe8,
    0x6, 0xff, 0x8, 0xa3, 0x94, 0x3, 0x87, 0x1a,
    0x24, 0x2, 0x7a, 0x20, 0xc, 0x30, 0x2e, 0x46,
    0x42, 0x1, 0x8, 0x8a, 0x8d, 0x9c, 0x42, 0x0,
    0x3f, 0x9a, 0xb3, 0x7b, 0xfe, 0xee, 0x6e, 0x5c,
    0xc3, 0x2, 0x0, 0x55, 0x8a, 0x1, 0xff, 0xc6,
    0xd0, 0xa5, 0x3b, 0x53, 0xac, 0x40, 0xf, 0xfe,
    0x21, 0x0, 0xd6, 0x20, 0x4, 0x77, 0x90, 0xa6,
    0x20, 0x1f, 0x9, 0x1b, 0x48,

    /* U+8FDB "进" */
    0x0, 0xff, 0xe9, 0x16, 0x6a, 0x0, 0x7d, 0x3f,
    0xe4, 0x0, 0x1f, 0x7c, 0x80, 0x7d, 0x6, 0x56,
    0xe0, 0x1c, 0x2c, 0x0, 0xf0, 0x4, 0x8, 0x30,
    0x80, 0x78, 0x80, 0x28, 0x70, 0xc, 0x40, 0x13,
    0x0, 0x18, 0x2, 0x20, 0xf, 0x41, 0x80, 0x50,
    0x60, 0x3, 0x50, 0x8, 0xd1, 0x6, 0x1, 0x21,
    0x80, 0x7b, 0x48, 0x0, 0x24, 0x3d, 0x92, 0x1,
    0xd, 0xd8, 0x40, 0x28, 0xcc, 0x0, 0x70, 0xf9,
    0x2f, 0x8b, 0x88, 0x7, 0xff, 0x8, 0xc8, 0x3,
    0x8b, 0x68, 0x40, 0x80, 0x3f, 0xf8, 0x84, 0x1,
    0xfe, 0x4a, 0x64, 0x0, 0xca, 0xa0, 0xc, 0x8d,
    0x80, 0x1f, 0xfc, 0x5, 0x98, 0x0, 0x8e, 0xa8,
    0x40, 0x14, 0x49, 0x80, 0x45, 0x37, 0x97, 0x24,
    0x1, 0xff, 0xc9, 0xe6, 0x43, 0x46, 0xe0, 0x8,
    0x58, 0x3, 0x8, 0x80, 0x33, 0x8, 0x6, 0x10,
    0xe, 0x30, 0x3e, 0xe5, 0x0, 0x47, 0xdc, 0x20,
    0xa, 0xbb, 0x88, 0x0, 0x81, 0x0, 0xf4, 0x88,
    0x7, 0xff, 0x8, 0x7c, 0x0, 0xbd, 0xe0, 0x1c,
    0x60, 0x1f, 0xfc, 0x41, 0x0, 0xff, 0x43, 0x18,
    0x6, 0x23, 0x30, 0x6, 0x23, 0x6b, 0x0, 0xff,
    0xc, 0xc0, 0x6, 0xdc, 0xc1, 0x0, 0x5d, 0x92,
    0x20, 0x1f, 0xfc, 0xf, 0x0, 0x8c, 0x3, 0xff,
    0x94, 0xc8, 0x1, 0x58, 0x7, 0xff, 0x2b, 0x0,
    0x33, 0x0, 0x42, 0x1, 0xfe, 0x1a, 0x0, 0xce,
    0x10, 0x1, 0x38, 0x80, 0x4a, 0x1, 0x18, 0x7,
    0x27, 0x28, 0x6, 0x8e, 0xa9, 0x6a, 0x80, 0xd,
    0x30, 0xd8, 0x24, 0x62, 0x0, 0xa0, 0xf, 0x85,
    0xe5, 0xaf, 0x75, 0x98, 0xdd, 0x4b, 0x67, 0x6e,
    0x40, 0x7, 0x14, 0xb8, 0x7, 0x84, 0x88, 0x66,
    0x22, 0x8, 0x7, 0x28, 0x3, 0x48, 0x9e, 0xd1,
    0xcc, 0x1, 0xff, 0xc8, 0x3d, 0xd1, 0x0, 0x6,
    0x7a, 0x58, 0xc8, 0x40, 0x3f, 0xc3, 0x0, 0x1f,
    0xe1, 0x69, 0xcd, 0xef, 0xff, 0xdd, 0xd2, 0x0,

    /* U+8FDE "连" */
    0x0, 0xff, 0xeb, 0x18, 0x7, 0xf3, 0x30, 0x40,
    0x3f, 0xf8, 0x7b, 0x9a, 0x20, 0x1e, 0x99, 0xb8,
    0xc0, 0x3f, 0xf8, 0x2a, 0x40, 0x5a, 0x1, 0x9,
    0xa3, 0x0, 0x54, 0x67, 0xe2, 0x0, 0xf2, 0x0,
    0x47, 0x40, 0xfd, 0x96, 0x1, 0x9b, 0x33, 0xdb,
    0xc2, 0x1, 0x86, 0x40, 0x25, 0x4b, 0x0, 0xff,
    0xe1, 0x8a, 0x0, 0x73, 0x20, 0x0, 0x5a, 0xc0,
    0x3f, 0xf8, 0x62, 0x80, 0x1e, 0xa4, 0x7f, 0x27,
    0xe5, 0x0, 0x8a, 0xf2, 0xaf, 0x33, 0xb8, 0x40,
    0x3c, 0x37, 0x2, 0x1, 0x28, 0x5, 0x29, 0x54,
    0xbb, 0x19, 0xe0, 0xf, 0xfe, 0x14, 0x0, 0x46,
    0x80, 0xc0, 0x7, 0x0, 0xfe, 0x2a, 0xbc, 0xb8,
    0x10, 0x46, 0x0, 0x8b, 0x34, 0x3, 0x66, 0x2e,
    0x0, 0x3b, 0xd5, 0xd, 0x1e, 0x1, 0x80, 0x30,
    0x99, 0x0, 0x63, 0x32, 0x3b, 0x0, 0x63, 0x0,
    0xe5, 0x2, 0x60, 0xf, 0xfe, 0x10, 0x80, 0x6b,
    0x20, 0xc, 0x20, 0x9, 0x0, 0xff, 0xe0, 0xa3,
    0x0, 0x65, 0xde, 0x0, 0xfb, 0x7b, 0xfe, 0xd0,
    0xd, 0xdf, 0xeb, 0x10, 0xf, 0xfe, 0x9, 0xa,
    0xa2, 0x4e, 0x1, 0x91, 0x23, 0x0, 0xff, 0xe0,
    0xde, 0xe5, 0xde, 0xa0, 0xd, 0x57, 0x6c, 0xf3,
    0x0, 0xff, 0xa, 0x0, 0x7f, 0xf1, 0x28, 0x3,
    0xfc, 0x22, 0x0, 0xff, 0xe2, 0x78, 0x7, 0xfd,
    0xf0, 0xef, 0xcc, 0x1, 0x99, 0xde, 0xa6, 0x0,
    0xff, 0x85, 0xe2, 0x3c, 0x1, 0xa6, 0x22, 0x50,
    0xe, 0x5c, 0x0, 0x8a, 0x0, 0x3e, 0x10, 0x8,
    0x40, 0x3f, 0xaa, 0x84, 0x1, 0x9f, 0xe5, 0x4,
    0x3, 0x59, 0x9a, 0x80, 0x2, 0x68, 0x40, 0x4,
    0x50, 0xf, 0xcd, 0x7d, 0xfd, 0xba, 0x91, 0x2a,
    0xff, 0x76, 0x5f, 0x0, 0x78, 0xa1, 0x40, 0x3e,
    0x12, 0x2c, 0x22, 0x0, 0xe2, 0x0, 0x24, 0x0,
    0xfb, 0xd6, 0x20, 0x7, 0xff, 0x25, 0xff, 0x88,
    0x0, 0x77, 0x8c, 0x60, 0x1f, 0xfc, 0x12, 0xa0,
    0xf, 0xf8, 0xe7, 0x3f, 0xb7, 0x59, 0x96, 0xed,
    0xdf, 0xed, 0x40,

    /* U+9000 "退" */
    0x0, 0xff, 0xe0, 0x88, 0xff, 0x80, 0x3e, 0x1a,
    0x91, 0x0, 0xe8, 0xfe, 0xef, 0xf8, 0xc0, 0x3a,
    0x95, 0xbc, 0xc0, 0x21, 0x70, 0xf, 0xf8, 0x60,
    0x3, 0x9c, 0x0, 0x38, 0x60, 0x2, 0x0, 0xff,
    0xe0, 0xb0, 0x7, 0x40, 0x6, 0xd0, 0xf, 0xb7,
    0x7b, 0x0, 0x3f, 0x92, 0x80, 0x23, 0x0, 0xfb,
    0x33, 0xb4, 0x3, 0xfc, 0xb0, 0xd, 0x80, 0x1f,
    0x8, 0xf8, 0x3, 0xfe, 0x7f, 0x91, 0x0, 0xff,
    0xeb, 0xf, 0xff, 0x68, 0x7, 0xff, 0x24, 0x7b,
    0xbb, 0x0, 0x3f, 0x2e, 0xff, 0xd8, 0x40, 0x1f,
    0x8, 0xf8, 0x3, 0xf5, 0x90, 0x4, 0x72, 0x1,
    0xff, 0xc9, 0x30, 0xe, 0x50, 0xf, 0xae, 0xd0,
    0x71, 0x76, 0x70, 0x23, 0x0, 0xb9, 0x8, 0x3,
    0xfc, 0x28, 0xb0, 0x70, 0x66, 0x70, 0x6, 0x80,
    0x47, 0x7a, 0x1, 0xff, 0xc0, 0x30, 0xa, 0x20,
    0x1, 0x28, 0x7, 0xff, 0x18, 0xa8, 0x3, 0xcf,
    0x60, 0x1f, 0xfc, 0x7, 0x0, 0xc2, 0x6f, 0x82,
    0x1, 0xd, 0x0, 0x7f, 0xf0, 0x70, 0x2, 0x1e,
    0xcd, 0x5c, 0x10, 0x0, 0xe9, 0x80, 0x7f, 0xc6,
    0xe0, 0x1f, 0x69, 0x79, 0x0, 0x58, 0x20, 0x1f,
    0xe1, 0x0, 0xfd, 0xe0, 0x38, 0x40, 0x3, 0x10,
    0xc, 0x20, 0x10, 0xa9, 0x30, 0x0, 0x56, 0x2f,
    0xd0, 0x0, 0x38, 0x6f, 0x80, 0x1a, 0x38, 0x3,
    0x56, 0xfc, 0xf7, 0x29, 0xd0, 0x3, 0x87, 0x20,
    0x3, 0x4b, 0x80, 0x78, 0xa6, 0x2e, 0x1d, 0xcc,
    0xc7, 0x74, 0x42, 0x6a, 0xf2, 0x40, 0xe, 0x1,
    0x1b, 0x98, 0x4, 0x2a, 0xf1, 0x9, 0x94, 0x41,
    0xdc, 0xca, 0x86, 0xc0, 0x6, 0x0, 0x3e, 0x46,
    0x59, 0x80, 0x7f, 0xf1, 0xe3, 0x2e, 0x0, 0x24,
    0xcc, 0x31, 0x80, 0x7f, 0xf0, 0xa, 0x80, 0x23,
    0x40, 0xf, 0x1c, 0xe7, 0xfb, 0xb7, 0x77, 0x75,
    0xfe, 0xd5, 0x0,

    /* U+9009 "选" */
    0x0, 0xff, 0xe2, 0xb4, 0x10, 0x7, 0xf8, 0xae,
    0x44, 0x3, 0x96, 0x10, 0x0, 0xf2, 0xfa, 0x1,
    0xfe, 0xf4, 0x6f, 0x30, 0x8, 0x69, 0xee, 0x43,
    0x0, 0x23, 0x0, 0xfe, 0x30, 0x0, 0xe1, 0x80,
    0x18, 0x2, 0x47, 0x50, 0xa, 0x9d, 0xcc, 0x80,
    0x1d, 0x0, 0x1b, 0x80, 0x12, 0x1, 0x14, 0x8,
    0x4, 0xd1, 0x9, 0xb8, 0x0, 0xcd, 0x0, 0x13,
    0x83, 0x88, 0x7, 0xff, 0x8, 0xc0, 0x39, 0xd8,
    0x62, 0x8a, 0x0, 0x3f, 0xf8, 0x22, 0x70, 0x1,
    0xe9, 0xe7, 0x0, 0xe2, 0xff, 0x8c, 0x2, 0xbf,
    0xf7, 0x61, 0x80, 0x7f, 0x8a, 0x80, 0x1c, 0x1,
    0xff, 0xcc, 0x58, 0x66, 0x2a, 0xc2, 0x1, 0x62,
    0xae, 0x30, 0xf, 0xfb, 0x61, 0xaa, 0xb1, 0x0,
    0x4f, 0x55, 0xb2, 0x40, 0xb, 0xdf, 0xf6, 0x99,
    0x10, 0x3, 0xff, 0x88, 0x80, 0x9, 0x10, 0x8,
    0xbc, 0x94, 0x3, 0xff, 0x89, 0x60, 0x7, 0x0,
    0xe2, 0xa, 0xfe, 0xe0, 0x6, 0xc6, 0x0, 0xa3,
    0xb9, 0xec, 0x0, 0xa7, 0x40, 0xf, 0x85, 0x40,
    0x21, 0x30, 0xc, 0x23, 0x0, 0x61, 0x8b, 0x0,
    0xfd, 0xe0, 0x12, 0x0, 0x70, 0x81, 0x10, 0x3,
    0xff, 0x82, 0xc8, 0x1, 0x70, 0x7, 0x8b, 0x76,
    0x0, 0xff, 0x9a, 0x40, 0x22, 0x40, 0xf, 0x38,
    0x0, 0x8c, 0x3, 0xfa, 0x64, 0x1, 0xa4, 0x0,
    0x20, 0x14, 0x50, 0x7, 0xff, 0x1a, 0x10, 0x1,
    0xa0, 0x1f, 0x9, 0x80, 0x7c, 0x2d, 0x40, 0x14,
    0x38, 0x4, 0x82, 0x1, 0xeb, 0x0, 0xd0, 0x1,
    0xa7, 0xe6, 0x5c, 0xe0, 0x18, 0x7d, 0xd5, 0x10,
    0xb6, 0xa0, 0x2, 0xd7, 0x0, 0xe3, 0x9e, 0x30,
    0xf, 0xd, 0xe8, 0x3b, 0xa8, 0xc0, 0x1c, 0x40,
    0x10, 0xa0, 0x4, 0xfb, 0xfd, 0xb9, 0x8d, 0xfc,
    0x84, 0x32, 0x1b, 0x0, 0x58, 0x4, 0xbd, 0x78,
    0x40, 0x18, 0x48, 0xcc, 0x40, 0x1f, 0xe7, 0x70,
    0xbd, 0x0, 0xf, 0x58, 0x3, 0xff, 0x84, 0x54,
    0x1, 0x47, 0x40, 0x7, 0x4e, 0xc2, 0x90, 0x80,
    0x62, 0x46, 0xae, 0xd2, 0x0,

    /* U+90E8 "部" */
    0x0, 0xff, 0xea, 0xd7, 0xf0, 0x7, 0xff, 0x2d,
    0x94, 0x5, 0x80, 0x3c, 0x77, 0xbd, 0xcf, 0xfb,
    0x54, 0x3, 0xfd, 0x40, 0x1e, 0xc4, 0x21, 0x10,
    0x4, 0x54, 0x21, 0x3d, 0xfe, 0x90, 0x8, 0xff,
    0xdd, 0x40, 0x60, 0x1f, 0xe3, 0x46, 0x10, 0xf,
    0xe1, 0x55, 0x0, 0x7f, 0x84, 0x98, 0x3, 0xff,
    0x82, 0x20, 0x1a, 0xbe, 0x40, 0x27, 0x2, 0xb6,
    0x30, 0x35, 0x5c, 0x0, 0x6a, 0x40, 0xf, 0x68,
    0x5, 0xa0, 0x4, 0xa3, 0x2, 0xaa, 0x80, 0x21,
    0x50, 0xf, 0x90, 0x0, 0x28, 0x1, 0x28, 0x0,
    0x50, 0x0, 0xa0, 0x3, 0x0, 0xf8, 0xc0, 0x26,
    0x0, 0xc8, 0x1, 0x38, 0x30, 0x5, 0xa0, 0x1f,
    0x58, 0x5, 0x40, 0x1, 0x8b, 0x0, 0xa6, 0xa0,
    0x2, 0xc8, 0x20, 0xe, 0x40, 0x2, 0x10, 0x3,
    0x5d, 0x80, 0x25, 0x50, 0x80, 0x4a, 0xfe, 0x1,
    0xff, 0xc0, 0x20, 0xf, 0xfe, 0x9, 0x0, 0x75,
    0x0, 0x11, 0x80, 0x10, 0x20, 0x1f, 0xfc, 0x8,
    0x0, 0xe6, 0x40, 0x4, 0x0, 0x1b, 0xbf, 0xff,
    0xf8, 0xe, 0x1, 0xe8, 0x0, 0xa, 0x80, 0x7f,
    0xf2, 0x8c, 0x2, 0xc0, 0x1, 0xef, 0xff, 0xf7,
    0x28, 0x7, 0xe1, 0x0, 0x28, 0x2, 0x8, 0x3,
    0xf8, 0x68, 0x3, 0xf1, 0x80, 0x4, 0x0, 0xc0,
    0x1f, 0xfc, 0x1, 0x0, 0xf0, 0x90, 0x0, 0x40,
    0x6, 0x1, 0x33, 0x70, 0x7, 0xfa, 0xbc, 0x2,
    0x70, 0xf, 0x4c, 0xf0, 0x7, 0xf1, 0x28, 0x80,
    0x5a, 0x1, 0xff, 0xc8, 0xf0, 0xc, 0x4c, 0x1,
    0xef, 0xfe, 0x0, 0xfe, 0xe2, 0x2, 0x7c, 0x0,
    0xff, 0xe4, 0x9e, 0xfe, 0xc0, 0x80, 0x46, 0x1,
    0xff, 0xc5, 0x10, 0xf, 0xc2, 0x1, 0x44, 0x70,
    0x4, 0x22, 0x20, 0x9, 0x80, 0x3f, 0x40, 0x83,
    0xbf, 0xa0, 0x89, 0x60, 0x32, 0x90, 0x40, 0x1f,
    0x0,

    /* U+914D "配" */
    0x6, 0xdf, 0xff, 0xed, 0x50, 0x49, 0xaa, 0xfa,
    0x4, 0x2, 0x92, 0x0, 0xfe, 0x28, 0x2b, 0x65,
    0x5f, 0x9f, 0x0, 0x22, 0x0, 0xff, 0x84, 0x40,
    0x1f, 0xe2, 0x0, 0xb2, 0x18, 0xc0, 0xa, 0x0,
    0x26, 0x8d, 0x35, 0x0, 0xff, 0x8, 0x0, 0x5e,
    0xd0, 0x1, 0x0, 0x4, 0x97, 0x10, 0xaf, 0xee,
    0xe2, 0x0, 0xf1, 0x6e, 0x9c, 0x1, 0xa0, 0x7,
    0xb6, 0x0, 0xc2, 0x3c, 0x1, 0xf5, 0x10, 0x7,
    0xc2, 0x92, 0x60, 0x1f, 0xfc, 0x31, 0x0, 0xff,
    0x94, 0x3, 0xff, 0x86, 0x60, 0x5, 0x20, 0x50,
    0x52, 0x0, 0x8, 0xb, 0x44, 0x71, 0x80, 0x7f,
    0x63, 0x6, 0x6, 0x8, 0x6, 0xc9, 0x77, 0xe1,
    0x0, 0xff, 0xe3, 0x89, 0x0, 0x7f, 0xf1, 0x5c,
    0xc, 0x3, 0xc6, 0x1, 0xff, 0xc6, 0x13, 0x0,
    0xff, 0x85, 0xde, 0x10, 0x8, 0x40, 0x38, 0x4f,
    0xc4, 0x20, 0xc0, 0x3e, 0x28, 0x89, 0x80, 0xc,
    0x1, 0xed, 0xc3, 0x52, 0x10, 0xf, 0xfe, 0x4,
    0x76, 0xc8, 0x7, 0xb0, 0x80, 0x77, 0xcc, 0x3,
    0xff, 0x80, 0x24, 0x1, 0xf5, 0x57, 0x88, 0x3,
    0xff, 0x92, 0x6a, 0xbc, 0x20, 0x1f, 0xfc, 0x11,
    0x10, 0x7, 0xff, 0x35, 0xbb, 0x92, 0x1, 0xd1,
    0xdd, 0xc6, 0x1, 0xff, 0xc0, 0xc0, 0x3, 0x0,
    0x77, 0x99, 0xf0, 0x7, 0xe1, 0x0, 0xce, 0x1,
    0xf9, 0xf7, 0x78, 0xc0, 0x22, 0x0, 0x8b, 0x73,
    0x1a, 0x40, 0x2, 0x0, 0x18, 0x7, 0xfc, 0x20,
    0x40, 0x11, 0x19, 0x88, 0x2, 0x50, 0x0, 0x80,
    0x7f, 0xc6, 0x14, 0x1, 0xfc, 0x32, 0x0, 0xa1,
    0x16, 0x7f, 0xf3, 0x81, 0xa8, 0x3c, 0x98, 0x7,
    0xa, 0xe0, 0x80,

    /* U+9192 "醒" */
    0x3c, 0xef, 0xff, 0xba, 0x40, 0x13, 0xbd, 0xdf,
    0x62, 0x0, 0x20, 0xc4, 0x3, 0xe1, 0x64, 0x56,
    0x21, 0x1f, 0x8e, 0x80, 0x6, 0x1, 0xff, 0x36,
    0x80, 0x7f, 0x84, 0x1, 0x19, 0x26, 0x0, 0x60,
    0x3, 0x57, 0x10, 0x6, 0xee, 0xcc, 0x1, 0x8,
    0x0, 0xd9, 0x80, 0xc, 0x0, 0x62, 0x88, 0x7,
    0x77, 0x66, 0x0, 0xf5, 0xfa, 0x80, 0x24, 0x1,
    0x32, 0x30, 0xf, 0xfe, 0x1b, 0x20, 0x6, 0x30,
    0x1, 0xb6, 0x8, 0x6, 0x44, 0xc2, 0x1, 0xdc,
    0x1, 0xff, 0x28, 0x6, 0xaa, 0xce, 0x1, 0xc2,
    0x1, 0xff, 0x8, 0x6, 0xee, 0xcc, 0x1, 0x8,
    0x6, 0x91, 0xa, 0x7, 0x20, 0xb, 0x40, 0x3f,
    0xc2, 0x1, 0xff, 0xc3, 0x53, 0x1, 0x0, 0xc2,
    0x23, 0xa0, 0xf, 0x84, 0x3, 0xe4, 0x30, 0x89,
    0x0, 0xbb, 0x98, 0x80, 0x1c, 0x22, 0x40, 0x3,
    0x10, 0x5, 0xe0, 0x8, 0x80, 0x5, 0x98, 0xb8,
    0x0, 0xeb, 0x3b, 0x41, 0x10, 0x5, 0xe8, 0x0,
    0x11, 0x0, 0x46, 0x64, 0x75, 0x0, 0xc9, 0x82,
    0x2e, 0xe0, 0x80, 0x14, 0x3, 0xff, 0x80, 0xe0,
    0x1b, 0x80, 0x30, 0x98, 0x6, 0x2a, 0xa2, 0x80,
    0x55, 0x4b, 0xe2, 0x0, 0xdc, 0x45, 0xc0, 0x14,
    0x2f, 0xaa, 0xb0, 0x2, 0x55, 0x20, 0x80, 0x73,
    0xee, 0xf1, 0x0, 0xa, 0x92, 0xae, 0xc0, 0x15,
    0xda, 0x4c, 0x3, 0xff, 0x86, 0x72, 0xa8, 0x40,
    0x12, 0x21, 0xb4, 0x3, 0xc2, 0x3c, 0x1, 0x88,
    0x3, 0xfc, 0xa0, 0x1c, 0xf9, 0x9c, 0x40, 0x10,
    0xfd, 0xd3, 0x0, 0x55, 0x79, 0x60, 0x1c, 0xfb,
    0xbc, 0x40, 0x18, 0x9c, 0x40, 0x30, 0x80, 0x8,
    0x0, 0x20, 0x1f, 0xfc, 0xd, 0xd6, 0x5b, 0x0,
    0x57, 0x6c, 0xdc, 0xf, 0x0, 0xff, 0x8c, 0x80,
    0x3f, 0xe3, 0x5, 0x21, 0xcf, 0xfe, 0x60, 0x46,
    0x60, 0x80, 0x7f, 0xb, 0x80,

    /* U+91CA "释" */
    0x0, 0xff, 0x8, 0x80, 0x3f, 0xf9, 0x26, 0x8d,
    0x17, 0xdd, 0x20, 0x25, 0x66, 0x5b, 0xae, 0xeb,
    0xfd, 0xaa, 0x1, 0x37, 0xe5, 0xcb, 0xa0, 0x80,
    0x34, 0xad, 0x4c, 0xe2, 0x20, 0x8c, 0x0, 0x2b,
    0x0, 0xa8, 0x3, 0xf0, 0xd0, 0x80, 0x7f, 0xf0,
    0x48, 0x2, 0x83, 0x22, 0x0, 0x4b, 0x9c, 0x64,
    0x40, 0xc, 0x45, 0x8, 0x6, 0xa0, 0x9, 0xab,
    0x78, 0x2, 0xc1, 0x84, 0x1d, 0x50, 0x0, 0xfe,
    0xf0, 0x6, 0x36, 0x0, 0xbe, 0x5c, 0x3, 0xb9,
    0xec, 0x42, 0xc4, 0x7, 0x1f, 0x4, 0x0, 0x3a,
    0x1, 0x8c, 0x28, 0x3, 0x9, 0x80, 0x4, 0x6,
    0xc0, 0x3, 0x0, 0x10, 0xe0, 0x80, 0x66, 0x3,
    0x0, 0xc2, 0x20, 0x70, 0x9, 0x50, 0x3, 0x87,
    0xc8, 0x3, 0xa2, 0xb0, 0x3, 0xbe, 0xa0, 0x6,
    0x39, 0x0, 0x38, 0x6c, 0xc0, 0x38, 0x4d, 0x68,
    0x2, 0xd6, 0x0, 0x37, 0x38, 0x80, 0x7c, 0xb9,
    0xaa, 0x1, 0x7c, 0xc3, 0x0, 0x49, 0x15, 0x32,
    0x0, 0xe5, 0xa2, 0x0, 0xc5, 0x0, 0x10, 0x80,
    0x7f, 0x11, 0x0, 0x24, 0xca, 0x4d, 0x80, 0xc,
    0xe0, 0x15, 0xa1, 0x80, 0x61, 0x35, 0x9f, 0x68,
    0xdb, 0x5f, 0xed, 0x6e, 0x84, 0x44, 0x0, 0x49,
    0x70, 0x1, 0x86, 0x68, 0x89, 0x26, 0xed, 0x60,
    0x2, 0x97, 0x29, 0xb2, 0x0, 0xe8, 0x0, 0xea,
    0x70, 0x5, 0xda, 0xa4, 0x80, 0x27, 0x9a, 0xd3,
    0x0, 0xe6, 0x30, 0xf, 0x42, 0x82, 0x80, 0x7f,
    0xc8, 0x1, 0x8a, 0x0, 0x3f, 0x78, 0x30, 0x7,
    0xf8, 0x94, 0x3, 0x78, 0x80, 0x73, 0x8, 0xa4,
    0x23, 0xf7, 0x44, 0x1, 0x4e, 0xf6, 0x90, 0x4,
    0x84, 0x0, 0x30, 0xb, 0xfb, 0x86, 0x4f, 0x15,
    0x43, 0x0, 0xb2, 0xa6, 0x14, 0x2, 0x42, 0x0,
    0x40, 0x7, 0xd9, 0xe, 0xf0, 0x80, 0x4a, 0xef,
    0x54, 0x80, 0x5e, 0x50, 0xe0, 0x1e, 0x21, 0x0,
    0xff, 0xe0, 0xa8, 0x4, 0x5a, 0xe0, 0x1f, 0x13,
    0x0, 0x7f, 0xf0, 0x6, 0x0, 0x3f, 0xf8, 0x53,
    0xff, 0x8c, 0x2, 0xaf, 0xfb, 0x90, 0x3, 0xff,
    0x96, 0x20, 0x1f, 0xf1, 0x0, 0x44, 0x1, 0xf9,
    0x40, 0x26, 0x0, 0xff, 0x85, 0xc1, 0x10, 0x1,
    0xfa, 0xcc, 0x5c, 0x80, 0x3c,

    /* U+91CC "里" */
    0x0, 0xff, 0xe8, 0xa6, 0xff, 0xff, 0xf1, 0x6c,
    0x3, 0xd2, 0x40, 0x1f, 0xfc, 0x54, 0x60, 0xe,
    0x20, 0xf, 0xfe, 0x3f, 0x0, 0x7f, 0x33, 0x62,
    0x0, 0x95, 0x9a, 0x10, 0x8, 0x40, 0x3f, 0xa2,
    0x66, 0x70, 0xa, 0x67, 0x28, 0x7, 0xff, 0x7,
    0xbf, 0xe5, 0x0, 0xb3, 0xfe, 0x40, 0xf, 0xff,
    0xac, 0xd5, 0x46, 0x1, 0x45, 0x54, 0x40, 0x1f,
    0xfc, 0x17, 0x55, 0x98, 0x2, 0x45, 0x59, 0x80,
    0x3f, 0xf8, 0x3d, 0xff, 0x28, 0x5, 0x9f, 0xf2,
    0x0, 0x7f, 0x8, 0x7, 0xff, 0x1c, 0x40, 0x39,
    0x0, 0x3f, 0xf8, 0xf8, 0x1, 0xd5, 0xc, 0xde,
    0x0, 0xc6, 0xcd, 0xcf, 0x68, 0x1, 0xe7, 0x99,
    0xf0, 0x6, 0xb9, 0x9e, 0x84, 0x0, 0xe1, 0x8a,
    0xbb, 0xf0, 0x6, 0xab, 0xbf, 0x53, 0x0, 0x6b,
    0x75, 0x44, 0xf0, 0x6, 0x24, 0x4f, 0x2c, 0xa0,
    0x4, 0x20, 0x1f, 0xfc, 0x91, 0x0, 0xa0, 0x80,
    0x3f, 0xf8, 0xe8, 0xa0, 0x11, 0xef, 0xff, 0xc0,
    0x19, 0xff, 0xfe, 0xb0, 0xf, 0xfe, 0x2f, 0x80,
    0x7f, 0x8a, 0xfb, 0xff, 0xf0, 0x6, 0x8f, 0xff,
    0xbb, 0xe, 0xd0, 0x40, 0x3f, 0xf9, 0x2, 0x70,
    0x1, 0xff, 0xcd, 0x18, 0x63, 0x22, 0xff, 0xe4,
    0x1a, 0xc0,

    /* U+91CD "重" */
    0x0, 0xff, 0xed, 0x89, 0x22, 0xbc, 0xde, 0x40,
    0x7, 0xc9, 0x57, 0x98, 0xdd, 0x77, 0xfb, 0xb6,
    0xea, 0x19, 0xd, 0xcc, 0x3, 0x86, 0xd5, 0xc,
    0xc4, 0x41, 0x0, 0xff, 0x84, 0x3, 0x84, 0x40,
    0x1f, 0xfc, 0x2, 0x45, 0x79, 0xe2, 0x0, 0xf7,
    0xd5, 0x6b, 0xb4, 0x80, 0x43, 0xfb, 0x75, 0xc,
    0x20, 0x18, 0xb3, 0xb9, 0x55, 0xae, 0xd2, 0x1,
    0xf, 0xff, 0xee, 0xc3, 0xb3, 0x10, 0xf, 0xfe,
    0x40, 0x9c, 0xe8, 0x7, 0xff, 0x33, 0xd3, 0xf7,
    0x31, 0x75, 0x5a, 0x0, 0x35, 0x57, 0xb3, 0x1b,
    0xea, 0x0, 0x20, 0xdb, 0xaa, 0xd0, 0x1, 0xaa,
    0xbd, 0x8a, 0x40, 0x1d, 0x2, 0x1, 0xff, 0xc5,
    0x80, 0xf, 0x30, 0x5, 0x35, 0x48, 0x0, 0xd5,
    0x54, 0x80, 0x42, 0x1, 0xfe, 0x9a, 0xa4, 0x0,
    0x6a, 0xaa, 0x40, 0x3f, 0xfb, 0x8f, 0x32, 0x70,
    0xd, 0x33, 0x38, 0x7, 0xff, 0x9, 0x6a, 0x8a,
    0x1, 0xaa, 0xa5, 0x0, 0xff, 0x30, 0x4, 0x46,
    0x62, 0x0, 0xc6, 0x71, 0x0, 0x42, 0x1, 0xe9,
    0x20, 0xf, 0xfe, 0x20, 0xd0, 0x7, 0x8b, 0x7b,
    0xba, 0xc0, 0x21, 0xee, 0xf9, 0x0, 0x39, 0x7b,
    0xfb, 0xba, 0xc0, 0x21, 0xee, 0xf7, 0xfa, 0x40,
    0x37, 0x8, 0x7, 0xff, 0x1d, 0x80, 0x34, 0x18,
    0x7, 0xff, 0x18, 0xa0, 0x3, 0xf, 0x6e, 0xfa,
    0x80, 0x21, 0xdd, 0xfb, 0xd4, 0x41, 0xbf, 0x77,
    0xf5, 0x0, 0x43, 0xbb, 0xfd, 0xd1, 0x40, 0x1f,
    0xfc, 0xc5, 0x92, 0x0, 0xff, 0xe5, 0xd, 0x80,

    /* U+949F "钟" */
    0x0, 0xff, 0xea, 0x9c, 0xa8, 0x7, 0xfc, 0xf0,
    0x60, 0x1f, 0xe1, 0xc6, 0xa6, 0x0, 0xfe, 0x88,
    0x3e, 0x8, 0x7, 0xf4, 0x80, 0x57, 0x52, 0xe0,
    0x1e, 0x30, 0x8, 0x80, 0x3f, 0xb, 0x80, 0x44,
    0xad, 0x12, 0x1, 0xce, 0x1, 0x38, 0x7, 0xed,
    0x0, 0xfc, 0x40, 0x1f, 0xfc, 0x5a, 0x30, 0xf,
    0x86, 0x2, 0x2e, 0xe3, 0x0, 0xa2, 0xee, 0x81,
    0x2, 0x50, 0xa, 0xbb, 0xaf, 0xe3, 0x87, 0x44,
    0x80, 0x31, 0xa2, 0x4f, 0x40, 0x60, 0x12, 0x28,
    0x8c, 0x1, 0x20, 0x7, 0xff, 0x5, 0x40, 0x60,
    0x0, 0x9f, 0xfb, 0xa4, 0x3, 0xff, 0x86, 0x20,
    0x7, 0x91, 0x0, 0xe1, 0x63, 0x0, 0x85, 0xc4,
    0x2, 0x57, 0x0, 0xf9, 0x90, 0x3, 0xe1, 0x0,
    0x96, 0x8, 0x2, 0xe8, 0x10, 0xf, 0xa1, 0x40,
    0x22, 0x6b, 0x20, 0xf, 0xfe, 0x39, 0x48, 0x4,
    0xf2, 0x80, 0x1f, 0xfc, 0x82, 0x50, 0x8, 0x4c,
    0x3, 0xff, 0x8e, 0x7f, 0xb2, 0x1, 0x26, 0x79,
    0x80, 0x49, 0xe6, 0x1, 0x5f, 0x88, 0x7, 0x58,
    0x7, 0xf5, 0x0, 0x7f, 0xf1, 0x74, 0x3, 0xfb,
    0x0, 0x3f, 0xf8, 0xab, 0xb2, 0xe0, 0x11, 0xce,
    0xa8, 0x6, 0x10, 0xc, 0x22, 0x0, 0x84, 0x2,
    0x26, 0xb0, 0x9, 0x98, 0x40, 0x80, 0x6, 0xe3,
    0x0, 0xab, 0x90, 0x1, 0x20, 0x1f, 0xfc, 0x18,
    0xa9, 0x90, 0x7, 0xd7, 0xba, 0x70, 0xf, 0xe6,
    0xad, 0x80, 0x56, 0x0, 0xfe, 0x22, 0x0, 0x79,
    0x80, 0x23, 0x52, 0x72, 0x0, 0xff, 0xe3, 0xc8,
    0x7, 0x84, 0xc0, 0x3f, 0xf8, 0xce, 0x60, 0x1c,
    0x78, 0x20, 0x1f, 0xfc, 0xb3, 0xbc, 0x20, 0xe,
    0x70, 0x9, 0xc0, 0x3f, 0x9d, 0x0, 0xef, 0x10,
    0x3, 0xe2, 0x0, 0x88, 0x3, 0xfd, 0x76, 0xc4,
    0x0, 0xfe, 0xb2, 0x7, 0x10, 0xe,

    /* U+9501 "锁" */
    0x0, 0xe3, 0x61, 0x0, 0xff, 0x16, 0x6b, 0x0,
    0x7f, 0xc5, 0x93, 0xc2, 0x1, 0xd5, 0x86, 0x16,
    0x65, 0x20, 0x7, 0xd8, 0x0, 0xf4, 0x0, 0x50,
    0xee, 0x40, 0x45, 0x3c, 0x22, 0x0, 0x42, 0x70,
    0x4e, 0xc0, 0x18, 0x94, 0x2, 0x68, 0x85, 0xb2,
    0x80, 0x52, 0x1, 0xd0, 0x1, 0xfb, 0x80, 0x3f,
    0x78, 0xb0, 0x1, 0x40, 0x39, 0x40, 0x2, 0xc0,
    0x15, 0x18, 0x7, 0xc5, 0x61, 0x60, 0x7, 0x0,
    0xe4, 0x0, 0x68, 0x4, 0x8a, 0x0, 0x1d, 0xff,
    0xda, 0x40, 0x55, 0x53, 0x80, 0x4b, 0x31, 0xa6,
    0x1, 0xf4, 0x10, 0x7, 0x8b, 0xaa, 0x98, 0x60,
    0x15, 0xe4, 0x6b, 0x80, 0x48, 0xc0, 0x9, 0xff,
    0xdd, 0x1, 0x42, 0x1, 0xff, 0x40, 0x6, 0x96,
    0x0, 0xf0, 0xb9, 0x10, 0x3, 0xff, 0x82, 0x20,
    0x1a, 0x0, 0x3f, 0x18, 0x6, 0x55, 0xf0, 0x7,
    0xf0, 0xd1, 0x0, 0x4a, 0xf8, 0x20, 0x1a, 0xeb,
    0xfd, 0x54, 0x20, 0xf, 0xe5, 0x50, 0x5, 0x10,
    0x30, 0xf, 0x4d, 0x52, 0xc0, 0x3f, 0xc8, 0xe8,
    0x1, 0x53, 0x8, 0x7, 0x90, 0x0, 0x80, 0x1f,
    0xcf, 0x70, 0x60, 0x13, 0xcf, 0x88, 0x7, 0x18,
    0x7, 0xff, 0x3, 0x40, 0x3f, 0x9, 0x80, 0x7f,
    0xf1, 0xb8, 0x40, 0x3e, 0x42, 0x0, 0xe1, 0x0,
    0xff, 0xe0, 0x27, 0x71, 0x80, 0x2b, 0xeb, 0x0,
    0xe3, 0x0, 0x84, 0x3, 0xfe, 0x11, 0x0, 0x4c,
    0x20, 0x3, 0x0, 0x9c, 0x2, 0x20, 0x10, 0x8,
    0x40, 0x3f, 0xe1, 0x10, 0x68, 0x5, 0x20, 0x12,
    0x5, 0x80, 0x10, 0x3, 0xe1, 0x0, 0xbb, 0xa3,
    0x4b, 0x82, 0x30, 0xa, 0x8d, 0xae, 0xac, 0x3,
    0xe5, 0x0, 0x8c, 0x1, 0x60, 0x84, 0x40, 0x9,
    0xab, 0x3b, 0xd8, 0x3, 0xe3, 0x30, 0x7, 0xd,
    0xc, 0x50, 0x4, 0x52, 0x80, 0x4, 0xca, 0x10,
    0xe, 0xe0, 0xe, 0x6f, 0x5e, 0x70, 0x8, 0xb0,
    0x24, 0x3, 0x2f, 0x80, 0x63, 0x20, 0x8, 0xf2,
    0x42, 0x0, 0x32, 0x60, 0x82, 0xea, 0x0, 0x7e,
    0x38, 0x1, 0xac, 0x30, 0x11, 0x0, 0xa, 0x6c,
    0x40, 0x22, 0xbb, 0x10, 0xd0, 0x7, 0x3d, 0xfa,
    0x80, 0x6f, 0x9c, 0xd6, 0x0, 0xf9, 0x37, 0x90,
    0x0,

    /* U+952E "键" */
    0x0, 0xff, 0xea, 0xbd, 0xa0, 0x7, 0xff, 0x5,
    0xb1, 0xc0, 0x3f, 0x8a, 0x12, 0x0, 0x30, 0xaa,
    0xc6, 0x1, 0xa4, 0xe0, 0x80, 0x3f, 0x50, 0x0,
    0xa1, 0xc8, 0x9d, 0x55, 0x63, 0x16, 0xf8, 0x5,
    0xbf, 0xca, 0x1, 0xcc, 0x0, 0x17, 0x8d, 0x50,
    0xe, 0xe5, 0x20, 0xf, 0xd, 0x80, 0x67, 0x10,
    0xf, 0x1a, 0x88, 0x5, 0x8c, 0xa4, 0x1, 0x8,
    0x0, 0x40, 0x22, 0x80, 0xe, 0x16, 0x4a, 0x90,
    0x0, 0xa1, 0x7d, 0x80, 0x52, 0x20, 0x5, 0x0,
    0x28, 0x0, 0x7b, 0xfd, 0xd2, 0x0, 0xb0, 0x3,
    0xbb, 0x2a, 0x40, 0x28, 0x10, 0x5, 0x10, 0x28,
    0x81, 0x4c, 0x41, 0x84, 0x4, 0xc0, 0x1b, 0xe0,
    0x1f, 0xfc, 0x12, 0xc2, 0x37, 0x7a, 0x7c, 0x18,
    0x0, 0x29, 0x14, 0xee, 0x0, 0x98, 0x2, 0x82,
    0x0, 0x15, 0x0, 0x70, 0x85, 0x80, 0x14, 0x41,
    0x74, 0x40, 0x23, 0x0, 0x9c, 0x3, 0x29, 0x0,
    0x45, 0x4, 0x60, 0x4, 0xec, 0x6a, 0x60, 0x9,
    0x40, 0x3f, 0x14, 0x80, 0x5a, 0xee, 0x0, 0xe3,
    0x30, 0x7, 0xe7, 0x0, 0xff, 0xe0, 0x22, 0x4,
    0x3, 0x27, 0x58, 0x5, 0x37, 0xb0, 0x1, 0x86,
    0x60, 0x2, 0xb6, 0x1b, 0xee, 0x0, 0x4, 0xf6,
    0x80, 0x29, 0xae, 0x50, 0xd, 0x6c, 0x60, 0x12,
    0x49, 0x80, 0xa8, 0x0, 0xa0, 0xc4, 0x3, 0x9,
    0xc0, 0x7, 0xff, 0x2, 0xbf, 0x8, 0x0, 0xde,
    0x1, 0xf9, 0x40, 0x35, 0xba, 0x0, 0x4b, 0x44,
    0x5, 0x60, 0xd, 0x5f, 0xc0, 0xa, 0xf7, 0xa0,
    0x3, 0xc, 0x78, 0x5, 0x4a, 0x40, 0x2, 0x0,
    0x2c, 0xf6, 0x0, 0x57, 0xbd, 0x84, 0x1, 0xff,
    0x50, 0x6, 0x10, 0x61, 0x0, 0xf8, 0xd4, 0x3,
    0xf9, 0x64, 0x4c, 0x2, 0x72, 0x40, 0xf, 0xc2,
    0xa0, 0x1f, 0xd4, 0xd3, 0x20, 0x9, 0x46, 0xff,
    0x40, 0x2c, 0xee, 0x88, 0x3, 0x88, 0x3, 0x87,
    0x40, 0x23, 0xf5, 0x2, 0x50, 0x33, 0x8, 0x80,
    0x3e, 0xb0, 0xc, 0x7c, 0xe0, 0x18, 0x6b, 0xab,
    0x62, 0x55, 0x63, 0x0, 0xe7, 0x20, 0x9, 0x7e,
    0x80, 0x4, 0x80, 0x10, 0xac, 0x42, 0xab, 0x65,
    0x0, 0x65, 0x10, 0x4, 0xd3, 0x88, 0x3, 0xae,
    0x44, 0x3, 0xfc, 0x80, 0x18, 0xb1, 0x6d, 0x81,
    0x14, 0x24, 0xc1, 0xba, 0x98, 0xc4, 0x3, 0x86,
    0x0, 0x38, 0xa9, 0x0, 0x2a, 0xe6, 0x0, 0xcb,
    0x39, 0xdf, 0xfd, 0xcc, 0x0,

    /* U+957F "长" */
    0x0, 0xff, 0xe9, 0xbf, 0xfa, 0x40, 0x3f, 0xe3,
    0x0, 0xff, 0x40, 0x1, 0x84, 0x3, 0xf1, 0xf6,
    0x60, 0x40, 0x3e, 0x10, 0xc, 0x40, 0x1f, 0x3e,
    0x8, 0x1d, 0x80, 0x7f, 0xf1, 0x97, 0x60, 0x3,
    0x8, 0x7, 0xff, 0x11, 0xb6, 0x88, 0x3, 0x35,
    0x80, 0x7f, 0xf0, 0xf2, 0x48, 0x3, 0xd, 0x48,
    0x7, 0xff, 0xd, 0x4c, 0x3, 0x97, 0xd4, 0x3,
    0xff, 0x88, 0xc0, 0x18, 0xae, 0x84, 0x3, 0xff,
    0x8a, 0x6a, 0x5, 0x3a, 0x80, 0x1f, 0xfc, 0x8a,
    0xed, 0x60, 0xf, 0xfa, 0x33, 0x70, 0x3, 0x6e,
    0xec, 0xdd, 0xfe, 0xca, 0x17, 0x71, 0x91, 0x0,
    0x30, 0x91, 0x7f, 0xf0, 0x4d, 0x63, 0xc0, 0x3f,
    0xf9, 0x85, 0x42, 0x1, 0xff, 0xcb, 0xe2, 0xec,
    0xc5, 0x0, 0x69, 0xcc, 0x18, 0x4, 0x99, 0x9f,
    0x72, 0x80, 0xc, 0xc8, 0x1, 0x94, 0xcd, 0x0,
    0x12, 0x9, 0x9f, 0x84, 0x3, 0xff, 0x82, 0x86,
    0x1, 0x70, 0x7, 0xff, 0x26, 0x0, 0x23, 0x80,
    0xf, 0xfe, 0x42, 0x28, 0x4, 0xee, 0x0, 0xff,
    0xe3, 0x11, 0xd8, 0x80, 0x51, 0x0, 0xf, 0xfe,
    0x14, 0x67, 0xee, 0x5e, 0x80, 0x67, 0xd6, 0x10,
    0xf, 0x28, 0x6, 0x43, 0x0, 0x94, 0xec, 0x3,
    0x14, 0xf4, 0x0, 0x61, 0xa0, 0xf, 0xe1, 0x4,
    0xc1, 0x0, 0xe7, 0x0, 0xc6, 0x20, 0x1f, 0x93,
    0x0, 0x7, 0xe8, 0x1, 0x84, 0x3, 0x12, 0x80,
    0x62, 0x7b, 0xfb, 0x20, 0x8, 0x6e, 0xc6, 0x0,
    0x80, 0xe, 0xa9, 0x7a, 0xed, 0x84, 0x0, 0xfc,
    0x99, 0xdc, 0x60,

    /* U+95ED "闭" */
    0x0, 0xff, 0xe8, 0xc, 0x28, 0x7, 0xff, 0x2f,
    0x1e, 0xa8, 0x1, 0x25, 0x5d, 0xff, 0xf0, 0x60,
    0x40, 0x4, 0x0, 0x59, 0x1, 0xb5, 0x44, 0xff,
    0xe0, 0xbd, 0x80, 0x18, 0x2, 0x64, 0x30, 0xf,
    0xfe, 0x22, 0x0, 0x24, 0xc0, 0x31, 0x30, 0x7,
    0xff, 0x1f, 0x85, 0x2d, 0x2, 0x7f, 0xfb, 0x75,
    0xff, 0xb8, 0x3, 0xe2, 0xeb, 0x40, 0xf, 0x9f,
    0x75, 0x60, 0x1f, 0xc4, 0xec, 0x1, 0xfe, 0x90,
    0x2, 0x10, 0x7, 0xec, 0x89, 0x80, 0xf, 0xe1,
    0x0, 0x84, 0x3, 0xe3, 0x10, 0x2, 0x1, 0xd5,
    0xe6, 0x70, 0x6, 0xfa, 0x30, 0xe, 0x70, 0x8,
    0x43, 0x15, 0xc, 0xf8, 0x3, 0x1a, 0xe8, 0x7,
    0xff, 0x34, 0x40, 0x3f, 0xe7, 0x0, 0xff, 0xe0,
    0xc0, 0x7, 0xfd, 0x1f, 0xdc, 0xd1, 0x0, 0xf5,
    0xfb, 0x80, 0x7f, 0xf0, 0x44, 0x52, 0x20, 0x1e,
    0x70, 0xf, 0xfe, 0x25, 0x20, 0x7, 0xff, 0x2e,
    0x94, 0x2, 0x50, 0xf, 0xfe, 0x31, 0xea, 0x80,
    0x47, 0x40, 0x1f, 0xfc, 0x51, 0xc2, 0x0, 0x8f,
    0x40, 0x3f, 0xf8, 0xc6, 0x1, 0x93, 0x4, 0x3,
    0xff, 0x8c, 0x48, 0x0, 0x8b, 0x1, 0x30, 0xf,
    0xfe, 0x35, 0xef, 0xb8, 0xef, 0x60, 0x6, 0x10,
    0xf, 0xfe, 0x11, 0x0, 0x10, 0x80, 0x38, 0x48,
    0x3, 0xff, 0x8a, 0xc0, 0x1c, 0x36, 0x2, 0xf0,
    0x1, 0xf8, 0x40, 0x38, 0xe9, 0x95, 0x51, 0xca,
    0x15, 0xc, 0x1, 0x2b, 0x0, 0x4c, 0x1, 0xe5,
    0x9a, 0xa3, 0x80, 0x4c, 0x1, 0xdc, 0x4e, 0x5,
    0x20, 0x1f, 0xfc, 0x2a, 0x0, 0xa, 0x5a, 0x84,
    0x7e, 0x98, 0x7, 0xff, 0x9, 0xff, 0xdd, 0x68,
    0x0,

    /* U+95F4 "间" */
    0x0, 0xff, 0xe8, 0xaa, 0x0, 0x7f, 0xf2, 0xea,
    0x97, 0x40, 0x1, 0x8b, 0xbf, 0xfe, 0x14, 0x8,
    0x1, 0x0, 0xb, 0x1, 0xe, 0x89, 0xff, 0xc2,
    0x7b, 0x0, 0x30, 0x4, 0xe6, 0x60, 0xf, 0xfe,
    0x22, 0x0, 0x20, 0x80, 0x27, 0x92, 0x0, 0xff,
    0xe3, 0xf0, 0x1d, 0xa1, 0xef, 0xff, 0xfd, 0x20,
    0x1f, 0x1f, 0xe2, 0x0, 0x7f, 0xf0, 0x8c, 0x3,
    0x89, 0xd8, 0x3, 0x88, 0xbf, 0x0, 0x7f, 0xe,
    0xc4, 0xd0, 0x1, 0x7f, 0x77, 0xf7, 0xb8, 0x7,
    0xca, 0x1, 0x20, 0x2, 0x0, 0x3f, 0xd0, 0x1,
    0xff, 0xc2, 0x30, 0xf, 0xf8, 0x40, 0x3f, 0xf8,
    0x89, 0xdd, 0x90, 0x3, 0xff, 0x92, 0x23, 0x80,
    0x3f, 0xf9, 0x29, 0xff, 0x90, 0x3, 0xff, 0xf8,
    0x77, 0x78, 0xc0, 0x3f, 0xf9, 0xe, 0x89, 0x9c,
    0x3, 0xff, 0x90, 0xcd, 0xe0, 0xf, 0xfe, 0x41,
    0x4c, 0xe2, 0x0, 0x84, 0x3, 0xff, 0x82, 0xa0,
    0x1f, 0xe2, 0x0, 0xff, 0xe1, 0x4a, 0x91, 0x7e,
    0x4e, 0x0, 0xff, 0xe1, 0x15, 0x6e, 0xfe, 0xb3,
    0x4, 0xe0, 0xf, 0xfe, 0x58, 0xda, 0x0, 0x44,
    0x1, 0xff, 0xc7, 0x30, 0xe, 0xa6, 0x0, 0x88,
    0x3, 0xff, 0x84, 0x48, 0x2, 0x74, 0xc4, 0xe0,
    0x30, 0x1, 0xff, 0xc3, 0xbf, 0xec, 0x50,

    /* U+9605 "阅" */
    0x0, 0xff, 0xe8, 0xa9, 0x80, 0x7f, 0xf2, 0xea,
    0x99, 0x0, 0x12, 0xc4, 0xcf, 0xff, 0x2, 0x14,
    0x2, 0x40, 0x3, 0xb8, 0x16, 0x9d, 0x9b, 0xff,
    0x80, 0xf5, 0x0, 0x6, 0x0, 0xa0, 0x88, 0x1,
    0xff, 0xc4, 0x40, 0x4, 0x18, 0x4, 0x2c, 0x82,
    0x1, 0xff, 0xc2, 0x10, 0xb, 0x85, 0x30, 0xcd,
    0xfd, 0xff, 0xb1, 0x6b, 0xfe, 0xe0, 0xf, 0x8b,
    0xac, 0xcb, 0x6e, 0x0, 0x37, 0x2d, 0x30, 0x7,
    0xe1, 0x76, 0x0, 0x9c, 0x0, 0xe2, 0x0, 0x52,
    0x0, 0x70, 0x7, 0xec, 0x89, 0x90, 0x1, 0x0,
    0x23, 0x1, 0xb0, 0xa, 0x40, 0x3f, 0x10, 0x1,
    0x0, 0xe, 0x1, 0x7e, 0xf8, 0x80, 0x56, 0x40,
    0x1e, 0x10, 0x8, 0xc0, 0xe4, 0x2, 0x22, 0x8,
    0x6, 0x58, 0x0, 0xff, 0xe0, 0x28, 0x7, 0xff,
    0x1, 0xc0, 0x3f, 0xf8, 0x2, 0x1, 0x4d, 0x57,
    0x0, 0x46, 0x1, 0xff, 0xc4, 0x75, 0x5e, 0x0,
    0xff, 0xe4, 0x3a, 0xaf, 0x0, 0x7f, 0xf1, 0x4,
    0x2, 0x9a, 0xae, 0x0, 0x8c, 0x3, 0xff, 0x80,
    0xa0, 0x1f, 0xfc, 0x7, 0x0, 0xff, 0xe0, 0x1c,
    0x98, 0x6, 0x10, 0x8, 0xda, 0xc0, 0x3f, 0xf8,
    0x2d, 0xe0, 0x13, 0xb8, 0x0, 0x39, 0x22, 0x1,
    0xff, 0xc2, 0xa0, 0xb, 0x0, 0x3c, 0x20, 0x1f,
    0xfc, 0x18, 0x60, 0x0, 0xa0, 0x4, 0x21, 0x9d,
    0xc2, 0x0, 0xff, 0x4b, 0x80, 0x50, 0x2, 0x1,
    0x61, 0x80, 0xb8, 0x7, 0xf1, 0x30, 0x4, 0x6c,
    0x1e, 0x1, 0x18, 0x4, 0xc0, 0x1f, 0xc6, 0x1,
    0x16, 0x80, 0x18, 0x40, 0x38, 0x68, 0x3, 0xf1,
    0x8c, 0x9b, 0xe0, 0x80, 0x7, 0xb2, 0xee, 0x91,
    0x70, 0x9, 0x84, 0x2, 0x60, 0x6c, 0x81, 0x0,
    0xe3, 0x44, 0x98, 0x3, 0xb8, 0x24, 0x45, 0x0,
    0x1f, 0xfc, 0x33, 0x1, 0x3a, 0x50, 0x6e, 0xe1,
    0x80, 0x7f, 0xf0, 0xf3, 0xfb, 0x14, 0x0,

    /* U+97F3 "音" */
    0x0, 0xff, 0xed, 0x25, 0x30, 0x7, 0xff, 0x2a,
    0xad, 0x64, 0x40, 0x3f, 0xf9, 0x2a, 0x1, 0x48,
    0x7, 0xff, 0x1, 0x77, 0xff, 0xe0, 0xc, 0xff,
    0xfe, 0xeb, 0x10, 0xa, 0x88, 0x3, 0xff, 0x8c,
    0x28, 0xc0, 0x11, 0x0, 0x7f, 0xf2, 0x48, 0x2,
    0xf7, 0x55, 0x80, 0x8, 0xab, 0xf0, 0x12, 0xac,
    0xd2, 0xa0, 0x11, 0x45, 0x43, 0x80, 0x1e, 0xab,
    0xd8, 0x4, 0xf1, 0x52, 0xc0, 0x1f, 0x9, 0x0,
    0xd, 0x0, 0x3b, 0x0, 0x5, 0x60, 0x1e, 0x58,
    0x99, 0x50, 0x6, 0x89, 0x9e, 0x50, 0x9, 0x66,
    0x50, 0xc0, 0xd4, 0xec, 0xd0, 0x6, 0x36, 0x6e,
    0x0, 0xc6, 0xcc, 0x79, 0x97, 0x0, 0x7f, 0xf3,
    0xa, 0x8c, 0x3, 0xff, 0x94, 0x50, 0x59, 0xff,
    0xff, 0xca, 0xd3, 0x0, 0xe4, 0x56, 0x6f, 0xfe,
    0xa, 0x90, 0x7, 0xed, 0xba, 0x99, 0xff, 0xe0,
    0xd6, 0xb0, 0x7, 0x90, 0x80, 0x3f, 0xf8, 0xb4,
    0x1, 0xe1, 0x0, 0xff, 0xe3, 0x8, 0x7, 0xf8,
    0xff, 0xff, 0xd0, 0x1, 0xff, 0xc2, 0x3f, 0xff,
    0xf4, 0x0, 0x7f, 0xfd, 0x8f, 0xbb, 0xfd, 0x0,
    0x1f, 0xfc, 0x21, 0x77, 0xff, 0x68, 0x7, 0xff,
    0x8, 0xa6, 0x7f, 0xca, 0x1, 0xff, 0xd8, 0x60,
    0xf, 0xfe, 0x33, 0x0, 0x78, 0xd8, 0x1, 0x1f,
    0xff, 0xec, 0x10, 0x28, 0x0, 0x80,

    /* U+9875 "页" */
    0x4, 0xab, 0xbf, 0xfe, 0x4b, 0x80, 0xda, 0xa2,
    0x7f, 0xf2, 0x61, 0x4c, 0x3, 0xff, 0x98, 0x64,
    0xc0, 0x1f, 0xfc, 0xa4, 0x70, 0x9f, 0xff, 0xb4,
    0x3, 0x5f, 0xff, 0xf5, 0x88, 0x7, 0xf2, 0x80,
    0x48, 0x80, 0xf, 0xfe, 0x12, 0xef, 0xfe, 0x80,
    0x9, 0x3f, 0xfe, 0xeb, 0x10, 0xe, 0xa2, 0x0,
    0xff, 0xe2, 0xa, 0x48, 0x6, 0x20, 0xf, 0xfe,
    0x41, 0x80, 0x61, 0x0, 0xc6, 0x7f, 0xfc, 0x1,
    0x0, 0xff, 0xe0, 0xe6, 0x74, 0xcb, 0x33, 0x90,
    0x3, 0xff, 0x8b, 0x55, 0x68, 0x7, 0xff, 0x29,
    0x40, 0x4, 0x40, 0xf, 0xfe, 0x68, 0x80, 0x7f,
    0xfd, 0x4, 0x3, 0xe2, 0x0, 0xc4, 0x1, 0xff,
    0xc0, 0x30, 0x8, 0x80, 0x25, 0x0, 0xc2, 0x1,
    0x10, 0x4, 0x40, 0x18, 0x5c, 0x1, 0x0, 0x3,
    0x80, 0x9, 0x5f, 0x29, 0x25, 0x5, 0x20, 0x3,
    0xa3, 0xfc, 0xa0, 0xb8, 0x1, 0xbe, 0xd, 0x6f,
    0x37, 0xac, 0x40, 0x3f, 0x1d, 0xd0, 0x6, 0x86,
    0x0, 0xc5, 0x3c, 0xe0, 0x1e, 0x37, 0xdc, 0x40,
    0xc, 0xee, 0x3b, 0x30, 0xc, 0x31, 0xce, 0x0,
    0x4e, 0xc8, 0x20, 0xc, 0x37, 0x0, 0x4, 0xcb,
    0x30, 0xc, 0x30, 0xc1, 0xe2, 0x1, 0xe7, 0xe4,
    0x0, 0xe4, 0xcb, 0x30, 0xc, 0xe0, 0x60, 0x19,
    0x2b, 0xe0, 0x3, 0xf9, 0x32, 0x84, 0x24, 0x42,
    0x26, 0x59, 0xf6, 0xa0, 0x1f, 0xfc, 0x15, 0xec,
    0x60,

    /* U+987A "顺" */
    0x0, 0xff, 0xea, 0x4d, 0x98, 0x6, 0x1d, 0xf5,
    0x2c, 0xef, 0xff, 0xed, 0x70, 0x9, 0x19, 0x3c,
    0x3, 0x31, 0x4, 0x59, 0x88, 0x7, 0xf1, 0x40,
    0x80, 0x8, 0x0, 0x41, 0x16, 0x3e, 0x0, 0x3f,
    0x0, 0xff, 0xe0, 0x8, 0x80, 0x2, 0x1, 0x13,
    0xa4, 0x80, 0x66, 0xb8, 0x82, 0x80, 0x43, 0x11,
    0x4f, 0x80, 0x7c, 0xe0, 0x2, 0x0, 0xe4, 0x77,
    0x10, 0x5, 0x2e, 0xf3, 0x8, 0x7, 0xf8, 0x40,
    0x39, 0x33, 0x5c, 0x2, 0x9d, 0xd6, 0x40, 0x7,
    0xff, 0x16, 0xcc, 0x80, 0x30, 0x91, 0xd, 0xd4,
    0x3, 0xff, 0x86, 0x40, 0x1f, 0xfc, 0xd, 0x0,
    0xff, 0xe3, 0x91, 0x9e, 0x20, 0xf, 0xfe, 0x5c,
    0x66, 0x69, 0x0, 0xff, 0xe6, 0x15, 0xe1, 0x80,
    0x7f, 0xf3, 0x61, 0xf, 0xc0, 0x3f, 0xf9, 0xac,
    0x0, 0x20, 0xf, 0xfe, 0x80, 0x80, 0x7f, 0xfa,
    0x84, 0x0, 0x20, 0x1f, 0xbc, 0x0, 0x60, 0x1f,
    0xfc, 0x13, 0x0, 0x9c, 0x3, 0xe1, 0x0, 0x8,
    0x7, 0xe2, 0x0, 0x98, 0x40, 0x4, 0x40, 0xb,
    0x40, 0x22, 0x0, 0x38, 0x7, 0xf4, 0x13, 0x30,
    0x2, 0x32, 0xa4, 0x75, 0x0, 0x9c, 0x0, 0x40,
    0x1f, 0xcf, 0xb3, 0xc0, 0x1b, 0x2, 0xe0, 0x3,
    0x10, 0x3, 0x98, 0x0, 0x40, 0x1f, 0x32, 0x0,
    0x75, 0x38, 0x6, 0x11, 0x0, 0x8, 0xd4, 0xec,
    0x3, 0xd1, 0x20, 0x12, 0x80, 0x51, 0x0, 0x9,
    0xc0, 0x27, 0xa, 0xc2, 0x0, 0xc5, 0xae, 0x1,
    0x45, 0x38, 0x4, 0xee, 0x0, 0x18, 0x0, 0x48,
    0x3, 0x68, 0x1, 0x60, 0x80, 0x26, 0x70, 0x87,
    0x0, 0xf2, 0xc1, 0x40, 0x7, 0x2c, 0x34, 0xe8,
    0x0, 0x66, 0x40, 0x14, 0x30, 0x43, 0x80, 0x4f,
    0xac, 0x1, 0xe7, 0x92, 0x7a, 0xa7, 0x30, 0x7,
    0x4f, 0xb8, 0x7, 0xff, 0x15, 0x54, 0x1, 0xff,
    0xc0,

    /* U+9898 "题" */
    0x0, 0xe, 0x7f, 0xfd, 0x84, 0x13, 0xdf, 0xff,
    0xdd, 0x0, 0x14, 0x18, 0x7, 0xc7, 0x4, 0xc2,
    0x1, 0xfc, 0x2e, 0x20, 0x5, 0x0, 0x91, 0x20,
    0x9, 0x88, 0xc0, 0x3f, 0xe3, 0x10, 0xe, 0x1c,
    0xc8, 0x3, 0xb3, 0x73, 0x4, 0x1, 0x56, 0x63,
    0x70, 0x3, 0xc3, 0x11, 0x0, 0x78, 0x88, 0xe4,
    0x0, 0x47, 0x13, 0x20, 0xf, 0xfe, 0x2d, 0xf5,
    0x80, 0x49, 0xba, 0xf9, 0x0, 0xf8, 0xbb, 0xa0,
    0xe, 0x54, 0x0, 0xfe, 0x62, 0x0, 0x9c, 0x0,
    0x5d, 0xd0, 0x7, 0x10, 0x4, 0x67, 0xc0, 0x13,
    0x0, 0x58, 0x1, 0xfc, 0x80, 0x18, 0xf3, 0x7f,
    0x38, 0x3, 0xe7, 0x85, 0x5f, 0xa2, 0x0, 0x1e,
    0xfc, 0xa0, 0xf, 0xe7, 0xaa, 0xf9, 0xc0, 0x3c,
    0x82, 0xa, 0x1, 0xf2, 0xef, 0xff, 0xf6, 0xb0,
    0x6, 0x10, 0xf, 0xf4, 0x90, 0x7, 0xf1, 0x58,
    0x6, 0x30, 0xf, 0xf4, 0x98, 0x8c, 0x1, 0x84,
    0x47, 0x0, 0x18, 0x40, 0x4, 0x1, 0xf2, 0xe7,
    0xf7, 0x8, 0x0, 0xfd, 0xcc, 0x50, 0xd, 0xa0,
    0x7, 0x30, 0x9, 0xc0, 0x26, 0xed, 0x0, 0xc2,
    0x42, 0x0, 0x40, 0x9, 0x0, 0x1a, 0x24, 0x0,
    0x30, 0xa, 0x80, 0x8c, 0x2, 0x6d, 0xec, 0x3,
    0xa5, 0x21, 0x0, 0x28, 0xfc, 0x60, 0x6, 0x20,
    0x3, 0x80, 0x78, 0xc8, 0x16, 0x44, 0x0, 0x6b,
    0xd8, 0x46, 0x1, 0x84, 0x0, 0x40, 0x10, 0xa2,
    0xc9, 0x2, 0x68, 0x5, 0xf8, 0x3, 0x54, 0x0,
    0x88, 0x2, 0x83, 0x0, 0x35, 0xd3, 0xe, 0x58,
    0x80, 0x24, 0xe0, 0x2, 0x5c, 0x0, 0x38, 0x4,
    0x22, 0x0, 0xf3, 0x98, 0x5, 0x4c, 0x7, 0x82,
    0x0, 0x60, 0x6, 0x0, 0x7c, 0x8a, 0x66, 0x21,
    0x4, 0xa6, 0x33, 0x23, 0xd9, 0xa5, 0x0, 0x1c,
    0x0, 0xc2, 0x1, 0x1d, 0x66, 0x2c, 0x41, 0x2b,
    0x32, 0xbb, 0x51, 0xa4, 0x1, 0x8, 0x2, 0xfd,
    0x40, 0x3f, 0xf8, 0xe8, 0x5, 0x22, 0x84, 0x35,
    0xb0, 0xa6, 0x20, 0x1f, 0xfc, 0x12, 0x90, 0x3,
    0x75, 0x80, 0x44, 0xf5, 0x9d, 0xff, 0xff, 0xc1,
    0xd5, 0x0,

    /* U+FF0C "，" */
    0x3, 0xbd, 0xb4, 0x2, 0xc4, 0x24, 0xb2, 0x50,
    0xe, 0x80, 0xf, 0x3b, 0x8, 0x6, 0x31, 0xf7,
    0x20, 0x1, 0x0, 0xc0, 0x80, 0x10, 0xb, 0x4c,
    0x1, 0x47, 0xa4, 0x0, 0x82, 0xb0, 0x9, 0x5c,
    0x2c, 0x88, 0xf4, 0x0, 0x3d, 0xd4, 0x0, 0x40
};


/*---------------------
 *  GLYPH DESCRIPTION
 *--------------------*/

static const lv_font_fmt_txt_glyph_dsc_t glyph_dsc[] = {
    {.bitmap_index = 0, .adv_w = 0, .box_w = 0, .box_h = 0, .ofs_x = 0, .ofs_y = 0} /* id = 0 reserved */,
    {.bitmap_index = 0, .adv_w = 103, .box_w = 0, .box_h = 0, .ofs_x = 0, .ofs_y = 0},
    {.bitmap_index = 0, .adv_w = 178, .box_w = 7, .box_h = 20, .ofs_x = 2, .ofs_y = 0},
    {.bitmap_index = 65, .adv_w = 283, .box_w = 14, .box_h = 11, .ofs_x = 2, .ofs_y = 11},
    {.bitmap_index = 136, .adv_w = 273, .box_w = 16, .box_h = 21, .ofs_x = 1, .ofs_y = 0},
    {.bitmap_index = 272, .adv_w = 273, .box_w = 16, .box_h = 27, .ofs_x = 0, .ofs_y = -3},
    {.bitmap_index = 422, .adv_w = 442, .box_w = 27, .box_h = 23, .ofs_x = 0, .ofs_y = -1},
    {.bitmap_index = 665, .adv_w = 346, .box_w = 21, .box_h = 21, .ofs_x = 0, .ofs_y = -1},
    {.bitmap_index = 838, .adv_w = 157, .box_w = 6, .box_h = 11, .ofs_x = 2, .ofs_y = 11},
    {.bitmap_index = 869, .adv_w = 179, .box_w = 8, .box_h = 30, .ofs_x = 2, .ofs_y = -6},
    {.bitmap_index = 968, .adv_w = 179, .box_w = 8, .box_h = 30, .ofs_x = 1, .ofs_y = -6},
    {.bitmap_index = 1070, .adv_w = 237, .box_w = 13, .box_h = 12, .ofs_x = 1, .ofs_y = 11},
    {.bitmap_index = 1132, .adv_w = 273, .box_w = 15, .box_h = 15, .ofs_x = 1, .ofs_y = 3},
    {.bitmap_index = 1195, .adv_w = 157, .box_w = 8, .box_h = 13, .ofs_x = 1, .ofs_y = -7},
    {.bitmap_index = 1244, .adv_w = 172, .box_w = 9, .box_h = 4, .ofs_x = 1, .ofs_y = 6},
    {.bitmap_index = 1258, .adv_w = 157, .box_w = 7, .box_h = 7, .ofs_x = 1, .ofs_y = 0},
    {.bitmap_index = 1278, .adv_w = 172, .box_w = 10, .box_h = 29, .ofs_x = 0, .ofs_y = -6},
    {.bitmap_index = 1389, .adv_w = 273, .box_w = 15, .box_h = 20, .ofs_x = 1, .ofs_y = 0},
    {.bitmap_index = 1511, .adv_w = 273, .box_w = 14, .box_h = 20, .ofs_x = 2, .ofs_y = 0},
    {.bitmap_index = 1564, .adv_w = 273, .box_w = 16, .box_h = 20, .ofs_x = 0, .ofs_y = 0},
    {.bitmap_index = 1677, .adv_w = 273, .box_w = 16, .box_h = 20, .ofs_x = 0, .ofs_y = 0},
    {.bitmap_index = 1797, .adv_w = 273, .box_w = 17, .box_h = 20, .ofs_x = 0, .ofs_y = 0},
    {.bitmap_index = 1901, .adv_w = 273, .box_w = 16, .box_h = 20, .ofs_x = 0, .ofs_y = 0},
    {.bitmap_index = 2015, .adv_w = 273, .box_w = 15, .box_h = 20, .ofs_x = 1, .ofs_y = 0},
    {.bitmap_index = 2142, .adv_w = 273, .box_w = 15, .box_h = 20, .ofs_x = 1, .ofs_y = 0},
    {.bitmap_index = 2236, .adv_w = 273, .box_w = 15, .box_h = 20, .ofs_x = 1, .ofs_y = 0},
    {.bitmap_index = 2366, .adv_w = 273, .box_w = 15, .box_h = 20, .ofs_x = 1, .ofs_y = 0},
    {.bitmap_index = 2490, .adv_w = 157, .box_w = 7, .box_h = 16, .ofs_x = 1, .ofs_y = 0},
    {.bitmap_index = 2533, .adv_w = 157, .box_w = 8, .box_h = 23, .ofs_x = 1, .ofs_y = -7},
    {.bitmap_index = 2607, .adv_w = 273, .box_w = 16, .box_h = 15, .ofs_x = 1, .ofs_y = 3},
    {.bitmap_index = 2692, .adv_w = 273, .box_w = 15, .box_h = 11, .ofs_x = 1, .ofs_y = 5},
    {.bitmap_index = 2734, .adv_w = 273, .box_w = 16, .box_h = 15, .ofs_x = 0, .ofs_y = 3},
    {.bitmap_index = 2823, .adv_w = 240, .box_w = 13, .box_h = 22, .ofs_x = 1, .ofs_y = 0},
    {.bitmap_index = 2925, .adv_w = 466, .box_w = 27, .box_h = 27, .ofs_x = 1, .ofs_y = -7},
    {.bitmap_index = 3222, .adv_w = 296, .box_w = 19, .box_h = 22, .ofs_x = 0, .ofs_y = -2},
    {.bitmap_index = 3373, .adv_w = 311, .box_w = 17, .box_h = 20, .ofs_x = 2, .ofs_y = 0},
    {.bitmap_index = 3487, .adv_w = 299, .box_w = 18, .box_h = 20, .ofs_x = 1, .ofs_y = 0},
    {.bitmap_index = 3614, .adv_w = 327, .box_w = 17, .box_h = 20, .ofs_x = 2, .ofs_y = 0},
    {.bitmap_index = 3718, .adv_w = 282, .box_w = 14, .box_h = 20, .ofs_x = 2, .ofs_y = 0},
    {.bitmap_index = 3786, .adv_w = 271, .box_w = 14, .box_h = 20, .ofs_x = 2, .ofs_y = 0},
    {.bitmap_index = 3845, .adv_w = 328, .box_w = 18, .box_h = 20, .ofs_x = 1, .ofs_y = 0},
    {.bitmap_index = 3976, .adv_w = 347, .box_w = 18, .box_h = 20, .ofs_x = 2, .ofs_y = 0},
    {.bitmap_index = 4036, .adv_w = 157, .box_w = 6, .box_h = 20, .ofs_x = 2, .ofs_y = 0},
    {.bitmap_index = 4057, .adv_w = 263, .box_w = 15, .box_h = 20, .ofs_x = 0, .ofs_y = 0},
    {.bitmap_index = 4120, .adv_w = 317, .box_w = 19, .box_h = 20, .ofs_x = 2, .ofs_y = 0},
    {.bitmap_index = 4244, .adv_w = 268, .box_w = 14, .box_h = 20, .ofs_x = 2, .ofs_y = 0},
    {.bitmap_index = 4284, .adv_w = 393, .box_w = 21, .box_h = 20, .ofs_x = 2, .ofs_y = 0},
    {.bitmap_index = 4433, .adv_w = 342, .box_w = 17, .box_h = 20, .ofs_x = 2, .ofs_y = 0},
    {.bitmap_index = 4546, .adv_w = 352, .box_w = 20, .box_h = 20, .ofs_x = 1, .ofs_y = 0},
    {.bitmap_index = 4691, .adv_w = 308, .box_w = 17, .box_h = 20, .ofs_x = 2, .ofs_y = 0},
    {.bitmap_index = 4781, .adv_w = 352, .box_w = 22, .box_h = 26, .ofs_x = 1, .ofs_y = -6},
    {.bitmap_index = 4981, .adv_w = 317, .box_w = 18, .box_h = 20, .ofs_x = 2, .ofs_y = 0},
    {.bitmap_index = 5099, .adv_w = 286, .box_w = 16, .box_h = 20, .ofs_x = 1, .ofs_y = 0},
    {.bitmap_index = 5222, .adv_w = 287, .box_w = 18, .box_h = 20, .ofs_x = 0, .ofs_y = 0},
    {.bitmap_index = 5279, .adv_w = 342, .box_w = 18, .box_h = 20, .ofs_x = 2, .ofs_y = 0},
    {.bitmap_index = 5368, .adv_w = 288, .box_w = 20, .box_h = 21, .ofs_x = -1, .ofs_y = 0},
    {.bitmap_index = 5515, .adv_w = 419, .box_w = 26, .box_h = 21, .ofs_x = 0, .ofs_y = 0},
    {.bitmap_index = 5739, .adv_w = 294, .box_w = 19, .box_h = 20, .ofs_x = 0, .ofs_y = 0},
    {.bitmap_index = 5884, .adv_w = 272, .box_w = 18, .box_h = 21, .ofs_x = -1, .ofs_y = 0},
    {.bitmap_index = 5996, .adv_w = 277, .box_w = 16, .box_h = 20, .ofs_x = 1, .ofs_y = 0},
    {.bitmap_index = 6100, .adv_w = 179, .box_w = 8, .box_h = 27, .ofs_x = 2, .ofs_y = -5},
    {.bitmap_index = 6134, .adv_w = 172, .box_w = 10, .box_h = 29, .ofs_x = 1, .ofs_y = -6},
    {.bitmap_index = 6243, .adv_w = 179, .box_w = 8, .box_h = 27, .ofs_x = 1, .ofs_y = -5},
    {.bitmap_index = 6275, .adv_w = 273, .box_w = 15, .box_h = 14, .ofs_x = 1, .ofs_y = 7},
    {.bitmap_index = 6362, .adv_w = 256, .box_w = 16, .box_h = 3, .ofs_x = 0, .ofs_y = -4},
    {.bitmap_index = 6378, .adv_w = 285, .box_w = 9, .box_h = 10, .ofs_x = 2, .ofs_y = 17},
    {.bitmap_index = 6413, .adv_w = 271, .box_w = 15, .box_h = 17, .ofs_x = 1, .ofs_y = -1},
    {.bitmap_index = 6518, .adv_w = 295, .box_w = 16, .box_h = 23, .ofs_x = 2, .ofs_y = -1},
    {.bitmap_index = 6627, .adv_w = 241, .box_w = 14, .box_h = 16, .ofs_x = 1, .ofs_y = 0},
    {.bitmap_index = 6709, .adv_w = 295, .box_w = 16, .box_h = 23, .ofs_x = 1, .ofs_y = -1},
    {.bitmap_index = 6824, .adv_w = 267, .box_w = 15, .box_h = 16, .ofs_x = 1, .ofs_y = 0},
    {.bitmap_index = 6919, .adv_w = 178, .box_w = 13, .box_h = 22, .ofs_x = 0, .ofs_y = 0},
    {.bitmap_index = 6990, .adv_w = 276, .box_w = 16, .box_h = 22, .ofs_x = 1, .ofs_y = -6},
    {.bitmap_index = 7130, .adv_w = 295, .box_w = 15, .box_h = 22, .ofs_x = 2, .ofs_y = 0},
    {.bitmap_index = 7206, .adv_w = 144, .box_w = 7, .box_h = 23, .ofs_x = 1, .ofs_y = 0},
    {.bitmap_index = 7247, .adv_w = 145, .box_w = 10, .box_h = 29, .ofs_x = -2, .ofs_y = -6},
    {.bitmap_index = 7318, .adv_w = 284, .box_w = 16, .box_h = 22, .ofs_x = 2, .ofs_y = 0},
    {.bitmap_index = 7417, .adv_w = 149, .box_w = 8, .box_h = 22, .ofs_x = 2, .ofs_y = 0},
    {.bitmap_index = 7449, .adv_w = 441, .box_w = 24, .box_h = 16, .ofs_x = 2, .ofs_y = 0},
    {.bitmap_index = 7551, .adv_w = 295, .box_w = 15, .box_h = 16, .ofs_x = 2, .ofs_y = 0},
    {.bitmap_index = 7615, .adv_w = 285, .box_w = 16, .box_h = 16, .ofs_x = 1, .ofs_y = 0},
    {.bitmap_index = 7712, .adv_w = 295, .box_w = 16, .box_h = 23, .ofs_x = 2, .ofs_y = -6},
    {.bitmap_index = 7821, .adv_w = 295, .box_w = 16, .box_h = 23, .ofs_x = 1, .ofs_y = -6},
    {.bitmap_index = 7929, .adv_w = 208, .box_w = 12, .box_h = 16, .ofs_x = 2, .ofs_y = 0},
    {.bitmap_index = 7977, .adv_w = 228, .box_w = 14, .box_h = 16, .ofs_x = 0, .ofs_y = 0},
    {.bitmap_index = 8074, .adv_w = 199, .box_w = 13, .box_h = 21, .ofs_x = 0, .ofs_y = 0},
    {.bitmap_index = 8151, .adv_w = 293, .box_w = 16, .box_h = 16, .ofs_x = 1, .ofs_y = 0},
    {.bitmap_index = 8215, .adv_w = 272, .box_w = 17, .box_h = 17, .ofs_x = 0, .ofs_y = 0},
    {.bitmap_index = 8326, .adv_w = 402, .box_w = 25, .box_h = 17, .ofs_x = 0, .ofs_y = 0},
    {.bitmap_index = 8499, .adv_w = 268, .box_w = 17, .box_h = 18, .ofs_x = 0, .ofs_y = -1},
    {.bitmap_index = 8620, .adv_w = 271, .box_w = 17, .box_h = 23, .ofs_x = 0, .ofs_y = -6},
    {.bitmap_index = 8761, .adv_w = 238, .box_w = 14, .box_h = 16, .ofs_x = 1, .ofs_y = 0},
    {.bitmap_index = 8843, .adv_w = 179, .box_w = 10, .box_h = 27, .ofs_x = 0, .ofs_y = -5},
    {.bitmap_index = 8935, .adv_w = 139, .box_w = 4, .box_h = 32, .ofs_x = 2, .ofs_y = -8},
    {.bitmap_index = 8956, .adv_w = 179, .box_w = 10, .box_h = 27, .ofs_x = 1, .ofs_y = -5},
    {.bitmap_index = 9053, .adv_w = 273, .box_w = 16, .box_h = 6, .ofs_x = 1, .ofs_y = 7},
    {.bitmap_index = 9092, .adv_w = 448, .box_w = 8, .box_h = 8, .ofs_x = 10, .ofs_y = 7},
    {.bitmap_index = 9119, .adv_w = 410, .box_w = 24, .box_h = 4, .ofs_x = 1, .ofs_y = 6},
    {.bitmap_index = 9141, .adv_w = 448, .box_w = 12, .box_h = 9, .ofs_x = 16, .ofs_y = 15},
    {.bitmap_index = 9193, .adv_w = 448, .box_w = 12, .box_h = 10, .ofs_x = 0, .ofs_y = 14},
    {.bitmap_index = 9252, .adv_w = 448, .box_w = 24, .box_h = 5, .ofs_x = 2, .ofs_y = 8},
    {.bitmap_index = 9305, .adv_w = 448, .box_w = 16, .box_h = 20, .ofs_x = 6, .ofs_y = 0},
    {.bitmap_index = 9354, .adv_w = 448, .box_w = 24, .box_h = 27, .ofs_x = 3, .ofs_y = -3},
    {.bitmap_index = 9487, .adv_w = 334, .box_w = 21, .box_h = 24, .ofs_x = 0, .ofs_y = -1},
    {.bitmap_index = 9641, .adv_w = 448, .box_w = 11, .box_h = 9, .ofs_x = 0, .ofs_y = -2},
    {.bitmap_index = 9690, .adv_w = 448, .box_w = 28, .box_h = 6, .ofs_x = 0, .ofs_y = 8},
    {.bitmap_index = 9725, .adv_w = 448, .box_w = 26, .box_h = 24, .ofs_x = 1, .ofs_y = -2},
    {.bitmap_index = 9842, .adv_w = 448, .box_w = 26, .box_h = 26, .ofs_x = 1, .ofs_y = -2},
    {.bitmap_index = 9931, .adv_w = 448, .box_w = 27, .box_h = 26, .ofs_x = 1, .ofs_y = -3},
    {.bitmap_index = 10109, .adv_w = 448, .box_w = 25, .box_h = 27, .ofs_x = 1, .ofs_y = -3},
    {.bitmap_index = 10292, .adv_w = 448, .box_w = 26, .box_h = 29, .ofs_x = 1, .ofs_y = -4},
    {.bitmap_index = 10508, .adv_w = 448, .box_w = 26, .box_h = 26, .ofs_x = 1, .ofs_y = -2},
    {.bitmap_index = 10688, .adv_w = 448, .box_w = 24, .box_h = 27, .ofs_x = 2, .ofs_y = -3},
    {.bitmap_index = 10803, .adv_w = 448, .box_w = 26, .box_h = 27, .ofs_x = 1, .ofs_y = -2},
    {.bitmap_index = 10944, .adv_w = 448, .box_w = 26, .box_h = 28, .ofs_x = 1, .ofs_y = -3},
    {.bitmap_index = 11191, .adv_w = 448, .box_w = 26, .box_h = 22, .ofs_x = 1, .ofs_y = -1},
    {.bitmap_index = 11267, .adv_w = 448, .box_w = 26, .box_h = 24, .ofs_x = 1, .ofs_y = -2},
    {.bitmap_index = 11451, .adv_w = 448, .box_w = 27, .box_h = 28, .ofs_x = 1, .ofs_y = -3},
    {.bitmap_index = 11687, .adv_w = 448, .box_w = 26, .box_h = 29, .ofs_x = 1, .ofs_y = -4},
    {.bitmap_index = 11909, .adv_w = 448, .box_w = 28, .box_h = 27, .ofs_x = 0, .ofs_y = -3},
    {.bitmap_index = 12162, .adv_w = 448, .box_w = 28, .box_h = 27, .ofs_x = -1, .ofs_y = -3},
    {.bitmap_index = 12361, .adv_w = 448, .box_w = 25, .box_h = 28, .ofs_x = 2, .ofs_y = -3},
    {.bitmap_index = 12590, .adv_w = 448, .box_w = 29, .box_h = 28, .ofs_x = -1, .ofs_y = -3},
    {.bitmap_index = 12784, .adv_w = 448, .box_w = 29, .box_h = 28, .ofs_x = -1, .ofs_y = -3},
    {.bitmap_index = 13044, .adv_w = 448, .box_w = 28, .box_h = 27, .ofs_x = -1, .ofs_y = -3},
    {.bitmap_index = 13288, .adv_w = 448, .box_w = 29, .box_h = 28, .ofs_x = -1, .ofs_y = -4},
    {.bitmap_index = 13537, .adv_w = 448, .box_w = 29, .box_h = 27, .ofs_x = -1, .ofs_y = -3},
    {.bitmap_index = 13808, .adv_w = 448, .box_w = 29, .box_h = 28, .ofs_x = -1, .ofs_y = -3},
    {.bitmap_index = 14053, .adv_w = 448, .box_w = 29, .box_h = 27, .ofs_x = -1, .ofs_y = -3},
    {.bitmap_index = 14332, .adv_w = 448, .box_w = 27, .box_h = 27, .ofs_x = 1, .ofs_y = -3},
    {.bitmap_index = 14540, .adv_w = 448, .box_w = 28, .box_h = 27, .ofs_x = 0, .ofs_y = -2},
    {.bitmap_index = 14750, .adv_w = 448, .box_w = 26, .box_h = 28, .ofs_x = 1, .ofs_y = -3},
    {.bitmap_index = 14951, .adv_w = 448, .box_w = 26, .box_h = 28, .ofs_x = 1, .ofs_y = -4},
    {.bitmap_index = 15162, .adv_w = 448, .box_w = 26, .box_h = 28, .ofs_x = 1, .ofs_y = -3},
    {.bitmap_index = 15384, .adv_w = 448, .box_w = 28, .box_h = 28, .ofs_x = 0, .ofs_y = -3},
    {.bitmap_index = 15595, .adv_w = 448, .box_w = 24, .box_h = 28, .ofs_x = 2, .ofs_y = -4},
    {.bitmap_index = 15778, .adv_w = 448, .box_w = 28, .box_h = 27, .ofs_x = 0, .ofs_y = -4},
    {.bitmap_index = 15974, .adv_w = 448, .box_w = 28, .box_h = 27, .ofs_x = 0, .ofs_y = -3},
    {.bitmap_index = 16242, .adv_w = 448, .box_w = 26, .box_h = 27, .ofs_x = 1, .ofs_y = -3},
    {.bitmap_index = 16405, .adv_w = 448, .box_w = 27, .box_h = 27, .ofs_x = 1, .ofs_y = -3},
    {.bitmap_index = 16652, .adv_w = 448, .box_w = 27, .box_h = 27, .ofs_x = 0, .ofs_y = -4},
    {.bitmap_index = 16910, .adv_w = 448, .box_w = 27, .box_h = 28, .ofs_x = 0, .ofs_y = -3},
    {.bitmap_index = 17167, .adv_w = 448, .box_w = 26, .box_h = 26, .ofs_x = 1, .ofs_y = -2},
    {.bitmap_index = 17406, .adv_w = 448, .box_w = 27, .box_h = 28, .ofs_x = 0, .ofs_y = -4},
    {.bitmap_index = 17621, .adv_w = 448, .box_w = 27, .box_h = 27, .ofs_x = 0, .ofs_y = -3},
    {.bitmap_index = 17870, .adv_w = 448, .box_w = 26, .box_h = 28, .ofs_x = 1, .ofs_y = -3},
    {.bitmap_index = 18125, .adv_w = 448, .box_w = 26, .box_h = 27, .ofs_x = 1, .ofs_y = -3},
    {.bitmap_index = 18386, .adv_w = 448, .box_w = 28, .box_h = 27, .ofs_x = 0, .ofs_y = -2},
    {.bitmap_index = 18594, .adv_w = 448, .box_w = 26, .box_h = 25, .ofs_x = 2, .ofs_y = -2},
    {.bitmap_index = 18787, .adv_w = 448, .box_w = 26, .box_h = 27, .ofs_x = 1, .ofs_y = -3},
    {.bitmap_index = 18929, .adv_w = 448, .box_w = 27, .box_h = 26, .ofs_x = 0, .ofs_y = -3},
    {.bitmap_index = 19115, .adv_w = 448, .box_w = 27, .box_h = 27, .ofs_x = 1, .ofs_y = -4},
    {.bitmap_index = 19373, .adv_w = 448, .box_w = 24, .box_h = 24, .ofs_x = 2, .ofs_y = -2},
    {.bitmap_index = 19445, .adv_w = 448, .box_w = 26, .box_h = 26, .ofs_x = 1, .ofs_y = -3},
    {.bitmap_index = 19595, .adv_w = 448, .box_w = 27, .box_h = 27, .ofs_x = 0, .ofs_y = -3},
    {.bitmap_index = 19767, .adv_w = 448, .box_w = 26, .box_h = 28, .ofs_x = 1, .ofs_y = -4},
    {.bitmap_index = 19949, .adv_w = 448, .box_w = 26, .box_h = 26, .ofs_x = 1, .ofs_y = -3},
    {.bitmap_index = 20105, .adv_w = 448, .box_w = 25, .box_h = 28, .ofs_x = 0, .ofs_y = -3},
    {.bitmap_index = 20289, .adv_w = 448, .box_w = 28, .box_h = 28, .ofs_x = 0, .ofs_y = -3},
    {.bitmap_index = 20488, .adv_w = 448, .box_w = 24, .box_h = 28, .ofs_x = 2, .ofs_y = -4},
    {.bitmap_index = 20653, .adv_w = 448, .box_w = 26, .box_h = 28, .ofs_x = 0, .ofs_y = -3},
    {.bitmap_index = 20845, .adv_w = 448, .box_w = 26, .box_h = 27, .ofs_x = 0, .ofs_y = -4},
    {.bitmap_index = 21070, .adv_w = 448, .box_w = 26, .box_h = 29, .ofs_x = 1, .ofs_y = -4},
    {.bitmap_index = 21307, .adv_w = 448, .box_w = 28, .box_h = 26, .ofs_x = 0, .ofs_y = -3},
    {.bitmap_index = 21553, .adv_w = 448, .box_w = 26, .box_h = 24, .ofs_x = 1, .ofs_y = -2},
    {.bitmap_index = 21705, .adv_w = 448, .box_w = 26, .box_h = 27, .ofs_x = 1, .ofs_y = -3},
    {.bitmap_index = 21900, .adv_w = 448, .box_w = 27, .box_h = 27, .ofs_x = 0, .ofs_y = -3},
    {.bitmap_index = 22107, .adv_w = 448, .box_w = 28, .box_h = 26, .ofs_x = 0, .ofs_y = -2},
    {.bitmap_index = 22346, .adv_w = 448, .box_w = 27, .box_h = 27, .ofs_x = 0, .ofs_y = -3},
    {.bitmap_index = 22542, .adv_w = 448, .box_w = 27, .box_h = 28, .ofs_x = 0, .ofs_y = -3},
    {.bitmap_index = 22766, .adv_w = 448, .box_w = 28, .box_h = 27, .ofs_x = 0, .ofs_y = -3},
    {.bitmap_index = 22997, .adv_w = 448, .box_w = 27, .box_h = 29, .ofs_x = 0, .ofs_y = -4},
    {.bitmap_index = 23261, .adv_w = 448, .box_w = 26, .box_h = 26, .ofs_x = 1, .ofs_y = -3},
    {.bitmap_index = 23449, .adv_w = 448, .box_w = 26, .box_h = 28, .ofs_x = 1, .ofs_y = -3},
    {.bitmap_index = 23677, .adv_w = 448, .box_w = 27, .box_h = 27, .ofs_x = 0, .ofs_y = -3},
    {.bitmap_index = 23908, .adv_w = 448, .box_w = 28, .box_h = 28, .ofs_x = 0, .ofs_y = -3},
    {.bitmap_index = 24180, .adv_w = 448, .box_w = 26, .box_h = 29, .ofs_x = 1, .ofs_y = -4},
    {.bitmap_index = 24379, .adv_w = 448, .box_w = 28, .box_h = 28, .ofs_x = 0, .ofs_y = -4},
    {.bitmap_index = 24607, .adv_w = 448, .box_w = 26, .box_h = 28, .ofs_x = 1, .ofs_y = -3},
    {.bitmap_index = 24822, .adv_w = 448, .box_w = 27, .box_h = 28, .ofs_x = 1, .ofs_y = -3},
    {.bitmap_index = 25038, .adv_w = 448, .box_w = 26, .box_h = 29, .ofs_x = 1, .ofs_y = -4},
    {.bitmap_index = 25258, .adv_w = 448, .box_w = 27, .box_h = 28, .ofs_x = 1, .ofs_y = -3},
    {.bitmap_index = 25530, .adv_w = 448, .box_w = 26, .box_h = 28, .ofs_x = 1, .ofs_y = -3},
    {.bitmap_index = 25770, .adv_w = 448, .box_w = 27, .box_h = 27, .ofs_x = 1, .ofs_y = -2},
    {.bitmap_index = 26017, .adv_w = 448, .box_w = 28, .box_h = 27, .ofs_x = 0, .ofs_y = -3},
    {.bitmap_index = 26257, .adv_w = 448, .box_w = 28, .box_h = 28, .ofs_x = 0, .ofs_y = -4},
    {.bitmap_index = 26456, .adv_w = 448, .box_w = 27, .box_h = 27, .ofs_x = 0, .ofs_y = -4},
    {.bitmap_index = 26693, .adv_w = 448, .box_w = 28, .box_h = 26, .ofs_x = 0, .ofs_y = -2},
    {.bitmap_index = 26887, .adv_w = 448, .box_w = 26, .box_h = 25, .ofs_x = 2, .ofs_y = -2},
    {.bitmap_index = 27035, .adv_w = 448, .box_w = 26, .box_h = 27, .ofs_x = 1, .ofs_y = -3},
    {.bitmap_index = 27270, .adv_w = 448, .box_w = 26, .box_h = 29, .ofs_x = 1, .ofs_y = -4},
    {.bitmap_index = 27485, .adv_w = 448, .box_w = 28, .box_h = 29, .ofs_x = 0, .ofs_y = -4},
    {.bitmap_index = 27738, .adv_w = 448, .box_w = 27, .box_h = 28, .ofs_x = 0, .ofs_y = -3},
    {.bitmap_index = 27973, .adv_w = 448, .box_w = 28, .box_h = 28, .ofs_x = 0, .ofs_y = -3},
    {.bitmap_index = 28219, .adv_w = 448, .box_w = 27, .box_h = 28, .ofs_x = 0, .ofs_y = -3},
    {.bitmap_index = 28481, .adv_w = 448, .box_w = 28, .box_h = 28, .ofs_x = 0, .ofs_y = -3},
    {.bitmap_index = 28761, .adv_w = 448, .box_w = 26, .box_h = 27, .ofs_x = 1, .ofs_y = -4},
    {.bitmap_index = 28935, .adv_w = 448, .box_w = 27, .box_h = 28, .ofs_x = 1, .ofs_y = -3},
    {.bitmap_index = 29170, .adv_w = 448, .box_w = 23, .box_h = 28, .ofs_x = 2, .ofs_y = -4},
    {.bitmap_index = 29347, .adv_w = 448, .box_w = 26, .box_h = 26, .ofs_x = 1, .ofs_y = -3},
    {.bitmap_index = 29572, .adv_w = 448, .box_w = 29, .box_h = 29, .ofs_x = -1, .ofs_y = -4},
    {.bitmap_index = 29838, .adv_w = 448, .box_w = 28, .box_h = 28, .ofs_x = 0, .ofs_y = -3},
    {.bitmap_index = 30009, .adv_w = 448, .box_w = 28, .box_h = 27, .ofs_x = 0, .ofs_y = -2},
    {.bitmap_index = 30282, .adv_w = 448, .box_w = 28, .box_h = 28, .ofs_x = 0, .ofs_y = -3},
    {.bitmap_index = 30537, .adv_w = 448, .box_w = 27, .box_h = 29, .ofs_x = 1, .ofs_y = -4},
    {.bitmap_index = 30799, .adv_w = 448, .box_w = 25, .box_h = 29, .ofs_x = 0, .ofs_y = -4},
    {.bitmap_index = 30961, .adv_w = 448, .box_w = 27, .box_h = 29, .ofs_x = 1, .ofs_y = -4},
    {.bitmap_index = 31152, .adv_w = 448, .box_w = 28, .box_h = 28, .ofs_x = 0, .ofs_y = -3},
    {.bitmap_index = 31436, .adv_w = 448, .box_w = 27, .box_h = 27, .ofs_x = 0, .ofs_y = -3},
    {.bitmap_index = 31710, .adv_w = 448, .box_w = 27, .box_h = 28, .ofs_x = 0, .ofs_y = -3},
    {.bitmap_index = 31963, .adv_w = 448, .box_w = 28, .box_h = 29, .ofs_x = 0, .ofs_y = -4},
    {.bitmap_index = 32253, .adv_w = 448, .box_w = 28, .box_h = 28, .ofs_x = 0, .ofs_y = -3},
    {.bitmap_index = 32528, .adv_w = 448, .box_w = 28, .box_h = 27, .ofs_x = 0, .ofs_y = -3},
    {.bitmap_index = 32767, .adv_w = 448, .box_w = 28, .box_h = 28, .ofs_x = 0, .ofs_y = -3},
    {.bitmap_index = 33056, .adv_w = 448, .box_w = 27, .box_h = 28, .ofs_x = 0, .ofs_y = -3},
    {.bitmap_index = 33310, .adv_w = 448, .box_w = 28, .box_h = 28, .ofs_x = 0, .ofs_y = -3},
    {.bitmap_index = 33582, .adv_w = 448, .box_w = 27, .box_h = 28, .ofs_x = 0, .ofs_y = -4},
    {.bitmap_index = 33833, .adv_w = 448, .box_w = 28, .box_h = 28, .ofs_x = 0, .ofs_y = -3},
    {.bitmap_index = 34119, .adv_w = 448, .box_w = 27, .box_h = 28, .ofs_x = 1, .ofs_y = -4},
    {.bitmap_index = 34430, .adv_w = 448, .box_w = 26, .box_h = 26, .ofs_x = 1, .ofs_y = -2},
    {.bitmap_index = 34688, .adv_w = 448, .box_w = 26, .box_h = 29, .ofs_x = 1, .ofs_y = -4},
    {.bitmap_index = 34920, .adv_w = 448, .box_w = 27, .box_h = 28, .ofs_x = 1, .ofs_y = -3},
    {.bitmap_index = 35184, .adv_w = 448, .box_w = 28, .box_h = 28, .ofs_x = 0, .ofs_y = -3},
    {.bitmap_index = 35456, .adv_w = 448, .box_w = 22, .box_h = 25, .ofs_x = 3, .ofs_y = -2},
    {.bitmap_index = 35534, .adv_w = 448, .box_w = 26, .box_h = 26, .ofs_x = 1, .ofs_y = -3},
    {.bitmap_index = 35673, .adv_w = 448, .box_w = 27, .box_h = 27, .ofs_x = 1, .ofs_y = -3},
    {.bitmap_index = 35872, .adv_w = 448, .box_w = 28, .box_h = 25, .ofs_x = 0, .ofs_y = -2},
    {.bitmap_index = 36073, .adv_w = 448, .box_w = 27, .box_h = 27, .ofs_x = 0, .ofs_y = -3},
    {.bitmap_index = 36300, .adv_w = 448, .box_w = 26, .box_h = 28, .ofs_x = 1, .ofs_y = -3},
    {.bitmap_index = 36537, .adv_w = 448, .box_w = 26, .box_h = 26, .ofs_x = 1, .ofs_y = -3},
    {.bitmap_index = 36736, .adv_w = 448, .box_w = 26, .box_h = 28, .ofs_x = 1, .ofs_y = -4},
    {.bitmap_index = 36971, .adv_w = 448, .box_w = 27, .box_h = 29, .ofs_x = 0, .ofs_y = -4},
    {.bitmap_index = 37161, .adv_w = 448, .box_w = 28, .box_h = 27, .ofs_x = 0, .ofs_y = -4},
    {.bitmap_index = 37413, .adv_w = 448, .box_w = 26, .box_h = 27, .ofs_x = 1, .ofs_y = -3},
    {.bitmap_index = 37614, .adv_w = 448, .box_w = 28, .box_h = 27, .ofs_x = 0, .ofs_y = -3},
    {.bitmap_index = 37833, .adv_w = 448, .box_w = 29, .box_h = 27, .ofs_x = -1, .ofs_y = -3},
    {.bitmap_index = 38069, .adv_w = 448, .box_w = 26, .box_h = 29, .ofs_x = 1, .ofs_y = -4},
    {.bitmap_index = 38335, .adv_w = 448, .box_w = 29, .box_h = 28, .ofs_x = -1, .ofs_y = -3},
    {.bitmap_index = 38622, .adv_w = 448, .box_w = 28, .box_h = 28, .ofs_x = -1, .ofs_y = -4},
    {.bitmap_index = 38897, .adv_w = 448, .box_w = 26, .box_h = 26, .ofs_x = 1, .ofs_y = -3},
    {.bitmap_index = 39096, .adv_w = 448, .box_w = 26, .box_h = 26, .ofs_x = 1, .ofs_y = -2},
    {.bitmap_index = 39289, .adv_w = 448, .box_w = 29, .box_h = 27, .ofs_x = -1, .ofs_y = -3},
    {.bitmap_index = 39546, .adv_w = 448, .box_w = 28, .box_h = 27, .ofs_x = -1, .ofs_y = -3},
    {.bitmap_index = 39823, .adv_w = 448, .box_w = 26, .box_h = 25, .ofs_x = 1, .ofs_y = -2},
    {.bitmap_index = 39934, .adv_w = 448, .box_w = 26, .box_h = 27, .ofs_x = 1, .ofs_y = -3},
    {.bitmap_index = 40159, .adv_w = 448, .box_w = 28, .box_h = 28, .ofs_x = 0, .ofs_y = -3},
    {.bitmap_index = 40441, .adv_w = 448, .box_w = 26, .box_h = 27, .ofs_x = 1, .ofs_y = -3},
    {.bitmap_index = 40714, .adv_w = 448, .box_w = 28, .box_h = 27, .ofs_x = 0, .ofs_y = -3},
    {.bitmap_index = 40990, .adv_w = 448, .box_w = 27, .box_h = 28, .ofs_x = 1, .ofs_y = -3},
    {.bitmap_index = 41227, .adv_w = 448, .box_w = 28, .box_h = 28, .ofs_x = 0, .ofs_y = -3},
    {.bitmap_index = 41532, .adv_w = 448, .box_w = 28, .box_h = 28, .ofs_x = 0, .ofs_y = -4},
    {.bitmap_index = 41793, .adv_w = 448, .box_w = 28, .box_h = 26, .ofs_x = 0, .ofs_y = -2},
    {.bitmap_index = 42086, .adv_w = 448, .box_w = 28, .box_h = 28, .ofs_x = 0, .ofs_y = -4},
    {.bitmap_index = 42349, .adv_w = 448, .box_w = 28, .box_h = 28, .ofs_x = 0, .ofs_y = -4},
    {.bitmap_index = 42634, .adv_w = 448, .box_w = 26, .box_h = 28, .ofs_x = 1, .ofs_y = -4},
    {.bitmap_index = 42878, .adv_w = 448, .box_w = 27, .box_h = 27, .ofs_x = 1, .ofs_y = -3},
    {.bitmap_index = 43079, .adv_w = 448, .box_w = 28, .box_h = 28, .ofs_x = 0, .ofs_y = -4},
    {.bitmap_index = 43346, .adv_w = 448, .box_w = 28, .box_h = 25, .ofs_x = 0, .ofs_y = -2},
    {.bitmap_index = 43579, .adv_w = 448, .box_w = 26, .box_h = 27, .ofs_x = 0, .ofs_y = -4},
    {.bitmap_index = 43759, .adv_w = 448, .box_w = 26, .box_h = 26, .ofs_x = 1, .ofs_y = -3},
    {.bitmap_index = 43927, .adv_w = 448, .box_w = 26, .box_h = 28, .ofs_x = 1, .ofs_y = -3},
    {.bitmap_index = 44172, .adv_w = 448, .box_w = 28, .box_h = 26, .ofs_x = 0, .ofs_y = -2},
    {.bitmap_index = 44420, .adv_w = 448, .box_w = 26, .box_h = 27, .ofs_x = 1, .ofs_y = -2},
    {.bitmap_index = 44645, .adv_w = 448, .box_w = 26, .box_h = 26, .ofs_x = 1, .ofs_y = -2},
    {.bitmap_index = 44802, .adv_w = 448, .box_w = 27, .box_h = 28, .ofs_x = 0, .ofs_y = -3},
    {.bitmap_index = 45010, .adv_w = 448, .box_w = 28, .box_h = 27, .ofs_x = -1, .ofs_y = -4},
    {.bitmap_index = 45285, .adv_w = 448, .box_w = 27, .box_h = 26, .ofs_x = 0, .ofs_y = -3},
    {.bitmap_index = 45481, .adv_w = 448, .box_w = 26, .box_h = 29, .ofs_x = 1, .ofs_y = -4},
    {.bitmap_index = 45722, .adv_w = 448, .box_w = 29, .box_h = 27, .ofs_x = -1, .ofs_y = -3},
    {.bitmap_index = 45978, .adv_w = 448, .box_w = 29, .box_h = 28, .ofs_x = -1, .ofs_y = -4},
    {.bitmap_index = 46244, .adv_w = 448, .box_w = 26, .box_h = 27, .ofs_x = 1, .ofs_y = -2},
    {.bitmap_index = 46437, .adv_w = 448, .box_w = 26, .box_h = 27, .ofs_x = 1, .ofs_y = -2},
    {.bitmap_index = 46630, .adv_w = 448, .box_w = 28, .box_h = 27, .ofs_x = 0, .ofs_y = -3},
    {.bitmap_index = 46919, .adv_w = 448, .box_w = 28, .box_h = 27, .ofs_x = 0, .ofs_y = -2},
    {.bitmap_index = 47199, .adv_w = 448, .box_w = 27, .box_h = 28, .ofs_x = 0, .ofs_y = -3},
    {.bitmap_index = 47447, .adv_w = 448, .box_w = 27, .box_h = 28, .ofs_x = 0, .ofs_y = -3},
    {.bitmap_index = 47720, .adv_w = 448, .box_w = 26, .box_h = 28, .ofs_x = 1, .ofs_y = -4},
    {.bitmap_index = 47977, .adv_w = 448, .box_w = 27, .box_h = 28, .ofs_x = 0, .ofs_y = -3},
    {.bitmap_index = 48282, .adv_w = 448, .box_w = 28, .box_h = 27, .ofs_x = 0, .ofs_y = -3},
    {.bitmap_index = 48577, .adv_w = 448, .box_w = 28, .box_h = 26, .ofs_x = 0, .ofs_y = -2},
    {.bitmap_index = 48803, .adv_w = 448, .box_w = 27, .box_h = 27, .ofs_x = 0, .ofs_y = -3},
    {.bitmap_index = 49065, .adv_w = 448, .box_w = 27, .box_h = 27, .ofs_x = 0, .ofs_y = -2},
    {.bitmap_index = 49338, .adv_w = 448, .box_w = 28, .box_h = 26, .ofs_x = 0, .ofs_y = -2},
    {.bitmap_index = 49629, .adv_w = 448, .box_w = 28, .box_h = 27, .ofs_x = 0, .ofs_y = -3},
    {.bitmap_index = 49939, .adv_w = 448, .box_w = 28, .box_h = 28, .ofs_x = 0, .ofs_y = -3},
    {.bitmap_index = 50227, .adv_w = 448, .box_w = 28, .box_h = 28, .ofs_x = 0, .ofs_y = -3},
    {.bitmap_index = 50505, .adv_w = 448, .box_w = 26, .box_h = 27, .ofs_x = 1, .ofs_y = -4},
    {.bitmap_index = 50738, .adv_w = 448, .box_w = 26, .box_h = 25, .ofs_x = 1, .ofs_y = -2},
    {.bitmap_index = 50933, .adv_w = 448, .box_w = 27, .box_h = 28, .ofs_x = 0, .ofs_y = -3},
    {.bitmap_index = 51218, .adv_w = 448, .box_w = 27, .box_h = 28, .ofs_x = 1, .ofs_y = -3},
    {.bitmap_index = 51490, .adv_w = 448, .box_w = 22, .box_h = 27, .ofs_x = 3, .ofs_y = -3},
    {.bitmap_index = 51620, .adv_w = 448, .box_w = 28, .box_h = 27, .ofs_x = 0, .ofs_y = -2},
    {.bitmap_index = 51816, .adv_w = 448, .box_w = 26, .box_h = 27, .ofs_x = 1, .ofs_y = -3},
    {.bitmap_index = 52050, .adv_w = 448, .box_w = 27, .box_h = 27, .ofs_x = 1, .ofs_y = -3},
    {.bitmap_index = 52308, .adv_w = 448, .box_w = 28, .box_h = 28, .ofs_x = 0, .ofs_y = -3},
    {.bitmap_index = 52507, .adv_w = 448, .box_w = 28, .box_h = 26, .ofs_x = 0, .ofs_y = -3},
    {.bitmap_index = 52779, .adv_w = 448, .box_w = 28, .box_h = 27, .ofs_x = 0, .ofs_y = -3},
    {.bitmap_index = 53082, .adv_w = 448, .box_w = 26, .box_h = 28, .ofs_x = 1, .ofs_y = -3},
    {.bitmap_index = 53252, .adv_w = 448, .box_w = 28, .box_h = 27, .ofs_x = 0, .ofs_y = -3},
    {.bitmap_index = 53435, .adv_w = 448, .box_w = 27, .box_h = 27, .ofs_x = 1, .ofs_y = -3},
    {.bitmap_index = 53612, .adv_w = 448, .box_w = 27, .box_h = 27, .ofs_x = 1, .ofs_y = -3},
    {.bitmap_index = 53814, .adv_w = 448, .box_w = 28, .box_h = 27, .ofs_x = 0, .ofs_y = -3},
    {.bitmap_index = 54077, .adv_w = 448, .box_w = 27, .box_h = 28, .ofs_x = 0, .ofs_y = -4},
    {.bitmap_index = 54307, .adv_w = 448, .box_w = 27, .box_h = 26, .ofs_x = 1, .ofs_y = -2},
    {.bitmap_index = 54560, .adv_w = 448, .box_w = 28, .box_h = 27, .ofs_x = 0, .ofs_y = -3},
    {.bitmap_index = 54816, .adv_w = 448, .box_w = 28, .box_h = 28, .ofs_x = 0, .ofs_y = -4},
    {.bitmap_index = 55085, .adv_w = 448, .box_w = 28, .box_h = 28, .ofs_x = 0, .ofs_y = -4},
    {.bitmap_index = 55376, .adv_w = 448, .box_w = 27, .box_h = 28, .ofs_x = 0, .ofs_y = -4},
    {.bitmap_index = 55629, .adv_w = 448, .box_w = 26, .box_h = 27, .ofs_x = 1, .ofs_y = -3},
    {.bitmap_index = 55899, .adv_w = 448, .box_w = 27, .box_h = 27, .ofs_x = 1, .ofs_y = -3},
    {.bitmap_index = 56159, .adv_w = 448, .box_w = 26, .box_h = 28, .ofs_x = 1, .ofs_y = -3},
    {.bitmap_index = 56439, .adv_w = 448, .box_w = 27, .box_h = 26, .ofs_x = 0, .ofs_y = -3},
    {.bitmap_index = 56629, .adv_w = 448, .box_w = 27, .box_h = 27, .ofs_x = 0, .ofs_y = -3},
    {.bitmap_index = 56900, .adv_w = 448, .box_w = 28, .box_h = 28, .ofs_x = 0, .ofs_y = -3},
    {.bitmap_index = 57191, .adv_w = 448, .box_w = 27, .box_h = 28, .ofs_x = 0, .ofs_y = -3},
    {.bitmap_index = 57428, .adv_w = 448, .box_w = 29, .box_h = 28, .ofs_x = -1, .ofs_y = -3},
    {.bitmap_index = 57689, .adv_w = 448, .box_w = 27, .box_h = 27, .ofs_x = 0, .ofs_y = -2},
    {.bitmap_index = 57942, .adv_w = 448, .box_w = 28, .box_h = 27, .ofs_x = 0, .ofs_y = -3},
    {.bitmap_index = 58206, .adv_w = 448, .box_w = 29, .box_h = 28, .ofs_x = -1, .ofs_y = -3},
    {.bitmap_index = 58481, .adv_w = 448, .box_w = 28, .box_h = 27, .ofs_x = 0, .ofs_y = -3},
    {.bitmap_index = 58732, .adv_w = 448, .box_w = 28, .box_h = 27, .ofs_x = 0, .ofs_y = -3},
    {.bitmap_index = 59009, .adv_w = 448, .box_w = 27, .box_h = 28, .ofs_x = 1, .ofs_y = -3},
    {.bitmap_index = 59258, .adv_w = 448, .box_w = 28, .box_h = 25, .ofs_x = 0, .ofs_y = -2},
    {.bitmap_index = 59485, .adv_w = 448, .box_w = 27, .box_h = 25, .ofs_x = 1, .ofs_y = -2},
    {.bitmap_index = 59738, .adv_w = 448, .box_w = 29, .box_h = 27, .ofs_x = -1, .ofs_y = -3},
    {.bitmap_index = 60039, .adv_w = 448, .box_w = 26, .box_h = 26, .ofs_x = 1, .ofs_y = -2},
    {.bitmap_index = 60209, .adv_w = 448, .box_w = 26, .box_h = 27, .ofs_x = 1, .ofs_y = -2},
    {.bitmap_index = 60417, .adv_w = 448, .box_w = 28, .box_h = 28, .ofs_x = -1, .ofs_y = -3},
    {.bitmap_index = 60663, .adv_w = 448, .box_w = 29, .box_h = 27, .ofs_x = -1, .ofs_y = -3},
    {.bitmap_index = 60960, .adv_w = 448, .box_w = 29, .box_h = 28, .ofs_x = -1, .ofs_y = -3},
    {.bitmap_index = 61285, .adv_w = 448, .box_w = 26, .box_h = 27, .ofs_x = 1, .ofs_y = -2},
    {.bitmap_index = 61496, .adv_w = 448, .box_w = 26, .box_h = 29, .ofs_x = 1, .ofs_y = -4},
    {.bitmap_index = 61721, .adv_w = 448, .box_w = 26, .box_h = 28, .ofs_x = 1, .ofs_y = -3},
    {.bitmap_index = 61896, .adv_w = 448, .box_w = 26, .box_h = 29, .ofs_x = 1, .ofs_y = -4},
    {.bitmap_index = 62151, .adv_w = 448, .box_w = 26, .box_h = 29, .ofs_x = 1, .ofs_y = -3},
    {.bitmap_index = 62333, .adv_w = 448, .box_w = 26, .box_h = 26, .ofs_x = 1, .ofs_y = -3},
    {.bitmap_index = 62526, .adv_w = 448, .box_w = 29, .box_h = 28, .ofs_x = -1, .ofs_y = -4},
    {.bitmap_index = 62775, .adv_w = 448, .box_w = 28, .box_h = 26, .ofs_x = 0, .ofs_y = -3},
    {.bitmap_index = 63057, .adv_w = 448, .box_w = 7, .box_h = 12, .ofs_x = 5, .ofs_y = -5}
};

/*---------------------
 *  CHARACTER MAPPING
 *--------------------*/

static const uint16_t unicode_list_1[] = {
    0x0, 0x1f5d, 0x1f65, 0x1f66, 0x1f6f, 0x20aa, 0x24ff, 0x265c,
    0x2f4b, 0x4d49, 0x4d52, 0x4d53, 0x4d56, 0x4d57, 0x4d5c, 0x4d63,
    0x4d76, 0x4d84, 0x4d92, 0x4dd5, 0x4ddd, 0x4df7, 0x4e13, 0x4e17,
    0x4e44, 0x4e63, 0x4ea5, 0x4ec8, 0x4ed4, 0x4f26, 0x4f62, 0x4fa5,
    0x4ff1, 0x50ae, 0x50b1, 0x50b6, 0x50ba, 0x50bc, 0x50c1, 0x50ce,
    0x50d6, 0x510f, 0x5144, 0x514f, 0x5150, 0x515b, 0x5179, 0x5180,
    0x51e8, 0x51ea, 0x51f1, 0x524e, 0x5288, 0x52aa, 0x52bc, 0x531f,
    0x532c, 0x5338, 0x533c, 0x5340, 0x5355, 0x5356, 0x5357, 0x535a,
    0x5378, 0x53b1, 0x546d, 0x55b1, 0x5624, 0x563d, 0x5671, 0x5679,
    0x5839, 0x5850, 0x585f, 0x5865, 0x5872, 0x587a, 0x58cb, 0x5914,
    0x5aa0, 0x5aa1, 0x5aaf, 0x5ad5, 0x5aeb, 0x5aff, 0x5b02, 0x5b0f,
    0x5b42, 0x5b58, 0x5b98, 0x5d2f, 0x5d3b, 0x5d9e, 0x5dbf, 0x5dd8,
    0x5ddc, 0x5ddd, 0x5def, 0x5df6, 0x5e49, 0x5e58, 0x5e5e, 0x5e9e,
    0x5ece, 0x5f22, 0x5f4a, 0x6159, 0x615f, 0x6180, 0x6194, 0x61c7,
    0x6232, 0x6245, 0x6252, 0x62ab, 0x62db, 0x62ee, 0x631b, 0x63f6,
    0x647f, 0x6487, 0x64b9, 0x64bd, 0x64d0, 0x64f6, 0x64f9, 0x652e,
    0x6532, 0x653f, 0x6587, 0x65b1, 0x65cb, 0x663d, 0x6649, 0x6652,
    0x6656, 0x6673, 0x6675, 0x6683, 0x66aa, 0x66c8, 0x66cd, 0x66e5,
    0x672e, 0x6785, 0x696a, 0x6aac, 0x6aae, 0x6afe, 0x6b92, 0x6bea,
    0x6c31, 0x6c8e, 0x6cd1, 0x6d3a, 0x6d4e, 0x6dd9, 0x6e1a, 0x7002,
    0x71ff, 0x734f, 0x7471, 0x7484, 0x74a2, 0x75c4, 0x7621, 0x763d,
    0x7654, 0x774a, 0x7883, 0x7904, 0x791a, 0x7956, 0x79c3, 0x7a14,
    0x7a38, 0x7a5d, 0x7a92, 0x7aa4, 0x7c6b, 0x7d8a, 0x7e08, 0x7e0d,
    0x7e1c, 0x7e25, 0x7e30, 0x7e36, 0x7e72, 0x7e83, 0x7e9a, 0x7eb7,
    0x7f44, 0x8046, 0x8133, 0x81bb, 0x823a, 0x824c, 0x8795, 0x890b,
    0x892c, 0x8949, 0x8aea, 0x8aeb, 0x8af9, 0x8b07, 0x8b16, 0x8b1e,
    0x8b36, 0x8b40, 0x8b44, 0x8b4c, 0x8c6e, 0x8c6f, 0x8c8d, 0x8cfc,
    0x8ec4, 0x8edc, 0x8f1a, 0x8f21, 0x8f22, 0x8f24, 0x8f27, 0x8f49,
    0x8f52, 0x9031, 0x9096, 0x90db, 0x9113, 0x9115, 0x9116, 0x93e8,
    0x944a, 0x9477, 0x94c8, 0x9536, 0x953d, 0x954e, 0x973c, 0x97be,
    0x97c3, 0x97e1, 0xfe55
};

/*Collect the unicode lists and glyph_id offsets*/
static const lv_font_fmt_txt_cmap_t cmaps[] =
{
    {
        .range_start = 32, .range_length = 95, .glyph_id_start = 1,
        .unicode_list = NULL, .glyph_id_ofs_list = NULL, .list_length = 0, .type = LV_FONT_FMT_TXT_CMAP_FORMAT0_TINY
    },
    {
        .range_start = 183, .range_length = 65110, .glyph_id_start = 96,
        .unicode_list = unicode_list_1, .glyph_id_ofs_list = NULL, .list_length = 243, .type = LV_FONT_FMT_TXT_CMAP_SPARSE_TINY
    }
};



/*--------------------
 *  ALL CUSTOM DATA
 *--------------------*/

#if LVGL_VERSION_MAJOR == 8
/*Store all the custom data of the font*/
static  lv_font_fmt_txt_glyph_cache_t cache;
#endif

#if LVGL_VERSION_MAJOR >= 8
static const lv_font_fmt_txt_dsc_t font_dsc = {
#else
static lv_font_fmt_txt_dsc_t font_dsc = {
#endif
    .glyph_bitmap = glyph_bitmap,
    .glyph_dsc = glyph_dsc,
    .cmaps = cmaps,
    .kern_dsc = NULL,
    .kern_scale = 0,
    .cmap_num = 2,
    .bpp = 4,
    .kern_classes = 0,
    .bitmap_format = 1,
#if LVGL_VERSION_MAJOR == 8
    .cache = &cache
#endif
};



/*-----------------
 *  PUBLIC FONT
 *----------------*/

/*Initialize a public general font descriptor*/
#if LVGL_VERSION_MAJOR >= 8
const lv_font_t han_font_timer = {
#else
lv_font_t han_font_timer = {
#endif
    .get_glyph_dsc = lv_font_get_glyph_dsc_fmt_txt,    /*Function pointer to get glyph's data*/
    .get_glyph_bitmap = lv_font_get_bitmap_fmt_txt,    /*Function pointer to get glyph's bitmap*/
    .line_height = 35,          /*The maximum line height required by the font*/
    .base_line = 8,             /*Baseline measured from the bottom of the line*/
#if !(LVGL_VERSION_MAJOR == 6 && LVGL_VERSION_MINOR == 0)
    .subpx = LV_FONT_SUBPX_NONE,
#endif
#if LV_VERSION_CHECK(7, 4, 0) || LVGL_VERSION_MAJOR >= 8
    .underline_position = -3,
    .underline_thickness = 1,
#endif
    .dsc = &font_dsc,          /*The custom font data. Will be accessed by `get_glyph_bitmap/dsc` */
#if LV_VERSION_CHECK(8, 2, 0) || LVGL_VERSION_MAJOR >= 9
    .fallback = NULL,
#endif
    .user_data = NULL,
};



#endif /*#if HAN_FONT_TIMER*/
