/*******************************************************************************
 * Size: 32 px
 * Bpp: 4
 * Opts: --font D:\ESP32Projects\ESP32-HanDictionary\assets\source\fonts\ResourceHanRoundedCN-Heavy.ttf --symbols 周一二三四五六日第12345678节语文数学英语科学美术体育音乐劳动阅读班会明天要带本下周末已备课表好好学习天天向上问程ABCT?—语文数学英语信息语文科学班会数学英语语文音乐美术选修选修数学语文英语体育语文语文数学语文英语数学体育劳动美术科学英语数学语文武术竖笛数学民乐团美术本跳绳美术本跳绳美术本跳绳美术本跳绳美术本跳绳美术本跳绳美术本跳绳 --size 32 --bpp 4 --format lvgl --no-kerning --lv-font-name han_font_schedule --lv-include lvgl.h -o D:\ESP32Projects\ESP32-HanDictionary\main\han_dictionary\assets\han_font_schedule.c
 ******************************************************************************/

#ifdef LV_LVGL_H_INCLUDE_SIMPLE
#include "lvgl.h"
#else
#include "lvgl.h"
#endif

#ifndef HAN_FONT_SCHEDULE
#define HAN_FONT_SCHEDULE 1
#endif

#if HAN_FONT_SCHEDULE

/*-----------------
 *    BITMAPS
 *----------------*/

/*Store the image of the glyphs*/
static LV_ATTRIBUTE_LARGE_CONST const uint8_t glyph_bitmap[] = {
    /* U+0031 "1" */
    0x0, 0xf3, 0xe7, 0xf3, 0x0, 0x7e, 0x48, 0xe8,
    0x30, 0x19, 0x10, 0xe, 0x5e, 0xb7, 0x10, 0xe,
    0x20, 0xe, 0xb1, 0x0, 0xfc, 0xe0, 0x1c, 0x40,
    0x1f, 0xfc, 0x3d, 0x74, 0x41, 0x0, 0x7f, 0xc3,
    0x17, 0x6a, 0x0, 0xff, 0xff, 0x80, 0x7f, 0xff,
    0xc0, 0x3f, 0xfd, 0x29, 0x35, 0x74, 0x1, 0xd1,
    0x52, 0x80, 0x76, 0xca, 0x84, 0x1, 0xc6, 0xad,
    0x66, 0x80, 0x1f, 0xfc, 0x24, 0x20, 0xf, 0xfe,
    0x11, 0x2b, 0x8, 0x7, 0xf8, 0x59, 0x40,

    /* U+0032 "2" */
    0x0, 0x86, 0x37, 0xfe, 0xda, 0x40, 0xf, 0xa3,
    0x9c, 0x80, 0x22, 0x5b, 0xc2, 0x0, 0xd6, 0xe0,
    0x1f, 0xc7, 0x82, 0x0, 0x54, 0x0, 0xff, 0x87,
    0x40, 0x8, 0x20, 0x19, 0x58, 0xc0, 0x38, 0xcc,
    0x3, 0xa2, 0xd, 0xf5, 0x38, 0xe0, 0x1d, 0x60,
    0x3, 0xfa, 0x90, 0xd, 0x2, 0x1, 0x8c, 0x2,
    0x15, 0x0, 0xf1, 0x0, 0x7f, 0xf2, 0x44, 0x3,
    0xfc, 0x26, 0x1, 0xb4, 0x3, 0xfc, 0xe0, 0x1c,
    0xc0, 0x1f, 0xe8, 0x0, 0xc8, 0x20, 0x1f, 0xd4,
    0x20, 0x1a, 0x40, 0x3f, 0x99, 0x40, 0x33, 0x10,
    0x7, 0xe3, 0x90, 0xc, 0x52, 0x1, 0xf8, 0xb4,
    0x3, 0xbc, 0x3, 0xf1, 0x60, 0x80, 0x6a, 0x20,
    0xf, 0x8b, 0x4, 0x3, 0x42, 0x80, 0x7c, 0x78,
    0x20, 0x19, 0xdc, 0x1, 0xf1, 0xe0, 0x80, 0x71,
    0x66, 0xf7, 0x36, 0x84, 0x5a, 0x1, 0xf2, 0x99,
    0x8, 0x89, 0x6e, 0x44, 0x3, 0xff, 0x84, 0xe2,
    0x1, 0xff, 0xc3, 0x7b, 0x30, 0xf, 0xfe, 0xa,
    0x40,

    /* U+0033 "3" */
    0x0, 0xcb, 0x5b, 0xff, 0x75, 0xb8, 0x80, 0x7d,
    0x74, 0xa4, 0x1, 0xa, 0x47, 0x38, 0x7, 0x42,
    0x0, 0x7f, 0xa2, 0x40, 0x31, 0x0, 0x7f, 0xf0,
    0x19, 0x0, 0x2e, 0x0, 0xca, 0xea, 0x1, 0xee,
    0x0, 0x92, 0x41, 0xfe, 0xa2, 0xb8, 0x3, 0x9c,
    0x3, 0x37, 0xc0, 0x6, 0x13, 0x0, 0xc6, 0x1,
    0xff, 0x9, 0x80, 0x62, 0x0, 0xff, 0x2e, 0x0,
    0x72, 0x0, 0x7c, 0xbb, 0xf4, 0x40, 0x18, 0x64,
    0x3, 0xea, 0x20, 0xf, 0x1e, 0x8, 0x7, 0xff,
    0x9, 0xb0, 0x80, 0x3f, 0x48, 0x7, 0x9b, 0xc,
    0x3, 0xf3, 0x7f, 0x61, 0x80, 0x47, 0x88, 0x1,
    0xfc, 0x27, 0x8e, 0x1, 0xa8, 0x40, 0x3f, 0xe9,
    0x0, 0xc2, 0xc0, 0x1f, 0xf0, 0x80, 0x76, 0x80,
    0x7f, 0xc6, 0x1, 0xc2, 0x0, 0xaf, 0xb1, 0x0,
    0xc5, 0xc0, 0x1c, 0x41, 0xa, 0x9, 0xd9, 0x76,
    0xdd, 0x10, 0x7, 0x68, 0x10, 0x6, 0x34, 0x41,
    0x0, 0x78, 0xd0, 0x3c, 0x3, 0xff, 0x82, 0x5a,
    0x0, 0x57, 0x0, 0xff, 0x9b, 0x4, 0x2, 0x8d,
    0x74, 0x10, 0x8, 0x52, 0x36, 0x44, 0x0,

    /* U+0034 "4" */
    0x0, 0xfc, 0x33, 0xdf, 0xf6, 0x18, 0x7, 0xfd,
    0xac, 0x20, 0x11, 0xf8, 0x7, 0xf9, 0xcc, 0x3,
    0xc6, 0x1, 0xfc, 0x30, 0x1, 0xff, 0xc5, 0xb0,
    0xf, 0xfe, 0x2a, 0x28, 0x4, 0xe0, 0x1f, 0xfc,
    0x19, 0x0, 0x86, 0x80, 0x3f, 0xf8, 0xe, 0x40,
    0x13, 0x0, 0x7f, 0xf0, 0x6, 0x0, 0x34, 0x80,
    0x7f, 0xf0, 0x20, 0x3, 0x38, 0x88, 0x3, 0xfc,
    0x6c, 0x1, 0xc, 0x0, 0x7f, 0xf0, 0x3c, 0x3,
    0x40, 0x7, 0xff, 0x1, 0x4c, 0x2, 0x26, 0x0,
    0x38, 0x7, 0xf4, 0x80, 0x67, 0x66, 0xb4, 0x3,
    0x98, 0x80, 0x4c, 0x3, 0x2c, 0xcc, 0xc0, 0x1d,
    0x3a, 0x8a, 0x1, 0xff, 0xc5, 0xd7, 0x0, 0xff,
    0xe2, 0x89, 0xb8, 0x80, 0x7f, 0xf0, 0x92, 0x42,
    0x3b, 0xff, 0xeb, 0x0, 0xef, 0xb1, 0x0, 0xff,
    0xf2, 0x38, 0x7, 0xff, 0x18, 0x80, 0x31, 0x80,
    0x7f, 0xf0, 0x46, 0x88, 0xf, 0xc0, 0x20,

    /* U+0035 "5" */
    0x0, 0x86, 0xbb, 0xff, 0xf7, 0x50, 0x7, 0x4a,
    0x88, 0x7, 0xe1, 0x57, 0x0, 0xc8, 0x1, 0xff,
    0xc0, 0xd0, 0xc, 0x40, 0x1f, 0xfc, 0xc, 0x0,
    0xfe, 0x12, 0x2e, 0x37, 0x60, 0xc, 0x20, 0x1b,
    0xf7, 0x7b, 0x20, 0x3, 0xfc, 0x20, 0x1f, 0xf0,
    0x80, 0x7f, 0xf1, 0x4c, 0x3, 0xa, 0x21, 0x50,
    0x80, 0x3f, 0xf8, 0x3, 0x76, 0xab, 0xde, 0x80,
    0xf, 0xfe, 0x20, 0xbe, 0x80, 0x62, 0x20, 0x7,
    0xfc, 0x54, 0x1, 0xbc, 0xc1, 0xb3, 0x6d, 0x0,
    0x39, 0x48, 0x2, 0x2c, 0xf9, 0x32, 0x4b, 0x50,
    0xe, 0x50, 0xf, 0xfa, 0x0, 0x3b, 0x40, 0x3f,
    0xe2, 0x0, 0xe1, 0x0, 0xff, 0x84, 0x3, 0x84,
    0x3, 0xfe, 0x70, 0xe, 0x20, 0x3, 0xed, 0x8,
    0x6, 0x48, 0x0, 0xec, 0x5, 0x82, 0x5f, 0xbb,
    0xb6, 0xc4, 0x3, 0x12, 0x6, 0x80, 0x42, 0x89,
    0x10, 0x7, 0xa4, 0x1, 0x40, 0x1f, 0xfc, 0x19,
    0x40, 0x1, 0x58, 0x80, 0x7f, 0xd, 0xb0, 0x6,
    0x4f, 0x95, 0x21, 0x0, 0xa, 0x4f, 0x20, 0x4,

    /* U+0036 "6" */
    0x0, 0xf2, 0xd6, 0xff, 0xdb, 0x4a, 0x1, 0xf1,
    0x65, 0x29, 0x0, 0x44, 0xb4, 0xc0, 0x1c, 0x78,
    0x60, 0x1f, 0xd2, 0x1, 0x87, 0x44, 0x3, 0xff,
    0x87, 0x42, 0x1, 0x85, 0x14, 0x80, 0x29, 0x0,
    0x8d, 0x0, 0x33, 0xf5, 0xd6, 0xd9, 0xd3, 0x0,
    0x52, 0x1, 0x96, 0x0, 0x32, 0x62, 0x80, 0x64,
    0x0, 0xd2, 0x1, 0xff, 0x10, 0x80, 0x42, 0x65,
    0x3d, 0xfd, 0x4a, 0x1, 0x9c, 0x3, 0x13, 0xeb,
    0x8, 0xa, 0xd5, 0x88, 0x0, 0xc0, 0x31, 0xc0,
    0x7, 0xc9, 0x40, 0x1, 0x0, 0xff, 0xe1, 0x22,
    0x87, 0x80, 0x70, 0xcf, 0x6c, 0x80, 0x77, 0x7,
    0x80, 0x75, 0x30, 0x93, 0x40, 0x6, 0x40, 0x10,
    0xc, 0x28, 0x1, 0x98, 0x3, 0x85, 0x40, 0x3f,
    0xc2, 0x1, 0xc6, 0x60, 0xc, 0x22, 0x0, 0xc2,
    0x1, 0xf1, 0x80, 0x67, 0x0, 0xc4, 0x1, 0xc4,
    0x14, 0x1, 0xa0, 0x40, 0x28, 0x0, 0xc6, 0x0,
    0x61, 0x0, 0x87, 0x1d, 0xad, 0x0, 0x35, 0x0,
    0x54, 0x1, 0x8a, 0x25, 0x0, 0x31, 0x30, 0x4,
    0x90, 0x1, 0xfe, 0x1f, 0x0, 0xe7, 0x90, 0xf,
    0xc5, 0x84, 0x1, 0xe6, 0xe8, 0x31, 0x1, 0x4a,
    0xd2, 0x0, 0x80,

    /* U+0037 "7" */
    0x7, 0xef, 0xff, 0xfe, 0x6, 0xa9, 0xc0, 0x80,
    0x7f, 0xf0, 0xa, 0xd8, 0x3, 0xff, 0x86, 0x6e,
    0x1, 0xff, 0xc3, 0x42, 0x92, 0x11, 0xf8, 0x3,
    0x86, 0x1, 0xb7, 0xbb, 0xe6, 0x0, 0xd4, 0x20,
    0x1f, 0xc8, 0xc0, 0x13, 0x20, 0x7, 0xfa, 0x40,
    0x21, 0x80, 0xf, 0xf3, 0x10, 0x5, 0x22, 0x1,
    0xfe, 0x80, 0xc, 0xe0, 0x1f, 0xe6, 0x10, 0x9,
    0x80, 0x3f, 0xeb, 0x0, 0xd4, 0x1, 0xfe, 0x32,
    0x0, 0x88, 0xc0, 0x3f, 0xd4, 0x1, 0x90, 0x3,
    0xfe, 0x70, 0xd, 0xe0, 0x1f, 0xe2, 0x10, 0xc,
    0x80, 0x1f, 0xe4, 0x0, 0xe2, 0x0, 0xff, 0x78,
    0x6, 0x10, 0xf, 0xf9, 0x40, 0x31, 0x0, 0x7f,
    0xc6, 0x1, 0x98, 0x3, 0xff, 0x88, 0x60, 0x1f,
    0xe1, 0x0, 0xe1, 0x0, 0xff, 0x8, 0x80, 0x36,
    0x0, 0x7f, 0xd4, 0x40, 0x30, 0x80, 0x1e,

    /* U+0038 "8" */
    0x0, 0xe6, 0xbe, 0xff, 0x6d, 0x20, 0x7, 0xe4,
    0xe9, 0x41, 0x0, 0x12, 0xdd, 0x84, 0x3, 0x96,
    0xc4, 0x3, 0xf2, 0x68, 0x6, 0x1b, 0x0, 0xff,
    0x8d, 0x80, 0x27, 0x10, 0xd, 0x7f, 0xaa, 0x1,
    0xa8, 0x2, 0xf0, 0xd, 0x8, 0x5, 0x44, 0x1,
    0x18, 0x4, 0x60, 0x18, 0x80, 0x33, 0x80, 0x7c,
    0x40, 0x18, 0x80, 0x3f, 0x10, 0x5, 0x80, 0x1a,
    0x48, 0x2, 0x60, 0xa, 0xc0, 0x24, 0x30, 0x8,
    0x71, 0x40, 0xcc, 0x0, 0x26, 0x0, 0xdc, 0x20,
    0x10, 0xd6, 0xe8, 0x0, 0x3e, 0x1, 0xc5, 0x84,
    0x1, 0x88, 0x40, 0x16, 0x40, 0x1e, 0x52, 0x0,
    0xfd, 0x52, 0x1, 0xd7, 0x0, 0x8, 0xd6, 0x0,
    0xe6, 0xa0, 0xa, 0x50, 0x0, 0x4e, 0x53, 0xa6,
    0x1, 0x95, 0x0, 0x58, 0x2, 0x50, 0x8, 0xb0,
    0xc0, 0x37, 0x2, 0x0, 0x6e, 0x0, 0xe9, 0x0,
    0xc8, 0x6, 0x1, 0xb8, 0x3, 0x84, 0x3, 0x8,
    0x7, 0x94, 0x3, 0x8c, 0x3, 0x8, 0x20, 0x6,
    0x2c, 0x41, 0x13, 0x40, 0x6, 0x50, 0x24, 0x0,
    0xc7, 0x7d, 0xc9, 0x0, 0xe8, 0x0, 0x51, 0x0,
    0x7f, 0xf0, 0x20, 0xc0, 0x3, 0x8a, 0x1, 0xfc,
    0x34, 0xe0, 0x18, 0x6b, 0x1c, 0xc4, 0x0, 0x4b,
    0x3c, 0xa0, 0x10,

    /* U+003F "?" */
    0x0, 0x9a, 0xf7, 0xfe, 0xc9, 0x20, 0xe, 0xb9,
    0x42, 0x0, 0x8d, 0xb5, 0xc0, 0x26, 0x40, 0xf,
    0xe8, 0x70, 0x6, 0x0, 0x7f, 0xd0, 0x21, 0xc0,
    0x10, 0xa1, 0x80, 0x79, 0xc1, 0x28, 0xdf, 0xaf,
    0x2c, 0x3, 0xb8, 0x0, 0xb9, 0x0, 0x12, 0x8,
    0x6, 0x10, 0xf, 0xfe, 0x17, 0x0, 0x7e, 0x71,
    0x0, 0xc8, 0x1, 0xf2, 0x40, 0x6, 0x43, 0x0,
    0xf1, 0x50, 0x6, 0x1a, 0x0, 0xfb, 0xc4, 0x3,
    0x60, 0x80, 0x7a, 0x8, 0x3, 0x59, 0x0, 0x7c,
    0xe0, 0x1a, 0x10, 0x3, 0xe5, 0x0, 0xc4, 0xe0,
    0x1f, 0x88, 0x3, 0x28, 0x7, 0xf2, 0xa1, 0xa3,
    0xc8, 0x7, 0xf1, 0x5e, 0x5c, 0x8, 0x7, 0xfc,
    0x44, 0x0, 0xff, 0x87, 0x37, 0x63, 0x0, 0xfe,
    0xd3, 0x0, 0x16, 0x80, 0x7e, 0x23, 0x0, 0xc2,
    0xa0, 0x1f, 0x30, 0x7, 0x8c, 0x3, 0xe5, 0x0,
    0xf1, 0x0, 0x7c, 0x2a, 0x1, 0x8d, 0x0, 0x3f,
    0x53, 0x8, 0x2e, 0x80, 0x70,

    /* U+0041 "A" */
    0x0, 0xf9, 0x37, 0xfe, 0xd6, 0x0, 0xff, 0xe1,
    0x15, 0x90, 0x4, 0x52, 0x80, 0x1f, 0xfc, 0x1b,
    0x0, 0xfb, 0xc0, 0x3f, 0xf8, 0x2e, 0x1, 0xf2,
    0x8, 0x7, 0xfc, 0x62, 0x1, 0x20, 0x6, 0x40,
    0xf, 0xfa, 0xc0, 0x34, 0x0, 0x6f, 0x0, 0xff,
    0x94, 0x2, 0x33, 0x8, 0x4, 0xa0, 0x1f, 0xe2,
    0x20, 0x4, 0xa0, 0x80, 0x19, 0x0, 0x3f, 0x94,
    0x3, 0x60, 0x60, 0x6, 0xd0, 0xf, 0xeb, 0x0,
    0xc8, 0xa, 0x1, 0x9c, 0x3, 0xf0, 0x98, 0x4,
    0x42, 0x6, 0x1, 0x84, 0xc0, 0x3e, 0x70, 0xc,
    0x80, 0x12, 0x0, 0x6b, 0x0, 0xfb, 0x40, 0x37,
    0x80, 0x58, 0x1, 0x94, 0x3, 0xe4, 0x0, 0xc8,
    0x1, 0x20, 0x6, 0x22, 0x0, 0x72, 0x80, 0x76,
    0xff, 0xd8, 0x1, 0xca, 0x1, 0xde, 0x1, 0xff,
    0xc3, 0xb0, 0xe, 0x40, 0xf, 0xfe, 0x19, 0x88,
    0x4, 0x82, 0x1, 0xff, 0xc4, 0x40, 0xb, 0x40,
    0x3a, 0x23, 0xce, 0x1, 0xde, 0x1, 0x20, 0x6,
    0x57, 0x7f, 0x41, 0x80, 0x65, 0x0, 0x11, 0x0,
    0x36, 0x0, 0x7c, 0x80, 0x1c, 0x80, 0xe0, 0x1c,
    0x80, 0x1f, 0x60, 0x7, 0x18, 0x30, 0x6, 0x22,
    0x0, 0x7c, 0x82, 0x1, 0x8c, 0xe, 0x44, 0x1,
    0x0, 0x1f, 0xd0, 0x0, 0x18, 0x40, 0x3, 0x76,
    0xfa, 0x80, 0x7f, 0x37, 0x74, 0xe0, 0x0,

    /* U+0042 "B" */
    0x5, 0xdf, 0xff, 0xbb, 0x6d, 0xc8, 0x3, 0xd4,
    0x40, 0x1f, 0x9, 0x24, 0x6c, 0x80, 0x63, 0x0,
    0xff, 0xe1, 0x36, 0x0, 0x4e, 0x1, 0xff, 0xc3,
    0x36, 0x0, 0xfc, 0x91, 0x7, 0x50, 0xf, 0x50,
    0x7, 0xec, 0x77, 0x45, 0x68, 0x7, 0x10, 0x7,
    0xff, 0x4, 0x90, 0x3, 0x18, 0x7, 0xff, 0x1d,
    0x80, 0x3f, 0xf8, 0x24, 0x80, 0x1b, 0x80, 0x3f,
    0x6a, 0x21, 0x63, 0x0, 0x31, 0xa8, 0x7, 0xe5,
    0xbb, 0x53, 0x88, 0x4, 0x5a, 0x1, 0xff, 0xc6,
    0x50, 0xf, 0xfe, 0x3b, 0xf9, 0x80, 0x7f, 0xf1,
    0x87, 0x8, 0x3, 0xe8, 0xff, 0xba, 0xd0, 0x3,
    0xac, 0x3, 0xfe, 0x14, 0xb3, 0x0, 0xce, 0x1,
    0xff, 0xc2, 0x40, 0xc, 0x20, 0x1f, 0xfc, 0x22,
    0x0, 0xff, 0xe3, 0x22, 0x80, 0x62, 0x0, 0xfb,
    0x1d, 0xe8, 0xcb, 0x0, 0xe5, 0x0, 0xf9, 0x22,
    0x27, 0x30, 0xe, 0x19, 0x7, 0x0, 0xff, 0xe2,
    0x50, 0x81, 0x80, 0x7f, 0xf0, 0x8f, 0x50, 0x2,
    0xa2, 0x0, 0xfc, 0x26, 0xf9, 0x82, 0x0, 0x80,

    /* U+0043 "C" */
    0x0, 0xf8, 0x5e, 0xf7, 0xfd, 0xdb, 0x48, 0x1,
    0xf8, 0x67, 0xa1, 0x8, 0x0, 0x24, 0xb7, 0x20,
    0x1e, 0x3f, 0x60, 0xf, 0xf3, 0x20, 0x6, 0x3c,
    0x10, 0xf, 0xfe, 0x6, 0x0, 0x43, 0xa0, 0x1f,
    0xfc, 0x2b, 0x0, 0xac, 0x40, 0x39, 0x2f, 0xfd,
    0xb0, 0x0, 0xa3, 0x0, 0x12, 0x80, 0x73, 0xda,
    0x0, 0x9, 0xfb, 0x8a, 0x1, 0x58, 0x7, 0x24,
    0x0, 0x78, 0x44, 0x1, 0x90, 0x3, 0xa4, 0x3,
    0xff, 0x80, 0x24, 0x1, 0x88, 0x80, 0x1f, 0xfc,
    0x2, 0x0, 0xe7, 0x0, 0xff, 0xe0, 0xb8, 0x7,
    0x10, 0x7, 0xff, 0x4, 0x40, 0x3f, 0xf8, 0xec,
    0x1, 0xc2, 0x1, 0xff, 0xc1, 0x10, 0xe, 0x50,
    0xf, 0xfe, 0x9, 0x0, 0x71, 0x90, 0x7, 0xff,
    0x5, 0x0, 0x3a, 0xc0, 0x3f, 0xf8, 0x3c, 0x1,
    0xcc, 0xc0, 0xf, 0xa, 0x80, 0x65, 0x20, 0xe,
    0x9a, 0x31, 0x2, 0x6f, 0xad, 0x20, 0xa, 0x40,
    0x3c, 0xb9, 0xdf, 0xb2, 0x20, 0x5c, 0x1, 0x24,
    0x80, 0x7f, 0xf0, 0x88, 0x3, 0x34, 0x80, 0x7f,
    0xf0, 0x58, 0x3, 0x9b, 0xc, 0x3, 0xfc, 0xb0,
    0x1, 0xe3, 0xcc, 0x39, 0x88, 0x0, 0x4d, 0xb2,
    0x80, 0x0,

    /* U+0054 "T" */
    0x4, 0xdf, 0xff, 0xfe, 0x17, 0x48, 0x2, 0x88,
    0x3, 0xff, 0x84, 0x2c, 0xa0, 0x20, 0x1f, 0xfc,
    0x5d, 0x2, 0x0, 0xff, 0xe2, 0xe0, 0x7a, 0x91,
    0x60, 0xf, 0x9, 0x14, 0x70, 0x80, 0x55, 0xbb,
    0x94, 0x3, 0xbf, 0x76, 0xc7, 0x0, 0xff, 0xff,
    0x80, 0x7f, 0xff, 0xc0, 0x3f, 0xff, 0xe0, 0x1f,
    0xff, 0xf0, 0xf, 0xc6, 0x1, 0xc2, 0x1, 0xff,
    0xc1, 0xf0, 0xc, 0x40, 0x1f, 0xfc, 0x26, 0x60,
    0x81, 0xf0, 0x7, 0xc0,

    /* U+2014 "—" */
    0x4, 0x9a, 0xaf, 0xfe, 0x4c, 0xb0, 0x1d, 0xb2,
    0xaf, 0xff, 0x25, 0xa5, 0xd8, 0x3, 0xff, 0x9b,
    0xca, 0xc2, 0x1, 0xff, 0xca, 0x4b,

    /* U+4E00 "一" */
    0x0, 0xff, 0xe9, 0x15, 0xff, 0xff, 0xf3, 0xb0,
    0xa1, 0x0, 0x3f, 0xf9, 0xc7, 0x2e, 0x1, 0xff,
    0xd0, 0x56, 0x0, 0xff, 0xe8, 0x14, 0x98, 0x7,
    0xff, 0x38, 0xbc, 0xb3, 0xfb, 0xbf, 0xf9, 0x9f,
    0xa6,

    /* U+4E09 "三" */
    0x0, 0xe1, 0x1f, 0xfe, 0x40, 0x7, 0xcf, 0xfd,
    0xdf, 0xfc, 0x8f, 0x70, 0xc, 0x30, 0x1, 0xff,
    0xca, 0x82, 0x0, 0x88, 0x3, 0xff, 0x98, 0x20,
    0x11, 0x88, 0x7, 0xff, 0x28, 0x4c, 0x3, 0x63,
    0xaa, 0xff, 0xf2, 0x1f, 0x0, 0x38, 0xa2, 0xab,
    0xff, 0x91, 0x4, 0x1, 0xff, 0xff, 0x0, 0xff,
    0xf2, 0x1e, 0xff, 0xff, 0xf1, 0x2c, 0x40, 0x3f,
    0xbc, 0x80, 0x3f, 0xf8, 0x89, 0x20, 0x1f, 0xc4,
    0x1, 0xff, 0xc6, 0x10, 0xf, 0xe4, 0x0, 0xff,
    0xe3, 0x60, 0x7, 0xf5, 0x42, 0xa2, 0x7f, 0xf0,
    0x96, 0x94, 0x3, 0xfc, 0xf5, 0x77, 0xff, 0xc2,
    0xa5, 0x0, 0xff, 0xff, 0x80, 0x7f, 0xf9, 0x1e,
    0x6a, 0xbf, 0xf9, 0x52, 0xc0, 0xb, 0x86, 0x55,
    0xff, 0xe5, 0x34, 0xc8, 0x10, 0x3, 0xff, 0x9c,
    0x80, 0x20, 0x1f, 0xfc, 0xe1, 0xb, 0x10, 0xf,
    0xfe, 0x60, 0xf8, 0x2f, 0x73, 0x77, 0xff, 0x95,
    0xdc, 0x30,

    /* U+4E0A "上" */
    0x0, 0xff, 0xe0, 0x3e, 0x6b, 0x80, 0x7f, 0xf3,
    0x52, 0xc, 0xa0, 0xc0, 0x3f, 0xf9, 0x86, 0x1,
    0x90, 0x3, 0xff, 0x99, 0xe0, 0x1b, 0xc0, 0x3f,
    0xff, 0xe0, 0x1f, 0xff, 0xf0, 0xf, 0xfe, 0x8b,
    0xff, 0xff, 0x50, 0x7, 0xff, 0x45, 0x54, 0x1,
    0xff, 0xd1, 0x20, 0xf, 0xfe, 0x8a, 0x0, 0x7f,
    0xf1, 0x89, 0x57, 0xf3, 0x61, 0x80, 0x7f, 0xf1,
    0x96, 0xab, 0xf4, 0x98, 0x7, 0xff, 0xfc, 0x3,
    0xff, 0xfe, 0x1, 0xff, 0xff, 0x0, 0xff, 0xf2,
    0xd, 0xff, 0xff, 0x38, 0x6, 0x7f, 0xff, 0xfb,
    0xa, 0x10, 0x3, 0xff, 0x9c, 0x70, 0x40, 0x1f,
    0xfd, 0x1, 0xc0, 0xf, 0xfe, 0x86, 0x3d, 0x32,
    0xaf, 0xff, 0x31, 0xa5, 0xc0,

    /* U+4E0B "下" */
    0x0, 0xff, 0xe9, 0xb7, 0x7f, 0xff, 0xf3, 0x68,
    0x6, 0x44, 0x3, 0xff, 0x9a, 0xae, 0x40, 0x1f,
    0xfd, 0xf, 0x31, 0x0, 0xff, 0xe7, 0xe0, 0x63,
    0xaa, 0x27, 0xe0, 0xe, 0x44, 0xfe, 0x56, 0xa4,
    0x2, 0x8a, 0xbb, 0xfc, 0x1, 0xd7, 0x7f, 0xd5,
    0x2a, 0x1, 0xff, 0xff, 0x0, 0xff, 0xea, 0xf7,
    0xc9, 0x0, 0x7f, 0xf3, 0x84, 0x1b, 0x68, 0x80,
    0x3f, 0xfa, 0xb, 0xb2, 0x20, 0x1f, 0xfd, 0x6,
    0xe7, 0x0, 0xff, 0xe4, 0x88, 0x7, 0xd1, 0x60,
    0x1f, 0xfc, 0x8e, 0x70, 0xf, 0x91, 0x80, 0x3f,
    0xf9, 0x11, 0xa8, 0x1, 0xe1, 0x0, 0xff, 0xe4,
    0x95, 0xd8, 0x40, 0x21, 0x60, 0xf, 0xfe, 0x5a,
    0x73, 0x1, 0xe0, 0x80, 0x7f, 0xf3, 0x67, 0xf0,
    0x80, 0x3f, 0xff, 0xe0, 0x1f, 0xff, 0xf0, 0xf,
    0xff, 0xf9, 0x0, 0x46, 0x1, 0xff, 0xcd, 0xe2,
    0x3, 0xf0, 0xf, 0xfe, 0x8,

    /* U+4E50 "乐" */
    0x0, 0xff, 0xf3, 0x92, 0x3c, 0xdc, 0x0, 0x7f,
    0x84, 0xd1, 0xa, 0xa6, 0x78, 0x9a, 0xbd, 0xef,
    0xdb, 0x86, 0x47, 0x70, 0x7, 0xe9, 0xec, 0xbb,
    0x55, 0x26, 0x1d, 0x95, 0x8, 0x40, 0x3e, 0xc0,
    0xf, 0x89, 0x80, 0x3f, 0xf9, 0x26, 0x1, 0xf3,
    0x80, 0x7f, 0xf2, 0xe, 0x20, 0x1, 0xf1, 0x80,
    0x70, 0x88, 0x88, 0x66, 0x45, 0x67, 0x8a, 0xbd,
    0xfc, 0x70, 0xf, 0xc2, 0x1, 0xb7, 0xb9, 0xba,
    0xcc, 0x5d, 0x4c, 0x3a, 0xa1, 0x0, 0x7f, 0xda,
    0x1, 0x88, 0x3, 0xd, 0xff, 0x28, 0x7, 0xff,
    0x11, 0x80, 0x22, 0x0, 0xe9, 0x40, 0x1b, 0x0,
    0xff, 0xe2, 0x18, 0x4, 0xe0, 0x1c, 0x40, 0x10,
    0x88, 0x3, 0xff, 0x84, 0x40, 0x18, 0x80, 0x38,
    0x40, 0x31, 0x80, 0x7f, 0xf0, 0x90, 0x3, 0x68,
    0x7, 0xf8, 0x40, 0x3f, 0xf8, 0x54, 0x1, 0xab,
    0xff, 0x90, 0x3, 0x67, 0xff, 0xeb, 0x10, 0x8,
    0x4c, 0x3, 0xff, 0x98, 0x90, 0x1, 0xc, 0x0,
    0x7f, 0xf3, 0x4c, 0x3, 0x3a, 0x0, 0x7f, 0xf3,
    0x30, 0x3, 0xb8, 0xd1, 0x25, 0x5e, 0x10, 0xc,
    0x8a, 0xbf, 0x35, 0x30, 0x7, 0x2e, 0x5d, 0xd5,
    0x5c, 0xa0, 0x1a, 0x6a, 0xbe, 0x95, 0x0, 0xfd,
    0x5b, 0x0, 0x1f, 0xfc, 0x23, 0xa8, 0x0, 0xff,
    0x32, 0x93, 0xe8, 0x80, 0x7f, 0xc5, 0x8a, 0xf6,
    0x1, 0xf8, 0xa0, 0x2, 0x24, 0x0, 0xff, 0x9c,
    0x2, 0x47, 0x0, 0xfb, 0x84, 0x2, 0x25, 0x0,
    0xff, 0x90, 0x3, 0x41, 0x80, 0x74, 0x98, 0x6,
    0xf0, 0xf, 0xfe, 0x0, 0xc0, 0x6, 0xd1, 0x0,
    0x99, 0x80, 0x1a, 0x48, 0x3, 0xff, 0x82, 0xe8,
    0x1, 0xd, 0x80, 0xe, 0x40, 0x32, 0x30, 0x7,
    0xff, 0xe, 0x40, 0x32, 0xa0, 0x8, 0x6, 0x2a,
    0x0, 0xa2, 0xec, 0x80, 0x18, 0xc0, 0x31, 0x40,
    0x6, 0xc0, 0x2a, 0x0, 0xb8, 0x40, 0x12, 0xe8,
    0x80, 0xe, 0x10, 0xe, 0x72, 0x0, 0x24, 0x80,
    0x16, 0xd2, 0xcc, 0x2, 0x40, 0xf, 0x90, 0x3,
    0xed, 0xbd, 0xb1, 0x0, 0x92, 0xd0, 0x3, 0x30,
    0x7, 0x8a, 0x40, 0x3f, 0x21, 0x0, 0x7f, 0xf0,
    0x24, 0xc0, 0x4, 0xb5, 0xa4, 0x1, 0xff, 0xca,
    0x2c, 0xff, 0x6d, 0x28, 0x7, 0xff, 0xc,

    /* U+4E60 "习" */
    0x0, 0x23, 0xc4, 0x7f, 0xf2, 0x58, 0x2, 0x7b,
    0x87, 0x7f, 0xfe, 0x4c, 0xe8, 0x2, 0xc0, 0x3f,
    0xf9, 0x84, 0x60, 0xc0, 0x1f, 0xfc, 0xd7, 0x8,
    0x41, 0x0, 0xff, 0xe6, 0x95, 0xf7, 0xff, 0xff,
    0x1a, 0x0, 0x3f, 0xe1, 0x87, 0x10, 0xf, 0xfe,
    0x66, 0x3c, 0x7a, 0x80, 0x7f, 0xf2, 0x94, 0x80,
    0x3, 0x52, 0x1, 0xff, 0xc3, 0x70, 0xe, 0x60,
    0xe, 0x6c, 0x20, 0xf, 0xde, 0x1, 0xfe, 0x3c,
    0x10, 0xc, 0x7a, 0xa0, 0x1f, 0xfc, 0x73, 0xf3,
    0x0, 0xea, 0x0, 0xff, 0xe0, 0x8, 0x7, 0xc3,
    0x8a, 0x1, 0x94, 0x3, 0xe1, 0x0, 0xff, 0xe1,
    0x54, 0x0, 0x12, 0x80, 0x3f, 0xf9, 0x6f, 0x51,
    0x60, 0x1f, 0x8c, 0x3, 0x18, 0x7, 0xfc, 0xae,
    0x0, 0x5a, 0xee, 0x20, 0x7, 0xff, 0x21, 0x27,
    0xe9, 0x44, 0x52, 0x0, 0x10, 0xc, 0x20, 0x1f,
    0xc7, 0x1d, 0x6c, 0x1, 0xc4, 0x1, 0xff, 0xc2,
    0x38, 0xec, 0x71, 0x0, 0xfa, 0x40, 0xe, 0x1,
    0xf9, 0x27, 0xb1, 0xc4, 0x3, 0xe1, 0x7d, 0x60,
    0x0, 0x80, 0x42, 0x0, 0x2d, 0xb6, 0x10, 0xf,
    0xcb, 0x7d, 0x4, 0x1, 0x10, 0x4, 0x40, 0xb,
    0x20, 0xf, 0xc7, 0x3f, 0x48, 0x1, 0xfe, 0x70,
    0xf, 0xe2, 0x7d, 0xc6, 0x0, 0xfc, 0x40, 0x18,
    0x40, 0x14, 0x1, 0x9b, 0x36, 0x8, 0x3, 0xfc,
    0x80, 0x18, 0xc0, 0x7, 0x91, 0x7f, 0x26, 0x1,
    0xf2, 0x2a, 0xe7, 0x90, 0xd, 0xc0, 0x11, 0xba,
    0x0, 0x7f, 0xd, 0xd5, 0x68, 0x0, 0xe5, 0x0,
    0xff, 0xe1, 0x90, 0x7, 0xfa, 0x8, 0x3, 0xff,
    0x86, 0x40, 0x1f, 0xca, 0xe0, 0x1f, 0xfc, 0x41,
    0x92, 0x0, 0xc4, 0xb7, 0x40, 0x1f, 0xfc, 0x66,
    0xdf, 0xfd, 0xb4, 0x80, 0x18,

    /* U+4E8C "二" */
    0x0, 0xff, 0xeb, 0x57, 0xff, 0xff, 0x22, 0xc4,
    0x3, 0xcc, 0xa0, 0x1f, 0xfc, 0x84, 0x80, 0xf,
    0x70, 0x7, 0xff, 0x28, 0x80, 0x3d, 0xc0, 0x1f,
    0xfc, 0xa2, 0x0, 0xf3, 0x20, 0x7, 0xff, 0x20,
    0xe0, 0x3, 0xeb, 0xfe, 0xef, 0xfe, 0x37, 0xe0,
    0x80, 0x7f, 0x8, 0xff, 0xf1, 0x80, 0x3f, 0xff,
    0xe0, 0x1f, 0xff, 0xf0, 0xf, 0xff, 0xf8, 0x7,
    0xff, 0xfc, 0x3, 0xff, 0xb2, 0x99, 0xdd, 0xff,
    0xcc, 0xc6, 0x0, 0x51, 0x88, 0xff, 0xf3, 0xe,
    0x48, 0xc4, 0x3, 0xff, 0x9e, 0x82, 0x1, 0xff,
    0xd0, 0x32, 0x40, 0xf, 0xfe, 0x71, 0x28, 0x5d,
    0xa2, 0x3f, 0xf9, 0x95, 0xa0,

    /* U+4E94 "五" */
    0x0, 0x89, 0xe2, 0x67, 0xff, 0x8d, 0xe, 0x60,
    0x1c, 0x5b, 0xe, 0xcd, 0xff, 0xc6, 0x78, 0xc4,
    0x0, 0xc8, 0x1, 0xff, 0xcc, 0xd0, 0xc, 0x60,
    0x1f, 0xfc, 0xce, 0x0, 0xca, 0xc0, 0x1f, 0xfc,
    0xa4, 0x70, 0xe, 0x9f, 0xff, 0x58, 0x7, 0x77,
    0xff, 0xf5, 0x80, 0x7f, 0xf0, 0x48, 0x3, 0x18,
    0x80, 0x7f, 0xf2, 0xf8, 0x3, 0x30, 0x7, 0xff,
    0x30, 0x80, 0x36, 0x80, 0x7f, 0xf1, 0xcd, 0xe2,
    0x24, 0x0, 0xd9, 0x11, 0x9d, 0xca, 0x20, 0x1f,
    0xe5, 0xc8, 0x77, 0x84, 0x3, 0x23, 0xbe, 0x88,
    0x57, 0x88, 0x7, 0xf7, 0x80, 0x7f, 0xf1, 0x85,
    0x0, 0x3f, 0x88, 0x3, 0xff, 0x8e, 0x60, 0x1f,
    0xd2, 0x80, 0x1f, 0xfd, 0x1, 0xbf, 0xee, 0x28,
    0x6, 0x7e, 0xec, 0x60, 0x18, 0xc0, 0x3f, 0xf8,
    0x2, 0x26, 0x0, 0xda, 0x23, 0xc0, 0x19, 0x80,
    0x3f, 0xf8, 0x46, 0x1, 0x9c, 0x3, 0x18, 0x6,
    0x10, 0xf, 0xfe, 0x9, 0x0, 0x71, 0x0, 0x61,
    0x0, 0xc4, 0x1, 0xff, 0xc1, 0x70, 0xc, 0x60,
    0x18, 0x40, 0x3f, 0xf8, 0xfa, 0x1, 0x98, 0x3,
    0x18, 0x6, 0x20, 0xf, 0xfe, 0x11, 0x80, 0x6d,
    0x0, 0xc2, 0x1, 0x84, 0x3, 0xff, 0x84, 0xa0,
    0x18, 0xc0, 0x33, 0x0, 0x66, 0x0, 0xf9, 0x77,
    0xff, 0x84, 0x3, 0x5f, 0xfe, 0xa0, 0xc, 0xbf,
    0xf7, 0x48, 0xd, 0x10, 0x7, 0xff, 0x30, 0x59,
    0xc8, 0x3, 0xff, 0xa1, 0xe6, 0x20, 0x1f, 0xfc,
    0xfc, 0xf, 0x86, 0x55, 0xff, 0xe5, 0x33, 0xda,
    0x0,

    /* U+4F1A "会" */
    0x0, 0xff, 0xef, 0x90, 0x7, 0xff, 0x38, 0xbb,
    0x74, 0x40, 0x1f, 0xfc, 0xb2, 0xc1, 0x2, 0xf0,
    0xf, 0xfe, 0x52, 0x68, 0x80, 0x44, 0x1, 0xff,
    0xc9, 0x8b, 0x0, 0xf6, 0x10, 0x7, 0xff, 0x14,
    0xf5, 0xc0, 0x3e, 0x3d, 0x70, 0xf, 0xfe, 0x1b,
    0xe1, 0x0, 0x61, 0x10, 0x6, 0x8d, 0x50, 0xf,
    0xfe, 0x5, 0xc0, 0x7, 0x16, 0x79, 0x80, 0x62,
    0xac, 0x40, 0xf, 0xec, 0x40, 0xe, 0x4c, 0x21,
    0xc7, 0x0, 0xe3, 0xbc, 0x50, 0xf, 0x49, 0x80,
    0x73, 0xd8, 0x80, 0x51, 0x62, 0x1, 0xc7, 0x5a,
    0xc0, 0x12, 0x30, 0x7, 0x9b, 0xbb, 0xd4, 0x20,
    0x1f, 0x14, 0x80, 0x5c, 0x1, 0xf0, 0x8f, 0xe0,
    0xf, 0xe1, 0x0, 0x90, 0x0, 0xb0, 0x1, 0xff,
    0xc2, 0x99, 0x8, 0x4, 0xc0, 0x13, 0x3e, 0xd3,
    0x10, 0x7, 0xff, 0x0, 0x99, 0x9d, 0x2a, 0xf0,
    0x1, 0x44, 0x8, 0x7, 0x6e, 0xab, 0xfd, 0x7a,
    0x1, 0x35, 0x40, 0x7, 0xf9, 0x15, 0x7f, 0xc8,
    0x1, 0xfe, 0x17, 0x99, 0xff, 0xe5, 0x41, 0x0,
    0x5f, 0xc, 0xdf, 0xfc, 0xa7, 0xd2, 0x2, 0x10,
    0xf, 0xfe, 0x6a, 0x1, 0x80, 0x7f, 0xf3, 0x94,
    0x6, 0xcc, 0x47, 0x80, 0x3e, 0x11, 0xc0, 0x10,
    0x8c, 0x72, 0x60, 0x4, 0xce, 0xec, 0x40, 0x1c,
    0x9f, 0xdd, 0x79, 0x0, 0x2f, 0xb9, 0x8c, 0x1,
    0xfa, 0xcc, 0x3, 0x1d, 0x80, 0x6d, 0x20, 0x5,
    0x30, 0x7, 0xfa, 0xd0, 0x3, 0x1e, 0x0, 0x73,
    0x80, 0x69, 0x50, 0xf, 0x8f, 0x50, 0x3, 0x26,
    0x0, 0x88, 0x8d, 0x38, 0x3, 0xa8, 0xc0, 0x38,
    0xb0, 0x80, 0x39, 0x3f, 0xdd, 0xcd, 0xcb, 0xa0,
    0xf, 0x69, 0x0, 0x6a, 0x0, 0xff, 0xe5, 0xf,
    0x80, 0x61, 0x0, 0xff, 0xe5, 0x94, 0x0, 0x58,
    0x1, 0xff, 0xc4, 0x12, 0x32, 0x0, 0xfc, 0xac,
    0x1, 0x12, 0x2b, 0x44, 0xd5, 0xe6, 0xf7, 0xf6,
    0xe6, 0x90, 0xc, 0xc0, 0x6, 0x9f, 0xfb, 0x6e,
    0xa5, 0xd9, 0x50, 0xc8, 0x40, 0x3b, 0xa7, 0x98,
    0x0,

    /* U+4F53 "体" */
    0x0, 0xff, 0xe4, 0x8, 0x80, 0x3f, 0xf8, 0xc5,
    0x30, 0x20, 0x1f, 0xa3, 0xb9, 0x40, 0x1f, 0xfc,
    0x5f, 0x67, 0xf0, 0xf, 0x85, 0xc0, 0xa, 0x60,
    0x1f, 0xfc, 0x35, 0x20, 0x0, 0x90, 0x7, 0x8c,
    0x3, 0x30, 0x7, 0xff, 0xe, 0x0, 0x31, 0x0,
    0x78, 0x40, 0x3f, 0xf8, 0xea, 0x40, 0x12, 0x80,
    0x7c, 0xe0, 0x18, 0xc0, 0x3f, 0xf8, 0x50, 0x1,
    0xa4, 0xb3, 0xff, 0xac, 0x3, 0x4f, 0xff, 0xb0,
    0x80, 0x39, 0x88, 0x2, 0x33, 0x49, 0x80, 0x7f,
    0xf1, 0x4e, 0x0, 0x30, 0xc0, 0x6, 0x40, 0xf,
    0xfe, 0x48, 0x80, 0x68, 0x10, 0xf, 0x70, 0x7,
    0xff, 0x1f, 0x80, 0x24, 0x60, 0xf, 0x97, 0x6a,
    0x64, 0xc0, 0x1f, 0x8e, 0x66, 0xad, 0x50, 0x0,
    0xd0, 0x7, 0xf1, 0x2b, 0x30, 0xc0, 0x3f, 0x13,
    0x34, 0xa4, 0x1, 0x48, 0x80, 0x7f, 0xf0, 0x5,
    0x40, 0x3f, 0xa, 0x80, 0x7f, 0xf2, 0x58, 0x3,
    0xfd, 0x20, 0x1f, 0x49, 0x0, 0x7f, 0xf0, 0x24,
    0x3, 0xfc, 0x66, 0x0, 0xf0, 0xeb, 0x18, 0x7,
    0xf3, 0x88, 0x7, 0xc4, 0x1, 0x78, 0x7, 0xe9,
    0xc1, 0x0, 0xfd, 0x20, 0x12, 0x80, 0x6a, 0x0,
    0x8d, 0x0, 0x3f, 0xf8, 0xb0, 0x20, 0x17, 0x0,
    0x62, 0x40, 0xa, 0x0, 0x3f, 0xf8, 0x82, 0xe0,
    0x13, 0x38, 0x7, 0x70, 0x4, 0x6c, 0x1, 0xff,
    0xc3, 0xa0, 0xd, 0x60, 0x1e, 0x52, 0x0, 0xa0,
    0x40, 0x3f, 0xf8, 0x2a, 0x80, 0x12, 0x90, 0x7,
    0xd6, 0x1, 0xd, 0x80, 0x7f, 0xf0, 0xa, 0x80,
    0x34, 0x13, 0x0, 0x62, 0x23, 0x90, 0x4, 0xaa,
    0x0, 0xff, 0xa4, 0x3, 0x1e, 0x6d, 0x0, 0x68,
    0xde, 0x0, 0xe8, 0x0, 0xff, 0x9c, 0x2, 0x10,
    0x10, 0xf, 0xe2, 0x30, 0x8, 0x40, 0x3f, 0xe8,
    0x0, 0xa9, 0xc0, 0x3f, 0xee, 0x0, 0xf, 0x0,
    0x7f, 0xc9, 0x65, 0x9, 0x28, 0x20, 0x1e, 0x12,
    0xa2, 0x95, 0xf2, 0x0, 0xff, 0xe0, 0x26, 0xb8,
    0x15, 0xf6, 0x0, 0x6a, 0xed, 0x50, 0x6a, 0x10,
    0xf, 0xff, 0x7, 0x80, 0x7e, 0x10, 0xc, 0x20,
    0x1f, 0xfc, 0x25, 0x0, 0x8c, 0x3, 0xf1, 0x8,
    0x4, 0xa0, 0x1f, 0xfc, 0x28, 0x20, 0x54, 0x0,
    0xfe, 0xd5, 0x4b, 0x10, 0xf, 0xe0,

    /* U+4FE1 "信" */
    0x0, 0xff, 0xe4, 0x8, 0x7, 0xff, 0x15, 0xed,
    0x80, 0x3f, 0x37, 0xf3, 0x0, 0x7f, 0xf0, 0xd6,
    0x12, 0x58, 0x3, 0xc3, 0x20, 0x9, 0x10, 0xf,
    0xfe, 0x14, 0x80, 0x5c, 0x1, 0xe1, 0x30, 0x9,
    0x80, 0x3f, 0xf8, 0x28, 0x60, 0x16, 0x80, 0x7d,
    0x0, 0x17, 0x0, 0x7f, 0xf0, 0x60, 0x2, 0x14,
    0x7a, 0xaf, 0x70, 0x4, 0xb5, 0x5e, 0x71, 0x0,
    0xca, 0x60, 0x14, 0xdc, 0x2a, 0xfc, 0x1, 0x1a,
    0xaf, 0xa2, 0x80, 0x35, 0x80, 0x65, 0x60, 0xf,
    0xfe, 0x3b, 0x0, 0x4e, 0x20, 0x18, 0xe0, 0x80,
    0x3f, 0xf8, 0xa5, 0x20, 0x2, 0x80, 0xf, 0x26,
    0xff, 0xff, 0xf1, 0x75, 0x0, 0x1c, 0x1, 0xfe,
    0x48, 0x99, 0xff, 0xa1, 0x40, 0x34, 0x18, 0x7,
    0xf2, 0xdb, 0xb3, 0x7f, 0xcf, 0x4e, 0x1, 0x38,
    0x7, 0xf8, 0x80, 0x3f, 0xf8, 0x7c, 0x1, 0xff,
    0xc2, 0x64, 0x10, 0xf, 0xfe, 0x2, 0x58, 0x5,
    0x40, 0x1, 0x0, 0xf8, 0x6f, 0xbf, 0xff, 0xf8,
    0x16, 0x40, 0x12, 0xd8, 0xd0, 0x7, 0xc3, 0x5d,
    0xff, 0xff, 0x75, 0x90, 0x6, 0x4e, 0x60, 0xf,
    0x99, 0x44, 0x3, 0xfe, 0x14, 0xb0, 0xf, 0xfe,
    0x11, 0x0, 0x7f, 0xf0, 0xf8, 0x3, 0xff, 0x84,
    0xb4, 0xcc, 0x55, 0xff, 0x34, 0xb8, 0x7, 0xff,
    0xd, 0x66, 0x55, 0x5f, 0xe9, 0x60, 0xf, 0xfe,
    0x19, 0xe7, 0xff, 0xff, 0x7, 0x50, 0x3, 0xff,
    0x85, 0xc6, 0x1, 0xff, 0xc1, 0x2a, 0x0, 0xff,
    0xe1, 0x10, 0x7, 0xff, 0xc, 0x44, 0x1, 0xff,
    0xc0, 0x10, 0xc, 0xab, 0xfc, 0x1, 0x8c, 0x3,
    0xff, 0x88, 0x55, 0x5f, 0xc2, 0x1, 0xff, 0xe7,
    0x29, 0x9f, 0xe1, 0x0, 0xff, 0xe4, 0xb3, 0x7f,
    0x0, 0x7f, 0x8c, 0x3, 0xc2, 0x1, 0xff, 0xc5,
    0x30, 0xe, 0x10, 0x8, 0x44, 0x0, 0x20, 0xf,
    0xfe, 0x20, 0x80, 0x7a, 0x44, 0x56, 0x1, 0x72,
    0x1b, 0xff, 0xff, 0x20, 0xc, 0x80, 0x0,

    /* U+4FEE "修" */
    0x0, 0xff, 0xe3, 0x9, 0x80, 0x7f, 0xf1, 0xce,
    0xa4, 0x80, 0x3e, 0xfc, 0xe5, 0x0, 0xff, 0xe2,
    0xea, 0xb7, 0x80, 0x79, 0x84, 0x6, 0xc0, 0x3f,
    0xf8, 0x8c, 0x20, 0x2, 0x0, 0xf4, 0x0, 0x68,
    0x99, 0x55, 0xe6, 0x20, 0x3, 0xf5, 0x80, 0x44,
    0x1, 0xd0, 0x20, 0x10, 0xbb, 0x31, 0x50, 0xcc,
    0xf0, 0x1, 0xe4, 0x20, 0x9, 0x40, 0x31, 0xb8,
    0x7, 0xff, 0x7, 0xc0, 0x3d, 0x0, 0x1a, 0x40,
    0x21, 0xe0, 0xf, 0xfe, 0x12, 0x0, 0x72, 0x18,
    0x4, 0xa2, 0x1, 0x51, 0x0, 0x64, 0xdd, 0xa4,
    0x3, 0x19, 0x80, 0x3a, 0x0, 0x37, 0x80, 0x42,
    0x80, 0x1c, 0x96, 0x43, 0x0, 0x1b, 0xc0, 0x39,
    0x4c, 0x3, 0x30, 0x0, 0x44, 0xc0, 0x1e, 0x6c,
    0xc0, 0x80, 0x52, 0x60, 0x1d, 0x60, 0x1e, 0x3f,
    0xe7, 0x98, 0x6d, 0x50, 0x8, 0xc0, 0x33, 0xb0,
    0x7, 0x48, 0x80, 0x7a, 0x80, 0x10, 0xf, 0x25,
    0x46, 0x1, 0xe5, 0x80, 0xe, 0x36, 0x0, 0xf8,
    0x80, 0x38, 0x9f, 0x4c, 0x3, 0xcb, 0x48, 0x1,
    0x90, 0x3, 0xff, 0x80, 0x55, 0xb0, 0x40, 0x1f,
    0x96, 0xfa, 0x80, 0xa, 0x1, 0xff, 0xc0, 0xe5,
    0x0, 0xf3, 0x18, 0x7, 0xa, 0x90, 0x15, 0x88,
    0x7, 0xf8, 0x80, 0x39, 0x76, 0x2e, 0x8, 0x3,
    0x88, 0x0, 0x9e, 0xe0, 0x1f, 0xd0, 0x0, 0x27,
    0xda, 0x5f, 0x8a, 0xda, 0x51, 0x14, 0x0, 0x61,
    0xb0, 0xf, 0xe7, 0xff, 0x6d, 0x5f, 0xc0, 0x81,
    0xa, 0xd7, 0x71, 0xc0, 0x3f, 0xf8, 0xcd, 0xac,
    0x1, 0x98, 0x44, 0x1, 0xff, 0xca, 0x80, 0xc,
    0x2f, 0x32, 0xee, 0x8, 0x7, 0xff, 0x21, 0x80,
    0x5a, 0xff, 0xda, 0xc0, 0x2a, 0x1, 0xff, 0xc8,
    0x8f, 0xfd, 0xd0, 0x40, 0x2, 0x40, 0xf, 0xfe,
    0x41, 0x5f, 0x4a, 0x0, 0x61, 0xe7, 0x50, 0xf,
    0xfe, 0x0, 0x80, 0x42, 0x0, 0xe4, 0x0, 0xe1,
    0x8d, 0xd4, 0x54, 0x0, 0x7f, 0xde, 0x0, 0x50,
    0xf, 0x85, 0xaf, 0x8b, 0x44, 0x0, 0x80, 0x1f,
    0xf2, 0xe5, 0x50, 0x2, 0xd9, 0xad, 0xe9, 0x1c,
    0xa1, 0x0, 0xac, 0x3, 0xff, 0x80, 0x6a, 0x1,
    0x85, 0x5, 0x6f, 0xe8, 0xc0, 0x33, 0x38, 0x7,
    0xff, 0x16, 0x7b, 0x6e, 0x10, 0x3, 0x9b, 0x64,
    0x3, 0xfe, 0x10, 0xe, 0x56, 0x10, 0xf, 0x14,
    0x74, 0x90, 0x7, 0xc6, 0x1, 0x88, 0x3, 0x84,
    0x3, 0x85, 0x6f, 0x5c, 0x40, 0x3f, 0xd2, 0x22,
    0x90, 0xf, 0x23, 0x9a, 0xc6, 0x75, 0x20, 0x7,
    0xff, 0x5, 0xbb, 0x8c, 0x1, 0xf4, 0x65, 0x39,
    0x80, 0x7f, 0xc0,

    /* U+516D "六" */
    0x0, 0xff, 0xef, 0x14, 0xed, 0x88, 0x7, 0xff,
    0x31, 0xf5, 0x89, 0x28, 0x3, 0xff, 0x99, 0xe0,
    0x19, 0x10, 0x1, 0xff, 0xcb, 0x90, 0xe, 0x80,
    0xf, 0xfe, 0x58, 0xb0, 0x6, 0x30, 0xf, 0xfe,
    0x65, 0x80, 0x62, 0x0, 0xff, 0xe6, 0x12, 0x0,
    0x13, 0xc0, 0x3f, 0xf8, 0x2d, 0x79, 0x9f, 0xe6,
    0x1, 0x7e, 0xcc, 0xfe, 0xb7, 0x5, 0x94, 0x33,
    0xff, 0x10, 0x9, 0x9f, 0xfc, 0x90, 0xf8, 0x1,
    0xff, 0xd0, 0xce, 0x0, 0xff, 0xe8, 0x13, 0x20,
    0x7, 0xff, 0x38, 0xec, 0x6f, 0xfb, 0xbf, 0xf9,
    0x9f, 0x84, 0x1, 0x8, 0xff, 0xf3, 0x0, 0x3f,
    0xf9, 0x62, 0x1, 0xff, 0xc4, 0x3c, 0xd8, 0x0,
    0xf8, 0xf7, 0xac, 0x3, 0xff, 0x87, 0xc6, 0x4f,
    0xa0, 0x1c, 0x38, 0x40, 0x96, 0x1, 0xff, 0xc1,
    0x72, 0x0, 0x88, 0x80, 0x18, 0x80, 0x32, 0x30,
    0x7, 0xfc, 0x30, 0x1, 0xc4, 0x1, 0x8c, 0x40,
    0x34, 0x90, 0x7, 0xfa, 0xc0, 0x39, 0x80, 0x3d,
    0x0, 0x1d, 0xc0, 0x1f, 0xca, 0xa0, 0xc, 0x30,
    0x1, 0xe6, 0x30, 0xc, 0x6e, 0x1, 0xf0, 0xd8,
    0x7, 0x58, 0x80, 0x7d, 0xc0, 0x1d, 0x4, 0x1,
    0xeb, 0x10, 0xc, 0x8a, 0x1, 0xf8, 0x9c, 0x3,
    0xb8, 0x3, 0x99, 0x40, 0x3a, 0x40, 0x3f, 0xd0,
    0x40, 0x18, 0xdc, 0x2, 0x29, 0x0, 0xe8, 0x20,
    0xf, 0xfa, 0x40, 0x3a, 0x8, 0x1, 0x80, 0x1c,
    0x6e, 0x1, 0xff, 0xc0, 0x45, 0x0, 0xe9, 0x0,
    0xfd, 0xc0, 0x1f, 0xfc, 0x2b, 0x0, 0xe5, 0x0,
    0x68, 0x6, 0x92, 0x0, 0xff, 0xe1, 0xc, 0x0,
    0x45, 0xa0, 0x3, 0xc3, 0x18, 0x60, 0xf, 0xfe,
    0x23, 0xa2, 0x27, 0x4c, 0x2, 0x3c, 0xe7, 0x0,
    0xff, 0xe3, 0x5d, 0x98, 0x2,

    /* U+52A8 "动" */
    0x0, 0xff, 0xe3, 0xc5, 0xc0, 0x7, 0xff, 0x3a,
    0x1d, 0x1e, 0x0, 0x3f, 0xa7, 0xbf, 0xff, 0x6b,
    0x0, 0x64, 0x0, 0x8c, 0x3, 0xf2, 0xb0, 0x80,
    0x7e, 0x29, 0x10, 0x8, 0x40, 0x27, 0x0, 0xfc,
    0x60, 0x1f, 0xfc, 0x3, 0x0, 0xff, 0xe2, 0x32,
    0x0, 0x7f, 0x9c, 0x80, 0x3f, 0xf8, 0xb7, 0xfd,
    0xdf, 0xbe, 0x0, 0xd, 0x24, 0x1, 0x15, 0x56,
    0x94, 0x0, 0xe1, 0x1f, 0xc0, 0x14, 0xc9, 0x80,
    0x30, 0xaa, 0xe6, 0xb3, 0x0, 0xff, 0xe1, 0xa0,
    0x7, 0xff, 0x6, 0xc1, 0xf3, 0x77, 0xfb, 0x24,
    0x54, 0x3, 0xff, 0x82, 0x2b, 0x6, 0x45, 0xfc,
    0x6d, 0x10, 0xa7, 0x0, 0xc4, 0xcc, 0x0, 0xe2,
    0x0, 0xff, 0xe0, 0x90, 0x2c, 0x0, 0x65, 0x99,
    0x0, 0x61, 0x51, 0x0, 0xff, 0xe0, 0x70, 0x0,
    0x40, 0x37, 0x80, 0x7c, 0x5d, 0x74, 0x20, 0x1a,
    0xaa, 0xbe, 0x50, 0x1, 0x80, 0x61, 0x0, 0xfe,
    0x45, 0x10, 0x9, 0x15, 0x64, 0x10, 0x8, 0x40,
    0x31, 0x0, 0x7b, 0xc0, 0x23, 0x0, 0xda, 0x0,
    0x45, 0x0, 0xca, 0x1, 0x9c, 0x4, 0x3, 0xf2,
    0x0, 0x64, 0x7, 0xba, 0xa0, 0x5, 0xc0, 0x18,
    0x80, 0x3c, 0x20, 0x15, 0x80, 0x46, 0x41, 0x80,
    0x5, 0x40, 0x1, 0x0, 0x61, 0x3, 0x0, 0xf8,
    0x4c, 0x2, 0xb0, 0x1, 0x0, 0x5c, 0x0, 0x40,
    0x8, 0xc0, 0x2, 0x1, 0x8c, 0x0, 0xe0, 0x19,
    0x80, 0x1c, 0x1, 0x28, 0x10, 0x80, 0x4a, 0x0,
    0x70, 0xc, 0x20, 0xa, 0x0, 0x89, 0xef, 0xe0,
    0x3, 0x2a, 0x80, 0x36, 0x0, 0x4, 0x3, 0x38,
    0x11, 0x80, 0x45, 0x28, 0x1, 0xef, 0xb0, 0xc,
    0x80, 0x3, 0x0, 0xc2, 0x12, 0x1, 0xff, 0xc1,
    0x53, 0x0, 0x88, 0x40, 0x2, 0x1, 0x8c, 0x14,
    0x3, 0xf8, 0x40, 0x3f, 0x28, 0x5, 0xa0, 0x18,
    0x43, 0x40, 0x3c, 0x71, 0xbd, 0x75, 0x20, 0x1d,
    0x40, 0x13, 0x80, 0x42, 0x0, 0x35, 0x0, 0x24,
    0xf6, 0x39, 0x2, 0x22, 0xc0, 0x30, 0xd3, 0xba,
    0x88, 0x2, 0x50, 0xd, 0x5f, 0x6c, 0x20, 0x1d,
    0x24, 0x1, 0xa9, 0xa2, 0xa, 0x1, 0x8c, 0x2,
    0xa5, 0x0, 0xfe, 0xa0, 0xc, 0xa8, 0xc0, 0x1f,
    0x50, 0x7, 0xff, 0x8, 0xac, 0x0, 0x36, 0x16,
    0x1, 0xe8, 0x20, 0xf, 0xfe, 0x1a, 0x6b, 0xe0,
    0x81, 0xb0, 0x80, 0xa5, 0xb8, 0x7, 0xff, 0x14,
    0xa0, 0x80, 0x29, 0xef, 0xeb, 0x40, 0x8,

    /* U+52B3 "劳" */
    0x0, 0xf8, 0x51, 0x2, 0x1, 0xfc, 0x8a, 0x20,
    0x1f, 0xfc, 0x12, 0xeb, 0xb7, 0x88, 0x7, 0xdb,
    0x75, 0xc6, 0x1, 0xf8, 0xd5, 0x6b, 0x0, 0x86,
    0x15, 0x7c, 0xe4, 0x1, 0x42, 0xac, 0x60, 0x15,
    0xe5, 0x54, 0xc0, 0x19, 0xaa, 0xbd, 0x0, 0x19,
    0x2a, 0xac, 0xd0, 0x24, 0x0, 0xff, 0xe7, 0x12,
    0x18, 0x7, 0xff, 0x41, 0xc6, 0x8c, 0x40, 0x3f,
    0xf9, 0x42, 0x52, 0x60, 0xb9, 0xdf, 0xea, 0x0,
    0xd7, 0xff, 0xed, 0x0, 0xd1, 0xfe, 0xed, 0x60,
    0xf, 0x95, 0x88, 0x8e, 0x80, 0x1e, 0x28, 0x22,
    0x2b, 0x80, 0x7f, 0x84, 0x68, 0xcc, 0x48, 0x8f,
    0xe6, 0xcc, 0x58, 0x8c, 0x1, 0xc5, 0x9f, 0xdd,
    0xff, 0xca, 0xfc, 0x20, 0x4, 0x98, 0x7, 0xff,
    0x30, 0xe0, 0x0, 0xc0, 0x1f, 0xfc, 0xe7, 0x0,
    0x18, 0x6, 0x11, 0xff, 0xe3, 0x0, 0x7c, 0x40,
    0x13, 0x77, 0x76, 0x3b, 0xab, 0xbb, 0xf8, 0x80,
    0x27, 0x0, 0x58, 0x5, 0xa0, 0x1d, 0x8c, 0xcb,
    0x40, 0xf, 0xd2, 0x42, 0x90, 0x0, 0x7b, 0x8c,
    0x40, 0xc, 0x82, 0x1, 0x60, 0x7, 0xe4, 0xde,
    0xb2, 0x0, 0x91, 0xeb, 0xbf, 0xf5, 0x80, 0x67,
    0xff, 0xfd, 0xd6, 0x20, 0x1e, 0x76, 0x10, 0xf,
    0xfe, 0x30, 0xa5, 0x80, 0x7b, 0xc0, 0x3f, 0xf9,
    0x4e, 0x1, 0xeb, 0x0, 0xff, 0xe8, 0x9f, 0x5d,
    0x54, 0xa0, 0x18, 0x6a, 0xbd, 0x20, 0x18, 0x40,
    0x3e, 0x14, 0x55, 0x9c, 0x3, 0x32, 0xaf, 0x90,
    0x3, 0x30, 0x7, 0xfd, 0x44, 0x1, 0xa8, 0x3,
    0xc2, 0x1, 0x8c, 0x3, 0xf9, 0xb5, 0x40, 0x33,
    0x10, 0x7, 0x98, 0x3, 0x70, 0x7, 0x92, 0x7a,
    0x48, 0x3, 0x14, 0x80, 0x7d, 0x80, 0x18, 0x80,
    0x31, 0xed, 0xb0, 0x80, 0x70, 0xf8, 0x4, 0x8e,
    0xf4, 0xb0, 0x6, 0x70, 0xd, 0xc4, 0x1, 0xf1,
    0xf9, 0x0, 0x53, 0x11, 0x30, 0x6, 0x12, 0x0,
    0xc4, 0x1, 0xe1, 0x8c, 0x10, 0xc, 0x40, 0x1f,
    0x98, 0x3, 0x90, 0x3, 0x14, 0x7b, 0x80, 0x78,
    0x80, 0x3e, 0x38, 0x0, 0xea, 0x76, 0x8d, 0xd3,
    0x88, 0x7, 0xd2, 0x40, 0x10, 0xa4, 0xe0, 0x7,
    0x86, 0x25, 0xc8, 0x3, 0xfc, 0x9b, 0xff, 0x75,
    0xb0, 0x7, 0x80,

    /* U+5411 "向" */
    0x0, 0xff, 0xed, 0x16, 0xff, 0x5a, 0x0, 0x7f,
    0xf2, 0xa8, 0x80, 0x52, 0x80, 0x3f, 0xf9, 0x4a,
    0x1, 0x88, 0x3, 0xff, 0x92, 0x44, 0x0, 0xd4,
    0x1, 0xff, 0xc9, 0xb0, 0xc, 0x2e, 0x1, 0xff,
    0xc1, 0x9f, 0xff, 0x98, 0x3, 0xf, 0x7f, 0xff,
    0xa4, 0x15, 0x80, 0x3f, 0xf9, 0x8c, 0xcd, 0x0,
    0xff, 0xe7, 0x78, 0x80, 0x7f, 0xf5, 0x1d, 0xff,
    0xf8, 0xc0, 0x1f, 0xe9, 0x88, 0xff, 0xe2, 0x48,
    0x7, 0xff, 0xc, 0x47, 0xe0, 0xf, 0xfe, 0x3b,
    0x77, 0x7e, 0xfe, 0x50, 0xf, 0xfe, 0x18, 0xc8,
    0x80, 0x7e, 0x1a, 0x0, 0xff, 0xe1, 0x90, 0x7,
    0xff, 0x0, 0x80, 0x3f, 0xf8, 0x4e, 0x1, 0xff,
    0xd3, 0x1f, 0xfb, 0x80, 0x3f, 0xff, 0xe0, 0x18,
    0x7f, 0xee, 0x0, 0xff, 0xf8, 0x10, 0x7, 0xff,
    0x34, 0x68, 0x3, 0xff, 0x86, 0xc0, 0x10, 0xf7,
    0x7c, 0xa0, 0x1f, 0xfc, 0x32, 0x30, 0x3, 0x88,
    0xf8, 0x3, 0xff, 0x8d, 0x97, 0x92, 0x1, 0xf3,
    0xba, 0x2c, 0x3, 0x8, 0x7, 0xf2, 0x18, 0x7,
    0xc9, 0x10, 0x75, 0x0, 0xde, 0x20, 0x18, 0x40,
    0x3f, 0xf8, 0x4, 0x1, 0xf9, 0x74, 0x2, 0x20,
    0xf, 0xfe, 0x9, 0x80, 0x7c, 0xe4, 0xac, 0x25,
    0x20, 0x1f, 0xfc, 0x15, 0x50, 0x0, 0x4d, 0x72,
    0x0, 0x13, 0xda, 0x80, 0x1f, 0xfc, 0x2a, 0xff,
    0x76, 0x51, 0x80, 0x0,

    /* U+5468 "周" */
    0x0, 0xcf, 0xbf, 0xff, 0xfc, 0x8e, 0xb2, 0x0,
    0xc9, 0x4, 0x1, 0xff, 0xc8, 0x14, 0xf0, 0xc,
    0x60, 0x1f, 0xfc, 0xc2, 0x0, 0xde, 0x1, 0xff,
    0xcd, 0x10, 0xf, 0xd3, 0x55, 0xe8, 0x7a, 0xaf,
    0x90, 0x3, 0xff, 0x82, 0xea, 0xbd, 0xf0, 0xf6,
    0xea, 0xbc, 0x40, 0x1f, 0xfc, 0x31, 0x46, 0x62,
    0x80, 0x6, 0x19, 0x48, 0x3, 0xff, 0x8a, 0x5d,
    0x73, 0x20, 0xc, 0xb3, 0x5a, 0xc0, 0x1f, 0xfc,
    0x47, 0x0, 0xff, 0xe0, 0x60, 0x7, 0xff, 0x11,
    0x50, 0x3, 0xfc, 0x32, 0x1, 0xff, 0xc5, 0xbf,
    0xed, 0x0, 0xd1, 0xdf, 0xc6, 0x1, 0xff, 0xc4,
    0x16, 0x88, 0x58, 0x6, 0xb8, 0x97, 0x20, 0xf,
    0xfe, 0x26, 0xcb, 0xb3, 0x0, 0x31, 0xb3, 0x23,
    0x44, 0x3, 0xff, 0x84, 0x26, 0x1, 0xff, 0xc1,
    0x30, 0xf, 0xe1, 0x0, 0xe9, 0x10, 0xf, 0xf9,
    0xc8, 0x3, 0xff, 0x86, 0xdd, 0xff, 0xff, 0x40,
    0x7, 0xf8, 0x80, 0x3e, 0x47, 0x88, 0xf3, 0xa8,
    0x7, 0xff, 0x1, 0xc0, 0x21, 0x0, 0x4d, 0xc3,
    0xbf, 0xa2, 0xb0, 0x3, 0xfe, 0x20, 0x8, 0xc0,
    0xc, 0x1, 0xfe, 0x33, 0x0, 0x7f, 0x8, 0x80,
    0x26, 0x0, 0xff, 0xe1, 0x30, 0x7, 0xf1, 0x0,
    0x61, 0x1, 0x0, 0xd9, 0xff, 0x18, 0x7, 0xff,
    0x5, 0x40, 0x31, 0x0, 0x7f, 0xf3, 0x3c, 0x3,
    0x68, 0x7, 0xb7, 0xba, 0x30, 0xf, 0xfe, 0xb,
    0x80, 0x64, 0x0, 0xf0, 0x8e, 0x0, 0xcc, 0x1,
    0xf9, 0x44, 0x2, 0x21, 0x1, 0x0, 0xff, 0x88,
    0xc0, 0x80, 0x30, 0x87, 0x0, 0x65, 0x0, 0x84,
    0x2, 0x56, 0x6e, 0x84, 0xef, 0x40, 0xf, 0x10,
    0x4, 0x32, 0x1, 0x40, 0x0, 0xaa, 0x67, 0x95,
    0x84, 0x3, 0x8c, 0x1, 0x8, 0x3, 0xa2, 0x1,
    0x37, 0xf6, 0x80, 0x7f, 0xf0, 0xbc, 0x0, 0x37,
    0xdc, 0x30, 0xf, 0x8, 0x7, 0xc5, 0x2, 0x2,
    0x6d, 0xa6, 0x1, 0x84, 0x3, 0xff, 0x8a, 0xfd,
    0xfd, 0x92, 0x40, 0x0,

    /* U+56DB "四" */
    0x3, 0x78, 0x8f, 0xfe, 0x53, 0x98, 0x26, 0x43,
    0xbf, 0xff, 0x2a, 0x31, 0xb8, 0x3, 0xff, 0x9d,
    0x4c, 0x1, 0xff, 0xce, 0x10, 0xf, 0xfe, 0xaf,
    0xfc, 0x40, 0x12, 0x7f, 0x84, 0x2, 0x9f, 0xf7,
    0x0, 0x7f, 0xf1, 0x44, 0x3, 0xff, 0x96, 0x60,
    0x1f, 0xfc, 0xf1, 0x0, 0x8c, 0x3, 0xff, 0x9f,
    0xc0, 0x1e, 0x10, 0xf, 0xfe, 0x19, 0x0, 0x61,
    0x0, 0xff, 0xe5, 0x38, 0x6, 0x50, 0xf, 0xfe,
    0x56, 0x0, 0x62, 0x0, 0xff, 0xe5, 0x20, 0x4,
    0x42, 0x1, 0xef, 0x0, 0x18, 0x7, 0xfc, 0xa4,
    0x1, 0x28, 0x4, 0x40, 0x13, 0xff, 0xb4, 0x3,
    0xfc, 0x74, 0x1, 0xac, 0x2, 0x40, 0xf, 0xfe,
    0x2d, 0x0, 0x63, 0x30, 0x5, 0x42, 0x1, 0xff,
    0xc4, 0xf0, 0xd, 0x0, 0x18, 0xb1, 0x8c, 0x8b,
    0x0, 0x7f, 0x99, 0x40, 0x65, 0x0, 0x38, 0xa7,
    0x37, 0x6c, 0x0, 0xff, 0xab, 0xf9, 0x80, 0x3f,
    0xf9, 0x6e, 0xff, 0xfc, 0x59, 0x0, 0xff, 0x44,
    0x7f, 0xf1, 0x5c, 0x3, 0xff, 0xe2, 0xe0, 0x1f,
    0xfc, 0xe1, 0x30, 0x8, 0x7f, 0xff, 0xf8, 0xc0,
    0x19, 0x25, 0x0, 0xac, 0x3, 0xff, 0x8d, 0x6a,
    0x91, 0x0,

    /* U+56E2 "团" */
    0x0, 0x19, 0xff, 0xf3, 0x0, 0x9, 0xd9, 0x9f,
    0xfc, 0xce, 0x48, 0x10, 0xf, 0xfe, 0x60, 0xc1,
    0x0, 0x7f, 0xf3, 0x88, 0x3, 0xff, 0xa8, 0x3f,
    0xff, 0xee, 0xce, 0xff, 0xda, 0x1, 0xff, 0xc7,
    0x2f, 0xce, 0x40, 0xf, 0xfe, 0x5d, 0x8, 0x3,
    0xc0, 0x3f, 0xf8, 0xa2, 0x3e, 0x20, 0x9, 0x84,
    0x3, 0xff, 0x85, 0x1f, 0xdd, 0xe5, 0x0, 0x8b,
    0xbd, 0xc0, 0x3f, 0xe1, 0x70, 0xf, 0xfe, 0x14,
    0x8, 0x7, 0xff, 0x3c, 0x40, 0x3f, 0xc3, 0x24,
    0x1, 0xff, 0x9, 0xd0, 0x7, 0xff, 0x1, 0xb7,
    0xfe, 0xd1, 0x0, 0xe2, 0xec, 0x50, 0xf, 0xfe,
    0x20, 0xf8, 0x80, 0x7f, 0xf3, 0x7, 0x8, 0x3,
    0xff, 0x98, 0x5e, 0x40, 0x1f, 0xfc, 0xc7, 0xd1,
    0x0, 0x84, 0xc0, 0x3f, 0xf8, 0xf5, 0x0, 0x18,
    0xb1, 0x80, 0x3f, 0xf8, 0xea, 0x1, 0x93, 0x8,
    0x3, 0xff, 0x90, 0xa0, 0x14, 0x59, 0x4a, 0x0,
    0x7f, 0xf1, 0xea, 0x65, 0xce, 0x1a, 0xc2, 0x1,
    0x8, 0x7, 0xff, 0x11, 0x98, 0x20, 0x1, 0x0,
    0xeb, 0x0, 0xff, 0xe4, 0xa0, 0x6, 0x77, 0x0,
    0x7f, 0xf0, 0x84, 0x7e, 0x99, 0x3c, 0x6c, 0x88,
    0xf0, 0x7, 0xf0, 0xf7, 0x7d, 0xb2, 0xf1, 0xbd,
    0xdd, 0x80, 0x1f, 0xff, 0x15, 0x0, 0xff, 0xe7,
    0x2c, 0x98, 0x1, 0xbf, 0xff, 0xf8, 0xbc, 0x60,
    0x3, 0x90,

    /* U+5907 "备" */
    0x0, 0xff, 0xef, 0x23, 0x88, 0x7, 0xff, 0x3d,
    0xae, 0x39, 0x0, 0x3f, 0xf9, 0xa9, 0x20, 0x15,
    0x80, 0x42, 0x22, 0x34, 0x41, 0x80, 0x7f, 0xf0,
    0x8a, 0x80, 0x3b, 0xbf, 0xdd, 0xcd, 0xcb, 0xb6,
    0x68, 0x80, 0x7f, 0xc7, 0x82, 0x1, 0xc2, 0x1,
    0xfc, 0x52, 0x1, 0xfe, 0x8c, 0x10, 0xf, 0xfe,
    0x2f, 0x0, 0x7e, 0x7e, 0x70, 0xf, 0xfe, 0x3b,
    0x80, 0x7d, 0x90, 0x20, 0x1c, 0x9b, 0xdd, 0xd2,
    0x1, 0xea, 0x10, 0xf, 0x9, 0x80, 0x7c, 0x98,
    0xe2, 0x20, 0x89, 0x0, 0xe9, 0x50, 0xf, 0x84,
    0x80, 0x23, 0x0, 0xc3, 0x3d, 0x9c, 0xc0, 0x1d,
    0x6c, 0x1, 0xfd, 0xec, 0xfd, 0x96, 0x20, 0x18,
    0x4c, 0x3, 0x8f, 0x50, 0x3, 0xfc, 0x53, 0x2,
    0x0, 0x70, 0xf, 0xf8, 0x6d, 0x88, 0x3, 0xf0,
    0xa3, 0xce, 0x7d, 0xb0, 0x7, 0xfc, 0x4d, 0x3b,
    0xf9, 0x4e, 0x20, 0x4, 0xeb, 0x86, 0x30, 0xf,
    0xfe, 0x39, 0xac, 0x60, 0x3, 0xc0, 0x3f, 0xe2,
    0x8d, 0xb5, 0x0, 0xff, 0x88, 0x80, 0x20, 0x1f,
    0x8d, 0xf7, 0x4e, 0x49, 0x5f, 0x6c, 0x40, 0x1f,
    0x88, 0x20, 0x80, 0x48, 0x88, 0xf5, 0x3a, 0xea,
    0xbe, 0x1c, 0x89, 0x75, 0x58, 0xd2, 0xc0, 0x5,
    0xbf, 0xa6, 0x48, 0xf5, 0x5f, 0xfc, 0x19, 0x75,
    0x56, 0x62, 0xd0, 0x3, 0xa4, 0x40, 0x3f, 0xf9,
    0x16, 0x1, 0xf9, 0x80, 0x3f, 0xf9, 0x24, 0x1,
    0xff, 0xc1, 0x56, 0x68, 0x40, 0x32, 0xb3, 0x14,
    0x3, 0xff, 0x8c, 0x62, 0x30, 0x7, 0x18, 0x88,
    0xc0, 0x3f, 0xf8, 0xcc, 0xef, 0x8, 0x6, 0x67,
    0x73, 0x0, 0x7f, 0xff, 0xc0, 0x3b, 0x7f, 0xe3,
    0x0, 0xdb, 0xfe, 0xd0, 0xf, 0xfe, 0x36, 0x77,
    0x46, 0x1, 0xb3, 0xb9, 0x80, 0x1f, 0xfc, 0x61,
    0x1c, 0x1, 0xc2, 0x38, 0x3, 0xff, 0xc0, 0xa0,
    0x1f, 0xfc, 0x93, 0x0, 0xfd, 0x8, 0x0, 0x3e,
    0xff, 0xff, 0xb8, 0xc0, 0x7, 0xe0, 0x18,

    /* U+5929 "天" */
    0x0, 0x96, 0x6a, 0xbf, 0xf9, 0x12, 0xa0, 0x1c,
    0xd4, 0xca, 0xbf, 0xfc, 0x86, 0xa6, 0x0, 0xda,
    0x1, 0xff, 0xcc, 0xc0, 0xc, 0x20, 0x1f, 0xfc,
    0xc3, 0x0, 0xd0, 0x40, 0x1f, 0xfc, 0xa2, 0xb0,
    0xc, 0x5b, 0xdb, 0xbf, 0x18, 0x6, 0xad, 0xdf,
    0xbb, 0x48, 0x3, 0xc2, 0x45, 0xf0, 0x7, 0x39,
    0x17, 0xc2, 0x1, 0xff, 0xff, 0x0, 0xff, 0xe4,
    0x15, 0x6f, 0x77, 0xe3, 0x0, 0xd9, 0xdd, 0xfb,
    0x68, 0x40, 0x1c, 0xa4, 0x23, 0xf8, 0x3, 0x84,
    0x7f, 0x89, 0x68, 0x0, 0x60, 0x1f, 0xfc, 0xe5,
    0x0, 0x10, 0x7, 0xff, 0x38, 0x80, 0x1e, 0x82,
    0x3f, 0x80, 0x3f, 0x8, 0xfe, 0x4e, 0x0, 0x15,
    0xf7, 0x7d, 0xe0, 0x1f, 0x37, 0x77, 0xeb, 0x20,
    0xf, 0xf9, 0x80, 0x3e, 0x62, 0x0, 0xff, 0xe4,
    0x48, 0x7, 0xe9, 0x0, 0xff, 0xe3, 0xc0, 0x80,
    0x7e, 0x46, 0x0, 0xff, 0xe2, 0x9b, 0x80, 0x64,
    0x90, 0xd, 0x26, 0x1, 0xff, 0xc3, 0x1d, 0x0,
    0xe9, 0x63, 0x0, 0xda, 0x40, 0x1f, 0xfc, 0x12,
    0xc1, 0x0, 0xce, 0x41, 0xc2, 0x1, 0xe, 0x20,
    0x7, 0xfc, 0xda, 0x40, 0x18, 0xe0, 0x0, 0x54,
    0x1, 0x86, 0xe4, 0x40, 0x3e, 0x6d, 0x90, 0xe,
    0x2d, 0x0, 0xc9, 0x40, 0x1c, 0xdd, 0x6a, 0x1,
    0x27, 0xc9, 0x0, 0x71, 0xe0, 0x80, 0x72, 0xd0,
    0x7, 0x92, 0xa8, 0x0, 0x90, 0xf, 0x97, 0x4,
    0x3, 0xe5, 0xc2, 0x0, 0xf2, 0x80, 0x4, 0x3,
    0x86, 0xa8, 0x1, 0xfe, 0x3d, 0x60, 0xe, 0x20,
    0x4, 0x80, 0x45, 0x3c, 0xa0, 0x1f, 0xfc, 0x19,
    0xc4, 0x0, 0xa0, 0x0, 0xb9, 0x39, 0xac, 0x1,
    0xff, 0xc4, 0x3b, 0xeb, 0xd5, 0x0, 0x8d, 0x8c,
    0x3, 0xff, 0x90, 0x28, 0x40, 0x0,

    /* U+597D "好" */
    0x0, 0xff, 0xec, 0x16, 0xfd, 0x88, 0x7, 0xff,
    0x3e, 0x8, 0x11, 0x80, 0x3e, 0x79, 0xab, 0xbb,
    0x32, 0xdc, 0xa4, 0x0, 0xf9, 0x0, 0x2f, 0x0,
    0xf5, 0x43, 0x2a, 0x24, 0x67, 0x11, 0xad, 0xc8,
    0x7, 0x84, 0x2, 0xf0, 0xf, 0x20, 0x7, 0xff,
    0x5, 0x88, 0x3, 0x18, 0x6, 0x30, 0xf, 0x38,
    0x7, 0xff, 0x8, 0xc0, 0x32, 0x0, 0x71, 0x14,
    0x1, 0x4d, 0x3b, 0x37, 0x20, 0x7, 0x38, 0x80,
    0x1f, 0xe0, 0x3, 0x5e, 0xed, 0xf8, 0x0, 0x58,
    0x99, 0xe7, 0x0, 0xc5, 0x0, 0x14, 0x0, 0x7f,
    0xc6, 0xa0, 0x1f, 0x31, 0x80, 0x6f, 0x0, 0xff,
    0xe2, 0x98, 0x7, 0x8a, 0x40, 0x35, 0x90, 0x6,
    0x50, 0xf, 0xfe, 0x1, 0x80, 0x7b, 0x0, 0x35,
    0xa0, 0x7, 0x54, 0x80, 0x6a, 0xd9, 0x0, 0xcc,
    0x1, 0xcc, 0x20, 0x14, 0x20, 0x7, 0xdc, 0x1,
    0x94, 0x84, 0x3, 0x8, 0x7, 0x60, 0x6, 0x50,
    0xf, 0xc6, 0x1, 0x20, 0x3, 0x40, 0x31, 0x1b,
    0x36, 0x70, 0xd, 0x4c, 0xd2, 0x0, 0x65, 0x0,
    0xb0, 0x0, 0xe0, 0x12, 0x56, 0x4c, 0xe2, 0x0,
    0xcf, 0x33, 0x5e, 0x0, 0x8, 0x40, 0x23, 0x1,
    0x20, 0x8, 0x94, 0x3, 0xff, 0x86, 0x64, 0x8,
    0x1, 0xe7, 0x0, 0xda, 0x1, 0xff, 0xc5, 0x30,
    0xf, 0x5a, 0xe8, 0x6, 0x4a, 0x20, 0xf, 0xfe,
    0x8, 0xc8, 0x83, 0x88, 0x6, 0xa4, 0x0, 0x94,
    0x17, 0x7f, 0xf2, 0x0, 0x6d, 0xff, 0xb9, 0x80,
    0x3, 0xa2, 0x1, 0xfb, 0x80, 0x3e, 0x10, 0xf,
    0xfe, 0x9, 0xe1, 0x0, 0x78, 0x50, 0x3, 0xff,
    0x94, 0x58, 0x60, 0x1e, 0x20, 0xf, 0xfe, 0x58,
    0xc8, 0x7, 0xe, 0x10, 0x7, 0xff, 0x2e, 0xc0,
    0x3c, 0x38, 0x40, 0x1f, 0xfc, 0x9a, 0x10, 0xf,
    0x87, 0x80, 0x3f, 0xf9, 0xe, 0xa0, 0x18, 0xc0,
    0x33, 0x80, 0x7f, 0xf1, 0xea, 0x0, 0x34, 0x62,
    0x0, 0x12, 0x80, 0x2, 0xac, 0xe0, 0x1f, 0xfc,
    0x6, 0x50, 0xc, 0xae, 0x16, 0x93, 0x62, 0x5,
    0xd5, 0x24, 0x1, 0x88, 0x3, 0xff, 0x80, 0x94,
    0x1, 0x5b, 0x0, 0x4a, 0x1, 0xf1, 0x80, 0x7e,
    0x62, 0x0, 0x3d, 0x80, 0x7f, 0x8, 0x7, 0xd0,
    0x1, 0xfd, 0xb9, 0xd0, 0x1, 0xfe, 0x66, 0x8,
    0x0, 0x9f, 0x90, 0x3, 0xfc, 0x62, 0x1, 0xff,
    0xc0, 0x9e, 0xff, 0x6c, 0x8, 0x7, 0xe0,

    /* U+5B66 "学" */
    0x0, 0xff, 0xf0, 0x31, 0x80, 0x7f, 0xf2, 0x14,
    0x40, 0x3b, 0x67, 0x10, 0x3, 0x91, 0xc4, 0x3,
    0xf8, 0x76, 0xbc, 0x40, 0x24, 0x20, 0x4, 0x80,
    0x61, 0xb8, 0xe6, 0x0, 0xfd, 0x4, 0x3, 0x40,
    0x13, 0x80, 0x44, 0x40, 0xa, 0x40, 0x28, 0x0,
    0xfd, 0x60, 0x12, 0x20, 0x0, 0x64, 0x1, 0x18,
    0x0, 0x9c, 0x2, 0x20, 0xf, 0x88, 0x50, 0x2,
    0xd3, 0x3a, 0xc0, 0xe, 0x46, 0x6e, 0x0, 0xd4,
    0x42, 0x1, 0x27, 0x6e, 0x20, 0x4, 0xd9, 0x94,
    0x80, 0x1f, 0x32, 0x30, 0xd, 0x3b, 0xd2, 0x0,
    0x91, 0x0, 0xff, 0xe6, 0xb1, 0x81, 0x0, 0x7f,
    0xf3, 0xd8, 0x3, 0x84, 0x7f, 0xf9, 0x0, 0x1f,
    0xea, 0xee, 0xff, 0xe3, 0x68, 0x7, 0x88, 0x2,
    0x60, 0x1, 0x1a, 0x21, 0x54, 0xcc, 0x77, 0xa2,
    0xc, 0x20, 0x40, 0x19, 0x82, 0xc0, 0x8, 0x41,
    0x9b, 0x97, 0x6a, 0xa4, 0xca, 0x22, 0x77, 0x4f,
    0x90, 0xa8, 0x1, 0xc, 0x1b, 0x75, 0x60, 0xa6,
    0x1, 0xff, 0xc2, 0x14, 0xa, 0xdd, 0x58, 0x4,
    0x44, 0x0, 0x8, 0x7, 0xff, 0xc, 0x5c, 0x0,
    0x44, 0x0, 0xfc, 0x90, 0x64, 0x5e, 0x0, 0xf1,
    0xe0, 0x80, 0x7f, 0xf0, 0x5f, 0x37, 0x74, 0x88,
    0x7, 0x46, 0x10, 0x7, 0xff, 0x1d, 0x2c, 0xc0,
    0x23, 0xd7, 0x0, 0xff, 0x84, 0xcf, 0xfb, 0x0,
    0x31, 0xf8, 0x99, 0xfc, 0x40, 0x15, 0x76, 0x67,
    0xf3, 0x80, 0x63, 0xcc, 0xfe, 0xdd, 0x11, 0x14,
    0x3, 0xff, 0x9c, 0x54, 0x60, 0x1f, 0xfd, 0xf,
    0x18, 0x10, 0xf, 0xfe, 0x6a, 0x30, 0x3f, 0x7f,
    0xff, 0x40, 0x6, 0x9f, 0xff, 0xf5, 0x88, 0x7,
    0xff, 0x14, 0xc0, 0x3f, 0xfc, 0xc6, 0x8a, 0xac,
    0x0, 0xff, 0xe6, 0xe, 0x5d, 0x51, 0x0, 0x33,
    0x0, 0x7f, 0xf1, 0xc8, 0x3, 0xf0, 0x98, 0x7,
    0xff, 0x1c, 0x40, 0x3f, 0x50, 0x7, 0xff, 0x20,
    0x9c, 0x40, 0x48, 0xdf, 0x90, 0x3, 0xff, 0x93,
    0x1d, 0xfd, 0xb9, 0x2, 0x1, 0xff, 0xc2,

    /* U+5DF2 "已" */
    0x1, 0x79, 0xaa, 0xff, 0xe3, 0x4b, 0x0, 0x7d,
    0x90, 0xca, 0xbf, 0xfc, 0x66, 0x98, 0x0, 0xe1,
    0x20, 0xf, 0xfe, 0x52, 0x80, 0x70, 0x80, 0x7f,
    0xf2, 0xc8, 0x3, 0xd6, 0x62, 0x1, 0xff, 0xcf,
    0x4c, 0xef, 0xff, 0xfe, 0x20, 0x80, 0x7f, 0xf7,
    0x4f, 0x3a, 0x84, 0x3, 0xff, 0x9b, 0xc6, 0x2b,
    0x20, 0x1f, 0xfc, 0xd2, 0x0, 0x8c, 0x3, 0xff,
    0x98, 0x20, 0x19, 0xc0, 0x3f, 0xfa, 0x27, 0xff,
    0xff, 0xc1, 0x10, 0xf, 0xff, 0xf8, 0x7, 0xff,
    0x18, 0x40, 0x3f, 0xe1, 0x77, 0xff, 0xe0, 0x80,
    0x65, 0x0, 0xff, 0x8a, 0x23, 0xff, 0x83, 0x26,
    0x49, 0x20, 0x1f, 0xfc, 0xd6, 0xcd, 0xb2, 0x0,
    0xff, 0xf7, 0xae, 0x62, 0x44, 0x3, 0xff, 0x9b,
    0xc6, 0x66, 0xd0, 0xf, 0xfe, 0x6a, 0x0, 0x46,
    0x0, 0x10, 0xc, 0x40, 0x1f, 0xfc, 0x48, 0x0,
    0xc2, 0x1, 0x8, 0x4, 0x3d, 0x53, 0x3f, 0xfc,
    0xa, 0xd7, 0x0, 0xce, 0x1, 0x20, 0x6, 0x15,
    0x66, 0xff, 0xe0, 0x29, 0x0, 0x75, 0x0, 0x5c,
    0x1, 0xff, 0xcc, 0x53, 0x0, 0x92, 0x40, 0x3f,
    0xf9, 0x49, 0x40, 0x1c, 0xda, 0xe8, 0x20, 0x1f,
    0xfc, 0x32, 0x5b, 0xb0, 0x7, 0xc5, 0x17, 0xdf,
    0xff, 0xfc, 0x3d, 0xa4, 0x0, 0xc0,

    /* U+5E26 "带" */
    0x0, 0xf1, 0x18, 0x80, 0x71, 0x10, 0x3, 0xc6,
    0x40, 0x1f, 0xf3, 0x6e, 0x79, 0x0, 0x57, 0xba,
    0xa0, 0xd, 0xb9, 0xb0, 0x1, 0xfe, 0x80, 0x0,
    0xd0, 0x0, 0xd0, 0x0, 0xa4, 0x0, 0x62, 0x0,
    0x38, 0x7, 0xc8, 0xac, 0x20, 0x12, 0x2a, 0xa8,
    0x3, 0x52, 0xab, 0x40, 0x33, 0xaa, 0x8, 0xf,
    0x5d, 0x48, 0x6, 0x3a, 0xa3, 0x0, 0x67, 0xaa,
    0x20, 0x6, 0x8a, 0xbe, 0x55, 0x8, 0x7, 0xff,
    0x3f, 0x98, 0x3, 0xff, 0xa1, 0x85, 0xb0, 0xee,
    0x0, 0xc4, 0xee, 0x40, 0xc, 0x8e, 0xe3, 0x0,
    0xcc, 0xf1, 0x6e, 0x4, 0xf1, 0x2, 0x0, 0x96,
    0x22, 0x0, 0xd3, 0x10, 0xa0, 0xd, 0x30, 0xe8,
    0x1, 0xe9, 0x31, 0x59, 0x0, 0x1c, 0x19, 0xa4,
    0x80, 0xc, 0xc1, 0x2a, 0x0, 0xff, 0x26, 0x75,
    0x8, 0x4, 0xf9, 0x86, 0x0, 0xd3, 0xda, 0xa0,
    0x1e, 0x3d, 0xff, 0xff, 0xe6, 0x6a, 0x0, 0x38,
    0x80, 0x3f, 0xf9, 0x85, 0x40, 0x2, 0x0, 0xff,
    0xe7, 0x8, 0x80, 0x38, 0x48, 0xbc, 0x20, 0x18,
    0x48, 0xbc, 0x1, 0xc6, 0x1, 0xd3, 0xbb, 0xe7,
    0x0, 0xd7, 0xbb, 0xe6, 0x0, 0xff, 0x10, 0x7,
    0xff, 0x18, 0x40, 0x31, 0x3, 0x80, 0x5d, 0xcf,
    0xfe, 0x60, 0xd, 0x5f, 0xfe, 0x70, 0x9, 0x80,
    0x11, 0x96, 0xa8, 0x20, 0x1f, 0xfc, 0x74, 0xc9,
    0x0, 0x8d, 0x18, 0x3, 0xff, 0x92, 0x26, 0x1,
    0xe1, 0x0, 0xff, 0xea, 0x8f, 0xfc, 0xc0, 0x1a,
    0xbf, 0xee, 0x0, 0xff, 0xe2, 0x18, 0x7, 0xff,
    0xee, 0x74, 0x3, 0xff, 0x80, 0x20, 0x1f, 0xfc,
    0x24, 0x63, 0x0, 0xc4, 0x1, 0xf3, 0x0, 0x4c,
    0x1, 0xfe, 0x10, 0xf, 0x50, 0x7, 0xd2, 0x20,
    0x30, 0x1, 0xfe, 0x41, 0x0, 0x93, 0x8, 0x3,
    0xe3, 0xee, 0x8c, 0x2, 0x10, 0xc, 0x20, 0x3d,
    0xd7, 0xd9, 0x80, 0x7f, 0x84, 0x3, 0xb4, 0x3,
    0x28, 0x4, 0x22, 0x0, 0xff, 0xe3, 0xab, 0x0,
    0xc8, 0x80, 0x7f, 0xf0, 0x0,

    /* U+606F "息" */
    0x0, 0xff, 0xe0, 0x92, 0x0, 0x7f, 0xf4, 0xa6,
    0xfe, 0x8c, 0x3, 0xff, 0x9e, 0xa0, 0x5, 0xd0,
    0xf, 0xfe, 0x41, 0x44, 0xce, 0xb1, 0x0, 0x86,
    0x67, 0xcc, 0x1, 0xff, 0xc0, 0x1d, 0x76, 0x6c,
    0x80, 0x1c, 0xcd, 0xe9, 0xa0, 0xf, 0xf9, 0x0,
    0x3f, 0xf8, 0xea, 0x1, 0xff, 0x18, 0x6, 0x11,
    0xff, 0x80, 0x38, 0x40, 0x3f, 0xc2, 0x1, 0xaa,
    0xbf, 0xe4, 0x0, 0xff, 0xe4, 0x5d, 0xff, 0xc8,
    0x1, 0xff, 0xff, 0x0, 0xfe, 0xcd, 0xdf, 0xf2,
    0x0, 0x7f, 0xf2, 0x33, 0x77, 0xfc, 0x80, 0x1f,
    0xff, 0xf0, 0xf, 0xec, 0xdd, 0xff, 0x20, 0x7,
    0xff, 0xc, 0x40, 0x36, 0x6e, 0xff, 0x90, 0x3,
    0xff, 0x86, 0x60, 0x1f, 0xfc, 0x81, 0x0, 0xff,
    0x29, 0x0, 0x7f, 0xf1, 0x9c, 0x3, 0xff, 0x81,
    0xb5, 0x11, 0xe4, 0x0, 0x14, 0x47, 0x4d, 0xc0,
    0x7, 0xff, 0x5, 0x5d, 0xfc, 0xa0, 0x2, 0x7,
    0x7c, 0xc8, 0xd6, 0xe0, 0x1f, 0xc, 0xc8, 0x80,
    0x2, 0x40, 0x12, 0x80, 0x50, 0x80, 0x19, 0xe5,
    0x22, 0x0, 0x1e, 0xd6, 0x66, 0x3, 0xf6, 0xe8,
    0x42, 0x84, 0x2, 0xa0, 0xd, 0x60, 0x13, 0x98,
    0x6, 0x43, 0x0, 0x9, 0x40, 0x0, 0x9c, 0x6,
    0xc0, 0x25, 0x0, 0xca, 0x1, 0xbc, 0x3, 0x78,
    0x6, 0x30, 0xd, 0xc0, 0x5, 0x65, 0xab, 0x9,
    0xa7, 0xa0, 0xc, 0x68, 0x0, 0x24, 0x0, 0x94,
    0x3, 0x84, 0x2, 0x9a, 0x50, 0x56, 0x58, 0xa5,
    0x0, 0xd8, 0x0, 0x70, 0xd, 0xc2, 0x1, 0x91,
    0x6, 0x7c, 0x90, 0x1, 0x24, 0x80, 0x6d, 0x0,
    0x20, 0x80, 0x5, 0x0, 0x38, 0xaf, 0x33, 0xac,
    0x80, 0x21, 0x33, 0x0, 0xba, 0x80, 0x7, 0xd8,
    0xa0, 0x0, 0xa0, 0x1f, 0xfc, 0x3b, 0xc, 0xee,
    0x40, 0x6, 0x19, 0xd6, 0x0, 0x40, 0x7, 0xff,
    0x8, 0xdc, 0x0, 0x20, 0x1f, 0xfc, 0x2, 0xd7,
    0x31, 0x0, 0xf8, 0x4e, 0x30, 0x3, 0xf0,

    /* U+6570 "数" */
    0x0, 0xf9, 0x9c, 0x80, 0x3f, 0x88, 0x80, 0x1f,
    0xfc, 0x7, 0x80, 0x4, 0xca, 0x30, 0x1, 0x10,
    0x10, 0x9, 0xb7, 0x56, 0x1, 0xfe, 0x88, 0x3c,
    0x83, 0x80, 0x4, 0xe5, 0xdd, 0xa0, 0x15, 0x80,
    0x10, 0x40, 0x3f, 0x84, 0x0, 0xc0, 0x20, 0x13,
    0x30, 0x3, 0x84, 0x80, 0x23, 0x0, 0xfe, 0xd0,
    0x8, 0x40, 0x3f, 0x58, 0x0, 0x80, 0x31, 0x0,
    0x7f, 0x23, 0x94, 0x88, 0x7, 0x5a, 0x33, 0x80,
    0x18, 0x2, 0x30, 0xf, 0xe3, 0xc7, 0x29, 0xf0,
    0xd, 0x56, 0x8d, 0xce, 0x1a, 0x1, 0x16, 0x67,
    0x5c, 0x8, 0x49, 0x80, 0x7f, 0xf0, 0x6, 0x0,
    0xc0, 0x21, 0x33, 0xe4, 0x7b, 0x2, 0x0, 0xff,
    0xe1, 0x8, 0x28, 0x7, 0xfc, 0xe1, 0x12, 0xca,
    0x1, 0xf8, 0x9a, 0x3c, 0x84, 0x3, 0xfe, 0x70,
    0x3, 0x48, 0x7, 0xf1, 0xb, 0x8a, 0x80, 0x67,
    0x72, 0x0, 0x69, 0xa0, 0xa, 0x54, 0x3, 0xf9,
    0xc8, 0x28, 0x3, 0x64, 0x60, 0x4, 0x6c, 0x1,
    0xb, 0x0, 0x7c, 0xa0, 0x1, 0x26, 0x20, 0xc,
    0x61, 0xa0, 0x12, 0x80, 0x63, 0x0, 0x16, 0x8,
    0x5, 0x1b, 0x18, 0x30, 0x1, 0xd8, 0xc, 0x1,
    0x70, 0x6, 0x24, 0x7d, 0x38, 0x0, 0x31, 0x11,
    0xca, 0x44, 0x3, 0x90, 0x4c, 0x2, 0x30, 0xe,
    0xb8, 0x3, 0x1b, 0xe9, 0x0, 0xff, 0xe0, 0x48,
    0x6, 0x50, 0xf, 0x8b, 0x22, 0xf4, 0x3, 0xa1,
    0x0, 0xd4, 0x2, 0x70, 0x8, 0x84, 0x3, 0x36,
    0xf6, 0x80, 0x47, 0xff, 0xb5, 0xef, 0xb3, 0x80,
    0x3e, 0x40, 0xc, 0x52, 0x42, 0x1, 0xfc, 0x50,
    0x22, 0x4, 0x0, 0xfb, 0x40, 0x3f, 0xf9, 0x6a,
    0x1, 0xe4, 0x0, 0xc5, 0x4, 0x1, 0x88, 0xcc,
    0x1, 0x88, 0x40, 0x2e, 0x0, 0xe6, 0x0, 0xf3,
    0xb0, 0x4, 0x7b, 0x90, 0x1, 0xac, 0x3, 0x20,
    0x80, 0x6d, 0x0, 0xf1, 0xa0, 0x4, 0x6e, 0x54,
    0x1, 0x13, 0x0, 0x63, 0x10, 0xd, 0xa0, 0x1f,
    0xfc, 0x8, 0xd1, 0x0, 0xbc, 0x3, 0xf, 0x0,
    0x73, 0x18, 0x7, 0x1f, 0x38, 0x7, 0xea, 0x20,
    0xd, 0x44, 0x1, 0xee, 0x0, 0xf0, 0xc5, 0x80,
    0x7d, 0x80, 0x10, 0xda, 0x0, 0x7c, 0x58, 0x20,
    0x19, 0xb2, 0xc0, 0x3e, 0x60, 0x3, 0x7a, 0x0,
    0x43, 0xa2, 0x1, 0x1f, 0x88, 0x3, 0x24, 0xc0,
    0x38, 0x40, 0x8, 0xd, 0x22, 0x1, 0xe, 0x16,
    0x80, 0x61, 0x70, 0x53, 0x0, 0xe3, 0xde, 0x98,
    0xb0, 0xc0, 0xc, 0x3a, 0x40, 0x72, 0x1, 0x90,
    0x18, 0x3, 0x15, 0x61, 0x3, 0x38, 0x3, 0xc0,
    0x23, 0xc3, 0x0, 0x9a, 0x88, 0x20, 0x80, 0xe5,
    0x5f, 0x35, 0x40, 0x3e, 0x5a, 0x7b, 0xc2, 0x0,
    0xe5, 0xdf, 0x70, 0x9, 0xaa, 0xc, 0x3, 0xfc,
    0xb0, 0x80, 0x1f, 0xfc, 0x10,

    /* U+6587 "文" */
    0x0, 0xff, 0xf0, 0xa0, 0x80, 0x7f, 0xf3, 0x9f,
    0xef, 0xc4, 0x3, 0xff, 0x98, 0xd0, 0x0, 0x18,
    0x0, 0xff, 0xe6, 0x10, 0x6, 0x70, 0xf, 0xfe,
    0x62, 0x8, 0x7, 0xff, 0x45, 0x0, 0x3, 0x0,
    0x1f, 0xfc, 0x1, 0xbf, 0xff, 0xf9, 0x40, 0x3,
    0x3f, 0xff, 0xec, 0x29, 0x40, 0xf, 0xfe, 0x71,
    0xc9, 0x0, 0x7f, 0xf4, 0x1f, 0x80, 0x3f, 0xfa,
    0x16, 0x99, 0xe, 0xe3, 0x0, 0xca, 0xef, 0xf9,
    0x40, 0x39, 0xdd, 0x16, 0xe0, 0x6f, 0x10, 0xf0,
    0xe, 0x88, 0xfc, 0x1, 0xcb, 0x10, 0x74, 0x0,
    0xf1, 0x98, 0x2, 0x52, 0x0, 0xf0, 0xa8, 0x6,
    0x90, 0xf, 0xfa, 0x40, 0x34, 0x80, 0x7a, 0x40,
    0x31, 0x18, 0x7, 0xfc, 0xa4, 0x1, 0x22, 0x0,
    0x30, 0xb8, 0x6, 0xb0, 0xf, 0xfe, 0xc, 0x0,
    0x6a, 0x10, 0xa, 0xc0, 0x31, 0x30, 0x7, 0xff,
    0x5, 0x48, 0x2, 0x1a, 0x0, 0x22, 0x80, 0x68,
    0x0, 0xff, 0xe1, 0xf0, 0x6, 0x49, 0x2a, 0x0,
    0xc8, 0xa0, 0x1f, 0xfc, 0x33, 0x60, 0xc, 0xd8,
    0x20, 0x1a, 0x40, 0x3f, 0xf8, 0xb2, 0x40, 0x18,
    0x40, 0x34, 0x90, 0x7, 0xff, 0x1b, 0xc0, 0x3f,
    0x33, 0x0, 0x3f, 0xf8, 0xe4, 0xe0, 0x1f, 0x58,
    0x7, 0xff, 0x22, 0x5c, 0x3, 0xed, 0x60, 0xf,
    0xfe, 0x2a, 0xeb, 0x0, 0x7f, 0x4e, 0x18, 0x7,
    0xff, 0x5, 0x32, 0x88, 0x3, 0xfe, 0x3c, 0xa2,
    0x0, 0xfc, 0x6f, 0xb6, 0x60, 0x1e, 0x9d, 0x20,
    0xf, 0x2e, 0xe3, 0x88, 0x4, 0x7b, 0x90, 0x40,
    0x1e, 0x2d, 0x62, 0xd6, 0x0, 0xf8, 0xe3, 0x9c,
    0x1, 0xa4, 0x1, 0xf0, 0xce, 0x90, 0x5, 0x38,
    0x60, 0x1f, 0xa0, 0x0, 0x20, 0x1f, 0x3f, 0xb0,
    0x7, 0x8f, 0x24, 0x80, 0x3f, 0x94, 0x3, 0x14,
    0x7c, 0x8, 0x7, 0xf3, 0x6d, 0xa8, 0x6, 0x60,
    0x5, 0x32, 0xc6, 0xe9, 0xc0, 0x3f, 0xf8, 0x49,
    0x5f, 0x51, 0x32, 0x0, 0xa6, 0x9c, 0x80, 0x3f,
    0xf8, 0xea, 0xec, 0x0,

    /* U+65E5 "日" */
    0x4, 0x9a, 0xaf, 0xfe, 0x33, 0x88, 0x25, 0xb2,
    0xaf, 0xff, 0x1a, 0x34, 0x38, 0x3, 0xff, 0x92,
    0x62, 0x20, 0xf, 0xfe, 0x51, 0x80, 0x7f, 0xf4,
    0x77, 0xff, 0xff, 0x80, 0x40, 0x1f, 0xe3, 0x0,
    0xff, 0xff, 0x80, 0x7f, 0xf8, 0x3b, 0xff, 0xff,
    0x80, 0x40, 0x1f, 0xff, 0xf0, 0xf, 0x95, 0x9b,
    0xff, 0x80, 0x1, 0xff, 0x5c, 0xcf, 0xff, 0x0,
    0x80, 0x3f, 0xff, 0xe0, 0x1f, 0xfd, 0x33, 0x0,
    0xff, 0xe5, 0xef, 0xff, 0xff, 0x0, 0x80, 0x3f,
    0xff, 0xe0, 0x1, 0x0, 0xc8, 0xab, 0xff, 0xc0,
    0x0, 0xf6, 0x80, 0x6b, 0xaa, 0xff, 0xe0, 0x20,
    0x4, 0x24, 0xc8, 0x3, 0x40, 0x1f, 0xfc, 0x19,
    0x30, 0x2a, 0x0,

    /* U+660E "明" */
    0x0, 0xff, 0xe2, 0x1a, 0xaf, 0xf8, 0xc0, 0x22,
    0xbe, 0xff, 0xf6, 0xb0, 0x0, 0x77, 0x2a, 0xbf,
    0xd9, 0xa0, 0xe, 0x41, 0x0, 0xf1, 0x49, 0x3,
    0x10, 0x7, 0xff, 0x0, 0x98, 0xc, 0x3, 0xfc,
    0xe1, 0xc0, 0x1f, 0xfc, 0x2e, 0x0, 0xff, 0xe0,
    0x18, 0x7, 0xff, 0x2a, 0x2e, 0xc2, 0x1, 0xfe,
    0xff, 0xee, 0x0, 0xff, 0x1a, 0x20, 0x3, 0xff,
    0xf7, 0x55, 0xe0, 0xf, 0xf5, 0xff, 0x84, 0x3,
    0xfc, 0xab, 0xc8, 0x1, 0xff, 0xff, 0x0, 0xfe,
    0x77, 0xe6, 0x0, 0xff, 0x4e, 0xe8, 0x40, 0x3f,
    0xd1, 0x1e, 0x0, 0xff, 0x11, 0x40, 0x1e, 0x30,
    0x8, 0x40, 0x3f, 0xf9, 0xa2, 0x1, 0x88, 0xbc,
    0x1, 0xff, 0xc7, 0x70, 0x8, 0x77, 0x7b, 0x0,
    0x3f, 0xd7, 0xfe, 0x10, 0xe, 0x20, 0xf, 0xfe,
    0x80, 0x88, 0x3, 0xff, 0x9e, 0x4a, 0x1, 0xff,
    0xcf, 0x54, 0xc0, 0xd, 0x7f, 0xfd, 0xc0, 0x1f,
    0xe9, 0xcc, 0xdb, 0x40, 0xc0, 0x19, 0x0, 0x3f,
    0xf8, 0x6, 0x1, 0x39, 0x9e, 0x20, 0x31, 0x0,
    0x90, 0x3, 0xff, 0x83, 0xc8, 0x72, 0x20, 0x1e,
    0x90, 0xd, 0xa0, 0x1f, 0xfc, 0x12, 0xbc, 0x60,
    0xf, 0x12, 0x80, 0x67, 0x0, 0xff, 0xe5, 0x17,
    0x80, 0x66, 0x10, 0xc, 0x8d, 0x0, 0x1b, 0xc0,
    0x3f, 0xde, 0x40, 0x1a, 0x0, 0x35, 0x5c, 0xb0,
    0x6, 0x10, 0xf, 0xe1, 0x20, 0xd, 0x22, 0x1,
    0x94, 0x3, 0xe4, 0x0, 0xfe, 0x13, 0x0, 0xa1,
    0x80, 0x38, 0x40, 0x3d, 0x4, 0x1, 0xfe, 0xd6,
    0x5c, 0x70, 0xf, 0x51, 0x0, 0x9b, 0xeb, 0x80,
    0x7f, 0xc3, 0x34, 0x60, 0x1f, 0x26, 0xff, 0x64,
    0x10, 0x0,

    /* U+672B "末" */
    0x0, 0xff, 0xe0, 0x8a, 0xa8, 0x3, 0xff, 0x9c,
    0x3f, 0x54, 0xd0, 0xf, 0xfe, 0x6b, 0x88, 0x0,
    0x94, 0x3, 0xff, 0x98, 0x20, 0x18, 0x80, 0x3f,
    0xf9, 0x9e, 0x1, 0xff, 0xc6, 0x17, 0xab, 0xbf,
    0xca, 0x1, 0xaa, 0xef, 0xf5, 0x41, 0x0, 0x2a,
    0x15, 0x13, 0xf1, 0x0, 0x62, 0x44, 0xfc, 0xaf,
    0x80, 0x4, 0x0, 0xff, 0xe7, 0x9, 0x81, 0x0,
    0x7f, 0xf3, 0xc8, 0x38, 0xc4, 0x3, 0xff, 0x96,
    0x54, 0x20, 0x79, 0xdf, 0xff, 0x9c, 0x3, 0x47,
    0xff, 0xf6, 0xa8, 0x7, 0xff, 0xd1, 0x66, 0xae,
    0xfc, 0xa0, 0x1a, 0xae, 0xfe, 0xa7, 0x0, 0xe5,
    0xa6, 0x54, 0x4f, 0x10, 0x6, 0x24, 0x4f, 0x96,
    0x24, 0x3, 0x60, 0x7, 0xff, 0x31, 0x0, 0x37,
    0x0, 0x7f, 0xf3, 0x1c, 0x3, 0x3b, 0x88, 0x47,
    0x80, 0x3f, 0xc2, 0x3c, 0x4b, 0x60, 0x1d, 0x1b,
    0xdd, 0xa8, 0x3, 0xfd, 0x3d, 0xdb, 0x68, 0x40,
    0x3f, 0xcb, 0x60, 0x1f, 0xe8, 0x70, 0xf, 0xfe,
    0x1c, 0x50, 0x7, 0xff, 0x2, 0x20, 0x1, 0xff,
    0xc0, 0x1c, 0x70, 0xf, 0xe1, 0x0, 0xcf, 0x60,
    0x1f, 0xe5, 0xf3, 0x0, 0xc6, 0xe0, 0x1a, 0x54,
    0x3, 0x26, 0x98, 0x7, 0x86, 0xa8, 0x20, 0x18,
    0x74, 0x3, 0xd4, 0x60, 0x18, 0xb2, 0x0, 0x31,
    0x7a, 0x80, 0x70, 0xe0, 0x80, 0x7d, 0xa4, 0x1,
    0xcf, 0xa8, 0x0, 0xe1, 0x0, 0xe1, 0xd2, 0x0,
    0xfc, 0x38, 0x40, 0x1c, 0x56, 0x20, 0x40, 0x1c,
    0x38, 0x60, 0x1f, 0xe1, 0xc3, 0x0, 0xf0, 0x82,
    0x0, 0x63, 0xf2, 0x0, 0xff, 0xe0, 0xe, 0x30,
    0x6, 0x60, 0x4, 0x8, 0x2, 0x30, 0x40, 0x37,
    0x80, 0x61, 0x0, 0xe9, 0xb2, 0x3, 0x90, 0x1,
    0x7d, 0xfb, 0x80, 0x78, 0xc0, 0x32, 0x80, 0x79,
    0x37, 0xf0, 0x3, 0xa, 0x0, 0x7e, 0x46, 0x11,
    0x39, 0x80, 0x7f, 0xf0, 0x0,

    /* U+672C "本" */
    0x0, 0xff, 0xe1, 0xa, 0xa8, 0x40, 0x3f, 0xf9,
    0xe3, 0xf5, 0x4f, 0x10, 0xf, 0xfe, 0x73, 0x88,
    0x0, 0x50, 0x3, 0xff, 0x9c, 0x20, 0x18, 0x80,
    0x3f, 0xf9, 0xde, 0x1, 0xff, 0xe8, 0x18, 0xaa,
    0xfe, 0x50, 0xd, 0x55, 0xfe, 0x82, 0x0, 0xde,
    0xea, 0xbf, 0xc4, 0x1, 0x89, 0x57, 0xf9, 0xf0,
    0x40, 0x6, 0x20, 0x1f, 0xfc, 0xe1, 0x20, 0x1,
    0x0, 0x7f, 0xf4, 0x4, 0x0, 0x32, 0x1, 0xff,
    0xce, 0x82, 0x0, 0x9b, 0xfb, 0xb3, 0x80, 0x62,
    0x0, 0xc2, 0x1, 0xa3, 0xbb, 0x7b, 0x80, 0x78,
    0x47, 0x30, 0x4, 0x2a, 0x1, 0x98, 0x3, 0x50,
    0x8e, 0x0, 0xff, 0x98, 0x40, 0x27, 0x0, 0xef,
    0x40, 0x8, 0x94, 0x3, 0xff, 0x85, 0x0, 0x1a,
    0x80, 0x3d, 0xe0, 0x1a, 0x0, 0x3f, 0xf8, 0x30,
    0x20, 0x11, 0x98, 0x3, 0xc8, 0x20, 0x11, 0x40,
    0x7, 0xfc, 0x4e, 0x1, 0xa0, 0x3, 0xf4, 0x80,
    0x67, 0x30, 0xf, 0xf7, 0x0, 0x63, 0x40, 0xf,
    0xce, 0x20, 0x1b, 0x80, 0x3f, 0x9c, 0xc0, 0x37,
    0x80, 0x7f, 0xa0, 0x3, 0x15, 0x0, 0x7c, 0x70,
    0x1, 0x98, 0xc0, 0x3f, 0xcc, 0x60, 0x19, 0x5c,
    0x3, 0x87, 0x40, 0x31, 0x48, 0x7, 0xff, 0x3,
    0x80, 0x3a, 0x18, 0x3, 0x60, 0x80, 0x66, 0xbc,
    0xc9, 0x80, 0x34, 0xe6, 0x52, 0x40, 0x1d, 0x26,
    0x0, 0x42, 0x0, 0xe4, 0x41, 0x9c, 0x20, 0x18,
    0x4c, 0xe4, 0x20, 0xf, 0x8, 0x1, 0x80, 0x32,
    0x98, 0x7, 0xff, 0x11, 0x44, 0x2, 0x62, 0x0,
    0x13, 0x80, 0xe, 0x94, 0x3, 0xff, 0x89, 0xb8,
    0x20, 0x92, 0x1, 0xa2, 0xb, 0x81, 0xa, 0x20,
    0x1f, 0xfc, 0x1, 0x67, 0x2c, 0x8b, 0x0, 0xf3,
    0xd0, 0x0, 0x6b, 0xbf, 0xe7, 0x0, 0xd1, 0xff,
    0x74, 0x80, 0x9, 0xc0, 0x3f, 0xfc, 0xbe, 0x1,
    0xff, 0xd3, 0x30, 0xc, 0x60, 0x1f, 0xfc, 0xe4,
    0x61, 0x13, 0xa0, 0x7, 0xff, 0x4,

    /* U+672F "术" */
    0x0, 0xff, 0xe1, 0x22, 0x88, 0x7, 0xff, 0x3f,
    0x6e, 0xb8, 0x80, 0x9, 0xd4, 0x1, 0xff, 0xc8,
    0x52, 0x0, 0xac, 0xa, 0xc5, 0x70, 0x40, 0x3f,
    0xf8, 0xc4, 0x1, 0x8c, 0x14, 0x2, 0x3f, 0x30,
    0xf, 0xfe, 0x50, 0x82, 0x0, 0x61, 0xc4, 0x0,
    0xff, 0xe5, 0x9c, 0x80, 0x70, 0x80, 0x7f, 0xf3,
    0x1a, 0x80, 0x28, 0x50, 0xf, 0xfe, 0x6a, 0xd1,
    0xdb, 0x80, 0x78, 0x5e, 0x67, 0xfa, 0xc0, 0x32,
    0xcc, 0xec, 0x5d, 0x99, 0x38, 0x80, 0x59, 0xc,
    0xdf, 0xc6, 0x1, 0x85, 0x9b, 0xfa, 0x34, 0x0,
    0x24, 0x1, 0xff, 0xce, 0x31, 0x1, 0x0, 0xff,
    0xe7, 0x88, 0x80, 0x16, 0x62, 0x1, 0xff, 0xca,
    0x13, 0xa0, 0x9, 0x33, 0xbf, 0xfd, 0xa0, 0x1f,
    0xdb, 0xff, 0xdd, 0x88, 0x1, 0xff, 0xc0, 0x90,
    0xf, 0xee, 0x0, 0xff, 0xe3, 0xba, 0x0, 0x7f,
    0x1c, 0x80, 0x7f, 0xf1, 0x52, 0x0, 0x3f, 0xe6,
    0x60, 0x7, 0xff, 0xc, 0xac, 0x3, 0xff, 0x83,
    0x2a, 0x1, 0xff, 0xc1, 0x2c, 0x0, 0xfe, 0x45,
    0x0, 0xd4, 0x80, 0x1f, 0xf1, 0xe0, 0x80, 0x63,
    0x0, 0xeb, 0x10, 0xd, 0x68, 0x1, 0xfc, 0x78,
    0x20, 0x19, 0xec, 0x3, 0x86, 0x80, 0x3a, 0xd4,
    0x3, 0xe5, 0xc0, 0xe, 0x38, 0x0, 0xf9, 0x1c,
    0x3, 0xa9, 0x80, 0x3a, 0x28, 0x3, 0x8b, 0x40,
    0x3f, 0xa0, 0xc0, 0x3a, 0x60, 0x2, 0xb7, 0x0,
    0xe1, 0xf1, 0x0, 0xff, 0x69, 0x0, 0x73, 0x90,
    0x1, 0x0, 0x38, 0x70, 0x80, 0x3f, 0xe1, 0xf1,
    0x0, 0xfc, 0x20, 0x18, 0xbc, 0x80, 0x3f, 0xf8,
    0x25, 0x84, 0x1, 0x21, 0x0, 0x2c, 0x2, 0x7d,
    0x10, 0xf, 0xfe, 0x19, 0x62, 0x8a, 0x58, 0x4,
    0xb9, 0x3b, 0x0, 0x1f, 0xfc, 0x61, 0xae, 0xb0,
    0xe, 0x36, 0x20, 0xf, 0xfe, 0x0, 0x80, 0x7f,
    0xf3, 0x4c, 0x3, 0x68, 0x7, 0xff, 0x35, 0x1c,
    0x41, 0x5c, 0x3, 0xff, 0x82,

    /* U+6B66 "武" */
    0x0, 0xff, 0xe4, 0x8, 0x7, 0xff, 0x14, 0x8b,
    0xe1, 0x0, 0xcb, 0xfd, 0x80, 0x1, 0x98, 0x10,
    0xf, 0xd3, 0xfb, 0xbf, 0x77, 0xb0, 0x2, 0xc0,
    0x6, 0xc1, 0x8c, 0xfe, 0x80, 0x1e, 0x36, 0x0,
    0xff, 0x40, 0x0, 0x40, 0x21, 0x2, 0x0, 0xd,
    0x98, 0x7, 0x8, 0x7, 0xff, 0x1b, 0xc1, 0x40,
    0x36, 0x80, 0x71, 0x49, 0x0, 0x7c, 0x27, 0x40,
    0x1f, 0xac, 0x40, 0x23, 0x0, 0xf3, 0x6f, 0xff,
    0xdd, 0x88, 0x1, 0xe1, 0x1, 0xd1, 0x3, 0xf0,
    0xe, 0x12, 0x2f, 0xfe, 0x10, 0x6, 0x32, 0x20,
    0xe6, 0x44, 0x1, 0x16, 0xf6, 0xef, 0xff, 0x8,
    0x3, 0x2e, 0xee, 0xcf, 0x90, 0xa, 0x8, 0x3,
    0xff, 0x9c, 0xc4, 0x1, 0xff, 0xd6, 0x82, 0x0,
    0xff, 0xe7, 0x39, 0x0, 0xb, 0x7b, 0x77, 0xff,
    0x84, 0x60, 0x11, 0x6e, 0xee, 0xf8, 0x0, 0xe1,
    0x22, 0xe6, 0xcd, 0xe2, 0x2e, 0x60, 0x8, 0xc8,
    0xb0, 0x80, 0x7e, 0x13, 0x0, 0xa0, 0x40, 0xd8,
    0x3, 0x18, 0x4, 0x20, 0x1f, 0xfc, 0x5, 0xec,
    0xd0, 0x1, 0x0, 0x5e, 0x1, 0xb8, 0x3, 0x8,
    0x7, 0xfd, 0x20, 0x2, 0x40, 0x10, 0x9, 0xbf,
    0xd6, 0x44, 0x0, 0xc4, 0x1, 0xff, 0x10, 0x4,
    0x40, 0x1f, 0x92, 0x18, 0x3, 0x30, 0x7, 0xff,
    0x38, 0x80, 0x36, 0x80, 0x7f, 0xf3, 0xe, 0x4,
    0x40, 0x11, 0x0, 0x7f, 0xf2, 0x5b, 0xbf, 0x8,
    0x8, 0x2, 0x70, 0xf, 0xfe, 0x50, 0x80, 0x65,
    0x0, 0x88, 0x3, 0xff, 0x9f, 0x80, 0x19, 0x0,
    0x5, 0x76, 0x20, 0xf, 0xfe, 0x18, 0xa2, 0x90,
    0x20, 0x6, 0xc0, 0x4, 0xa2, 0x24, 0x3, 0xf8,
    0x40, 0x33, 0x75, 0xd6, 0x98, 0x90, 0x4, 0xa0,
    0x5, 0x0, 0x30, 0x4, 0x22, 0x0, 0xa7, 0x80,
    0x3f, 0xac, 0x28, 0x2, 0x24, 0x1, 0x0, 0x8,
    0x1, 0xb8, 0x3, 0xff, 0x87, 0xe0, 0xa0, 0x1a,
    0xb0, 0x2, 0x60, 0x5, 0x0, 0x7f, 0xf0, 0x85,
    0xdc, 0x4, 0xa0, 0x10, 0x98, 0x5, 0xa0, 0x7,
    0x0, 0xfe, 0x25, 0x8b, 0xee, 0x40, 0x5, 0x0,
    0x1f, 0x98, 0x1, 0xe0, 0x10, 0xa3, 0xd6, 0xfe,
    0xd3, 0xa0, 0x80, 0x71, 0x50, 0x7, 0xa8, 0x40,
    0x9, 0xd9, 0xdc, 0xb8, 0x52, 0x0, 0xff, 0xe0,
    0x2e, 0x20, 0x0, 0x5d, 0x40, 0x0,

    /* U+6C11 "民" */
    0x0, 0xff, 0xea, 0xd, 0xff, 0xff, 0xf2, 0x30,
    0x80, 0x3d, 0x8, 0x1, 0xff, 0xc8, 0x39, 0x0,
    0xf2, 0x80, 0x7f, 0xf2, 0x94, 0x3, 0xc2, 0x1,
    0xff, 0xca, 0x10, 0xf, 0xfa, 0xae, 0xff, 0xf8,
    0x24, 0x1, 0xff, 0xc3, 0x44, 0xff, 0xe1, 0x8,
    0x7, 0xff, 0xd, 0x4c, 0xff, 0xf8, 0x22, 0x1,
    0xff, 0xc3, 0xbc, 0xcf, 0xfe, 0x9, 0x0, 0x7f,
    0xfc, 0xcc, 0x3, 0xff, 0xa0, 0x5e, 0x1, 0xff,
    0x6f, 0x77, 0x28, 0x6, 0xae, 0xed, 0xfa, 0x60,
    0x1f, 0xf1, 0x88, 0xf6, 0x80, 0x70, 0x8e, 0x0,
    0xff, 0xe4, 0x8, 0x6, 0xd0, 0xf, 0xfe, 0x37,
    0x7f, 0xf4, 0x80, 0x67, 0xff, 0xfb, 0x54, 0x3,
    0xff, 0xa0, 0x54, 0x1, 0xff, 0xd2, 0x10, 0xf,
    0xfe, 0x82, 0x88, 0x7, 0xe9, 0xaa, 0xf3, 0x80,
    0x61, 0xaa, 0xeb, 0xda, 0x0, 0xfe, 0x75, 0x5f,
    0x40, 0x6, 0x17, 0x55, 0xc8, 0x40, 0x1f, 0xfc,
    0x65, 0x0, 0xd6, 0x1, 0xff, 0xcc, 0xe0, 0xc,
    0xc2, 0x0, 0x1d, 0xfc, 0x20, 0xf, 0xf8, 0x99,
    0xd8, 0x10, 0x80, 0x35, 0x80, 0x10, 0x80, 0xe0,
    0x2, 0x30, 0xd, 0x19, 0xfb, 0x31, 0x32, 0x8,
    0x0, 0xca, 0xa0, 0xd0, 0x8, 0x40, 0xc, 0x20,
    0x19, 0x8c, 0x3, 0x9c, 0x15, 0x0, 0x35, 0x5b,
    0x80, 0x42, 0x5, 0x20, 0x1f, 0xfc, 0x3, 0x0,
    0x50, 0x7, 0x20, 0x6, 0xc0, 0x30, 0xf, 0xfe,
    0x2, 0x78, 0x0, 0x6c, 0x3, 0xf0, 0xb8, 0xa,
    0x80, 0x78, 0x56, 0x33, 0xec, 0x80, 0x24, 0xb1,
    0x0, 0xf5, 0x88, 0x2, 0xc4, 0x9, 0xab, 0x7a,
    0x9c, 0xc0, 0x3e, 0x4f, 0x72, 0x1, 0x4b, 0x50,
    0x8, 0x73, 0xb6, 0x54, 0x80, 0x3f, 0xf8, 0x3,
    0x1b, 0xfd, 0x68, 0x1, 0x0,

    /* U+73ED "班" */
    0x0, 0xff, 0xf2, 0x3f, 0xf9, 0x40, 0x3f, 0xf8,
    0x44, 0x8a, 0xb2, 0x18, 0x7, 0xd0, 0x0, 0x80,
    0x1, 0xa2, 0xae, 0x41, 0x0, 0x9f, 0x6e, 0xaa,
    0xbc, 0xc0, 0x7, 0x8, 0x4, 0x41, 0x98, 0xba,
    0xad, 0x7c, 0xe0, 0x9, 0x0, 0xf8, 0xcc, 0x1,
    0xfc, 0x86, 0x1, 0xfa, 0x80, 0x6, 0x1, 0xf8,
    0x40, 0x3f, 0x98, 0x3, 0xf8, 0x40, 0x1c, 0x82,
    0x1, 0x8e, 0x48, 0x3, 0xf8, 0xa4, 0xc0, 0x38,
    0x97, 0x80, 0x7, 0x70, 0x1, 0x16, 0x30, 0x1,
    0x10, 0x1, 0xf3, 0x63, 0x80, 0x43, 0xb4, 0x40,
    0x1f, 0xfc, 0x5, 0xbb, 0x38, 0x7, 0xff, 0x43,
    0xc0, 0x16, 0x1, 0xff, 0xd0, 0x60, 0x0, 0x80,
    0x7f, 0xf4, 0x4, 0x0, 0x20, 0x1f, 0xfd, 0x3,
    0x0, 0x38, 0x7, 0xff, 0x18, 0xb2, 0x40, 0x22,
    0xe5, 0x1, 0x0, 0x8, 0x7, 0xc4, 0x40, 0x8,
    0x4c, 0x3, 0x41, 0x80, 0x70, 0xc1, 0x0, 0x46,
    0x1, 0xe9, 0xd5, 0x0, 0xd9, 0xe6, 0x1, 0xfe,
    0x36, 0x0, 0x84, 0x3, 0xcc, 0x1, 0xfa, 0x80,
    0x12, 0x20, 0x1e, 0x9c, 0x0, 0xb4, 0xc0, 0x38,
    0x40, 0x3f, 0x70, 0x0, 0xfa, 0x0, 0x21, 0xf7,
    0x50, 0x9, 0xc4, 0x2, 0x10, 0xd4, 0x10, 0xc,
    0x4c, 0xe0, 0x18, 0x40, 0x23, 0x0, 0xf1, 0x38,
    0x4, 0x60, 0x76, 0xc0, 0x10, 0xec, 0x80, 0x7f,
    0xf0, 0x31, 0x85, 0xc0, 0x80, 0x21, 0x0, 0xff,
    0xe5, 0xc, 0xf4, 0x7, 0x80, 0x4c, 0x1, 0xff,
    0xcf, 0x40, 0xb, 0x40, 0x3f, 0xf9, 0x2, 0x1,
    0xc4, 0x40, 0x8, 0xc0, 0x3f, 0xf8, 0xe5, 0xdc,
    0x10, 0xa, 0x80, 0x32, 0x0, 0x7f, 0xf0, 0x57,
    0x64, 0x3, 0x86, 0x40, 0x26, 0x0, 0x90, 0x3,
    0xff, 0x82, 0x34, 0x40, 0x1f, 0x78, 0x1, 0xc4,
    0x2, 0xe0, 0x1, 0x18, 0x80, 0x42, 0x62, 0x0,
    0x30, 0xf, 0xca, 0xe0, 0xb0, 0x1, 0x12, 0xbf,
    0xee, 0x30, 0x6, 0xce, 0xb0, 0x24, 0x0, 0x8d,
    0xef, 0xa8, 0x16, 0x80, 0x34, 0x4, 0x0, 0x7f,
    0x91, 0x1, 0x7b, 0xaf, 0xc8, 0x41, 0x0, 0x60,
    0x6, 0x45, 0x0, 0xff, 0xe0, 0xb8, 0x0, 0x88,
    0x1, 0xf6, 0x0, 0x49, 0x60, 0x9, 0x10, 0xf,
    0xe6, 0x30, 0xf, 0xf9, 0x65, 0x6a, 0xc0, 0x26,
    0xef, 0xee, 0xfb, 0xe4, 0x3, 0xff, 0x82, 0xd4,
    0xa0, 0x1f, 0x8, 0xfc, 0x1, 0x0,

    /* U+79D1 "科" */
    0x0, 0xff, 0xe6, 0xa3, 0x10, 0x7, 0xff, 0x8,
    0x5a, 0x5c, 0x3, 0xfe, 0x7b, 0x9d, 0x30, 0xf,
    0xe1, 0x47, 0xbe, 0x96, 0x88, 0x0, 0x7f, 0xa8,
    0x2, 0xa0, 0xf, 0x9f, 0x7a, 0xe1, 0x0, 0x33,
    0x0, 0x49, 0xdc, 0x50, 0x8, 0xc0, 0x23, 0x0,
    0xf2, 0x41, 0x0, 0x7e, 0x10, 0xa, 0x44, 0x55,
    0x20, 0x1f, 0xfc, 0x17, 0x0, 0xfc, 0xb3, 0xa0,
    0x10, 0x80, 0x4d, 0x20, 0x1f, 0xfc, 0x3, 0x83,
    0x41, 0x0, 0x86, 0x98, 0x80, 0x2f, 0x0, 0xcc,
    0xa0, 0x1f, 0xfc, 0x7, 0xcb, 0x70, 0xf, 0xf1,
    0xe0, 0x6, 0x60, 0xf, 0xfe, 0x79, 0xd0, 0x15,
    0x98, 0x7, 0xff, 0x0, 0xd5, 0x94, 0x2, 0x16,
    0x52, 0x0, 0xe5, 0xed, 0x40, 0xf, 0xfe, 0x5,
    0xe5, 0x49, 0x80, 0x69, 0xad, 0x60, 0xe, 0x10,
    0xf, 0xfe, 0x8, 0xa0, 0x7, 0xfd, 0x40, 0x30,
    0xc0, 0x1f, 0xfc, 0x31, 0x0, 0xff, 0xe0, 0x38,
    0x63, 0xce, 0x90, 0x7, 0xff, 0xa, 0xcc, 0x40,
    0x3e, 0x14, 0x91, 0x20, 0x1, 0x69, 0x80, 0x7f,
    0xf0, 0x53, 0x3a, 0x40, 0x3a, 0x3a, 0xc8, 0x54,
    0x3, 0x61, 0x0, 0x7f, 0xf0, 0xec, 0x3, 0xa1,
    0xc0, 0x2a, 0x40, 0xc, 0x80, 0x1f, 0xfc, 0x24,
    0x20, 0xf, 0x42, 0x80, 0x56, 0x80, 0x3, 0x60,
    0xf, 0xfe, 0x17, 0x80, 0x7e, 0xa1, 0x0, 0xa9,
    0xa7, 0x0, 0x3f, 0xf8, 0x46, 0x80, 0x1f, 0xca,
    0x1, 0xc, 0xb0, 0x7, 0xcf, 0xc, 0x1, 0xde,
    0x1, 0xf1, 0x2, 0xa0, 0x7, 0x8d, 0x60, 0x40,
    0x22, 0x79, 0x90, 0x4, 0xe6, 0x1, 0xe1, 0xdd,
    0x50, 0x1, 0x1e, 0xb7, 0xf2, 0x9c, 0x3, 0xe7,
    0x0, 0xc, 0x0, 0x44, 0x1, 0xc4, 0x5, 0xb7,
    0xa, 0x40, 0x1f, 0xf2, 0x80, 0x14, 0x2, 0x34,
    0x0, 0xfa, 0x88, 0x3, 0xff, 0x82, 0x2d, 0x40,
    0x4, 0x30, 0x4, 0x80, 0x7e, 0xf0, 0xf, 0xfe,
    0xa, 0xf4, 0x88, 0x5, 0x8e, 0x8a, 0x1, 0xf9,
    0x88, 0x0, 0x28, 0xf5, 0x9e, 0x20, 0x1f, 0xf4,
    0x58, 0x7, 0xf0, 0xee, 0xbb, 0x97, 0xa, 0x60,
    0x1f, 0xfc, 0xe2, 0x10, 0xf, 0xff, 0xf8, 0x18,
    0x7, 0xfb, 0xc0, 0x25, 0x0, 0xff, 0xe0, 0xa8,
    0x5, 0xc0, 0x1f, 0xe6, 0x50, 0x28, 0x0, 0xff,
    0xe0, 0xc9, 0x8a, 0xb8, 0x6,

    /* U+7A0B "程" */
    0x0, 0xff, 0xef, 0xa, 0xb0, 0x7, 0xff, 0x3c,
    0x9a, 0xba, 0xa6, 0xc0, 0x25, 0xef, 0xff, 0xfb,
    0x8, 0x3, 0x9a, 0xfb, 0x65, 0x40, 0x24, 0x0,
    0xa8, 0x40, 0x3f, 0xe3, 0x80, 0xd, 0x12, 0x82,
    0x1, 0xe2, 0x0, 0x10, 0x7, 0xff, 0x9, 0xc0,
    0x31, 0x0, 0x7e, 0x7c, 0x0, 0x8, 0x6, 0x22,
    0xf0, 0x6, 0x30, 0xd, 0x6, 0x24, 0x20, 0x10,
    0xc0, 0x80, 0x7d, 0x9b, 0xbc, 0xa0, 0x1f, 0x8b,
    0x3b, 0x5c, 0x3, 0xff, 0xe4, 0x4a, 0xca, 0x1,
    0xb, 0x18, 0x7, 0xd9, 0xbb, 0xca, 0x1, 0xf9,
    0xb6, 0xa4, 0xc0, 0x34, 0xe4, 0x0, 0x80, 0x62,
    0x2f, 0x0, 0x63, 0x0, 0xd4, 0x1, 0xfe, 0x60,
    0x20, 0xf, 0xfe, 0x13, 0x80, 0x67, 0x0, 0xff,
    0x18, 0x2, 0x84, 0x3, 0xfe, 0x38, 0x0, 0xd2,
    0x40, 0x1f, 0x8a, 0x40, 0xb, 0xdf, 0xff, 0xf6,
    0x10, 0x6, 0x2d, 0xf8, 0x0, 0xed, 0xd2, 0x0,
    0x4, 0xd1, 0x3f, 0xc6, 0x40, 0x1f, 0xac, 0x3,
    0xbc, 0x40, 0x11, 0xd9, 0x77, 0xfe, 0xcd, 0xe2,
    0x0, 0xe4, 0x30, 0xe, 0x2c, 0x11, 0x38, 0x7,
    0xff, 0x8, 0x68, 0x3, 0xbc, 0x3, 0xe2, 0xc5,
    0x0, 0xff, 0xe2, 0x70, 0x6, 0x44, 0x0, 0x7e,
    0x2a, 0x44, 0xe3, 0x0, 0xc4, 0x89, 0x2c, 0xb0,
    0x6, 0x90, 0xf, 0xf6, 0xdd, 0xf6, 0x80, 0x65,
    0xbb, 0xa9, 0x80, 0x34, 0x90, 0x7, 0x86, 0xd2,
    0xcc, 0x12, 0xae, 0xda, 0x1, 0x9a, 0xee, 0x70,
    0xc, 0x4c, 0x1, 0x18, 0x6, 0x4b, 0x40, 0x3b,
    0x54, 0x41, 0x80, 0x61, 0x44, 0xa2, 0x40, 0x21,
    0x0, 0x91, 0x40, 0x3f, 0x38, 0x7, 0xff, 0x8,
    0x80, 0x23, 0x60, 0x4, 0x0, 0x7f, 0x22, 0x0,
    0x3f, 0xf8, 0x3, 0x0, 0x1a, 0x69, 0xcc, 0x3,
    0xfd, 0x7f, 0xba, 0xb0, 0xc, 0xdb, 0xae, 0xe1,
    0x80, 0x72, 0xc0, 0x7, 0xff, 0x4, 0x88, 0xa0,
    0x18, 0x48, 0x82, 0x1, 0xff, 0xcc, 0x30, 0xf,
    0xfe, 0x75, 0x7f, 0xf6, 0x80, 0x67, 0xff, 0xdd,
    0x0, 0x1f, 0x8, 0x7, 0x95, 0x40, 0x1f, 0xfc,
    0x31, 0x73, 0x0, 0xf7, 0x0, 0x4a, 0x1, 0xff,
    0xd0, 0x65, 0x2, 0x80, 0x2, 0xb0, 0x80, 0x7f,
    0xf0, 0x85, 0xcc,

    /* U+7AD6 "竖" */
    0x0, 0xfe, 0x13, 0x0, 0xe3, 0x39, 0x13, 0xc6,
    0x20, 0x1e, 0x42, 0x0, 0x93, 0xb3, 0x0, 0x6,
    0xfc, 0xca, 0xef, 0xd9, 0xd8, 0x1, 0xb2, 0xf5,
    0x40, 0x1e, 0x0, 0x33, 0x5, 0x80, 0x7f, 0xf0,
    0xd, 0x0, 0x6, 0x60, 0x4, 0x80, 0x1c, 0x2,
    0x60, 0x60, 0xf, 0xfe, 0x23, 0x80, 0x42, 0x0,
    0x10, 0xe, 0xa6, 0x0, 0x19, 0xf0, 0x7, 0x28,
    0x0, 0x40, 0x3f, 0xf8, 0x2, 0x1, 0x26, 0x65,
    0x0, 0x19, 0x4, 0x3, 0xff, 0x88, 0xa0, 0x7,
    0x40, 0x4, 0x80, 0x6f, 0x0, 0xff, 0xe2, 0xa8,
    0x5, 0x6b, 0x64, 0x1, 0x22, 0x0, 0x3f, 0xf8,
    0xb6, 0x1, 0xa9, 0x0, 0x34, 0x80, 0x7f, 0xf1,
    0x8a, 0xc0, 0x3f, 0x51, 0x0, 0x7f, 0xf1, 0xd4,
    0xc0, 0x3c, 0x48, 0x1, 0xff, 0xc6, 0x19, 0xe3,
    0x0, 0xf1, 0x74, 0x98, 0x4, 0x20, 0x1f, 0xfc,
    0xa, 0x60, 0xf, 0xf3, 0x65, 0x0, 0x1c, 0x2,
    0x10, 0x0, 0x80, 0x42, 0x8, 0x1, 0xc2, 0x20,
    0xf, 0x30, 0x0, 0xc8, 0x1, 0x40, 0x6, 0x0,
    0x98, 0xc, 0x3, 0x3f, 0x71, 0x80, 0x39, 0x40,
    0x2d, 0xac, 0x60, 0x4, 0x18, 0xb9, 0xb, 0x80,
    0x23, 0xa0, 0x1, 0x3a, 0xc2, 0x5, 0x60, 0x19,
    0x4c, 0x2, 0x2c, 0xe8, 0xc, 0x40, 0x2, 0x88,
    0x6, 0x29, 0xef, 0xd2, 0x0, 0xe2, 0x33, 0xfc,
    0x40, 0x14, 0x99, 0xfe, 0x10, 0xe, 0x4f, 0xdc,
    0xcf, 0xc0, 0x19, 0x33, 0x3f, 0x75, 0x80, 0x6f,
    0x0, 0xff, 0xe6, 0x21, 0x80, 0x42, 0x1, 0xff,
    0xcd, 0x10, 0xa, 0xd4, 0x84, 0x60, 0x8, 0x47,
    0xff, 0x84, 0x47, 0x44, 0x1, 0xd, 0x6f, 0x71,
    0x40, 0x26, 0xee, 0xf9, 0x9e, 0x3b, 0xad, 0xc5,
    0x0, 0xfe, 0x40, 0x9, 0x80, 0x3c, 0x6e, 0xd3,
    0x60, 0x1f, 0xfc, 0x24, 0x0, 0x84, 0x40, 0x1c,
    0x80, 0x12, 0x0, 0x7f, 0x84, 0x8a, 0x30, 0x9,
    0xcc, 0x8b, 0xac, 0x2, 0x22, 0xc2, 0x1, 0xa3,
    0xfb, 0x76, 0x70, 0x9, 0xf7, 0x7c, 0x60, 0x11,
    0x6e, 0xdd, 0xf8, 0x24, 0xe0, 0x1f, 0xfc, 0xe3,
    0x90, 0xf, 0xfe, 0x8f, 0x94, 0x8, 0x7, 0xff,
    0x35, 0x58,

    /* U+7B1B "笛" */
    0x0, 0xff, 0xec, 0x24, 0x20, 0x7, 0xfc, 0xaa,
    0x0, 0xff, 0xe1, 0xdb, 0xde, 0x8, 0x7, 0xe9,
    0xaa, 0x70, 0x80, 0x7f, 0xf0, 0x18, 0x2, 0x35,
    0x0, 0xf8, 0x98, 0x0, 0x28, 0x1, 0xff, 0xc0,
    0x80, 0xd, 0x3b, 0xb5, 0xa0, 0x2, 0x0, 0x35,
    0xee, 0xf5, 0xb0, 0x6, 0x71, 0x0, 0xc4, 0x59,
    0x2c, 0x55, 0x40, 0x18, 0x48, 0xb9, 0x24, 0xc0,
    0x3, 0x0, 0x1f, 0xf3, 0x50, 0x7, 0xff, 0x5,
    0xc0, 0x14, 0x1, 0xff, 0xc0, 0x80, 0xf, 0xfe,
    0x0, 0xb2, 0x3, 0x20, 0x4, 0x2e, 0x1, 0xb7,
    0xd8, 0x3, 0x17, 0x20, 0x6, 0x8f, 0xe9, 0x0,
    0x68, 0x6, 0xb8, 0x10, 0xa, 0x3, 0xc0, 0x34,
    0x8d, 0x8, 0x5, 0x4, 0x1, 0xa4, 0x40, 0x8,
    0xa1, 0x0, 0x13, 0x3, 0x38, 0x2, 0x50, 0x6,
    0x80, 0x23, 0x0, 0xe2, 0xc3, 0x35, 0x0, 0x19,
    0x8f, 0x98, 0x3, 0xf8, 0xe6, 0x0, 0x91, 0x96,
    0xf0, 0x80, 0x38, 0xb3, 0x2, 0x1, 0x4c, 0x18,
    0x1e, 0x44, 0x28, 0x3, 0xa6, 0x90, 0x3, 0xff,
    0x8d, 0x60, 0x12, 0x0, 0x7f, 0xf1, 0x46, 0xfb,
    0xff, 0xce, 0x1, 0xbf, 0xfe, 0xec, 0x30, 0xf,
    0xad, 0x4, 0x3, 0xff, 0x8c, 0x27, 0xc0, 0x1f,
    0x20, 0x7, 0xff, 0x28, 0x84, 0x3, 0xff, 0xa4,
    0x60, 0x1f, 0xe6, 0xee, 0xcc, 0x1, 0xb3, 0xbb,
    0x28, 0x7, 0xff, 0x10, 0x47, 0x0, 0x71, 0x8,
    0xe3, 0x0, 0xff, 0xe1, 0xbd, 0xde, 0x70, 0xd,
    0xb7, 0x79, 0xc0, 0x3f, 0xf8, 0x62, 0x89, 0x84,
    0x3, 0x1a, 0x26, 0x10, 0xf, 0xff, 0xf8, 0x1,
    0x77, 0x72, 0x80, 0x6b, 0xdd, 0xca, 0x1, 0xff,
    0xc3, 0x32, 0x2c, 0x60, 0x19, 0x48, 0xb1, 0x80,
    0x7f, 0xf0, 0xcc, 0x8b, 0x18, 0x6, 0x22, 0xe3,
    0x0, 0xff, 0xe1, 0xae, 0xee, 0x50, 0xd, 0x9b,
    0xb9, 0x40, 0x3f, 0xfe, 0xc6, 0x1, 0xe5, 0x0,
    0xff, 0xe5, 0x10, 0x80, 0x7a, 0x8, 0x6, 0xbf,
    0xff, 0xf8, 0x56, 0x86, 0x9c, 0x1, 0x0,

    /* U+7B2C "第" */
    0x0, 0xe5, 0x40, 0xf, 0xfe, 0x1, 0x90, 0x7,
    0xff, 0x9, 0x6a, 0xf9, 0x0, 0x3f, 0xa7, 0x36,
    0xc4, 0x3, 0xff, 0x81, 0x0, 0x1, 0x81, 0x18,
    0x3, 0x8d, 0x80, 0x9, 0x22, 0x3c, 0x1, 0xe7,
    0x20, 0x8, 0xfb, 0xaf, 0xf6, 0x10, 0x40, 0x6,
    0x7e, 0xee, 0xfb, 0x0, 0x8a, 0x0, 0x3f, 0xc7,
    0x4a, 0x80, 0x1f, 0xf2, 0x20, 0x1, 0xc0, 0x1f,
    0xfc, 0xe, 0xa0, 0xf, 0xfe, 0x1, 0x28, 0x41,
    0x80, 0x4a, 0xa0, 0xd, 0x59, 0xd6, 0x1, 0x96,
    0x0, 0x31, 0x66, 0xe8, 0x41, 0x80, 0x21, 0xab,
    0x10, 0x8, 0x4c, 0xc, 0x2, 0x1a, 0x77, 0x0,
    0x44, 0xa4, 0x1, 0x68, 0x0, 0x74, 0x6, 0x40,
    0x8, 0x80, 0x1c, 0x10, 0x5, 0x0, 0x20, 0x40,
    0xa, 0xe0, 0x18, 0xf5, 0xd2, 0x2e, 0xe0, 0xa,
    0xee, 0x93, 0x0, 0x7d, 0xdc, 0x0, 0x5a, 0x10,
    0xe, 0x25, 0x52, 0x24, 0x60, 0x4, 0x4e, 0x20,
    0x2, 0x26, 0x10, 0x59, 0x0, 0xf8, 0xc0, 0x3f,
    0xf9, 0x48, 0x1, 0xf5, 0x88, 0x7, 0xff, 0x24,
    0xc0, 0x3e, 0x5e, 0xff, 0xf9, 0x40, 0x21, 0xff,
    0xe5, 0x0, 0xff, 0xe0, 0xbd, 0x5d, 0xf2, 0x0,
    0x43, 0x77, 0xc8, 0x1, 0xff, 0xc0, 0x98, 0x54,
    0x4e, 0x10, 0xc, 0x89, 0xc2, 0x1, 0xff, 0xc0,
    0x60, 0xf, 0xfe, 0x4a, 0x80, 0x7c, 0x20, 0x1f,
    0xfc, 0x93, 0x90, 0xf, 0x88, 0x3, 0x5f, 0xfc,
    0xa0, 0x10, 0xff, 0xfe, 0xc2, 0x0, 0xf9, 0x80,
    0x34, 0x5d, 0xc8, 0x1, 0xd, 0xdf, 0xf5, 0x28,
    0x7, 0x88, 0x3, 0x1a, 0x24, 0x20, 0x19, 0x13,
    0xf9, 0x69, 0x0, 0x3f, 0xfa, 0x58, 0x1, 0xca,
    0x40, 0x1f, 0xfc, 0xb1, 0x0, 0xe2, 0xde, 0xd9,
    0x10, 0xf, 0xdb, 0xbe, 0xa0, 0xd, 0xc0, 0x1f,
    0x14, 0xc8, 0x40, 0x3e, 0x12, 0x2f, 0x0, 0x71,
    0x0, 0x71, 0x56, 0x20, 0x7, 0x10, 0x7, 0xc4,
    0x69, 0x20, 0x19, 0x80, 0x33, 0xea, 0x80, 0x70,
    0xeb, 0x80, 0x7d, 0xb9, 0x66, 0x1, 0x8c, 0x2,
    0x28, 0x0, 0xf2, 0x79, 0x0, 0x7c, 0x40, 0x1f,
    0x20, 0x6, 0x60, 0xe, 0x19, 0xb1, 0x3, 0x0,
    0xf1, 0x80, 0x78, 0xa4, 0x3, 0x20, 0x80, 0x4f,
    0xec, 0x1, 0x70, 0x4, 0xa0, 0x1, 0xb4, 0x23,
    0x59, 0xd2, 0x0, 0xef, 0x9a, 0xf8, 0x10, 0xc,
    0xe8, 0x5, 0x20, 0x12, 0x5e, 0xe5, 0x30, 0x7,
    0xc2, 0xca, 0x1, 0xfa, 0xff, 0x48, 0x3, 0xff,
    0x84,

    /* U+7EF3 "绳" */
    0x0, 0xe2, 0x85, 0x0, 0xfc, 0x23, 0xff, 0x0,
    0x7f, 0xa5, 0xeb, 0x88, 0x3, 0x27, 0x77, 0xff,
    0x5, 0x0, 0x3e, 0x14, 0x0, 0xa, 0x80, 0x6a,
    0x10, 0xf, 0xf8, 0x68, 0x3, 0xe9, 0x0, 0xc2,
    0x1, 0x84, 0x3, 0xff, 0x82, 0x20, 0x1f, 0x30,
    0x6, 0x70, 0x8, 0x40, 0x23, 0x99, 0xf8, 0x40,
    0x21, 0x0, 0xe6, 0x10, 0x9, 0xc4, 0x3, 0xf0,
    0x8f, 0xc0, 0x1f, 0xeb, 0x0, 0x8a, 0x0, 0x30,
    0x80, 0x47, 0x11, 0xf0, 0x80, 0x42, 0x1, 0x9c,
    0x80, 0x29, 0x4f, 0xc4, 0x0, 0x10, 0x7, 0xff,
    0x4, 0x80, 0x32, 0x40, 0x4, 0xc9, 0x0, 0x76,
    0x41, 0xc4, 0x1, 0xff, 0x17, 0x0, 0x68, 0x0,
    0xc7, 0x86, 0x1, 0x8, 0x1e, 0xff, 0xd0, 0x1,
    0xf, 0xfd, 0xa6, 0x1, 0x88, 0x3, 0x29, 0x80,
    0x42, 0x60, 0xf3, 0x55, 0x58, 0x4, 0x35, 0x59,
    0xc4, 0x2, 0x50, 0xf, 0xe8, 0xc, 0x86, 0x55,
    0x8c, 0x3, 0x2a, 0xe8, 0xc0, 0xa, 0x0, 0x3f,
    0x1b, 0x9, 0x80, 0x7f, 0xf0, 0xc8, 0x80, 0x3,
    0xd9, 0x90, 0x7, 0x70, 0x18, 0x7, 0xff, 0x14,
    0x40, 0x22, 0x6e, 0x0, 0xd4, 0x40, 0x1e, 0xcf,
    0x80, 0x8, 0x7f, 0xc0, 0x1f, 0xc8, 0xe0, 0x13,
    0x28, 0x7, 0xd5, 0x18, 0x1, 0xc, 0x40, 0x3,
    0xf1, 0xd8, 0x6, 0x2d, 0xc5, 0x0, 0xe6, 0x74,
    0x0, 0xce, 0xe0, 0xf, 0x8f, 0x0, 0x39, 0x8,
    0xe8, 0x40, 0x3f, 0xf9, 0xc, 0x1, 0xff, 0xd3,
    0x40, 0xf, 0xc7, 0x62, 0x1, 0xb7, 0xe0, 0x2,
    0x1f, 0xf0, 0x7, 0xc2, 0xe0, 0x1, 0x47, 0xbe,
    0xc4, 0x0, 0xed, 0xf8, 0x0, 0x87, 0xfc, 0x1,
    0xfa, 0x37, 0xb9, 0x70, 0xab, 0x0, 0x7f, 0xf1,
    0xc4, 0x3, 0x10, 0x82, 0xdf, 0x5d, 0x50, 0x3,
    0xff, 0x8a, 0x44, 0x0, 0xcb, 0x5f, 0x48, 0x1,
    0x28, 0x7, 0x1a, 0x10, 0x6, 0x44, 0xcd, 0x80,
    0x10, 0xed, 0x28, 0x7, 0x94, 0x80, 0x36, 0xdd,
    0x80, 0x21, 0xbb, 0xd0, 0x20, 0x14, 0x90, 0x7,
    0x8a, 0x68, 0x18, 0x0, 0xa2, 0x1, 0xc2, 0x1,
    0x4f, 0x7b, 0x0, 0x38, 0x3, 0x92, 0xf5, 0x80,
    0x13, 0x98, 0xa0, 0x1, 0x80, 0x67, 0x56, 0x70,
    0x4, 0x0, 0x18, 0x80, 0x5f, 0x6d, 0x0, 0x38,
    0xcc, 0x1, 0x38, 0x6, 0x8a, 0x91, 0x0, 0xf6,
    0xf7, 0x20, 0x80, 0x3f, 0xf8, 0x4, 0x80, 0x1f,
    0xd0, 0x1, 0x84, 0x3, 0xff, 0x89, 0x4c, 0x20,
    0x1c, 0x74, 0xc0,

    /* U+7F8E "美" */
    0x0, 0xff, 0xed, 0x31, 0x80, 0x7f, 0x2c, 0x18,
    0x7, 0xff, 0x8, 0xb6, 0x70, 0xc0, 0x3e, 0x1a,
    0x7c, 0x90, 0xf, 0xfe, 0xd, 0x90, 0x3, 0xc0,
    0x3e, 0x90, 0x9, 0x88, 0x3, 0xff, 0x81, 0x60,
    0x11, 0xa0, 0x7, 0x1b, 0x80, 0x63, 0x0, 0xfc,
    0xb9, 0xdf, 0xa0, 0x1a, 0xff, 0xfb, 0x0, 0x3b,
    0xbf, 0xb1, 0x0, 0x35, 0x18, 0x80, 0x7f, 0xf2,
    0x4, 0xec, 0x3, 0xff, 0xad, 0x0, 0x1f, 0xfc,
    0xc8, 0x0, 0xcf, 0xfd, 0xbb, 0xf3, 0x80, 0x69,
    0xdd, 0xfb, 0xbd, 0xc0, 0x3d, 0x32, 0xee, 0xf3,
    0x0, 0x68, 0xee, 0xfa, 0x8, 0x3, 0xd2, 0xe8,
    0x67, 0xe1, 0x0, 0xc2, 0x67, 0xf3, 0x70, 0x7,
    0x8c, 0x3, 0xff, 0x94, 0x20, 0x1e, 0x83, 0x0,
    0xff, 0xe4, 0xc, 0x80, 0x78, 0xb3, 0xfb, 0xbc,
    0xe0, 0x1a, 0x7b, 0xbd, 0xfc, 0x80, 0x19, 0xef,
    0x37, 0x59, 0x9e, 0x60, 0xd, 0x19, 0x9e, 0xdd,
    0xb2, 0x45, 0x61, 0xc, 0x8b, 0xf0, 0x80, 0x61,
    0x22, 0xfe, 0x36, 0xa2, 0x0, 0xff, 0xe8, 0x3b,
    0x10, 0x7, 0xff, 0x3e, 0x47, 0x75, 0x99, 0xfa,
    0x40, 0x31, 0x66, 0x7f, 0xb7, 0xd4, 0x0, 0x42,
    0xe, 0xfe, 0x10, 0xc, 0x2e, 0xff, 0xc0, 0x60,
    0x10, 0xee, 0xb2, 0xef, 0xd0, 0x1, 0x8e, 0xef,
    0xfb, 0x3a, 0x0, 0xe, 0x40, 0x1f, 0xfc, 0xd7,
    0x0, 0x18, 0x7, 0xff, 0x38, 0x40, 0xb, 0x6,
    0x23, 0xc0, 0x1f, 0xf0, 0x8f, 0x89, 0x34, 0x2,
    0x7c, 0xee, 0xd4, 0x20, 0x1f, 0xe5, 0xfe, 0xed,
    0xb6, 0x60, 0x1f, 0x25, 0xd8, 0x40, 0x33, 0x50,
    0x6, 0x4f, 0x70, 0xf, 0xe4, 0x8b, 0xeb, 0x40,
    0xe, 0x49, 0x58, 0x0, 0xc3, 0x1f, 0x4c, 0x82,
    0x1, 0x5d, 0x9d, 0x4, 0x3, 0xcf, 0x60, 0x7,
    0x80, 0xf, 0x2c, 0xdf, 0x40, 0xa, 0x0, 0x7e,
    0x3c, 0x80, 0xc, 0xf6, 0x40, 0x1f, 0x9c, 0x4,
    0x40, 0x1e, 0x5c, 0xc1, 0x80, 0x79, 0x36, 0x48,
    0x3, 0xfa, 0xc8, 0x88, 0xf7, 0xf4, 0x60, 0x1f,
    0xe6, 0xdc, 0x73, 0x0, 0xa0, 0x0, 0xbb, 0xab,
    0x84, 0x0, 0xff, 0xe1, 0x9c, 0x67, 0xf7, 0xb8,
    0x0,

    /* U+80B2 "育" */
    0x0, 0xff, 0xf0, 0x35, 0x38, 0x7, 0xff, 0x3b,
    0x25, 0x61, 0xc0, 0x3f, 0xf9, 0x86, 0x60, 0xa,
    0x8, 0x3, 0xff, 0x80, 0xdb, 0xff, 0xfd, 0x80,
    0x1d, 0xbf, 0xff, 0xb6, 0x0, 0x64, 0x80, 0x3f,
    0xf9, 0x84, 0xea, 0x60, 0x1f, 0xfd, 0x12, 0x70,
    0xf, 0xfe, 0x72, 0xa8, 0x23, 0xfb, 0x8e, 0x1,
    0xe2, 0xbe, 0xed, 0x0, 0x18, 0xb7, 0xb9, 0xf4,
    0x1, 0xda, 0xe0, 0x1c, 0xba, 0x82, 0x3b, 0xc0,
    0x31, 0x79, 0x88, 0x7, 0xa0, 0xc0, 0x3c, 0xdb,
    0xae, 0xff, 0x9c, 0x3, 0x8b, 0x8, 0x3, 0xca,
    0x1, 0xf1, 0x91, 0x4, 0x3, 0xfc, 0x32, 0x1,
    0xe5, 0x0, 0xff, 0xe5, 0x30, 0x7, 0xac, 0x3,
    0xfe, 0x12, 0x35, 0x67, 0x99, 0x8, 0x2, 0x40,
    0x3c, 0x5a, 0xec, 0xf1, 0x37, 0x9b, 0xdf, 0xdb,
    0x95, 0x30, 0xcc, 0xf9, 0xd4, 0x0, 0xf8, 0xb0,
    0xd2, 0xea, 0x3f, 0xb7, 0x33, 0xfa, 0x84, 0x80,
    0x3f, 0x1d, 0xa9, 0x9f, 0xff, 0x11, 0x21, 0xc0,
    0x3f, 0x20, 0x7, 0xff, 0x23, 0x0, 0x3f, 0x78,
    0x7, 0xff, 0x21, 0xc0, 0x3f, 0xf8, 0x39, 0xdd,
    0xff, 0x0, 0x7f, 0xf1, 0xb3, 0xbb, 0xfe, 0x0,
    0xff, 0xff, 0x80, 0x5b, 0xff, 0xff, 0x0, 0x7f,
    0xf1, 0xb7, 0xff, 0xfe, 0x0, 0xff, 0xff, 0x80,
    0x59, 0xdd, 0xfe, 0xd0, 0xf, 0xfe, 0x30, 0x8f,
    0xcd, 0x11, 0x48, 0x6, 0x70, 0xf, 0xde, 0x1,
    0x8c, 0x3, 0x92, 0x19, 0xa4, 0x0, 0xc6, 0x1,
    0xf8, 0x80, 0x21, 0x10, 0x7, 0xff, 0x8, 0x64,
    0x3, 0xf2, 0xb0, 0xd, 0x80, 0x79, 0x18, 0x40,
    0x2, 0x49, 0x3e, 0x20, 0x18,

    /* U+8282 "节" */
    0x0, 0xfe, 0x20, 0xf, 0xf1, 0x10, 0x3, 0xff,
    0x86, 0x7f, 0xbe, 0x80, 0x1e, 0x1d, 0xda, 0xc0,
    0x3f, 0xf8, 0x50, 0x1, 0x78, 0x7, 0x98, 0x80,
    0x8, 0x80, 0xf, 0xc6, 0x8a, 0xb8, 0x2, 0x55,
    0xfb, 0x0, 0x36, 0xaa, 0xc8, 0x20, 0xc, 0xc5,
    0xd5, 0x42, 0x1, 0xd, 0x57, 0x90, 0x3, 0x35,
    0x55, 0x7c, 0x88, 0x30, 0xf, 0xfe, 0x7f, 0x80,
    0x7f, 0xf4, 0x45, 0x18, 0x3, 0xff, 0x9c, 0x50,
    0x13, 0xfd, 0xd8, 0x80, 0x21, 0xee, 0xf2, 0x80,
    0x68, 0xee, 0xbf, 0x48, 0x2, 0x11, 0xc8, 0x1,
    0x20, 0x8f, 0xbc, 0x3, 0x20, 0x8c, 0x1, 0xfe,
    0x85, 0x25, 0xb0, 0xf, 0x2c, 0x19, 0xa4, 0xc0,
    0x3f, 0xf8, 0x23, 0x5b, 0x42, 0x1, 0xf3, 0xe6,
    0x18, 0x3, 0xf8, 0xaf, 0xbf, 0xff, 0xf9, 0x1a,
    0xc0, 0x1d, 0x28, 0x20, 0x1f, 0xfc, 0x82, 0x93,
    0x0, 0xcc, 0x1, 0xff, 0xcc, 0x50, 0xc, 0xa0,
    0x1f, 0xfc, 0xc1, 0x0, 0xd1, 0x70, 0xef, 0x80,
    0x39, 0x9d, 0xfe, 0x30, 0xf, 0xf2, 0x3c, 0x46,
    0x20, 0xd, 0x11, 0xf9, 0x0, 0x3f, 0xff, 0xe0,
    0x1f, 0xff, 0xa2, 0x9b, 0xb3, 0x0, 0x61, 0x0,
    0xff, 0xe4, 0x63, 0x22, 0x4, 0x3, 0x18, 0x7,
    0xff, 0x1c, 0x84, 0x3, 0xf2, 0x0, 0x7f, 0xf1,
    0xcc, 0x3, 0xf4, 0x8, 0x7, 0xff, 0x1c, 0x64,
    0x3, 0x92, 0xdc, 0x3, 0xff, 0x92, 0xdf, 0xdf,
    0xf5, 0xa0, 0x7, 0xff, 0x4, 0x40, 0x30, 0x80,
    0x70, 0x80, 0x7f, 0xf1, 0x98, 0x2, 0x20, 0xf,
    0xfe, 0x6d, 0x98, 0x17, 0x0, 0x7f, 0xf1, 0x0,

    /* U+82F1 "英" */
    0x0, 0xfc, 0x20, 0x1f, 0xf0, 0x80, 0x7f, 0xf0,
    0xc7, 0x7b, 0xe0, 0x3, 0xe2, 0xee, 0x7b, 0x80,
    0x7f, 0xf0, 0x58, 0x80, 0xe, 0x1, 0xf5, 0x88,
    0x2, 0x0, 0x3f, 0x46, 0xf7, 0xfa, 0x0, 0x37,
    0xff, 0xcc, 0x1, 0xbf, 0xee, 0xc4, 0x5, 0x72,
    0x10, 0xf, 0xfe, 0x50, 0x9d, 0x81, 0x80, 0x7f,
    0xf4, 0x5c, 0xc0, 0x3f, 0xf9, 0xd0, 0x3, 0x9d,
    0xb9, 0x86, 0x0, 0xd7, 0x99, 0xe5, 0x0, 0xd9,
    0x96, 0xfb, 0x80, 0x42, 0x46, 0x6d, 0x0, 0x85,
    0xd, 0x66, 0xc4, 0xf0, 0x2, 0x33, 0xc4, 0x1,
    0xfc, 0x92, 0x8b, 0xa0, 0xd2, 0xaf, 0xe0, 0xd0,
    0x8b, 0xc0, 0x1f, 0xfc, 0x26, 0xba, 0x30, 0xc0,
    0x8, 0x88, 0xf, 0x74, 0x40, 0x1f, 0xf5, 0x77,
    0xff, 0x94, 0x3, 0x6f, 0xff, 0xba, 0x0, 0x3e,
    0x85, 0x10, 0xf, 0xfe, 0x30, 0xbb, 0x0, 0x79,
    0x0, 0x3f, 0xf9, 0x58, 0x1, 0xff, 0xdc, 0x4f,
    0xfc, 0x60, 0x1b, 0x3f, 0xee, 0x0, 0xff, 0xe4,
    0x38, 0x6, 0x10, 0xf, 0xfe, 0xf9, 0x31, 0x0,
    0x4c, 0xef, 0x98, 0x3, 0x53, 0xbc, 0xc0, 0x19,
    0xd4, 0x41, 0xb6, 0x44, 0x2, 0x28, 0x8c, 0x40,
    0x19, 0xe2, 0x30, 0x6, 0x2a, 0xf1, 0xd0, 0xf,
    0xfe, 0x78, 0xa9, 0x0, 0x7f, 0xf4, 0x1a, 0x18,
    0xc8, 0xbe, 0x10, 0xf, 0xc4, 0x5f, 0x92, 0x88,
    0x67, 0x37, 0x7d, 0xe6, 0x1, 0xf9, 0x37, 0x7e,
    0xb5, 0x0, 0xfe, 0x4c, 0x20, 0xf, 0xcd, 0x62,
    0x1, 0xff, 0xc2, 0x3a, 0xb1, 0x0, 0xcd, 0x0,
    0x19, 0x39, 0xc4, 0x3, 0xf9, 0x23, 0x30, 0xa0,
    0x1c, 0xb2, 0xee, 0x0, 0xe8, 0xea, 0x74, 0x0,
    0xcd, 0xf6, 0xe6, 0x1, 0xe8, 0xa0, 0x4, 0x48,
    0x7, 0x96, 0x2f, 0xd0, 0x1, 0x20, 0x1f, 0x8f,
    0x1c, 0x3, 0x36, 0x98, 0x7, 0xef, 0x0, 0x8,
    0x7, 0x96, 0xf0, 0xc0, 0x3c, 0x59, 0x66, 0x1,
    0xe1, 0x0, 0x40, 0x0, 0x56, 0x7a, 0x90, 0x3,
    0xfc, 0x99, 0xae, 0x60, 0x1, 0x90, 0x3, 0x7f,
    0xba, 0x98, 0x40, 0x3f, 0xf8, 0x45, 0x19, 0xfd,
    0xc3, 0x0,

    /* U+8868 "表" */
    0x0, 0xff, 0xe1, 0x8, 0x80, 0x3f, 0xf9, 0xc3,
    0xbd, 0xca, 0x0, 0xff, 0xe2, 0x89, 0x17, 0xd2,
    0x40, 0x5, 0x42, 0x2f, 0x84, 0x3, 0xcd, 0xfd,
    0xbb, 0xf3, 0x80, 0x6b, 0xdd, 0xfb, 0xbd, 0xc0,
    0x34, 0x0, 0x7f, 0xf3, 0x20, 0x3, 0x18, 0x7,
    0xff, 0x30, 0x40, 0x37, 0xb1, 0x9f, 0xe1, 0x0,
    0xc4, 0x67, 0xf9, 0x74, 0x3, 0x14, 0xe6, 0xf7,
    0xff, 0x38, 0x6, 0x8f, 0xff, 0x76, 0x51, 0x80,
    0x70, 0xef, 0x6e, 0x67, 0x30, 0x6, 0xac, 0xcf,
    0x6f, 0xb8, 0x7, 0x90, 0x80, 0x3f, 0xf9, 0x32,
    0x1, 0xe4, 0x20, 0xf, 0xfe, 0x4c, 0x80, 0x78,
    0x77, 0x59, 0x9e, 0x60, 0xd, 0x39, 0x9e, 0xdf,
    0x70, 0xc, 0x93, 0x76, 0x98, 0x8f, 0x20, 0x6,
    0xa8, 0x8f, 0x4d, 0xda, 0x4c, 0xe, 0xd9, 0x13,
    0xf8, 0x80, 0x31, 0xa2, 0x7f, 0x36, 0xa, 0x80,
    0x7f, 0xf4, 0xd, 0xcc, 0x3, 0xff, 0x9c, 0xa4,
    0x39, 0xb9, 0x9a, 0xcc, 0x3, 0xfd, 0x79, 0x9d,
    0x79, 0xd4, 0x1, 0x11, 0x9c, 0x12, 0x60, 0x19,
    0x30, 0x3, 0x61, 0x9c, 0x5f, 0x68, 0x20, 0x1e,
    0x19, 0xc2, 0x0, 0xcb, 0x66, 0x60, 0x9, 0xc4,
    0x13, 0xcc, 0x20, 0xc0, 0x30, 0xc7, 0x30, 0x7,
    0x3d, 0x0, 0x24, 0x3, 0x54, 0xd8, 0x80, 0x48,
    0x1, 0x47, 0x38, 0x7, 0xd0, 0x1, 0x29, 0x80,
    0x48, 0xc0, 0x18, 0x58, 0x0, 0x4e, 0x1, 0xff,
    0xc2, 0x80, 0xf, 0xcb, 0xe2, 0x1, 0xff, 0xc6,
    0x45, 0x0, 0xe1, 0xca, 0x10, 0x8, 0x98, 0x0,
    0xd8, 0x1, 0xf1, 0x34, 0xbd, 0x88, 0x6, 0x1a,
    0x0, 0xf4, 0xf7, 0xc9, 0x80, 0x75, 0x76, 0xcb,
    0x44, 0x34, 0x3, 0x9a, 0xc4, 0x3, 0x84, 0x0,
    0x80, 0x1c, 0xa2, 0x1, 0x90, 0xec, 0x3, 0x93,
    0xa0, 0x3, 0xc5, 0x40, 0x1f, 0xf2, 0x2, 0x58,
    0x7, 0x9e, 0xc0, 0x39, 0x84, 0x3, 0xf8, 0xa6,
    0x40, 0x4, 0xc1, 0x0, 0xe5, 0x0, 0xe4, 0x20,
    0xf, 0x1c, 0x6e, 0x98, 0x3, 0x1f, 0xa8, 0x6,
    0x40, 0xf, 0x79, 0x0, 0x12, 0x7b, 0x1c, 0x80,
    0x3e, 0x1a, 0xc6, 0x24, 0xb0, 0xf, 0x16, 0xf7,
    0xdb, 0x8, 0x7, 0xff, 0x0, 0xe7, 0x6c, 0x40,

    /* U+8981 "要" */
    0x0, 0x88, 0xbf, 0xf9, 0x80, 0x1a, 0x7f, 0x77,
    0xff, 0x99, 0xec, 0x4, 0xc0, 0x1f, 0xfc, 0xe9,
    0x3, 0x0, 0xff, 0xe7, 0x90, 0xd, 0xa1, 0x17,
    0x80, 0x30, 0x91, 0x0, 0x38, 0x8b, 0xcb, 0xc0,
    0x4, 0xbd, 0xdf, 0x0, 0x69, 0xdd, 0x10, 0x4,
    0xdb, 0xbe, 0xa3, 0x0, 0x86, 0xff, 0xf8, 0x3,
    0x47, 0xf8, 0x80, 0x26, 0xff, 0xee, 0x40, 0xd,
    0x8, 0x1, 0xff, 0xca, 0x1a, 0x0, 0xca, 0x1,
    0xff, 0xcc, 0x12, 0x0, 0x84, 0x2, 0x36, 0x60,
    0x6, 0x36, 0x60, 0x6, 0x26, 0x61, 0x80, 0x61,
    0x0, 0xf9, 0x26, 0x40, 0x1a, 0xa6, 0x44, 0x1,
    0x2c, 0xca, 0xc0, 0x3f, 0xf8, 0xe2, 0x1, 0xe1,
    0x0, 0xff, 0xe1, 0xbf, 0xf8, 0x3, 0x47, 0xf8,
    0x80, 0x26, 0xff, 0x40, 0x6, 0x10, 0x9, 0x80,
    0x3f, 0xf9, 0xa6, 0x1, 0x70, 0x7, 0xff, 0x31,
    0x4, 0x2, 0x5c, 0x87, 0x7c, 0xc0, 0x19, 0x5d,
    0xff, 0xe9, 0xb0, 0xc, 0x40, 0x97, 0x78, 0x40,
    0x33, 0xdd, 0xff, 0xca, 0x40, 0x3, 0xed, 0xcc,
    0xf3, 0x80, 0x62, 0xcc, 0xff, 0xe0, 0x6f, 0x24,
    0x88, 0x7, 0xff, 0x38, 0x7c, 0xc0, 0x3f, 0xfa,
    0x5, 0x2e, 0x86, 0x71, 0x0, 0x70, 0x99, 0xf0,
    0x80, 0x71, 0x9c, 0x8f, 0x1, 0x17, 0x99, 0x8,
    0x6, 0x1c, 0xce, 0xe0, 0xe, 0xac, 0xca, 0xe0,
    0x40, 0x39, 0x8c, 0x3, 0xe, 0xf5, 0x32, 0xe0,
    0x80, 0x48, 0xa0, 0x1f, 0xf0, 0x80, 0x7c, 0x2b,
    0x34, 0x20, 0x11, 0x50, 0x7, 0xff, 0x1, 0xe5,
    0x0, 0x3f, 0xf8, 0x52, 0x60, 0x1f, 0xfc, 0x6,
    0xbc, 0x60, 0xf, 0xf8, 0x9f, 0x3a, 0x4, 0x3,
    0x8e, 0x6f, 0x7b, 0xf1, 0x80, 0x3f, 0xf8, 0x42,
    0xf8, 0x1, 0xd8, 0xc8, 0x42, 0x1, 0xfc, 0xb0,
    0x80, 0x1f, 0x11, 0x0, 0x22, 0x0, 0xff, 0xa,
    0x4f, 0x53, 0xdf, 0x52, 0x0, 0x62, 0x20, 0x4,
    0x48, 0x1, 0x89, 0x1e, 0xb7, 0xad, 0x84, 0x2,
    0x15, 0xbe, 0x94, 0x47, 0x0, 0x75, 0xee, 0xbb,
    0xf6, 0xe1, 0x48, 0x3, 0xfc, 0x2d, 0x76, 0x30,
    0x8,

    /* U+8BED "语" */
    0x0, 0xff, 0xeb, 0x2a, 0x80, 0x3e, 0x22, 0x19,
    0xff, 0xf0, 0x8, 0x40, 0x3a, 0x2a, 0x9a, 0x40,
    0x11, 0x76, 0xeb, 0x33, 0xff, 0x81, 0xbd, 0x60,
    0x19, 0x80, 0x5, 0xa8, 0x0, 0xb1, 0x0, 0xff,
    0xe2, 0x22, 0x0, 0x24, 0x0, 0xd6, 0x80, 0x20,
    0x1f, 0xfc, 0x67, 0x0, 0xa8, 0xc0, 0x35, 0x4,
    0x39, 0x91, 0x40, 0x1c, 0x45, 0xe3, 0x93, 0x0,
    0xd8, 0x60, 0x12, 0x0, 0x23, 0x37, 0x52, 0x1,
    0xa7, 0x77, 0xd8, 0xc0, 0x1e, 0xc3, 0x7, 0xa0,
    0x9, 0xef, 0x28, 0x3, 0x5e, 0x66, 0xa3, 0x0,
    0xfe, 0xce, 0x80, 0x9, 0xe1, 0xc, 0x40, 0x31,
    0x19, 0xe5, 0xc1, 0x0, 0xfe, 0x10, 0xd, 0xe0,
    0x1f, 0xfc, 0x35, 0x0, 0x86, 0x73, 0x75, 0x90,
    0x1, 0xa8, 0x80, 0x3f, 0xf8, 0xd6, 0xc6, 0x44,
    0x37, 0x90, 0x8, 0xb7, 0xa0, 0x3, 0x46, 0xea,
    0xc0, 0x33, 0x80, 0x4e, 0x1, 0xe4, 0x0, 0xe1,
    0xf0, 0xc, 0xa4, 0x47, 0x0, 0xc2, 0x1, 0x28,
    0x7, 0x8c, 0x6, 0x73, 0x74, 0xe0, 0x1b, 0xf7,
    0x60, 0xd, 0xf8, 0xc1, 0x14, 0xe8, 0x1, 0xd6,
    0xc6, 0x44, 0x0, 0xe2, 0x28, 0x40, 0x31, 0x1c,
    0x98, 0x2c, 0x68, 0x7, 0x8, 0x7, 0xff, 0x21,
    0x80, 0x3f, 0xb8, 0x3, 0xff, 0x8e, 0x48, 0x1,
    0xfc, 0xbd, 0x75, 0x5f, 0xfc, 0x3b, 0xcd, 0x10,
    0xf, 0xf0, 0xa2, 0xaf, 0xff, 0xd, 0xc, 0x3,
    0xff, 0x85, 0x5f, 0xff, 0xfc, 0x1e, 0x70, 0xf,
    0xfe, 0x13, 0xa8, 0x7, 0xff, 0x4, 0x60, 0xc0,
    0x3f, 0xf8, 0x3a, 0x1, 0xff, 0xc4, 0x60, 0xf,
    0xf2, 0x53, 0x0, 0x7f, 0xf1, 0x4c, 0x3, 0xf8,
    0x6d, 0x65, 0x40, 0x23, 0xff, 0xfb, 0x0, 0x3f,
    0xc2, 0x1, 0xff, 0xd2, 0xa0, 0xf, 0x9, 0x80,
    0x7f, 0xf2, 0x64, 0x80, 0x38, 0xb1, 0x80, 0x23,
    0xee, 0xfb, 0x0, 0x3f, 0x94, 0x3, 0x9b, 0x48,
    0x3, 0x84, 0x7e, 0x0, 0xff, 0x69, 0x0, 0x6,
    0xe4, 0x3, 0xff, 0x8e, 0x60, 0x18, 0x71, 0x99,
    0xe8, 0x1, 0x68, 0x7, 0xff, 0x11, 0xc0, 0x38,
    0x66, 0x42, 0x1, 0x99, 0x0, 0x5f, 0xff, 0xed,
    0x42, 0x24, 0x90, 0x0,

    /* U+8BFB "读" */
    0x0, 0xff, 0xe3, 0x92, 0x90, 0x7, 0xff, 0x9,
    0x98, 0x20, 0x1f, 0xf3, 0x6d, 0x6b, 0x0, 0x7f,
    0xf0, 0x26, 0x6f, 0x40, 0xf, 0xf6, 0x80, 0x54,
    0x1, 0xff, 0xc0, 0x70, 0x0, 0xdc, 0x0, 0x49,
    0xbf, 0xf9, 0x0, 0x23, 0xff, 0xda, 0x80, 0x1e,
    0x50, 0xc, 0xf4, 0x0, 0x82, 0x0, 0xff, 0xe0,
    0x94, 0x0, 0x7a, 0x8c, 0x3, 0x29, 0x3, 0x80,
    0x7f, 0xf0, 0xdc, 0x3, 0xc3, 0x8a, 0x1, 0x31,
    0x5, 0x32, 0x19, 0xc0, 0x1c, 0x67, 0x23, 0x50,
    0x7, 0xea, 0x50, 0x89, 0x0, 0xc, 0xde, 0x64,
    0x60, 0x11, 0xe6, 0x57, 0x22, 0x1, 0xfd, 0x5e,
    0xe0, 0x1, 0x8a, 0xbb, 0xc6, 0x1, 0x1d, 0xdb,
    0x31, 0x72, 0x80, 0x1f, 0xfc, 0x1a, 0x75, 0x44,
    0xc0, 0x1c, 0x88, 0x33, 0x23, 0x58, 0x4, 0x2c,
    0xef, 0x28, 0x6, 0x60, 0xf, 0xfe, 0x30, 0x80,
    0xfc, 0xc4, 0x55, 0xa0, 0x14, 0x8, 0x7, 0xff,
    0x14, 0x41, 0x44, 0x3, 0x88, 0xc0, 0xb, 0xdc,
    0xb4, 0x8e, 0xea, 0xe7, 0x7b, 0x92, 0x1, 0x20,
    0x1, 0x80, 0x3e, 0x60, 0xc, 0x3c, 0x91, 0x62,
    0xd7, 0x3e, 0x23, 0x0, 0x5a, 0x0, 0x29, 0x20,
    0xf, 0xfb, 0xc0, 0xb, 0x52, 0x0, 0x24, 0x1,
    0x0, 0xb, 0x0, 0x4d, 0xbe, 0x20, 0x1e, 0x2c,
    0xb0, 0x80, 0x2, 0x88, 0x4, 0x40, 0xce, 0x9a,
    0x1, 0xff, 0xc2, 0xb3, 0x4a, 0xb9, 0x58, 0x0,
    0xfa, 0x2c, 0xc0, 0x3f, 0xf8, 0x5a, 0x20, 0x3,
    0x8b, 0x60, 0xc, 0x60, 0x1f, 0xfc, 0x74, 0xf4,
    0x0, 0x8, 0x20, 0x7, 0x8, 0xc0, 0x1f, 0xfc,
    0x4a, 0xe4, 0x0, 0xba, 0x80, 0x35, 0x77, 0x5f,
    0xe8, 0x0, 0xff, 0xe0, 0x32, 0x80, 0x7f, 0xf1,
    0x5c, 0x80, 0x3f, 0xb2, 0xb0, 0x3, 0xff, 0x8e,
    0x60, 0x1f, 0xcc, 0xaa, 0x11, 0xf0, 0x7, 0x84,
    0x78, 0xe8, 0x40, 0x3f, 0xe2, 0xee, 0xe4, 0x0,
    0xc7, 0xf0, 0x91, 0xdc, 0xc5, 0x0, 0xff, 0xe0,
    0x8, 0x6, 0x85, 0x0, 0xd0, 0x92, 0xb3, 0xa6,
    0x1, 0xf8, 0x40, 0x3a, 0x0, 0x28, 0x70, 0xc,
    0xa9, 0x80, 0x11, 0x64, 0x80, 0x78, 0xc0, 0x3a,
    0x90, 0xf, 0x1c, 0x3, 0x15, 0x84, 0x28, 0x6,
    0x6d, 0x0, 0xef, 0x0, 0xd6, 0xa1, 0x18, 0x60,
    0x18, 0x7c, 0x40, 0x15, 0x0, 0x18, 0xa0, 0x3,
    0x8, 0x5, 0x68, 0x0, 0x70, 0xe, 0x3f, 0x20,
    0xc, 0xf6, 0x20, 0x11, 0x0, 0x6f, 0x21, 0xc4,
    0x0, 0x88, 0x3, 0x3e, 0x8, 0x7, 0x93, 0x8,
    0x1, 0x20, 0x18, 0xb7, 0x8c, 0x3, 0x71, 0x9a,
    0x3a, 0x0, 0x3f, 0x8b, 0x1f, 0x4c, 0x3, 0xff,
    0x80, 0x79, 0x87, 0x10, 0xf, 0xf8, 0x60, 0x80,
    0x0,

    /* U+8BFE "课" */
    0x0, 0xff, 0xeb, 0x2a, 0x80, 0x3f, 0xfa, 0x13,
    0x54, 0xd2, 0x0, 0xe8, 0xff, 0xff, 0xe1, 0x58,
    0x80, 0x67, 0x0, 0x16, 0x10, 0x4, 0x8e, 0x1,
    0xff, 0xc2, 0x48, 0x0, 0xc8, 0x1, 0xf, 0x88,
    0x0, 0xc0, 0x3f, 0xf8, 0x8a, 0x1, 0xac, 0x40,
    0x22, 0xb0, 0x7, 0x80, 0x44, 0xcc, 0x10, 0x9,
    0x18, 0xc0, 0x21, 0x0, 0xc3, 0x82, 0x1, 0x18,
    0x7, 0x9e, 0x64, 0x60, 0x16, 0xca, 0x80, 0x7f,
    0x16, 0x80, 0x1e, 0x40, 0x3c, 0xbf, 0xe2, 0x0,
    0xa7, 0xd8, 0x3, 0xfc, 0x79, 0xd0, 0x1, 0xff,
    0xd0, 0x31, 0x0, 0xff, 0xe6, 0xab, 0xc4, 0x1d,
    0x0, 0x3f, 0x14, 0x40, 0x40, 0x25, 0x83, 0x0,
    0xf4, 0xd4, 0x3b, 0xa2, 0xdc, 0x3, 0xe7, 0x66,
    0x18, 0x5, 0xac, 0xa0, 0x1e, 0x70, 0xf, 0x50,
    0x7, 0xcb, 0xdc, 0x20, 0xa, 0x39, 0x80, 0x3c,
    0xa0, 0x1e, 0x30, 0xb, 0x80, 0x3f, 0xf8, 0x8c,
    0x0, 0xa7, 0x41, 0x0, 0xf9, 0xc0, 0x3f, 0xf8,
    0x9a, 0x0, 0x18, 0xb6, 0x0, 0xf8, 0x7a, 0x1d,
    0xf0, 0x6, 0x27, 0x7a, 0x2d, 0x80, 0x3f, 0xf8,
    0x22, 0xa7, 0x99, 0x80, 0x33, 0x66, 0x46, 0x2,
    0x1, 0xff, 0xc0, 0x6e, 0xbb, 0xf0, 0x6, 0x4b,
    0xbe, 0xe8, 0x0, 0xff, 0xac, 0x3, 0xff, 0x8c,
    0xc0, 0x1f, 0xf3, 0x0, 0x7f, 0xf1, 0x8c, 0x3,
    0xfc, 0x32, 0xa4, 0x23, 0x0, 0x7f, 0x8, 0x89,
    0x38, 0x3, 0xf0, 0xdf, 0x1d, 0x6f, 0x72, 0x40,
    0x3f, 0xe, 0x76, 0xd9, 0x80, 0x7f, 0x20, 0x88,
    0x2, 0x48, 0x0, 0xfc, 0x3e, 0x1, 0xff, 0xc2,
    0x90, 0x8, 0xa8, 0x3, 0xfc, 0x56, 0x1, 0xf1,
    0x0, 0x62, 0x70, 0x1, 0x60, 0x80, 0x8, 0x3,
    0x10, 0x4, 0x96, 0x1, 0xe5, 0x0, 0xdc, 0x0,
    0x6d, 0x10, 0xb, 0xc0, 0x32, 0x38, 0x4, 0x9a,
    0x20, 0x13, 0x80, 0x67, 0x30, 0x59, 0x0, 0xd4,
    0x40, 0x1d, 0x4, 0x1, 0x14, 0x80, 0x6, 0x0,
    0x22, 0x80, 0x1, 0x0, 0x67, 0x50, 0xf, 0xbc,
    0x40, 0x2e, 0x0, 0x9, 0x0, 0x5c, 0x1, 0x30,
    0x80, 0x1e, 0x0, 0x3c, 0x20, 0x5a, 0x60, 0x8c,
    0x1, 0x79, 0x5, 0x18, 0x4, 0x3f, 0x5b, 0x0,
    0x11, 0x80, 0x5c, 0x0, 0x3c, 0xfb, 0x0, 0xc5,
    0xbc, 0xa0, 0x1c, 0x2a, 0x40, 0x1b, 0xc8, 0x15,
    0x80, 0x3f, 0x0,

    /* U+8DF3 "跳" */
    0x0, 0xff, 0xe2, 0x9a, 0x80, 0x42, 0xa6, 0x1,
    0xff, 0xcb, 0x7c, 0xad, 0x0, 0x7d, 0x63, 0x0,
    0x7f, 0x46, 0x6e, 0xf5, 0x10, 0x6, 0xa0, 0x1,
    0x1a, 0x88, 0x2, 0x80, 0x3f, 0x3b, 0x8c, 0x8b,
    0x97, 0x80, 0x31, 0x80, 0x4e, 0x60, 0x11, 0x0,
    0x7e, 0xc0, 0xf, 0xc6, 0x1, 0xfc, 0x20, 0x1f,
    0xfc, 0x7, 0x0, 0xfe, 0x14, 0x60, 0xf, 0xf8,
    0x58, 0xc0, 0x3f, 0xf, 0xf8, 0xc0, 0x29, 0xb9,
    0xc0, 0xf, 0xf3, 0xce, 0x60, 0x40, 0x3f, 0xf8,
    0x2a, 0x0, 0x31, 0x0, 0xfe, 0xa0, 0x1, 0xb8,
    0x7, 0xff, 0x5, 0xc0, 0x3f, 0xf8, 0x2, 0x60,
    0x11, 0x0, 0x78, 0x6e, 0xc6, 0x1, 0x78, 0x7,
    0xff, 0x10, 0x90, 0x2, 0x70, 0x9, 0x10, 0x1,
    0x94, 0x80, 0x3f, 0xf8, 0x70, 0x1, 0x88, 0x3,
    0xf0, 0x82, 0x80, 0x7f, 0xf0, 0x91, 0x40, 0x34,
    0x18, 0x7, 0xd6, 0x16, 0x4, 0x1, 0xfe, 0x67,
    0xb0, 0xe, 0x1c, 0xfe, 0x0, 0x9b, 0xd4, 0xf,
    0xf4, 0x40, 0x3f, 0xc, 0xc0, 0x7, 0xf0, 0x80,
    0x42, 0x1, 0xff, 0xcc, 0x5f, 0xa0, 0xc, 0x42,
    0x1, 0xff, 0xc2, 0x1b, 0x50, 0xf, 0x48, 0x28,
    0x80, 0x4b, 0xd6, 0x0, 0x2a, 0x10, 0x9, 0xc0,
    0x39, 0x2a, 0x80, 0x1c, 0x40, 0x2, 0x0, 0xe4,
    0x44, 0xea, 0x80, 0x7f, 0xf0, 0x17, 0x4, 0x3,
    0xff, 0x83, 0x6c, 0x1, 0xe2, 0x0, 0xfc, 0x78,
    0x20, 0x1f, 0xc2, 0x8e, 0x1, 0xf8, 0x40, 0x3f,
    0x89, 0x40, 0x3f, 0x9a, 0xe0, 0x3, 0xe1, 0x0,
    0xe1, 0xb0, 0x9, 0x90, 0x3, 0xff, 0x81, 0x62,
    0x6a, 0x1, 0x10, 0x7, 0x92, 0xc6, 0x64, 0x1,
    0xff, 0xc1, 0x4e, 0xc0, 0xc, 0x80, 0x1f, 0x27,
    0x30, 0x7, 0xfc, 0xb9, 0x64, 0x0, 0x70, 0xb,
    0x40, 0x3f, 0xf8, 0xb0, 0x1, 0x11, 0xa7, 0x0,
    0x90, 0x4, 0x80, 0x1f, 0xa2, 0x54, 0x1, 0x2,
    0x0, 0x40, 0xf, 0x8, 0x20, 0x4, 0x82, 0x2,
    0x1, 0xc6, 0xed, 0x48, 0xe, 0x1, 0xfc, 0x5c,
    0x50, 0x1, 0x68, 0x7, 0x84, 0x48, 0x1, 0x18,
    0x7, 0xe3, 0x7c, 0xd3, 0xc2, 0x0, 0x98, 0x0,
    0x40, 0x1b, 0xa0, 0x2, 0x20, 0x80, 0x0, 0xac,
    0xf6, 0x41, 0x81, 0x8, 0x4, 0xe0, 0x12, 0x80,
    0x7f, 0x20, 0x3e, 0xeb, 0xa9, 0x84, 0x3, 0x11,
    0x80, 0x12, 0x0, 0x21, 0x30, 0xf, 0xa0, 0x40,
    0x4, 0x40, 0xf, 0xec, 0x9a, 0xb0, 0xe, 0xd5,
    0x10, 0x8, 0x61, 0xc0, 0x3f, 0xf8, 0x6c, 0xa0,
    0x1e, 0x1a, 0xef, 0xfb, 0x9c, 0x0,

    /* U+9009 "选" */
    0x0, 0xff, 0xe4, 0x22, 0x0, 0x3f, 0xf9, 0x64,
    0x40, 0xd, 0xb7, 0x6c, 0x0, 0xff, 0x87, 0x3e,
    0x84, 0x3, 0x8f, 0x75, 0xca, 0x6, 0x40, 0x3,
    0x20, 0xf, 0xf4, 0x18, 0x2f, 0x98, 0x6, 0xa0,
    0x0, 0xd8, 0x30, 0x6, 0x60, 0xf, 0xf1, 0x80,
    0x43, 0x86, 0x0, 0x16, 0x0, 0x87, 0x20, 0x3,
    0x4e, 0x65, 0x6e, 0x1, 0xd2, 0x1, 0xda, 0x0,
    0x90, 0xe, 0x32, 0x0, 0xc4, 0x67, 0x24, 0x30,
    0x6, 0x3b, 0x0, 0xf0, 0xb8, 0x7, 0xff, 0x14,
    0x40, 0x39, 0x24, 0x0, 0x5a, 0x14, 0x1, 0xff,
    0xc5, 0x46, 0x0, 0xf3, 0x4c, 0xb4, 0xc1, 0x40,
    0x22, 0xde, 0xe4, 0x80, 0x6a, 0xee, 0x7f, 0xac,
    0x40, 0x3e, 0x66, 0x0, 0x5a, 0x1, 0x49, 0x8,
    0x8c, 0x3, 0x8, 0xc0, 0x1f, 0xfc, 0x43, 0xc3,
    0x84, 0x0, 0xff, 0xe8, 0x2a, 0x74, 0xce, 0xe0,
    0xd, 0xf3, 0x3a, 0x14, 0x3, 0xff, 0x81, 0x52,
    0xec, 0xdc, 0x80, 0x19, 0x19, 0xb3, 0xd4, 0x80,
    0x6, 0xbb, 0xfe, 0xc2, 0x7, 0x0, 0xff, 0xe3,
    0xa8, 0x2, 0x14, 0x40, 0x23, 0xf0, 0x40, 0xf,
    0xfe, 0x3d, 0x80, 0xc, 0x3, 0xc4, 0x13, 0x73,
    0x10, 0x0, 0xc3, 0x2, 0x1, 0x14, 0x42, 0x71,
    0xc0, 0x1c, 0x1, 0xf0, 0x82, 0x33, 0xa0, 0x6,
    0x77, 0x18, 0x4, 0xce, 0xe6, 0x30, 0x9, 0x3a,
    0xd8, 0x3, 0xfa, 0xc0, 0x37, 0x80, 0x7f, 0xf0,
    0x85, 0x3c, 0x3, 0xf0, 0xb8, 0x6, 0x70, 0xe,
    0x70, 0xf, 0xfe, 0x3e, 0x80, 0x64, 0x10, 0xf,
    0x96, 0xa4, 0xc0, 0x3f, 0xf8, 0x3, 0x66, 0x1,
    0xa0, 0x3, 0xf4, 0xab, 0x60, 0x80, 0x7f, 0x8b,
    0x90, 0x3, 0x29, 0x80, 0x4, 0x2, 0x3e, 0x30,
    0x8, 0x80, 0x3f, 0xcc, 0x1, 0xc5, 0x40, 0x13,
    0x0, 0x61, 0x0, 0xc4, 0x1, 0xfc, 0xe8, 0x20,
    0x11, 0x60, 0x6, 0xc0, 0xf, 0xca, 0x20, 0x1b,
    0x80, 0x34, 0xe3, 0x8, 0x9f, 0x4, 0x3, 0x32,
    0x80, 0x78, 0xec, 0x2, 0x19, 0x70, 0xe, 0x37,
    0x6f, 0x81, 0x0, 0xf5, 0x6d, 0x52, 0x6b, 0x30,
    0x20, 0x2, 0xc6, 0x0, 0xfc, 0xfd, 0x72, 0xec,
    0xaa, 0x44, 0x99, 0xa2, 0x5, 0x70, 0xa, 0x8,
    0x3, 0x1b, 0x8, 0x6, 0x46, 0x89, 0xaa, 0x5d,
    0xec, 0xc5, 0xd4, 0xc2, 0x0, 0x38, 0x3, 0x46,
    0x4f, 0x30, 0x7, 0xff, 0x1c, 0xc0, 0x9, 0x20,
    0x9, 0x70, 0xa, 0x70, 0xc0, 0x3f, 0xf8, 0xa2,
    0x1, 0x37, 0xf9, 0x80, 0x38, 0xf3, 0x10, 0xa6,
    0x20, 0x1f, 0xf2, 0x30, 0x7, 0xff, 0x8, 0xde,
    0xb3, 0xbf, 0xff, 0xbb, 0xec, 0x0,

    /* U+95EE "问" */
    0x0, 0xff, 0xe9, 0x45, 0x98, 0x7, 0xff, 0x32,
    0x9d, 0x31, 0x0, 0x23, 0xce, 0xff, 0xff, 0xe0,
    0xf5, 0x90, 0x28, 0x5, 0x66, 0x0, 0xf3, 0x10,
    0xf, 0xfe, 0x8, 0xa4, 0x84, 0x0, 0x6c, 0x20,
    0x20, 0xf, 0xfe, 0x2a, 0x3, 0xb0, 0x6, 0xc0,
    0x90, 0xf, 0xfe, 0x44, 0xa0, 0x4, 0xa0, 0xfb,
    0x55, 0xff, 0xc0, 0x30, 0xf, 0xac, 0x81, 0xec,
    0x0, 0x4a, 0xbf, 0xfc, 0x6, 0x0, 0xe2, 0x41,
    0xce, 0x80, 0xf, 0xfe, 0x4b, 0x6d, 0xf1, 0x88,
    0x7, 0xff, 0x2a, 0xc0, 0x2a, 0x0, 0xe2, 0x33,
    0xf1, 0x0, 0x7f, 0x88, 0x2, 0x20, 0x9, 0xff,
    0x73, 0x3d, 0xbe, 0xa0, 0x1f, 0xfc, 0x31, 0x80,
    0xf, 0xf5, 0x80, 0x7f, 0xf0, 0xc8, 0x3, 0xfe,
    0x11, 0x0, 0x7f, 0xf0, 0x9c, 0x3, 0xff, 0xa6,
    0x3f, 0xf4, 0x0, 0x7f, 0xff, 0xc0, 0x30, 0x8e,
    0xf0, 0xf, 0xfe, 0x67, 0x74, 0xe0, 0x1f, 0xfd,
    0x41, 0x0, 0xff, 0xe7, 0x8, 0x7, 0xff, 0xd,
    0xc0, 0x3f, 0xc5, 0x40, 0x1f, 0xfc, 0x32, 0x0,
    0x87, 0xff, 0xda, 0x80, 0x1f, 0xfc, 0x31, 0x92,
    0x25, 0x80, 0x7f, 0xf3, 0x1b, 0x74, 0xa0, 0x1f,
    0xfd, 0x82, 0x66, 0x38, 0x7, 0xff, 0x2d, 0x36,
    0x64, 0x40, 0x11, 0x8, 0x7, 0xff, 0x1b, 0x80,
    0x3e, 0x42, 0x0, 0xb4, 0x3, 0xff, 0x84, 0x60,
    0x1e, 0x18, 0xf2, 0x4, 0x70, 0xf, 0xfe, 0x15,
    0x98, 0x0, 0x8d, 0xfc, 0x4f, 0x7e, 0xc0, 0x3f,
    0xf8, 0x65, 0x9f, 0xed, 0xc8, 0x10,

    /* U+9605 "阅" */
    0x0, 0xff, 0xea, 0xb5, 0xb0, 0x7, 0xff, 0x39,
    0x65, 0x26, 0x80, 0x29, 0xef, 0xff, 0xfe, 0x17,
    0x61, 0x80, 0x44, 0x1, 0x2c, 0x83, 0x30, 0x40,
    0x3f, 0xf8, 0x42, 0x7a, 0x1, 0x28, 0x6, 0x64,
    0x10, 0xf, 0xfe, 0x30, 0x90, 0x0, 0xa8, 0x3,
    0x1b, 0x20, 0x7, 0xff, 0x29, 0x54, 0x0, 0x67,
    0x1b, 0xfe, 0xef, 0xfe, 0x5, 0x0, 0x7f, 0x55,
    0x3a, 0x41, 0xfe, 0x84, 0x7a, 0x7b, 0x4c, 0x47,
    0x0, 0x7c, 0x68, 0xa, 0x20, 0x30, 0xa, 0xe0,
    0x10, 0xb8, 0x1f, 0x80, 0x7f, 0xa3, 0x2f, 0x40,
    0x21, 0x0, 0xa8, 0x2, 0xb0, 0x8, 0x40, 0x3f,
    0xce, 0x0, 0x25, 0x0, 0x94, 0x3, 0x8d, 0x40,
    0x2a, 0x0, 0xfe, 0x10, 0xc, 0x40, 0x4, 0x0,
    0x86, 0xa9, 0xa0, 0x1b, 0xcc, 0x3, 0xff, 0x86,
    0xb6, 0xa0, 0x3, 0x55, 0x8, 0x6, 0x6c, 0x10,
    0xf, 0xfe, 0x17, 0x80, 0x7f, 0xf0, 0x94, 0x3,
    0xff, 0x84, 0x20, 0x1f, 0xfc, 0x21, 0x0, 0xff,
    0xe3, 0x5f, 0xff, 0x84, 0x3, 0xff, 0xd1, 0x7f,
    0xfe, 0x10, 0xf, 0xfe, 0x30, 0x80, 0x7f, 0xf0,
    0x84, 0x3, 0xff, 0x85, 0xe0, 0x1f, 0xfc, 0x11,
    0x40, 0xf, 0xfe, 0x12, 0xdb, 0x0, 0x64, 0x0,
    0xca, 0xfe, 0x1, 0xff, 0xc4, 0x4a, 0x0, 0xd4,
    0x1, 0xaa, 0x4, 0x3, 0xff, 0x8b, 0x60, 0x11,
    0x88, 0x6, 0x10, 0xf, 0xfe, 0x33, 0x38, 0x5,
    0x60, 0x1e, 0x27, 0x61, 0x0, 0xff, 0xe0, 0xc4,
    0x80, 0x42, 0xe0, 0x20, 0x1a, 0xe2, 0x70, 0x3,
    0xff, 0x80, 0xae, 0x1, 0xa0, 0x3, 0xdc, 0xc0,
    0x1f, 0xfc, 0x3d, 0x0, 0xca, 0xc0, 0x2, 0x0,
    0xf9, 0x4, 0x3, 0xfe, 0xc0, 0x9, 0x28, 0x2,
    0x90, 0xf, 0x9a, 0x80, 0x31, 0x88, 0x7, 0x24,
    0xb5, 0x58, 0x6, 0x5b, 0x76, 0x6a, 0x4, 0x3,
    0xc2, 0x2, 0x1, 0x18, 0x34, 0xa8, 0x7, 0x92,
    0x26, 0x67, 0x70, 0x7, 0x40, 0x2, 0x88, 0x19,
    0x0, 0x3f, 0xf8, 0x9a, 0x0, 0x13, 0xa7, 0x0,
    0x26, 0xfc, 0x80, 0x7f, 0xf1, 0x53, 0xfd, 0xd8,
    0xa0, 0x0,

    /* U+97F3 "音" */
    0x0, 0xff, 0xef, 0x8c, 0xff, 0x10, 0x7, 0xff,
    0x37, 0xd8, 0x6, 0x0, 0x3f, 0xf9, 0x86, 0x20,
    0x12, 0x88, 0x7, 0xff, 0xa, 0x7b, 0xff, 0xec,
    0x0, 0xee, 0xff, 0xfb, 0x5c, 0x3, 0x2b, 0x8,
    0x7, 0xff, 0x24, 0xa0, 0xc0, 0x23, 0x0, 0xff,
    0xe8, 0xb1, 0x80, 0x7f, 0xf2, 0xd4, 0xc0, 0x36,
    0x76, 0xe9, 0x80, 0x29, 0xdd, 0xf9, 0x0, 0x9,
    0x9b, 0xaf, 0xa0, 0xf, 0x9, 0xb, 0x0, 0x56,
    0x45, 0xf2, 0x80, 0x12, 0x8, 0x80, 0x1f, 0xe3,
    0x10, 0x8, 0x88, 0x1, 0xc6, 0x20, 0x13, 0x80,
    0x7c, 0xdb, 0xff, 0x84, 0x3, 0x6f, 0xff, 0x60,
    0x6, 0x3f, 0xfb, 0xa8, 0x4a, 0x48, 0x3, 0xff,
    0x98, 0x2b, 0x0, 0x1f, 0xfd, 0x13, 0x25, 0x0,
    0xff, 0xe7, 0xc, 0x85, 0x76, 0xe6, 0x7f, 0xf2,
    0xf7, 0x8c, 0x0, 0x24, 0x67, 0xff, 0xcb, 0x20,
    0xf, 0xa7, 0xff, 0xff, 0x8d, 0xce, 0x1, 0xf9,
    0x58, 0x3, 0xff, 0x8c, 0x30, 0x40, 0x1f, 0x68,
    0x7, 0xff, 0x25, 0xc0, 0x3f, 0xf8, 0x6, 0x7f,
    0xfc, 0x1, 0x0, 0xff, 0xe2, 0xf6, 0x67, 0xfc,
    0xc0, 0x1f, 0xfc, 0x5d, 0xff, 0xff, 0x9c, 0x3,
    0xff, 0xfe, 0x0, 0x67, 0x7f, 0xf8, 0xc0, 0x3f,
    0xf8, 0xb7, 0x11, 0xff, 0x20, 0x7, 0xff, 0x17,
    0xb3, 0x3f, 0xe6, 0x0, 0xff, 0xe2, 0x99, 0xff,
    0xf0, 0x4, 0x3, 0xff, 0xbd, 0xa0, 0x1f, 0xfc,
    0x97, 0x0, 0xf9, 0x54, 0x0, 0x3e, 0xff, 0xff,
    0xa8, 0x40, 0x60, 0x80, 0x20
};


/*---------------------
 *  GLYPH DESCRIPTION
 *--------------------*/

static const lv_font_fmt_txt_glyph_dsc_t glyph_dsc[] = {
    {.bitmap_index = 0, .adv_w = 0, .box_w = 0, .box_h = 0, .ofs_x = 0, .ofs_y = 0} /* id = 0 reserved */,
    {.bitmap_index = 0, .adv_w = 312, .box_w = 16, .box_h = 24, .ofs_x = 2, .ofs_y = 0},
    {.bitmap_index = 71, .adv_w = 312, .box_w = 17, .box_h = 24, .ofs_x = 1, .ofs_y = 0},
    {.bitmap_index = 208, .adv_w = 312, .box_w = 18, .box_h = 24, .ofs_x = 0, .ofs_y = 0},
    {.bitmap_index = 359, .adv_w = 312, .box_w = 19, .box_h = 24, .ofs_x = 0, .ofs_y = 0},
    {.bitmap_index = 486, .adv_w = 312, .box_w = 18, .box_h = 24, .ofs_x = 0, .ofs_y = 0},
    {.bitmap_index = 630, .adv_w = 312, .box_w = 18, .box_h = 24, .ofs_x = 1, .ofs_y = 0},
    {.bitmap_index = 793, .adv_w = 312, .box_w = 17, .box_h = 24, .ofs_x = 1, .ofs_y = 0},
    {.bitmap_index = 912, .adv_w = 312, .box_w = 18, .box_h = 24, .ofs_x = 1, .ofs_y = 0},
    {.bitmap_index = 1083, .adv_w = 274, .box_w = 15, .box_h = 26, .ofs_x = 1, .ofs_y = 0},
    {.bitmap_index = 1216, .adv_w = 338, .box_w = 22, .box_h = 25, .ofs_x = 0, .ofs_y = -1},
    {.bitmap_index = 1399, .adv_w = 356, .box_w = 20, .box_h = 24, .ofs_x = 2, .ofs_y = 0},
    {.bitmap_index = 1543, .adv_w = 342, .box_w = 20, .box_h = 24, .ofs_x = 1, .ofs_y = 0},
    {.bitmap_index = 1705, .adv_w = 328, .box_w = 20, .box_h = 24, .ofs_x = 0, .ofs_y = 0},
    {.bitmap_index = 1773, .adv_w = 468, .box_w = 27, .box_h = 4, .ofs_x = 1, .ofs_y = 8},
    {.bitmap_index = 1795, .adv_w = 512, .box_w = 30, .box_h = 7, .ofs_x = 1, .ofs_y = 9},
    {.bitmap_index = 1828, .adv_w = 512, .box_w = 29, .box_h = 27, .ofs_x = 1, .ofs_y = -2},
    {.bitmap_index = 1958, .adv_w = 512, .box_w = 30, .box_h = 29, .ofs_x = 1, .ofs_y = -2},
    {.bitmap_index = 2059, .adv_w = 512, .box_w = 30, .box_h = 29, .ofs_x = 1, .ofs_y = -3},
    {.bitmap_index = 2184, .adv_w = 512, .box_w = 31, .box_h = 32, .ofs_x = 1, .ofs_y = -4},
    {.bitmap_index = 2487, .adv_w = 512, .box_w = 28, .box_h = 30, .ofs_x = 2, .ofs_y = -4},
    {.bitmap_index = 2724, .adv_w = 512, .box_w = 30, .box_h = 25, .ofs_x = 1, .ofs_y = -1},
    {.bitmap_index = 2817, .adv_w = 512, .box_w = 30, .box_h = 27, .ofs_x = 1, .ofs_y = -2},
    {.bitmap_index = 3026, .adv_w = 512, .box_w = 29, .box_h = 32, .ofs_x = 2, .ofs_y = -3},
    {.bitmap_index = 3299, .adv_w = 512, .box_w = 33, .box_h = 31, .ofs_x = -1, .ofs_y = -3},
    {.bitmap_index = 3601, .adv_w = 512, .box_w = 31, .box_h = 31, .ofs_x = 0, .ofs_y = -3},
    {.bitmap_index = 3864, .adv_w = 512, .box_w = 32, .box_h = 32, .ofs_x = -1, .ofs_y = -4},
    {.bitmap_index = 4211, .adv_w = 512, .box_w = 30, .box_h = 31, .ofs_x = 1, .ofs_y = -3},
    {.bitmap_index = 4448, .adv_w = 512, .box_w = 30, .box_h = 31, .ofs_x = 1, .ofs_y = -4},
    {.bitmap_index = 4775, .adv_w = 512, .box_w = 30, .box_h = 32, .ofs_x = 1, .ofs_y = -4},
    {.bitmap_index = 5074, .adv_w = 512, .box_w = 28, .box_h = 32, .ofs_x = 2, .ofs_y = -4},
    {.bitmap_index = 5262, .adv_w = 512, .box_w = 30, .box_h = 30, .ofs_x = 0, .ofs_y = -4},
    {.bitmap_index = 5530, .adv_w = 512, .box_w = 28, .box_h = 27, .ofs_x = 2, .ofs_y = -2},
    {.bitmap_index = 5692, .adv_w = 512, .box_w = 28, .box_h = 30, .ofs_x = 2, .ofs_y = -3},
    {.bitmap_index = 5878, .adv_w = 512, .box_w = 31, .box_h = 32, .ofs_x = 0, .ofs_y = -3},
    {.bitmap_index = 6141, .adv_w = 512, .box_w = 30, .box_h = 30, .ofs_x = 1, .ofs_y = -4},
    {.bitmap_index = 6379, .adv_w = 512, .box_w = 32, .box_h = 32, .ofs_x = 0, .ofs_y = -4},
    {.bitmap_index = 6698, .adv_w = 512, .box_w = 30, .box_h = 33, .ofs_x = 1, .ofs_y = -4},
    {.bitmap_index = 6969, .adv_w = 512, .box_w = 30, .box_h = 29, .ofs_x = 2, .ofs_y = -3},
    {.bitmap_index = 7143, .adv_w = 512, .box_w = 30, .box_h = 31, .ofs_x = 1, .ofs_y = -3},
    {.bitmap_index = 7412, .adv_w = 512, .box_w = 32, .box_h = 31, .ofs_x = 0, .ofs_y = -3},
    {.bitmap_index = 7675, .adv_w = 512, .box_w = 31, .box_h = 32, .ofs_x = 1, .ofs_y = -4},
    {.bitmap_index = 8048, .adv_w = 512, .box_w = 30, .box_h = 33, .ofs_x = 1, .ofs_y = -4},
    {.bitmap_index = 8316, .adv_w = 512, .box_w = 24, .box_h = 29, .ofs_x = 4, .ofs_y = -3},
    {.bitmap_index = 8415, .adv_w = 512, .box_w = 30, .box_h = 31, .ofs_x = 1, .ofs_y = -4},
    {.bitmap_index = 8641, .adv_w = 512, .box_w = 30, .box_h = 31, .ofs_x = 1, .ofs_y = -3},
    {.bitmap_index = 8894, .adv_w = 512, .box_w = 32, .box_h = 31, .ofs_x = 0, .ofs_y = -3},
    {.bitmap_index = 9156, .adv_w = 512, .box_w = 31, .box_h = 31, .ofs_x = 1, .ofs_y = -3},
    {.bitmap_index = 9417, .adv_w = 512, .box_w = 32, .box_h = 31, .ofs_x = 0, .ofs_y = -3},
    {.bitmap_index = 9727, .adv_w = 512, .box_w = 30, .box_h = 31, .ofs_x = 1, .ofs_y = -4},
    {.bitmap_index = 9964, .adv_w = 512, .box_w = 32, .box_h = 32, .ofs_x = 0, .ofs_y = -4},
    {.bitmap_index = 10282, .adv_w = 512, .box_w = 33, .box_h = 31, .ofs_x = -1, .ofs_y = -3},
    {.bitmap_index = 10591, .adv_w = 512, .box_w = 33, .box_h = 31, .ofs_x = -1, .ofs_y = -3},
    {.bitmap_index = 10890, .adv_w = 512, .box_w = 30, .box_h = 30, .ofs_x = 1, .ofs_y = -3},
    {.bitmap_index = 11180, .adv_w = 512, .box_w = 31, .box_h = 32, .ofs_x = 0, .ofs_y = -3},
    {.bitmap_index = 11451, .adv_w = 512, .box_w = 31, .box_h = 32, .ofs_x = 1, .ofs_y = -4},
    {.bitmap_index = 11780, .adv_w = 512, .box_w = 32, .box_h = 30, .ofs_x = 0, .ofs_y = -3},
    {.bitmap_index = 12111, .adv_w = 512, .box_w = 30, .box_h = 33, .ofs_x = 1, .ofs_y = -4},
    {.bitmap_index = 12400, .adv_w = 512, .box_w = 30, .box_h = 32, .ofs_x = 1, .ofs_y = -3},
    {.bitmap_index = 12621, .adv_w = 512, .box_w = 30, .box_h = 31, .ofs_x = 1, .ofs_y = -3},
    {.bitmap_index = 12837, .adv_w = 512, .box_w = 30, .box_h = 32, .ofs_x = 1, .ofs_y = -4},
    {.bitmap_index = 13119, .adv_w = 512, .box_w = 30, .box_h = 31, .ofs_x = 1, .ofs_y = -3},
    {.bitmap_index = 13415, .adv_w = 512, .box_w = 30, .box_h = 31, .ofs_x = 1, .ofs_y = -4},
    {.bitmap_index = 13696, .adv_w = 512, .box_w = 31, .box_h = 31, .ofs_x = 1, .ofs_y = -3},
    {.bitmap_index = 13988, .adv_w = 512, .box_w = 32, .box_h = 32, .ofs_x = 0, .ofs_y = -4},
    {.bitmap_index = 14349, .adv_w = 512, .box_w = 31, .box_h = 31, .ofs_x = 1, .ofs_y = -3},
    {.bitmap_index = 14664, .adv_w = 512, .box_w = 32, .box_h = 32, .ofs_x = 0, .ofs_y = -4},
    {.bitmap_index = 15006, .adv_w = 512, .box_w = 32, .box_h = 32, .ofs_x = 0, .ofs_y = -4},
    {.bitmap_index = 15356, .adv_w = 512, .box_w = 28, .box_h = 32, .ofs_x = 2, .ofs_y = -4},
    {.bitmap_index = 15562, .adv_w = 512, .box_w = 30, .box_h = 32, .ofs_x = 1, .ofs_y = -4},
    {.bitmap_index = 15844, .adv_w = 512, .box_w = 30, .box_h = 32, .ofs_x = 1, .ofs_y = -3}
};

/*---------------------
 *  CHARACTER MAPPING
 *--------------------*/

static const uint16_t unicode_list_0[] = {
    0x0, 0x1, 0x2, 0x3, 0x4, 0x5, 0x6, 0x7,
    0xe, 0x10, 0x11, 0x12, 0x23, 0x1fe3, 0x4dcf, 0x4dd8,
    0x4dd9, 0x4dda, 0x4e1f, 0x4e2f, 0x4e5b, 0x4e63, 0x4ee9, 0x4f22,
    0x4fb0, 0x4fbd, 0x513c, 0x5277, 0x5282, 0x53e0, 0x5437, 0x56aa,
    0x56b1, 0x58d6, 0x58f8, 0x594c, 0x5b35, 0x5dc1, 0x5df5, 0x603e,
    0x653f, 0x6556, 0x65b4, 0x65dd, 0x66fa, 0x66fb, 0x66fe, 0x6b35,
    0x6be0, 0x73bc, 0x79a0, 0x79da, 0x7aa5, 0x7aea, 0x7afb, 0x7ec2,
    0x7f5d, 0x8081, 0x8251, 0x82c0, 0x8837, 0x8950, 0x8bbc, 0x8bca,
    0x8bcd, 0x8dc2, 0x8fd8, 0x95bd, 0x95d4, 0x97c2
};

/*Collect the unicode lists and glyph_id offsets*/
static const lv_font_fmt_txt_cmap_t cmaps[] =
{
    {
        .range_start = 49, .range_length = 38851, .glyph_id_start = 1,
        .unicode_list = unicode_list_0, .glyph_id_ofs_list = NULL, .list_length = 70, .type = LV_FONT_FMT_TXT_CMAP_SPARSE_TINY
    }
};



/*--------------------
 *  ALL CUSTOM DATA
 *--------------------*/

#if LVGL_VERSION_MAJOR == 8
/*Store all the custom data of the font*/
static  lv_font_fmt_txt_glyph_cache_t cache;
#endif

#if LVGL_VERSION_MAJOR >= 8
static const lv_font_fmt_txt_dsc_t font_dsc = {
#else
static lv_font_fmt_txt_dsc_t font_dsc = {
#endif
    .glyph_bitmap = glyph_bitmap,
    .glyph_dsc = glyph_dsc,
    .cmaps = cmaps,
    .kern_dsc = NULL,
    .kern_scale = 0,
    .cmap_num = 1,
    .bpp = 4,
    .kern_classes = 0,
    .bitmap_format = 1,
#if LVGL_VERSION_MAJOR == 8
    .cache = &cache
#endif
};



/*-----------------
 *  PUBLIC FONT
 *----------------*/

/*Initialize a public general font descriptor*/
#if LVGL_VERSION_MAJOR >= 8
const lv_font_t han_font_schedule = {
#else
lv_font_t han_font_schedule = {
#endif
    .get_glyph_dsc = lv_font_get_glyph_dsc_fmt_txt,    /*Function pointer to get glyph's data*/
    .get_glyph_bitmap = lv_font_get_bitmap_fmt_txt,    /*Function pointer to get glyph's bitmap*/
    .line_height = 33,          /*The maximum line height required by the font*/
    .base_line = 4,             /*Baseline measured from the bottom of the line*/
#if !(LVGL_VERSION_MAJOR == 6 && LVGL_VERSION_MINOR == 0)
    .subpx = LV_FONT_SUBPX_NONE,
#endif
#if LV_VERSION_CHECK(7, 4, 0) || LVGL_VERSION_MAJOR >= 8
    .underline_position = -4,
    .underline_thickness = 2,
#endif
    .dsc = &font_dsc,          /*The custom font data. Will be accessed by `get_glyph_bitmap/dsc` */
#if LV_VERSION_CHECK(8, 2, 0) || LVGL_VERSION_MAJOR >= 9
    .fallback = NULL,
#endif
    .user_data = NULL,
};



#endif /*#if HAN_FONT_SCHEDULE*/
