/*******************************************************************************
 * Size: 40 px
 * Bpp: 4
 * Opts: --font D:\ESP32Projects\ESP32-HanDictionary\assets\source\fonts\ResourceHanRoundedCN-Heavy.ttf --symbols 青岛生活指数完整建议晴少间多云阴阵雷雨冰雹夹冻小中大暴特强极端毛毛雪雾霾沙尘浮扬浓重度严重热冷未知转到局部风 --size 40 --bpp 4 --format lvgl --no-kerning --lv-font-name han_font_weather_title --lv-include lvgl.h -o D:\ESP32Projects\ESP32-HanDictionary\main\han_dictionary\assets\han_font_weather_title.c
 ******************************************************************************/

#ifdef LV_LVGL_H_INCLUDE_SIMPLE
#include "lvgl.h"
#else
#include "lvgl.h"
#endif

#ifndef HAN_FONT_WEATHER_TITLE
#define HAN_FONT_WEATHER_TITLE 1
#endif

#if HAN_FONT_WEATHER_TITLE

/*-----------------
 *    BITMAPS
 *----------------*/

/*Store the image of the glyphs*/
static LV_ATTRIBUTE_LARGE_CONST const uint8_t glyph_bitmap[] = {
    /* U+4E25 "严" */
    0x0, 0xf1, 0x19, 0xff, 0xf3, 0x88, 0x40, 0x3e,
    0x8f, 0xdc, 0xcf, 0xfe, 0x76, 0xf5, 0x0, 0x71,
    0xb8, 0x7, 0xff, 0x49, 0x58, 0x3, 0x38, 0x7,
    0xff, 0x53, 0x80, 0x32, 0x88, 0x7, 0xff, 0x4e,
    0xc0, 0x30, 0xe3, 0xa9, 0x81, 0xa2, 0x40, 0x1e,
    0x44, 0x0, 0x79, 0x10, 0x60, 0x28, 0x86, 0xc3,
    0x0, 0xe2, 0x8c, 0x30, 0x3f, 0xbb, 0x8, 0x6,
    0x3b, 0xb0, 0x7, 0x1d, 0xd0, 0x0, 0x5e, 0x64,
    0x60, 0x1f, 0xc, 0x80, 0x54, 0x1, 0xff, 0xc5,
    0x83, 0x0, 0x1e, 0x0, 0x7f, 0x10, 0x6, 0x15,
    0x0, 0xff, 0xe2, 0x30, 0x6, 0x14, 0x0, 0xfc,
    0x40, 0x1d, 0x80, 0x1f, 0xfc, 0x34, 0x0, 0xf3,
    0x0, 0x7e, 0x13, 0x0, 0xc6, 0x1, 0xff, 0xc3,
    0x20, 0xe, 0x42, 0x0, 0xfe, 0x80, 0xd, 0xc0,
    0x1f, 0xfc, 0x35, 0x0, 0xe9, 0x0, 0xff, 0x26,
    0x3c, 0x6a, 0x0, 0x7f, 0xf0, 0xce, 0x0, 0x29,
    0x20, 0xf, 0xe1, 0x37, 0xc3, 0x64, 0x40, 0x80,
    0x62, 0x44, 0x0, 0x71, 0x21, 0xcb, 0x49, 0x22,
    0x8, 0x3, 0xd1, 0xd9, 0x77, 0xe0, 0xe, 0x1b,
    0xb0, 0x7, 0xd, 0xda, 0x5a, 0x6e, 0xed, 0xd0,
    0x80, 0x46, 0xe0, 0x1f, 0xfd, 0x32, 0x80, 0x9,
    0x0, 0x3f, 0xfa, 0xa6, 0x1, 0x78, 0x7, 0xff,
    0x57, 0xc0, 0x3f, 0x89, 0x13, 0xff, 0x9a, 0xd6,
    0xa0, 0x1f, 0xdd, 0x77, 0xff, 0xcd, 0x94, 0x0,
    0xff, 0x8, 0x7, 0xff, 0xe4, 0x40, 0x38, 0xc0,
    0x3f, 0xfa, 0x66, 0x1, 0xc2, 0x1, 0xff, 0xd3,
    0x10, 0xf, 0xfe, 0xcb, 0x0, 0x62, 0x0, 0xff,
    0xea, 0x10, 0x6, 0x60, 0xf, 0xfe, 0x99, 0x0,
    0x71, 0x80, 0x7f, 0xf4, 0xdc, 0x3, 0xb8, 0x3,
    0xff, 0xa7, 0xa0, 0x1c, 0xa0, 0x1f, 0xfd, 0x34,
    0x0, 0xe3, 0x0, 0xff, 0xe9, 0x21, 0x80, 0x62,
    0x0, 0xff, 0xe9, 0xe8, 0x7, 0x20, 0x7, 0xff,
    0x4f, 0x80, 0x3b, 0xc0, 0x3f, 0xfa, 0x6e, 0x60,
    0x11, 0xb0, 0x7, 0xff, 0x53, 0x25, 0x1f, 0x0,
    0x3f, 0xfa, 0xcd, 0x70, 0x1, 0xff, 0xd4,

    /* U+4E2D "中" */
    0x0, 0xff, 0xe1, 0x15, 0xff, 0x48, 0x7, 0xff,
    0x47, 0xd0, 0x5, 0xa0, 0x3, 0xff, 0x9e, 0x44,
    0x0, 0xca, 0x1, 0xff, 0xcf, 0x10, 0xe, 0x30,
    0xf, 0xff, 0xf8, 0x7, 0xe1, 0x68, 0x99, 0xfe,
    0x80, 0xe, 0x19, 0x9f, 0xf4, 0x38, 0x80, 0xfc,
    0xbb, 0x37, 0xf2, 0x0, 0x79, 0x9b, 0xfc, 0xf1,
    0xc7, 0x22, 0x1, 0xff, 0xd3, 0x83, 0x0, 0xff,
    0xea, 0x2b, 0x80, 0x7f, 0xff, 0x73, 0x77, 0xd4,
    0x1, 0xed, 0xdf, 0xa8, 0x3, 0xff, 0x80, 0x45,
    0xf3, 0x0, 0x70, 0x91, 0x7c, 0xc0, 0x1f, 0xff,
    0xf0, 0xf, 0xff, 0xf8, 0x7, 0xff, 0x50, 0xc0,
    0x3c, 0xe0, 0x1c, 0x20, 0x1f, 0x38, 0x7, 0xff,
    0x3, 0x7f, 0xfd, 0x60, 0x1e, 0xff, 0xfa, 0xc0,
    0x3f, 0xff, 0xe0, 0x1f, 0xfd, 0x57, 0x0, 0xff,
    0xea, 0x19, 0x80, 0x39, 0x15, 0x7c, 0x60, 0x1e,
    0x55, 0xf8, 0xc0, 0x39, 0x24, 0x40, 0x23, 0xba,
    0xaf, 0x78, 0x7, 0xd, 0x57, 0xd8, 0x60, 0x11,
    0xc0, 0xf5, 0x4d, 0xe0, 0x7, 0xff, 0x2b, 0x3b,
    0x37, 0x4, 0x0, 0xac, 0x80, 0x1f, 0xfc, 0xc1,
    0x32, 0x0, 0xff, 0xff, 0x80, 0x7f, 0xff, 0xc0,
    0x3f, 0xff, 0x24, 0x1, 0xc4, 0x1, 0xff, 0xcf,
    0x12, 0x0, 0xc8, 0x1, 0xff, 0xd0, 0xf4, 0x1,
    0x68, 0x0, 0xff, 0xe1, 0x0,

    /* U+4E91 "云" */
    0x0, 0xf2, 0x67, 0x7f, 0xff, 0xf2, 0x76, 0x84,
    0x3, 0xfc, 0x56, 0x62, 0x1, 0xff, 0xc9, 0x25,
    0xd0, 0xf, 0xf2, 0x80, 0x7f, 0xf3, 0x8c, 0x40,
    0x3f, 0xfb, 0x26, 0x1, 0xfc, 0x80, 0x1f, 0xfc,
    0xe2, 0x20, 0x7, 0xf1, 0xc9, 0x0, 0x7f, 0xf2,
    0xd3, 0xc0, 0x3f, 0xe6, 0xdf, 0xff, 0xfe, 0x5d,
    0x90, 0x7, 0xff, 0xfc, 0x3, 0xff, 0xfe, 0x1,
    0xf8, 0xab, 0x7b, 0xff, 0xff, 0xa1, 0xdb, 0x44,
    0x0, 0xf5, 0x21, 0x0, 0xff, 0xe8, 0x9, 0x2e,
    0x1, 0x10, 0x3, 0xff, 0xac, 0x26, 0x1, 0xff,
    0xd9, 0x72, 0x10, 0xf, 0xfe, 0xba, 0x86, 0x98,
    0x7, 0xff, 0x50, 0xac, 0x40, 0xf3, 0xfb, 0xbd,
    0x0, 0x1f, 0x16, 0x77, 0x7f, 0xf0, 0xbf, 0x50,
    0x3, 0x84, 0x78, 0x24, 0x3, 0xe9, 0x31, 0x1f,
    0xfe, 0x10, 0x7, 0xff, 0x6, 0x4, 0x3, 0xca,
    0x80, 0x1e, 0x28, 0x81, 0x0, 0x7f, 0xf1, 0x4d,
    0x80, 0x3c, 0x36, 0x1, 0xe5, 0xd7, 0x76, 0x98,
    0x7, 0xff, 0x13, 0x80, 0x3e, 0xa1, 0x0, 0xe1,
    0xa0, 0xd, 0xa2, 0x1, 0xff, 0xc2, 0x82, 0x0,
    0xf3, 0xa0, 0x7, 0x88, 0x3, 0x86, 0x80, 0x3f,
    0xf8, 0x28, 0xe0, 0x1e, 0x48, 0x0, 0xf8, 0xc0,
    0x3c, 0x8e, 0x1, 0xff, 0xd, 0x0, 0x78, 0x68,
    0x3, 0xfa, 0x0, 0x3d, 0x4, 0x1, 0xfc, 0x7e,
    0x20, 0x1e, 0xc1, 0x0, 0xfe, 0x73, 0x0, 0xf7,
    0x80, 0x7e, 0x2d, 0x10, 0xf, 0x38, 0xa2, 0xb3,
    0xba, 0x26, 0xaf, 0x30, 0x40, 0x1e, 0x28, 0x0,
    0xfb, 0x84, 0x3, 0xe7, 0xcb, 0xa9, 0x88, 0x3b,
    0x2a, 0x19, 0x84, 0x3, 0xe7, 0x20, 0xf, 0x18,
    0x7, 0xff, 0x4b, 0x80, 0x3f, 0xfb, 0x26, 0xa0,
    0x1c, 0x40, 0x1f, 0xfd, 0x39, 0x0, 0xea, 0x0,
    0xff, 0xe5, 0x89, 0x0, 0x78, 0xc0, 0x39, 0x88,
    0x3, 0xf8, 0x49, 0x15, 0x9e, 0x2a, 0xf3, 0x7f,
    0xdd, 0xae, 0x1, 0xc6, 0x1, 0xc3, 0x8e, 0xad,
    0x15, 0x9d, 0xfe, 0xed, 0xba, 0x98, 0x75, 0x43,
    0x20, 0xd, 0x4, 0x1, 0xf, 0x0, 0x78, 0x62,
    0xa5, 0xd4, 0xc4, 0x3, 0xff, 0x8d, 0x8c, 0xb3,
    0xc4, 0x1, 0xff, 0xd4, 0x19, 0xa6, 0x0, 0xc0,

    /* U+51B0 "冰" */
    0x0, 0xff, 0xe6, 0x9, 0x0, 0x7f, 0xf6, 0x7,
    0x3b, 0x74, 0x60, 0x1f, 0xfd, 0x68, 0x30, 0x1,
    0x78, 0x7, 0xff, 0x59, 0x0, 0x31, 0x80, 0x7f,
    0xf0, 0xd2, 0xe9, 0x40, 0x3f, 0xf8, 0x66, 0x1,
    0xc2, 0x1, 0xff, 0xc1, 0x3b, 0x45, 0xad, 0x50,
    0xf, 0xfe, 0xac, 0x80, 0x62, 0xab, 0x20, 0xf,
    0xfe, 0x98, 0x80, 0x79, 0x34, 0xc0, 0x3f, 0xfa,
    0x5e, 0x1, 0xf9, 0x0, 0x3f, 0xf8, 0x86, 0x1,
    0x95, 0x0, 0x3e, 0x4b, 0x10, 0xf, 0x30, 0x7,
    0xff, 0x11, 0x80, 0x28, 0xab, 0xc2, 0x0, 0xf2,
    0x73, 0x0, 0x6a, 0x7, 0xab, 0xb6, 0x5d, 0x39,
    0x0, 0x7c, 0x60, 0x3, 0x70, 0x1, 0xe0, 0x7,
    0xe9, 0xb1, 0xa, 0x5c, 0x85, 0x44, 0x1a, 0x2c,
    0x68, 0x80, 0x7b, 0x0, 0x74, 0x3, 0xa, 0x0,
    0x7e, 0x4f, 0xf2, 0xa1, 0x0, 0x7f, 0x38, 0x7,
    0x90, 0x74, 0x40, 0x39, 0x40, 0x3f, 0x84, 0x0,
    0x20, 0x1f, 0xe1, 0x0, 0xfb, 0xc, 0x3, 0x9c,
    0x40, 0x3f, 0xf8, 0x8, 0x1, 0xfe, 0x10, 0xf,
    0x88, 0x3, 0x8e, 0x0, 0x3f, 0xf8, 0x23, 0x66,
    0x1, 0xf8, 0x80, 0x3f, 0xf8, 0x5, 0xa0, 0x1f,
    0xfc, 0x34, 0xcf, 0xf3, 0x80, 0x73, 0x0, 0x7f,
    0xc5, 0x82, 0x1, 0xff, 0xc7, 0x30, 0xe, 0x20,
    0xf, 0xf1, 0x60, 0x80, 0x7f, 0xf2, 0x10, 0x3,
    0x18, 0x7, 0xf8, 0xb0, 0x40, 0x3f, 0xf9, 0x8,
    0x1, 0xc8, 0x1, 0xfe, 0xa1, 0x0, 0xff, 0xe0,
    0x96, 0x74, 0x80, 0x6c, 0x0, 0xec, 0x0, 0xff,
    0x50, 0x7, 0xff, 0x4, 0x70, 0xc5, 0xb0, 0x2,
    0x60, 0xe, 0x40, 0xf, 0xf1, 0x28, 0x7, 0xff,
    0x2, 0x44, 0x2, 0x31, 0x5, 0x10, 0xc, 0xa0,
    0x1f, 0xfc, 0x8, 0x0, 0xff, 0x85, 0xc0, 0x38,
    0x42, 0x40, 0x3b, 0x80, 0x3f, 0x8, 0x4, 0x4c,
    0x1, 0xfe, 0x80, 0xe, 0x50, 0x33, 0x0, 0x61,
    0x40, 0xf, 0xce, 0x1, 0xa0, 0x40, 0x3f, 0x1b,
    0x0, 0x74, 0x87, 0x80, 0x73, 0x0, 0x7f, 0x50,
    0x6, 0x1a, 0x0, 0xfd, 0xe0, 0x1c, 0x66, 0x63,
    0x0, 0xea, 0x0, 0xfe, 0x25, 0x0, 0xc9, 0x0,
    0x1e, 0x63, 0x0, 0xe8, 0x18, 0x0, 0xe4, 0x20,
    0xf, 0xf4, 0x80, 0x73, 0xd0, 0x80, 0x6b, 0x0,
    0xe3, 0x5c, 0x10, 0xe, 0xf0, 0xf, 0xf8, 0xd0,
    0x3, 0x97, 0x0, 0x31, 0x0, 0x77, 0xd9, 0x0,
    0x71, 0xa0, 0x7, 0xff, 0x2, 0x0, 0x3c, 0x48,
    0x1, 0x28, 0x6, 0x53, 0x30, 0x7, 0xbc, 0x3,
    0xff, 0x82, 0x6c, 0x1, 0xe7, 0x0, 0xa9, 0x80,
    0x7, 0x61, 0x60, 0x1c, 0xc6, 0x1, 0xff, 0xc2,
    0x93, 0x0, 0xc6, 0x60, 0xd, 0x3d, 0xb8, 0x20,
    0x54, 0x1, 0x34, 0x80, 0x78, 0x40, 0x38, 0x40,
    0x2d, 0x40, 0x0, 0xf0, 0x7, 0x84, 0x80, 0x32,
    0xed, 0x6c, 0x80, 0x43, 0x7d, 0xe0, 0x1f, 0xe1,
    0xbc, 0xbe, 0x20, 0xf, 0xfe, 0x9, 0x29, 0x0,
    0x6a, 0x41, 0x0, 0xf1, 0x0, 0x78, 0xd0, 0x3,
    0xff, 0x94, 0xa0, 0x1f, 0x90, 0x3, 0xff, 0xb7,
    0x60, 0x1f, 0xfd, 0x24, 0x0, 0xf0, 0xd9, 0x0,
    0x7f, 0xf4, 0xad, 0x84, 0x0, 0x4f, 0xc8, 0x1,
    0xff, 0xc1,

    /* U+51B7 "冷" */
    0x0, 0xff, 0xf9, 0x3d, 0x30, 0x7, 0xff, 0x5e,
    0xe1, 0x67, 0x90, 0x3, 0xff, 0x84, 0x53, 0x46,
    0x1, 0xff, 0xc2, 0x54, 0x0, 0x86, 0xc4, 0x3,
    0xff, 0x80, 0x9a, 0xcb, 0x88, 0x1, 0xff, 0xc0,
    0x1b, 0x0, 0xf2, 0x80, 0x7f, 0xf0, 0x20, 0x3,
    0x50, 0x7, 0xff, 0x2, 0x84, 0x3, 0xd4, 0x20,
    0x1f, 0xfc, 0x41, 0x80, 0xf, 0xf4, 0xa0, 0x7,
    0xc3, 0xa0, 0x1f, 0xf2, 0x0, 0x73, 0x88, 0x7,
    0xe8, 0x60, 0xf, 0xe3, 0xb0, 0xf, 0xf4, 0x80,
    0x7a, 0xc0, 0x3e, 0x77, 0x0, 0x7f, 0xc9, 0x40,
    0x1f, 0xc2, 0xe0, 0x1c, 0xa4, 0x1, 0xcd, 0x0,
    0x1e, 0x57, 0x0, 0xe5, 0xb0, 0xf, 0xe9, 0x0,
    0xf2, 0x80, 0x66, 0x90, 0xf, 0x15, 0x41, 0x80,
    0x72, 0x60, 0x80, 0x7c, 0x2c, 0x1, 0xdc, 0x1,
    0x34, 0x80, 0x7d, 0xe0, 0xe, 0x0, 0xf1, 0xe1,
    0x0, 0x7d, 0x60, 0x1d, 0x80, 0x7, 0x90, 0xf,
    0xa8, 0x48, 0xa, 0x80, 0x3c, 0x58, 0x80, 0x1e,
    0x23, 0x0, 0xc, 0x28, 0xdc, 0x0, 0x7d, 0x3f,
    0x9b, 0x0, 0xac, 0x1, 0xe1, 0xb8, 0x0, 0xf6,
    0x5e, 0xf3, 0x86, 0xa0, 0x7, 0xd0, 0x4a, 0x0,
    0x76, 0x9, 0x40, 0xf, 0x9c, 0x40, 0x3c, 0x84,
    0x0, 0x13, 0x0, 0xfa, 0x1c, 0x80, 0x34, 0x0,
    0x2c, 0x80, 0x3c, 0x42, 0x1, 0xfe, 0x11, 0x0,
    0x7a, 0x9c, 0x10, 0x3, 0x9, 0x0, 0x30, 0x80,
    0x3a, 0x0, 0x3f, 0xf8, 0x12, 0x1, 0x8b, 0x54,
    0x0, 0x4c, 0x1, 0x9, 0x0, 0x7, 0x10, 0x2,
    0x65, 0x0, 0xff, 0xe0, 0x3b, 0x80, 0x5f, 0x48,
    0x3, 0x4a, 0x81, 0xe8, 0x0, 0x48, 0xe2, 0x5e,
    0xa4, 0x3, 0xff, 0x85, 0x1f, 0xd6, 0xf3, 0x57,
    0x6c, 0xd7, 0x12, 0xcf, 0xf7, 0x6e, 0xb2, 0x50,
    0x40, 0x3f, 0xc6, 0x60, 0xe, 0x6c, 0x86, 0x54,
    0x41, 0x91, 0x4, 0x40, 0x1f, 0x8e, 0xd0, 0x3,
    0xf5, 0xe6, 0x34, 0xc0, 0x28, 0x0, 0xff, 0xe4,
    0xf0, 0x7, 0xcc, 0x80, 0x2, 0xd0, 0x8, 0x40,
    0x3f, 0xf9, 0x22, 0x1, 0xf5, 0x80, 0x61, 0x10,
    0x1, 0x40, 0x3f, 0xf9, 0x3a, 0x1, 0xe2, 0x20,
    0x6, 0x11, 0x0, 0x29, 0xcc, 0x84, 0x7f, 0xc0,
    0x1f, 0xb, 0x0, 0x7a, 0x80, 0x39, 0x0, 0x34,
    0x66, 0xf7, 0x7f, 0x58, 0x7, 0xda, 0x1, 0xf3,
    0x0, 0x77, 0x80, 0x7f, 0xf0, 0xd2, 0x80, 0x3d,
    0x26, 0x1, 0xe4, 0x10, 0xe, 0x50, 0xf, 0x89,
    0x90, 0x3, 0x25, 0x80, 0x7a, 0x18, 0x3, 0xef,
    0x0, 0xe4, 0x0, 0xf8, 0xf6, 0x6f, 0x50, 0x16,
    0xc0, 0x3c, 0xee, 0x0, 0xf8, 0x90, 0x3, 0xb8,
    0x3, 0xef, 0x0, 0x8a, 0xf2, 0x80, 0x3c, 0xf0,
    0x1, 0xfa, 0xc0, 0x3c, 0xa0, 0x1e, 0x23, 0x0,
    0xe3, 0x0, 0xf3, 0xc0, 0x7, 0xf3, 0x0, 0x72,
    0x80, 0x7c, 0x4a, 0x1, 0xff, 0x3c, 0x0, 0x7f,
    0x20, 0x7, 0xa4, 0x3, 0xf5, 0x50, 0x40, 0x3f,
    0x1c, 0x0, 0x7f, 0xf1, 0x8, 0xc0, 0x3f, 0x97,
    0xd0, 0x3, 0xe3, 0xa0, 0xf, 0xf2, 0x18, 0x6,
    0x80, 0xf, 0xf8, 0x6e, 0x40, 0x3e, 0x54, 0x0,
    0xff, 0x64, 0x19, 0x4a, 0x80, 0x7f, 0xf0, 0x5b,
    0x90, 0x3, 0xc4, 0x1, 0xff, 0x3e, 0x6b, 0x0,
    0x7f, 0xf0, 0xc6, 0xe0, 0x3, 0xb, 0x80, 0x7f,
    0xf5, 0x1f, 0x48, 0x1, 0x42, 0x1, 0xff, 0xd5,
    0x2d, 0xad, 0x40, 0xf, 0xfe, 0xc2, 0x90, 0x7,
    0xf8,

    /* U+51BB "冻" */
    0x0, 0xff, 0xf7, 0xd7, 0xfa, 0xcc, 0x3, 0xff,
    0xac, 0xea, 0x0, 0x4c, 0x10, 0xf, 0xfe, 0x3b,
    0xe8, 0x80, 0x7f, 0xd4, 0x1, 0xc8, 0x1, 0xff,
    0xc5, 0x2d, 0x82, 0x80, 0xf, 0xf0, 0x90, 0x7,
    0xff, 0x2f, 0xc8, 0x0, 0xc6, 0x1, 0xc8, 0xce,
    0xeb, 0x0, 0xf6, 0x3b, 0xff, 0x98, 0xc0, 0x38,
    0x80, 0x37, 0x80, 0x45, 0xd7, 0x31, 0x5, 0x0,
    0xf3, 0x44, 0x7f, 0xa7, 0x30, 0x1, 0x84, 0x3,
    0x1a, 0x80, 0x20, 0x40, 0x3f, 0xf9, 0x86, 0x80,
    0x14, 0x80, 0x74, 0x0, 0x4, 0x3, 0xff, 0x9c,
    0x40, 0x13, 0x88, 0x6, 0x26, 0xd, 0x0, 0xff,
    0xe7, 0x20, 0x6, 0x80, 0xe, 0x80, 0x69, 0x32,
    0x10, 0xf, 0x84, 0x7f, 0xf8, 0x4, 0xb8, 0x40,
    0x19, 0x84, 0x3, 0xa, 0x83, 0x66, 0xd0, 0x7,
    0xf, 0x77, 0xff, 0x7, 0x68, 0xc0, 0x3d, 0x0,
    0x1f, 0xef, 0x0, 0xe6, 0x10, 0x1, 0x0, 0x7f,
    0xf1, 0x98, 0x40, 0x5, 0x4a, 0x1, 0x12, 0x0,
    0x75, 0x3, 0x7e, 0xfb, 0x0, 0x7f, 0xf1, 0x76,
    0x73, 0x54, 0x3, 0x50, 0x7, 0x21, 0xc, 0x80,
    0x52, 0x20, 0x1f, 0xfc, 0x43, 0x63, 0x0, 0xf3,
    0x0, 0x77, 0x82, 0x80, 0x72, 0x0, 0x7f, 0xf3,
    0x20, 0x40, 0x31, 0xa0, 0x8, 0x7, 0x18, 0x7,
    0xff, 0x2d, 0x5c, 0x3, 0x99, 0xac, 0x0, 0xec,
    0x66, 0xca, 0x80, 0x1f, 0xfc, 0x5d, 0x0, 0xf2,
    0xcc, 0x98, 0x3, 0x96, 0x67, 0x55, 0xf1, 0x0,
    0x7f, 0xf0, 0xe0, 0x40, 0x3f, 0xf9, 0x23, 0x0,
    0x1f, 0xfc, 0x4b, 0x0, 0xff, 0xe5, 0x8, 0x7,
    0xff, 0x11, 0x50, 0x3, 0xff, 0x93, 0xa0, 0x1f,
    0xcf, 0xdc, 0x80, 0xc, 0x60, 0x1, 0x18, 0x88,
    0x20, 0x1c, 0x24, 0x58, 0xd2, 0x98, 0x3, 0xf2,
    0x40, 0x89, 0xdc, 0x1, 0x47, 0xfb, 0xba, 0xdd,
    0x58, 0x7, 0x46, 0xee, 0xcb, 0x50, 0xf, 0xe8,
    0x0, 0xd8, 0x1, 0xff, 0xd5, 0x23, 0x0, 0xc4,
    0x1, 0x3f, 0x5b, 0x0, 0x7f, 0xf0, 0x4e, 0xf5,
    0xc0, 0x3f, 0xac, 0x3, 0xb4, 0x2, 0x81, 0x49,
    0xd1, 0x0, 0xff, 0x16, 0x21, 0x43, 0x80, 0x7e,
    0x70, 0xc, 0x28, 0x0, 0x70, 0xc, 0x4e, 0x1,
    0xfe, 0x50, 0xd, 0x4, 0x1, 0xe6, 0x10, 0xc,
    0xe0, 0x14, 0x80, 0x7f, 0xf1, 0x4, 0x3, 0xa0,
    0x3, 0xd6, 0x1, 0xd4, 0x0, 0x71, 0x0, 0xe4,
    0x0, 0xff, 0x38, 0x7, 0x29, 0x80, 0x65, 0x20,
    0xc, 0x46, 0x3, 0x0, 0x1c, 0x84, 0x1, 0xfe,
    0x16, 0x0, 0xef, 0x0, 0xd2, 0x1, 0xd4, 0x0,
    0xb0, 0xf, 0x78, 0x7, 0xff, 0x2, 0x0, 0x38,
    0xcc, 0x0, 0x13, 0x0, 0xe6, 0x5, 0x50, 0x7,
    0x22, 0x0, 0x3f, 0xf8, 0x2, 0xa0, 0x1c, 0xc0,
    0x1, 0x0, 0xe6, 0x10, 0x30, 0xf, 0x48, 0x0,
    0xd7, 0x80, 0x38, 0xc0, 0x29, 0x0, 0xe1, 0x0,
    0xa4, 0x2, 0x18, 0x0, 0x32, 0x0, 0x69, 0x20,
    0x9c, 0xa4, 0x0, 0xe1, 0x0, 0x8c, 0x80, 0x25,
    0x40, 0x9, 0xb5, 0xdd, 0xe2, 0x1, 0x5b, 0x0,
    0xcb, 0x0, 0xb0, 0x7, 0xe6, 0x0, 0xde, 0xf1,
    0x94, 0x1, 0xc5, 0x10, 0x10, 0xe, 0x9f, 0xe6,
    0x0, 0x18, 0x7, 0xe3, 0x20, 0xc, 0x50, 0xe6,
    0x1, 0xff, 0xc9, 0x21, 0x0, 0xf0, 0xf0, 0x7,
    0xff, 0x4f, 0x50, 0x40, 0x5, 0x3c, 0x40, 0x1f,
    0xfc, 0x0,

    /* U+5230 "到" */
    0x0, 0xff, 0xe9, 0xc6, 0x61, 0x40, 0x3f, 0xfa,
    0x72, 0xe6, 0x6a, 0x40, 0x9e, 0xff, 0xff, 0xe2,
    0x62, 0x0, 0x7f, 0x38, 0x6, 0xd8, 0x61, 0x0,
    0xff, 0xe2, 0x1d, 0x88, 0x0, 0x90, 0x40, 0x21,
    0x0, 0xc6, 0x60, 0xf, 0xfe, 0x42, 0x85, 0x6d,
    0xf9, 0x80, 0x7c, 0x26, 0x1, 0xff, 0xc8, 0x53,
    0x50, 0x0, 0xc8, 0x7, 0xe8, 0x72, 0x0, 0xff,
    0xe1, 0x89, 0xd8, 0xa8, 0x6, 0x70, 0xf, 0xe8,
    0xdf, 0x50, 0xe, 0x6f, 0xf4, 0x0, 0x1f, 0xfb,
    0x10, 0x3, 0xc6, 0x1, 0xff, 0x12, 0x80, 0x61,
    0x90, 0x28, 0x0, 0x3c, 0x0, 0x61, 0x0, 0xff,
    0xe2, 0x58, 0x7, 0x58, 0x1, 0x80, 0x33, 0xa0,
    0x7, 0xff, 0x1d, 0x58, 0x3, 0x22, 0x80, 0x10,
    0x40, 0x35, 0x8, 0x7, 0xff, 0x14, 0x68, 0x3,
    0xb1, 0x9d, 0xd0, 0x60, 0x18, 0x68, 0x3, 0xff,
    0x8a, 0xe0, 0x1e, 0x89, 0x88, 0x39, 0x0, 0x72,
    0x20, 0x3, 0xff, 0xaf, 0x80, 0x1f, 0xfc, 0x44,
    0x0, 0xff, 0xe3, 0x78, 0x7, 0xff, 0x10, 0x8c,
    0x3, 0xff, 0x88, 0x4c, 0x1, 0xff, 0xc5, 0xe1,
    0x1, 0x35, 0x78, 0x9a, 0xcd, 0xef, 0x96, 0xad,
    0x10, 0xf, 0xfe, 0x29, 0x77, 0xf6, 0x54, 0xe,
    0x7b, 0x90, 0x83, 0x4a, 0x80, 0x7f, 0xf3, 0x5a,
    0x55, 0x56, 0x60, 0x1f, 0xfd, 0x2d, 0x0, 0xd6,
    0x1, 0xff, 0xcc, 0x37, 0x89, 0x99, 0x0, 0x32,
    0xcc, 0xd0, 0xa0, 0x1f, 0xfc, 0x66, 0xc8, 0x76,
    0x68, 0x3, 0x89, 0x9a, 0x7a, 0xd0, 0xf, 0xfe,
    0x2d, 0x0, 0x7f, 0xf1, 0x49, 0x0, 0x3f, 0xfd,
    0x10, 0x1, 0xff, 0xc5, 0x44, 0x0, 0x80, 0x7f,
    0xf0, 0x93, 0xaa, 0x62, 0x21, 0x0, 0xc5, 0x11,
    0x4e, 0x58, 0x0, 0xc0, 0x31, 0x80, 0x7f, 0x85,
    0x59, 0xde, 0x30, 0xc, 0xef, 0x98, 0xc0, 0x24,
    0x0, 0xc8, 0x1, 0xff, 0xd2, 0x1a, 0x20, 0x58,
    0x0, 0xff, 0xe5, 0x92, 0xbc, 0x28, 0x4, 0xbb,
    0xf4, 0x20, 0x1f, 0xfc, 0x95, 0xfd, 0xa8, 0x7a,
    0xa0, 0x7, 0xff, 0x14, 0x55, 0xe7, 0x38, 0x80,
    0x3f, 0xe5, 0x0, 0xff, 0xe1, 0x8, 0x57, 0x54,
    0x31, 0x88, 0x7, 0xff, 0x1d, 0x16, 0x40, 0x3c,
    0xca, 0x1, 0xff, 0xc6, 0x90, 0xc, 0x5d, 0x74,
    0xc0, 0x1c, 0x7c, 0x1, 0xff, 0xc3, 0x36, 0x9e,
    0x60, 0xd, 0x2, 0x1, 0xfb, 0x30, 0x1, 0xfc,
    0x4b, 0x15, 0xbf, 0x92, 0xc2, 0x1, 0xc2, 0x1,
    0xf8, 0x55, 0x18, 0x0, 0x28, 0xd3, 0x9f, 0xb4,
    0xea, 0x40, 0x1f, 0xe3, 0x0, 0xf8, 0xb4, 0x1,
    0x3f, 0xee, 0xb9, 0x63, 0x0, 0xff, 0xe2, 0x43,
    0x88, 0x0, 0x96, 0xb4, 0xc0,

    /* U+591A "多" */
    0x0, 0xff, 0xf4, 0x23, 0x8, 0x7, 0xff, 0x56,
    0xae, 0x7c, 0xc0, 0x3f, 0xfa, 0x76, 0xa0, 0x1,
    0xd2, 0x0, 0xff, 0xe8, 0xe2, 0x0, 0x61, 0xb2,
    0x34, 0x56, 0x78, 0x83, 0x8, 0x7, 0xff, 0x14,
    0xf4, 0xc0, 0x3c, 0xdb, 0x97, 0x53, 0xe, 0xe9,
    0xe4, 0x0, 0xff, 0xe1, 0xbe, 0x10, 0x7, 0xff,
    0x1a, 0x40, 0x3f, 0xf8, 0x2b, 0xb0, 0x1, 0xff,
    0xd3, 0x18, 0xea, 0x20, 0xf, 0xfe, 0x4a, 0x0,
    0x7f, 0x37, 0x38, 0x80, 0x7f, 0xf2, 0xec, 0x3,
    0xfa, 0x40, 0x3e, 0x3a, 0xef, 0xff, 0x9c, 0x3,
    0xe8, 0x20, 0xf, 0xc2, 0x1, 0xf4, 0xfe, 0xa0,
    0x7, 0xe, 0x38, 0x7, 0x99, 0xc0, 0x3f, 0x85,
    0x0, 0x33, 0xf1, 0x63, 0xd6, 0x8, 0x1, 0xf8,
    0xc0, 0x3c, 0xd2, 0x1, 0xff, 0x53, 0xac, 0x74,
    0xc, 0x0, 0x47, 0xf1, 0xd0, 0x1, 0xf4, 0x48,
    0x7, 0xff, 0x0, 0x62, 0x9c, 0x40, 0x3e, 0x17,
    0x10, 0xf, 0xe, 0x38, 0x7, 0xff, 0x22, 0x0,
    0x3f, 0xf8, 0xd, 0xc6, 0x1, 0xff, 0xc5, 0x15,
    0x9d, 0xb0, 0xf, 0xf8, 0xbc, 0x80, 0x3f, 0xf8,
    0x69, 0x5b, 0xd4, 0xc4, 0x1, 0xfe, 0x10, 0x29,
    0xdc, 0x20, 0xf, 0xfe, 0x5, 0xd9, 0x48, 0x3,
    0xff, 0x80, 0xee, 0x10, 0xc, 0x74, 0x1, 0xff,
    0x2a, 0x0, 0x7f, 0xf0, 0x6, 0x38, 0x1c, 0x3,
    0xd6, 0x2, 0x46, 0x8a, 0x60, 0x18, 0xc0, 0x3f,
    0xe4, 0xbe, 0x7b, 0x70, 0xf, 0xb7, 0xfb, 0x72,
    0xeb, 0x34, 0x80, 0xa, 0x1, 0xf9, 0x6b, 0xad,
    0xf, 0x54, 0x3, 0xf0, 0x80, 0x7c, 0x52, 0x0,
    0x38, 0x10, 0x25, 0x9c, 0xfa, 0x51, 0x14, 0x61,
    0x0, 0x7f, 0xf1, 0x94, 0x2, 0x7e, 0xfd, 0xa6,
    0x30, 0x9, 0xf9, 0xc0, 0x3f, 0xf9, 0xa, 0x1,
    0xfe, 0x4a, 0xf8, 0x0, 0xff, 0xe5, 0x70, 0x7,
    0xe6, 0xeb, 0x50, 0xf, 0x8a, 0x2e, 0xfd, 0x42,
    0x1, 0xe2, 0x50, 0xf, 0x92, 0x44, 0x3, 0xe1,
    0x9d, 0x74, 0x4e, 0x59, 0x10, 0xf, 0x48, 0x7,
    0xe3, 0x0, 0xfc, 0xf5, 0xf0, 0x40, 0x18, 0xb0,
    0xc0, 0x3c, 0xc8, 0x1, 0xf9, 0x0, 0x38, 0x5f,
    0x6e, 0xcc, 0xfa, 0xe0, 0x7, 0xd2, 0x0, 0xf2,
    0x48, 0x7, 0xf1, 0xb0, 0x0, 0xe7, 0xa0, 0xa0,
    0x3, 0x46, 0x6c, 0x0, 0x7c, 0x96, 0x1, 0xff,
    0x4f, 0xfb, 0x18, 0x2, 0x70, 0xe, 0x32, 0x0,
    0xf9, 0x6c, 0x3, 0xff, 0x91, 0x0, 0x1f, 0xfc,
    0x19, 0xa0, 0xf, 0xfe, 0x31, 0xbe, 0x58, 0x7,
    0xfc, 0x7a, 0xc0, 0x1f, 0xfc, 0x12, 0x46, 0x9c,
    0xfc, 0x83, 0x0, 0xff, 0xc, 0xe1, 0x0, 0x7f,
    0xc, 0xef, 0xfb, 0x6e, 0x58, 0xc0, 0x3f, 0xf8,
    0x3, 0x1c, 0xc0, 0x1f, 0xf6, 0x31, 0x0, 0x7f,
    0xf1, 0x4e, 0x79, 0xc0, 0x3f, 0xf8, 0x4, 0x40,
    0xf, 0xfe, 0x20, 0xb6, 0xe3, 0x0, 0x7f, 0xf0,
    0x8c, 0x3, 0xff, 0x84, 0x6f, 0x9d, 0x24, 0x1,
    0xff, 0xc4, 0x13, 0x0, 0xfc, 0x29, 0x17, 0xd9,
    0x6, 0x1, 0xff, 0xc8, 0xd7, 0x44, 0x34, 0x56,
    0x77, 0x2d, 0xd0, 0x40, 0x3f, 0xf9, 0x40,

    /* U+5927 "大" */
    0x0, 0xff, 0xe2, 0x11, 0x90, 0x7, 0xff, 0x53,
    0x37, 0x37, 0x44, 0x1, 0xff, 0xd1, 0x53, 0x0,
    0x8a, 0x0, 0x3f, 0xfa, 0x26, 0x1, 0xc8, 0x1,
    0xff, 0xd7, 0x10, 0xf, 0xfe, 0x88, 0x80, 0x70,
    0x80, 0x7f, 0xfe, 0xcc, 0x3, 0xff, 0xa3, 0xe0,
    0x1c, 0x20, 0x1f, 0xfd, 0x11, 0x0, 0xe7, 0x0,
    0xff, 0xe8, 0x98, 0x7, 0x8, 0x7, 0xff, 0x11,
    0xf7, 0xff, 0xfe, 0x50, 0xe, 0x5f, 0xff, 0xfe,
    0x6, 0xc0, 0x3c, 0x10, 0x7, 0xff, 0x48, 0x9e,
    0x6c, 0x3, 0xff, 0xac, 0x80, 0x1f, 0xfd, 0x73,
    0x40, 0xf, 0xfe, 0xb2, 0x42, 0x80, 0x7f, 0xf5,
    0x16, 0xc2, 0xbf, 0xbb, 0xfc, 0x60, 0x1f, 0x9b,
    0xbb, 0xfd, 0xf4, 0x20, 0x10, 0x8f, 0xf0, 0x18,
    0x7, 0xe7, 0x11, 0xff, 0x0, 0x7f, 0xf0, 0xd0,
    0x3, 0xf8, 0x50, 0x3, 0xff, 0x99, 0xc0, 0x1f,
    0xef, 0x0, 0xff, 0xe5, 0x92, 0x0, 0x7f, 0x90,
    0x80, 0x3f, 0xf9, 0x56, 0x1, 0xff, 0xc0, 0xb0,
    0xf, 0xfe, 0x49, 0x30, 0x7, 0x13, 0x0, 0x73,
    0x10, 0x7, 0xff, 0x22, 0x40, 0x3d, 0x56, 0x1,
    0xe9, 0x0, 0xff, 0xe3, 0xb2, 0x0, 0x79, 0x89,
    0x40, 0x39, 0x14, 0x3, 0xff, 0x8a, 0x52, 0x1,
    0xe7, 0x10, 0x80, 0xf, 0x58, 0x80, 0x7f, 0xf0,
    0xc7, 0x0, 0x3e, 0x90, 0x1, 0x38, 0x7, 0xe,
    0x80, 0x7f, 0xf0, 0xf4, 0x40, 0x3d, 0x2, 0x1,
    0x41, 0x0, 0x71, 0xd0, 0x7, 0xff, 0x7, 0xc,
    0x3, 0xc6, 0xe0, 0x1d, 0xc0, 0x1e, 0x5a, 0x0,
    0xff, 0xe, 0x18, 0x7, 0xdc, 0x1, 0xe3, 0x80,
    0xf, 0x2e, 0x98, 0x7, 0xcb, 0xe6, 0x1, 0xf5,
    0x10, 0x7, 0xce, 0xa0, 0x1e, 0x2c, 0xc2, 0x0,
    0x43, 0x94, 0x20, 0x1f, 0x42, 0x80, 0x7f, 0x52,
    0x0, 0x7c, 0x76, 0xc0, 0xb, 0x30, 0xf, 0xd0,
    0xe0, 0x1f, 0xf5, 0x98, 0x7, 0xe9, 0x0, 0x38,
    0x7, 0xe9, 0x70, 0xf, 0xfe, 0xe, 0x20, 0x7,
    0xf9, 0xc0, 0x3c, 0x58, 0xc0, 0x1f, 0xfc, 0x3b,
    0x50, 0xf, 0x18, 0x2, 0x40, 0x39, 0xf4, 0xc0,
    0x3f, 0xf8, 0xb5, 0x20, 0x1d, 0x0, 0x3, 0xa2,
    0x16, 0xd8, 0x0, 0xff, 0xe4, 0x37, 0x39, 0x12,
    0x90, 0x2, 0x5d, 0xe9, 0x20, 0xf, 0xfe, 0x50,
    0xc6, 0xe9, 0x40, 0x0,

    /* U+5939 "夹" */
    0x0, 0xff, 0xe3, 0x88, 0x7, 0xff, 0x58, 0x6f,
    0xfb, 0x8a, 0x1, 0xff, 0xd4, 0x84, 0x0, 0xd,
    0x8, 0x7, 0xff, 0x4d, 0x0, 0x39, 0x40, 0x3f,
    0xfa, 0x66, 0x1, 0xc2, 0x1, 0xff, 0xec, 0x18,
    0xbc, 0xcf, 0xf0, 0x80, 0x74, 0x66, 0x7f, 0x5c,
    0x90, 0x7, 0xf, 0xba, 0x19, 0xff, 0x80, 0x3c,
    0x46, 0x7f, 0xc8, 0xda, 0x40, 0x19, 0x4, 0x3,
    0xff, 0xa6, 0x80, 0x1f, 0xfd, 0x91, 0x0, 0xce,
    0x1, 0xff, 0xd4, 0x40, 0xc, 0x56, 0x82, 0x1,
    0xff, 0xce, 0x13, 0xb3, 0x0, 0xe4, 0xbe, 0xf8,
    0x33, 0x5f, 0xff, 0x0, 0x7b, 0x3f, 0xea, 0x10,
    0x4d, 0xfe, 0xc4, 0x0, 0xfe, 0x98, 0x33, 0x59,
    0x0, 0x42, 0x1, 0xe1, 0x0, 0xd, 0x8, 0x26,
    0x8, 0x7, 0xff, 0x1, 0xc0, 0x35, 0x80, 0x46,
    0x1, 0xe3, 0x0, 0x30, 0x6, 0x14, 0x0, 0xff,
    0xe2, 0xa8, 0x4, 0x20, 0x1e, 0x10, 0x5, 0x80,
    0x73, 0x0, 0x7f, 0xf0, 0x10, 0x3, 0x8, 0x4,
    0xe0, 0x1c, 0x20, 0x10, 0x80, 0x62, 0x30, 0xf,
    0xfe, 0x7, 0x0, 0x65, 0x0, 0x88, 0x3, 0x8c,
    0x2, 0x70, 0xd, 0x0, 0x1f, 0xfc, 0x14, 0x93,
    0x33, 0xc0, 0x5, 0xe0, 0x1c, 0xc0, 0x14, 0x18,
    0x1, 0x54, 0x1, 0xf8, 0xf3, 0xff, 0x49, 0x99,
    0xff, 0xf3, 0x0, 0x72, 0x7f, 0xda, 0x60, 0x5,
    0xff, 0xec, 0x30, 0x6, 0x98, 0x7, 0xff, 0x50,
    0xf4, 0x48, 0x40, 0x3f, 0xfa, 0xc2, 0xa0, 0x1f,
    0xfd, 0x97, 0x23, 0x0, 0xff, 0xeb, 0x11, 0x86,
    0xb1, 0x90, 0x8f, 0xe0, 0xf, 0xfe, 0x0, 0x8f,
    0xf1, 0x37, 0x80, 0x6, 0x73, 0x7b, 0xbf, 0x8,
    0x7, 0xf8, 0xfb, 0xbf, 0xb6, 0x48, 0x3, 0xff,
    0x83, 0x22, 0x1, 0xfe, 0x38, 0x0, 0xff, 0xe5,
    0xab, 0x0, 0x78, 0xc0, 0x39, 0xd0, 0x3, 0xff,
    0x92, 0xb4, 0x1, 0xe5, 0xe0, 0xf, 0x59, 0x0,
    0x7f, 0xf1, 0x86, 0xa8, 0x1, 0xe1, 0xb2, 0x80,
    0xf, 0x61, 0x80, 0x7f, 0xf0, 0xc5, 0xf9, 0x40,
    0x3e, 0xb1, 0x7, 0x30, 0xe, 0x1c, 0x50, 0xf,
    0xfe, 0x0, 0xcf, 0x40, 0x7, 0xe7, 0x50, 0xb,
    0x44, 0x3, 0xd5, 0x66, 0x1, 0xfd, 0x1c, 0xc0,
    0x1f, 0xcd, 0x0, 0x18, 0x70, 0x40, 0x3c, 0x99,
    0xb2, 0x60, 0x1c, 0xee, 0x0, 0xff, 0x44, 0x80,
    0x78, 0xb0, 0x80, 0x3e, 0x26, 0xc7, 0x0, 0xd4,
    0x1, 0xfc, 0x36, 0xe0, 0x1f, 0x8b, 0x10, 0x3,
    0xfa, 0x0, 0x3f, 0xf8, 0x2b, 0xe8, 0x1, 0xfe,
    0x1b, 0x80, 0xf, 0xfe, 0xa, 0x0, 0x78, 0xee,
    0x84, 0x3, 0xff, 0x82, 0xfc, 0xa0, 0x1e, 0x40,
    0xd, 0x4, 0x1, 0x25, 0xe2, 0x0, 0x7f, 0xf1,
    0x6, 0xb5, 0x84, 0x0, 0x32, 0x1, 0x87, 0x6e,
    0xdd, 0x68, 0x1, 0xff, 0xc8, 0x29, 0xed, 0xce,
    0x20, 0xf, 0x22, 0x4, 0x3, 0xff, 0x9a, 0x46,
    0x1, 0x80,

    /* U+5B8C "完" */
    0x0, 0xff, 0xf4, 0x8b, 0xdd, 0x0, 0x7f, 0xf5,
    0x1b, 0xa1, 0x15, 0xc0, 0x3f, 0xfa, 0x47, 0x20,
    0x1a, 0x40, 0x3f, 0xfa, 0x4a, 0x1, 0xc2, 0xa0,
    0x1f, 0xfc, 0x54, 0x78, 0x8f, 0xf6, 0x0, 0x7a,
    0x23, 0xfe, 0x73, 0x0, 0xd5, 0x70, 0xef, 0xfe,
    0x50, 0xf, 0x13, 0xbf, 0xfa, 0x32, 0x0, 0x6,
    0xa0, 0x1f, 0xfd, 0x47, 0x10, 0x50, 0xf, 0xfe,
    0xb2, 0x80, 0x80, 0x7f, 0xf5, 0x84, 0x3, 0xff,
    0xc1, 0x3f, 0xff, 0xfc, 0xa3, 0x0, 0xf8, 0x40,
    0x38, 0xc0, 0x3f, 0xf9, 0x4e, 0x1, 0xf1, 0x80,
    0x70, 0x80, 0x9, 0x59, 0xbf, 0xf8, 0x48, 0x20,
    0x1, 0x0, 0xe6, 0x7, 0x0, 0xe5, 0xa, 0xda,
    0x99, 0xff, 0xe1, 0x5f, 0x20, 0x60, 0x6, 0x13,
    0x2, 0x90, 0x0, 0xd0, 0x92, 0x80, 0x7f, 0xf1,
    0xa0, 0x19, 0x80, 0x1, 0xa0, 0x9, 0xbf, 0xb8,
    0xa0, 0xc0, 0x1f, 0xfc, 0x71, 0x0, 0x4f, 0xf7,
    0x10, 0x3, 0x84, 0x2, 0x51, 0x0, 0xff, 0xe3,
    0x28, 0x6, 0x10, 0xf, 0xf8, 0x71, 0x48, 0x47,
    0xff, 0x84, 0x6f, 0x0, 0x1f, 0xfc, 0x52, 0xad,
    0xee, 0xff, 0xe1, 0x64, 0x0, 0x7f, 0xf0, 0xd,
    0x15, 0x7f, 0xfa, 0x8, 0x60, 0x12, 0x76, 0x5d,
    0x57, 0xff, 0x42, 0xf3, 0x90, 0x24, 0x40, 0x3f,
    0xfa, 0x83, 0x20, 0x40, 0x1f, 0xfd, 0x62, 0x3,
    0x0, 0xff, 0xeb, 0x18, 0x71, 0x80, 0x7f, 0xf5,
    0xf, 0x80, 0xb3, 0xfb, 0x77, 0x94, 0x3, 0xa3,
    0x76, 0xb0, 0xe, 0x2d, 0xdf, 0x77, 0xe1, 0x0,
    0x61, 0x22, 0xe1, 0x0, 0xe3, 0x22, 0x98, 0x3,
    0xc4, 0x5e, 0x10, 0xf, 0xfe, 0xb, 0x0, 0x73,
    0x0, 0x7f, 0xf4, 0x44, 0x80, 0x38, 0x80, 0x3f,
    0xfa, 0x32, 0x1, 0xc4, 0x1, 0xff, 0xc4, 0x1a,
    0xba, 0x40, 0xf, 0xcc, 0xe0, 0x1c, 0xa0, 0x1f,
    0xfc, 0x46, 0x54, 0x5b, 0x40, 0xe, 0x3b, 0x90,
    0xf, 0x58, 0x7, 0xff, 0x13, 0x40, 0x36, 0x80,
    0x4d, 0xb8, 0x80, 0x1e, 0x43, 0x0, 0xc6, 0x1,
    0xc4, 0xa8, 0x93, 0x28, 0x6, 0x30, 0x4e, 0x92,
    0x0, 0xfd, 0x20, 0x1f, 0xfc, 0xa, 0xbb, 0xa4,
    0x3, 0x88, 0x6c, 0x40, 0x3f, 0xac, 0x80, 0x3f,
    0xf9, 0x56, 0xa0, 0x1f, 0xc3, 0x88, 0x1, 0xe1,
    0x40, 0xf, 0xfe, 0x12, 0x1b, 0x0, 0x7e, 0x7e,
    0x30, 0xf, 0xd6, 0x60, 0x1f, 0xfc, 0x2, 0xa0,
    0x24, 0x0, 0xc5, 0x1d, 0x0, 0x1f, 0xf6, 0x98,
    0x7, 0xf1, 0x3e, 0x8, 0x2, 0xea, 0x6b, 0x74,
    0xe2, 0x1, 0xff, 0xc0, 0x1c, 0xff, 0xfe, 0xd8,
    0x10, 0x0,

    /* U+5C0F "小" */
    0x0, 0xff, 0xe2, 0x8a, 0x29, 0x0, 0x7f, 0xf5,
    0x93, 0xae, 0xb5, 0xc0, 0x3f, 0xfa, 0xb2, 0x1,
    0xa0, 0x40, 0x3f, 0xfa, 0x84, 0x1, 0xc4, 0x1,
    0xff, 0xd3, 0x10, 0xf, 0x30, 0x7, 0xff, 0xfc,
    0x3, 0xff, 0xfe, 0x1, 0xff, 0xe6, 0x27, 0x70,
    0x80, 0x7f, 0xf0, 0x6b, 0xfa, 0xcc, 0x3, 0xff,
    0x88, 0xfb, 0x10, 0xc1, 0x0, 0xff, 0xa9, 0x40,
    0x53, 0x4, 0x3, 0xff, 0x84, 0x50, 0x1, 0x15,
    0x80, 0x7f, 0xca, 0x1, 0xce, 0x1, 0xff, 0xc2,
    0x70, 0xe, 0x53, 0x0, 0xfe, 0x30, 0xf, 0xfe,
    0x4b, 0x80, 0x7a, 0x40, 0x3f, 0x90, 0x3, 0xca,
    0x1, 0xff, 0xc2, 0x24, 0x0, 0xe5, 0x20, 0xf,
    0xd6, 0x1, 0xe3, 0x0, 0xff, 0xe1, 0xf8, 0x7,
    0xac, 0x3, 0xe1, 0x30, 0xe, 0x40, 0xf, 0xfe,
    0x22, 0x10, 0x7, 0x30, 0x80, 0x79, 0x80, 0x3d,
    0x80, 0x1f, 0xfc, 0x5a, 0x0, 0xf3, 0x0, 0x7a,
    0xc0, 0x3c, 0x80, 0x1f, 0xfc, 0x56, 0x0, 0xf4,
    0x80, 0x71, 0x18, 0x7, 0x9, 0x80, 0x7f, 0xf1,
    0x45, 0x0, 0x38, 0x54, 0x3, 0x28, 0x7, 0x9c,
    0x3, 0xff, 0x8f, 0xc0, 0x1e, 0xe0, 0xd, 0x40,
    0x1e, 0xd0, 0xf, 0xfe, 0x3a, 0x80, 0x79, 0x8,
    0x0, 0x84, 0x1, 0xc2, 0x80, 0x1f, 0xfc, 0x86,
    0x0, 0xf5, 0x0, 0x20, 0x3, 0xce, 0x1, 0xff,
    0xc9, 0xd0, 0xf, 0x28, 0x19, 0x80, 0x3d, 0x60,
    0x1f, 0xfc, 0x94, 0x10, 0xe, 0x22, 0x84, 0x3,
    0x98, 0x80, 0x3f, 0xf9, 0x4e, 0x1, 0xf0, 0xe8,
    0x80, 0x43, 0x0, 0x1f, 0xfc, 0xbd, 0x0, 0xe1,
    0x20, 0x3c, 0x51, 0x4c, 0x10, 0xf, 0xfe, 0x5a,
    0x0, 0x62, 0xd0, 0x8, 0xab, 0xac, 0x80, 0x3f,
    0xf9, 0xbd, 0x54, 0xdd, 0x18, 0x7, 0xff, 0x54,
    0x55, 0x44, 0x1, 0xff, 0xed, 0x50, 0xf, 0x8,
    0x7, 0xff, 0x3b, 0x3b, 0xaf, 0xb0, 0xf, 0x38,
    0x7, 0xff, 0x35, 0xc, 0x46, 0x0, 0xfc, 0x40,
    0x1f, 0xfc, 0xd3, 0x0, 0xff, 0x8c, 0x40, 0x3f,
    0xf9, 0xa2, 0x1, 0xff, 0x40, 0x7, 0xff, 0x39,
    0x0, 0x3f, 0x8a, 0x90, 0x3, 0xff, 0x9c, 0x54,
    0x60, 0x18, 0x92, 0xb5, 0x40, 0x3f, 0xfa, 0xb,
    0x9f, 0xfb, 0x6d, 0x40, 0x3f, 0xf9, 0x0,

    /* U+5C11 "少" */
    0x0, 0xff, 0xe3, 0x8, 0x7, 0xff, 0x5c, 0xf7,
    0xbe, 0x40, 0x3f, 0xfa, 0xbe, 0x40, 0x6, 0x50,
    0xf, 0xfe, 0xa1, 0x80, 0x6c, 0x0, 0xff, 0xe9,
    0x90, 0x7, 0x18, 0x7, 0xff, 0xfc, 0x3, 0xff,
    0x98, 0xbd, 0xc8, 0x10, 0xf, 0xfe, 0x19, 0xef,
    0xd8, 0x80, 0x7f, 0xf0, 0xa, 0x84, 0x4f, 0x60,
    0x1f, 0xfc, 0x21, 0xc2, 0x4, 0xd0, 0xf, 0xfe,
    0x5, 0x80, 0x65, 0x0, 0xff, 0xe1, 0x28, 0x6,
    0x37, 0x0, 0xff, 0xb, 0x0, 0x62, 0x0, 0xff,
    0xe1, 0x28, 0x7, 0x41, 0x0, 0x7f, 0x48, 0x7,
    0x28, 0x7, 0xff, 0x8, 0x54, 0x3, 0xa4, 0x3,
    0xf0, 0xb8, 0x7, 0x48, 0x7, 0xff, 0xe, 0xc0,
    0x39, 0x10, 0x1, 0xf4, 0x0, 0x73, 0x8, 0x7,
    0xff, 0xc, 0x60, 0x3, 0xa4, 0x3, 0xc4, 0xc0,
    0x1d, 0x0, 0x1f, 0xfc, 0x57, 0x20, 0xc, 0x4e,
    0x1, 0xd0, 0x1, 0xcc, 0x20, 0x1f, 0xfc, 0x68,
    0x0, 0xe9, 0x0, 0xc6, 0xa0, 0x1d, 0x0, 0x1f,
    0xfc, 0x75, 0x30, 0xc, 0x2e, 0x1, 0x78, 0x7,
    0x38, 0x80, 0x7f, 0xf2, 0x3c, 0x3, 0xac, 0x0,
    0xc6, 0x1, 0xd2, 0x1, 0xff, 0xc9, 0x33, 0x0,
    0x63, 0x0, 0xfc, 0xe2, 0x1, 0xff, 0xca, 0x80,
    0xc, 0x60, 0x6, 0x70, 0x8, 0xe0, 0x3, 0xff,
    0x96, 0x8e, 0x0, 0x4e, 0x0, 0xa2, 0xd5, 0xf0,
    0x3, 0xff, 0x9b, 0x1d, 0xcb, 0x20, 0xc, 0x95,
    0x0, 0x1f, 0xfc, 0x94, 0xbb, 0x28, 0x0, 0x44,
    0x1, 0xff, 0xc6, 0x20, 0xe, 0x20, 0xc, 0x76,
    0x88, 0xa8, 0x0, 0xff, 0xe5, 0x18, 0x6, 0xc0,
    0xd, 0xc0, 0x19, 0xc0, 0x3f, 0xf9, 0x5c, 0x60,
    0x7, 0x40, 0xa, 0xc8, 0x3, 0xff, 0x9e, 0x59,
    0xfe, 0x80, 0x0, 0xe2, 0x0, 0x72, 0x80, 0x7f,
    0xf4, 0x1b, 0xcc, 0x3, 0xd6, 0x1, 0xff, 0xce,
    0x5d, 0x91, 0x0, 0xf5, 0x88, 0x7, 0xff, 0x2c,
    0x5f, 0x68, 0x80, 0x3e, 0xa4, 0x0, 0xff, 0xe5,
    0x2d, 0xf4, 0x10, 0x7, 0xc3, 0x8a, 0x1, 0xff,
    0xc7, 0x37, 0xbf, 0xa4, 0x0, 0xfe, 0x6e, 0x30,
    0xf, 0xfe, 0x9, 0x22, 0xbd, 0x6f, 0xe4, 0x20,
    0x7, 0xf8, 0xf2, 0x40, 0x3f, 0xf8, 0x3, 0x5f,
    0xb7, 0x50, 0xa4, 0x1, 0xff, 0xc0, 0x3a, 0xc3,
    0x0, 0xff, 0xe0, 0xda, 0x80, 0x7f, 0xf1, 0x52,
    0xf1, 0x40, 0x3f, 0xf8, 0x6e, 0x1, 0xff, 0xc3,
    0x28, 0xeb, 0x40, 0xf, 0xfe, 0x2b, 0x0, 0x7f,
    0xf0, 0x12, 0x77, 0x4e, 0x20, 0x1f, 0xfc, 0x7f,
    0x0, 0xf8, 0x9a, 0x73, 0xed, 0x88, 0x3, 0xff,
    0x94, 0x9b, 0x10, 0x9c, 0xef, 0xd9, 0x63, 0x0,
    0xff, 0xe6, 0x80,

    /* U+5C18 "尘" */
    0x0, 0xff, 0xe3, 0x11, 0x80, 0x7f, 0xf5, 0x87,
    0x37, 0x39, 0x0, 0x3f, 0xfa, 0x92, 0x60, 0x1,
    0xa0, 0xf, 0xfe, 0x60, 0x80, 0x7c, 0x80, 0x18,
    0x44, 0x1, 0xc2, 0x1, 0xff, 0xc4, 0x9e, 0xf9,
    0x10, 0xc, 0x20, 0x1c, 0x60, 0x12, 0xff, 0x61,
    0x0, 0x7f, 0xf0, 0x4d, 0x80, 0xd, 0xe4, 0x1,
    0xff, 0xc0, 0x2a, 0x0, 0x1e, 0xa0, 0x7, 0xff,
    0x3, 0x80, 0x30, 0xa8, 0x7, 0xff, 0x2, 0xc0,
    0x3a, 0xd8, 0x3, 0xfd, 0x44, 0x1, 0xca, 0x1,
    0xff, 0xc0, 0xc0, 0xf, 0x4b, 0x80, 0x7e, 0x75,
    0x0, 0xe8, 0x20, 0xf, 0xfe, 0x2, 0xc0, 0x7,
    0xa2, 0x0, 0x1e, 0x68, 0x0, 0xe4, 0x70, 0xf,
    0xfe, 0x13, 0xb8, 0x3, 0xce, 0xe0, 0xc, 0xb2,
    0x1, 0xc3, 0x40, 0x1f, 0xfc, 0x48, 0x50, 0xf,
    0x41, 0x0, 0x1a, 0x80, 0x3d, 0xa2, 0x1, 0xff,
    0xc5, 0xa4, 0x0, 0xf5, 0x0, 0x28, 0x3, 0xd4,
    0x60, 0x1f, 0xfc, 0x7a, 0x20, 0xf, 0xd4, 0x1,
    0xce, 0xa0, 0x1f, 0x8, 0x7, 0xff, 0x0, 0x7c,
    0x3, 0xd, 0x0, 0x19, 0x0, 0x26, 0x80, 0xf,
    0xce, 0x1, 0xc4, 0x1, 0xf1, 0x48, 0x1, 0x70,
    0x80, 0x2b, 0x86, 0xb9, 0x0, 0xfe, 0xe0, 0xc,
    0xa0, 0x1f, 0xcd, 0x9d, 0x44, 0x1, 0xcf, 0x28,
    0x1, 0xfe, 0x5a, 0x54, 0x7a, 0x0, 0xff, 0x18,
    0x80, 0x7f, 0xf2, 0x56, 0x22, 0x0, 0xff, 0xea,
    0x8e, 0xeb, 0x38, 0xc0, 0x3f, 0xfa, 0x90, 0x40,
    0x1, 0xe0, 0xf, 0xfe, 0xa2, 0x80, 0x62, 0x0,
    0xff, 0xea, 0x10, 0x7, 0x10, 0x7, 0xff, 0x22,
    0x3b, 0xff, 0xf8, 0x40, 0x3b, 0x7f, 0xff, 0xac,
    0x80, 0x3f, 0x3b, 0x84, 0x3, 0xff, 0x9a, 0x9c,
    0x1, 0xfb, 0x40, 0x3f, 0xfa, 0x6, 0x1, 0xf8,
    0x80, 0x3f, 0xfa, 0x4, 0x1, 0xfa, 0x4c, 0x3,
    0xff, 0x9c, 0x32, 0x1, 0xf8, 0x73, 0x6e, 0xff,
    0x84, 0x3, 0xa6, 0xef, 0xf6, 0xf2, 0x0, 0x7f,
    0x89, 0x13, 0xf8, 0x3, 0xc8, 0x9f, 0xc4, 0x1,
    0xff, 0xff, 0x0, 0xfe, 0x36, 0x77, 0xff, 0xe0,
    0x8, 0x7, 0x5b, 0xbf, 0xff, 0x1, 0x0, 0x29,
    0xc9, 0x88, 0xff, 0xe0, 0x0, 0x79, 0xa2, 0x3f,
    0xf8, 0x17, 0xa0, 0x2c, 0x1, 0xff, 0xd6, 0x26,
    0x30, 0xf, 0xfe, 0xc0, 0x90, 0x80, 0x7f, 0xf5,
    0xd0, 0x35, 0x4, 0x3, 0xff, 0xa6, 0x52, 0x60,

    /* U+5C40 "局" */
    0x0, 0xf0, 0xc5, 0x5d, 0xff, 0xf2, 0xa9, 0x80,
    0x3f, 0xc3, 0xce, 0xa8, 0x9f, 0xfc, 0xa5, 0x9b,
    0x0, 0xfe, 0x90, 0xf, 0xfe, 0x7a, 0x18, 0x7,
    0xe2, 0x0, 0xff, 0xe8, 0x30, 0x7, 0xe1, 0x0,
    0xff, 0xe8, 0x18, 0x7, 0xff, 0xb, 0x37, 0x7f,
    0xf8, 0x90, 0x1, 0xff, 0xc8, 0x22, 0xff, 0xe2,
    0x88, 0x7, 0xff, 0x20, 0xc0, 0x3f, 0xfb, 0x3b,
    0xff, 0xff, 0xc4, 0x90, 0xf, 0xfe, 0xf9, 0x80,
    0x7f, 0xf6, 0x58, 0x3, 0xff, 0xb0, 0x66, 0x0,
    0xff, 0xe1, 0x11, 0x9f, 0xff, 0x1d, 0x1f, 0x40,
    0x3f, 0xf8, 0x7b, 0x99, 0xff, 0xc7, 0xb8, 0x10,
    0xf, 0xe7, 0x0, 0xe1, 0x1f, 0xfe, 0x58, 0x7,
    0xf0, 0x80, 0x77, 0x77, 0xff, 0x2f, 0xf4, 0xc0,
    0x3f, 0xfb, 0x5, 0xa0, 0x1e, 0x20, 0xf, 0xfe,
    0x90, 0x98, 0x7, 0xff, 0x65, 0x80, 0x31, 0x0,
    0x7f, 0xf5, 0x4, 0x3, 0x30, 0x7, 0x3f, 0xff,
    0xff, 0x21, 0x80, 0x39, 0xc0, 0x31, 0x0, 0x76,
    0x80, 0x5, 0x5d, 0xff, 0xca, 0x20, 0x1f, 0xfc,
    0x3f, 0x0, 0xe6, 0x4, 0xea, 0x88, 0xff, 0x57,
    0x28, 0x4, 0x60, 0x1c, 0x20, 0x19, 0x40, 0x38,
    0x82, 0x0, 0x3f, 0xf8, 0x56, 0x1, 0x8, 0x7,
    0x18, 0x6, 0x20, 0xc, 0x22, 0x3, 0x0, 0xff,
    0xe1, 0x8, 0x80, 0x3f, 0xf8, 0x4, 0x20, 0x19,
    0x40, 0x3f, 0xf8, 0xc6, 0x0, 0x70, 0xe, 0x10,
    0x9, 0x0, 0x38, 0x80, 0x3e, 0xaf, 0xfd, 0x40,
    0x1f, 0x84, 0x3, 0xfb, 0x0, 0x3b, 0x0, 0x3e,
    0x10, 0xc, 0x20, 0x1f, 0x8c, 0x3, 0x8, 0x6,
    0x40, 0xe, 0x40, 0xf, 0xb9, 0xdf, 0x70, 0x7,
    0xe1, 0x0, 0xc4, 0x1, 0x30, 0x80, 0x62, 0x10,
    0xf, 0x96, 0x23, 0x28, 0x7, 0x18, 0x10, 0x7,
    0x38, 0x5, 0x20, 0x1c, 0xa0, 0x1f, 0xfc, 0x71,
    0xb, 0x0, 0xe2, 0x0, 0x20, 0x7, 0xa8, 0x3,
    0xff, 0x8f, 0x98, 0x60, 0xe, 0xe0, 0x3, 0x80,
    0x72, 0x10, 0x7, 0xff, 0x14, 0xc0, 0xcc, 0x1,
    0xe3, 0x0, 0x1a, 0x80, 0x43, 0x40, 0x18, 0x40,
    0x35, 0xf7, 0x7b, 0xfe, 0x0, 0xfe, 0x40, 0xa,
    0xa5, 0x1b, 0xc4, 0x3, 0x48, 0x4, 0x28, 0x23,
    0xe0, 0x0, 0x80, 0x7e, 0x70, 0xe, 0x6b, 0x91,
    0x0, 0xe7, 0xb7, 0x8f, 0x0, 0xfe, 0x21, 0x0,
    0xf1, 0xc0, 0x7, 0xff, 0xd, 0x21, 0xc4, 0x3,
    0xfd, 0xa6, 0x0, 0x25, 0x8d, 0x0, 0xff, 0xe9,
    0x1e, 0x7f, 0xb6, 0x9c, 0x40, 0x20,

    /* U+5C9B "岛" */
    0x0, 0xff, 0xf2, 0xb6, 0x5b, 0x8, 0x7, 0xff,
    0x48, 0xe4, 0xd2, 0x7d, 0x0, 0x3f, 0xf9, 0x62,
    0x45, 0xd4, 0x1, 0x86, 0x8, 0xbe, 0x10, 0xf,
    0xfe, 0x0, 0xdf, 0xf6, 0xef, 0x30, 0x7, 0x1e,
    0xef, 0xdd, 0xf8, 0x40, 0x1f, 0xd6, 0x80, 0x1f,
    0xfc, 0xb3, 0xe0, 0xf, 0xe4, 0x0, 0xff, 0xe6,
    0x98, 0x7, 0xf0, 0x80, 0x7f, 0xf3, 0x84, 0x3,
    0xff, 0xca, 0xbf, 0xed, 0xab, 0xff, 0xff, 0x38,
    0x7, 0x8, 0x7, 0xff, 0xc, 0xf6, 0xaf, 0xe9,
    0x0, 0x3e, 0x20, 0xf, 0xfe, 0x4d, 0x0, 0x65,
    0xbd, 0x20, 0xe, 0x40, 0xc, 0x40, 0x1f, 0xfc,
    0x4f, 0x0, 0xf1, 0x60, 0x0, 0xeb, 0x44, 0x3,
    0x30, 0x7, 0xff, 0x11, 0x9c, 0x3, 0xc2, 0x61,
    0xca, 0x40, 0x1c, 0x60, 0x1f, 0xfc, 0x58, 0xd6,
    0x0, 0xc2, 0x60, 0x40, 0x1f, 0x60, 0x7, 0xff,
    0x18, 0xa7, 0x94, 0x1, 0x40, 0x3, 0x0, 0xf2,
    0x20, 0x3, 0xff, 0x90, 0x35, 0xba, 0x40, 0x6,
    0xb0, 0x6, 0x7b, 0x0, 0xff, 0xe1, 0x88, 0xfe,
    0x33, 0x8, 0xc1, 0x1d, 0x97, 0xd2, 0x23, 0x80,
    0x3f, 0xf8, 0x9, 0xdd, 0xff, 0xc3, 0xcb, 0xee,
    0xf7, 0xd8, 0x80, 0x7f, 0xf5, 0x92, 0x80, 0x30,
    0x80, 0x7f, 0xf4, 0x90, 0x3, 0x30, 0x7, 0xff,
    0x5e, 0x1c, 0x80, 0x3f, 0xfa, 0xd1, 0xbf, 0xff,
    0xfc, 0xb4, 0x0, 0xff, 0xe2, 0x2f, 0x7d, 0x88,
    0x7, 0xff, 0x9, 0xc0, 0x30, 0x80, 0x9, 0x90,
    0x3, 0x86, 0x84, 0x12, 0x0, 0x38, 0x9d, 0x40,
    0x3c, 0x20, 0x18, 0xc1, 0x36, 0x6e, 0x40, 0x32,
    0x80, 0x64, 0x0, 0xc7, 0xb1, 0x56, 0x1, 0xc6,
    0x1, 0x98, 0x3c, 0x2, 0x61, 0x0, 0x88, 0x3,
    0x18, 0x6, 0x90, 0x9, 0x8, 0x3, 0x8, 0x6,
    0x10, 0x60, 0xc, 0x40, 0x1f, 0xfc, 0x16, 0x0,
    0xce, 0x1, 0xfc, 0x60, 0x60, 0x19, 0xc0, 0x3f,
    0xf8, 0x22, 0x1, 0x8c, 0x2, 0x20, 0xe, 0xe0,
    0xf, 0x8, 0x7, 0xff, 0x28, 0x40, 0x38, 0x80,
    0x3d, 0xf1, 0x16, 0x80, 0x61, 0x88, 0xc4, 0x1,
    0xf9, 0x40, 0x39, 0x80, 0x3c, 0xae, 0xf2, 0x0,
    0x73, 0xbe, 0x0, 0xfe, 0xc0, 0xe, 0x20, 0x20,
    0xf, 0xfe, 0x58, 0x8c, 0xea, 0x1, 0x84, 0x40,
    0x80, 0x1f, 0xfc, 0xb8, 0xee, 0x40, 0x7, 0x20,
    0x2, 0x18, 0x40, 0x3f, 0xfa, 0x5e, 0x1, 0x4f,
    0x7f, 0x77, 0xff, 0xd, 0x84, 0x3, 0xfe, 0x35,
    0x0, 0xf0, 0x8f, 0xff, 0xe, 0x7b, 0xfc, 0x20,
    0x1f, 0xf, 0x0, 0x7f, 0xf3, 0xb5, 0x0, 0x22,
    0x47, 0xf2, 0x0, 0xff, 0xe7, 0x1d, 0xff, 0xdb,
    0x70, 0x20, 0x18,

    /* U+5EA6 "度" */
    0x0, 0xff, 0xf8, 0x13, 0xb8, 0x40, 0x3f, 0xfa,
    0xa5, 0x9b, 0x11, 0x0, 0x7f, 0xf5, 0x70, 0xc0,
    0x27, 0x0, 0xff, 0xea, 0x18, 0x80, 0x61, 0x50,
    0xf, 0xfe, 0x34, 0x77, 0xff, 0xfd, 0x80, 0x1e,
    0xaf, 0xff, 0xf6, 0x20, 0x7, 0x43, 0x88, 0x7,
    0xff, 0x44, 0xec, 0x40, 0x32, 0x0, 0x7f, 0xf5,
    0x54, 0x3, 0x10, 0x7, 0xff, 0x55, 0x80, 0x3f,
    0xfb, 0x2e, 0x40, 0x1f, 0xc3, 0x55, 0xff, 0xcc,
    0xbb, 0x74, 0x0, 0x7f, 0x8d, 0x57, 0xc5, 0xd3,
    0x88, 0xab, 0xe6, 0xf9, 0xe2, 0x55, 0x22, 0x4,
    0x3, 0xff, 0x8a, 0xf0, 0x86, 0xd4, 0x1, 0xec,
    0x53, 0x48, 0x60, 0xf, 0xfe, 0x29, 0x3c, 0xd4,
    0x80, 0x64, 0xaa, 0xeb, 0x0, 0xeb, 0xaa, 0x42,
    0x80, 0x7f, 0xf0, 0xb, 0x61, 0x94, 0x40, 0x39,
    0x57, 0x90, 0x3, 0x89, 0x54, 0xf5, 0x20, 0x1f,
    0xf2, 0x0, 0x7f, 0xf3, 0x9c, 0x3, 0xfe, 0x50,
    0xf, 0xfe, 0x72, 0x80, 0x70, 0x80, 0x61, 0x3a,
    0x42, 0x10, 0xf, 0x8, 0xf8, 0x3, 0xc2, 0x46,
    0xf4, 0x1, 0xff, 0xc0, 0x5b, 0xde, 0x60, 0xc,
    0x3d, 0xdd, 0x80, 0x1c, 0xfd, 0xb9, 0x2, 0x1,
    0xff, 0xca, 0x55, 0xf0, 0x7, 0xff, 0x50, 0x6a,
    0xba, 0x0, 0x3f, 0xf9, 0x2e, 0x1, 0xdc, 0x1,
    0xff, 0xc4, 0xe0, 0xf, 0xe1, 0x0, 0xff, 0x94,
    0x3, 0xff, 0x88, 0xe0, 0x1f, 0xc4, 0x1, 0xc2,
    0x1, 0xc5, 0x66, 0x20, 0x1f, 0xe1, 0x4c, 0x10,
    0xf, 0xe7, 0x0, 0xe3, 0x0, 0xf2, 0x67, 0x7f,
    0xee, 0xeb, 0x77, 0x40, 0x18, 0x80, 0x7e, 0x10,
    0xe, 0x10, 0x3a, 0xde, 0xe7, 0xff, 0xdd, 0xd6,
    0xed, 0x99, 0xbb, 0x48, 0x3, 0xc4, 0x1, 0xde,
    0x38, 0xa4, 0x22, 0x0, 0xff, 0xe3, 0x14, 0x0,
    0x7b, 0x80, 0x38, 0x88, 0x1, 0xff, 0xcc, 0xd0,
    0xf, 0x10, 0x7, 0x9, 0x88, 0x7, 0xff, 0x28,
    0xdc, 0x3, 0xcc, 0x1, 0xcc, 0x1f, 0xa, 0x1,
    0xc6, 0xab, 0xf0, 0x7, 0x87, 0x40, 0x3e, 0x20,
    0xe, 0x20, 0x17, 0x0, 0xf1, 0xe5, 0x56, 0x81,
    0x0, 0xf6, 0x8, 0x7, 0x88, 0x3, 0x84, 0x3,
    0x70, 0x7, 0xa7, 0x59, 0x27, 0x50, 0x3, 0xb0,
    0x80, 0x3e, 0x70, 0xe, 0x50, 0xc, 0x98, 0x20,
    0x1c, 0x53, 0x6c, 0x1, 0xea, 0x30, 0xf, 0xd8,
    0x1, 0xc6, 0x1, 0xc7, 0xe4, 0x1, 0xff, 0xc1,
    0x85, 0x0, 0xfe, 0x70, 0xe, 0xc0, 0x2, 0xbc,
    0xdf, 0x90, 0x7, 0xff, 0x6, 0x36, 0xa1, 0x48,
    0x3, 0x20, 0x80, 0x61, 0x40, 0xca, 0x86, 0x41,
    0x0, 0xff, 0xe1, 0x92, 0xbd, 0x6c, 0x80, 0x7f,
    0x30, 0x0, 0xc0, 0x3f, 0xf9, 0xac, 0x60, 0x4,
    0x30, 0x8, 0x64, 0x3, 0xff, 0x82, 0x6e, 0xe3,
    0x0, 0xff, 0xe0, 0x38, 0x5, 0x8e, 0x69, 0x82,
    0x0, 0x60, 0xf, 0x1b, 0x5f, 0xe4, 0x43, 0x36,
    0x10, 0x3, 0xf0, 0xa0, 0x6, 0x8c, 0xb2, 0x0,
    0xa6, 0xe6, 0x57, 0xdf, 0x92, 0x80, 0x1c, 0x4f,
    0x7f, 0xb4, 0xea, 0x86, 0xb8, 0x1, 0xff, 0xc1,
    0x46, 0x62, 0x8, 0x7, 0xff, 0x4, 0x96, 0x2a,
    0xf2, 0x88, 0x0,

    /* U+5EFA "建" */
    0x0, 0xff, 0xe5, 0x88, 0x7, 0xff, 0x59, 0xbf,
    0xbd, 0x80, 0x3f, 0xf8, 0x64, 0x5f, 0x0, 0x7f,
    0xc, 0x80, 0x52, 0x20, 0x1f, 0xf1, 0x67, 0xee,
    0xfd, 0xf0, 0x1, 0x12, 0x24, 0xc0, 0x1c, 0xc8,
    0x9c, 0x40, 0x1d, 0x26, 0x1, 0xfc, 0xe0, 0x3b,
    0xab, 0xba, 0x0, 0x3a, 0x2e, 0xfb, 0x74, 0x40,
    0x13, 0x0, 0x7f, 0x88, 0x24, 0x80, 0x3f, 0xf8,
    0xa5, 0xc0, 0x12, 0x0, 0x7f, 0x94, 0x3c, 0x3,
    0xff, 0x8e, 0x60, 0x14, 0xc2, 0x11, 0x0, 0x3d,
    0x20, 0xec, 0x20, 0x1f, 0xfc, 0x61, 0x0, 0x9e,
    0xf7, 0x44, 0x1, 0x94, 0x40, 0x13, 0xdf, 0xf5,
    0x80, 0x75, 0xff, 0xb8, 0x3, 0xff, 0x80, 0x84,
    0x1, 0xb8, 0x16, 0xf7, 0xbb, 0x50, 0x7, 0x57,
    0x73, 0xc0, 0x3b, 0x10, 0x3, 0xb8, 0x3, 0x12,
    0x22, 0x90, 0x84, 0x78, 0x3, 0x84, 0x70, 0x7,
    0x14, 0x80, 0x61, 0x50, 0xd, 0x60, 0x60, 0x1f,
    0xfc, 0xb3, 0x0, 0xcc, 0x1, 0xcc, 0xa, 0x20,
    0x1f, 0xfc, 0xa5, 0x0, 0xd2, 0x1, 0x9c, 0x0,
    0x5f, 0x50, 0xef, 0x94, 0x3, 0x95, 0xde, 0x0,
    0xe7, 0xa0, 0x9, 0x44, 0x3, 0x2d, 0xc0, 0x89,
    0x5b, 0x7b, 0xfc, 0x60, 0x1c, 0x7f, 0xf0, 0x7,
    0x48, 0x80, 0x52, 0x1, 0xc4, 0x8f, 0xa0, 0x9d,
    0x53, 0x10, 0x60, 0xe, 0x68, 0x88, 0x3, 0x84,
    0x2, 0x33, 0x0, 0x7e, 0x30, 0xf0, 0xf, 0xfe,
    0x38, 0x80, 0x64, 0x0, 0xff, 0x9, 0x80, 0x7f,
    0xf1, 0xd8, 0x3, 0x20, 0x80, 0x7f, 0xc, 0x40,
    0xc8, 0x46, 0x0, 0xe1, 0x1e, 0x23, 0x88, 0x0,
    0x63, 0xec, 0xc9, 0xc0, 0x30, 0x80, 0x1f, 0x37,
    0xb9, 0xa0, 0x1d, 0xbd, 0xdb, 0x71, 0xc0, 0x3e,
    0x33, 0x80, 0x38, 0x80, 0x67, 0x3b, 0xad, 0x0,
    0xed, 0xee, 0xed, 0xb4, 0x0, 0xc4, 0xee, 0x0,
    0x18, 0x6, 0x50, 0xd6, 0x31, 0x1c, 0x1, 0xc2,
    0x3e, 0x24, 0xb1, 0x0, 0x1e, 0xc4, 0x18, 0x14,
    0x3, 0x78, 0x8, 0x7, 0xff, 0x20, 0x80, 0x16,
    0x1, 0x59, 0x8, 0x6, 0x50, 0x81, 0x0, 0xff,
    0xe3, 0x31, 0x80, 0x78, 0xa4, 0x3, 0x8c, 0x17,
    0xb7, 0x32, 0x90, 0xe, 0x9c, 0xce, 0xde, 0x90,
    0xb, 0x0, 0x32, 0x0, 0x64, 0x0, 0x2b, 0xaa,
    0x25, 0x80, 0x1d, 0x88, 0x9c, 0xac, 0xa0, 0x12,
    0x8, 0x7, 0xed, 0x1e, 0xa8, 0x8e, 0x50, 0xe,
    0x58, 0x8f, 0xab, 0x44, 0x1, 0x0, 0x1f, 0x9d,
    0xc2, 0x1, 0xff, 0xc9, 0x24, 0x0, 0x31, 0x80,
    0x79, 0x4, 0x80, 0x3f, 0xf9, 0x62, 0x1, 0x78,
    0x7, 0x88, 0x12, 0x4, 0x3, 0xff, 0x8e, 0x30,
    0x80, 0x11, 0x80, 0x79, 0xa8, 0x9f, 0xbf, 0xfb,
    0x0, 0x3b, 0x3f, 0xfe, 0xe7, 0x0, 0xd2, 0x1,
    0xf2, 0xed, 0xa8, 0x80, 0x63, 0x71, 0x1, 0x73,
    0x0, 0xff, 0xe0, 0x23, 0x0, 0x7f, 0x25, 0x76,
    0xd3, 0xb2, 0x5e, 0xeb, 0x28, 0xcf, 0xf1, 0x0,
    0x49, 0x60, 0x1f, 0xfc, 0x12, 0x58, 0x9b, 0xcc,
    0x6e, 0xd9, 0x9f, 0xb7, 0x8c, 0x2c, 0x3, 0x8e,
    0x0, 0x3f, 0xf9, 0xc3, 0xe0, 0x40, 0x1d, 0xcf,
    0xaa, 0x1, 0xff, 0xcd, 0x20, 0x90, 0xc, 0xe4,
    0x5, 0x5b, 0x4, 0x1, 0xff, 0xca, 0x50, 0x49,
    0x12, 0x98, 0x0, 0xc4, 0xfb, 0xd5, 0xa, 0x64,
    0x20, 0x1f, 0xfc, 0x11, 0x5a, 0x0, 0x37, 0x6b,
    0x0, 0x7e, 0x15, 0x7a, 0xcd, 0xef, 0xff, 0xfe,
    0xf, 0x50, 0x80,

    /* U+5F3A "强" */
    0x0, 0xc4, 0x5f, 0x8, 0x7, 0xe1, 0x1f, 0xfe,
    0x0, 0x7, 0xe3, 0xdf, 0xdd, 0xfb, 0xb8, 0xc0,
    0x10, 0xd7, 0xf7, 0x7f, 0xf0, 0x3e, 0x84, 0x3,
    0xb8, 0x80, 0x3f, 0x86, 0x48, 0x1, 0x6a, 0x1,
    0xff, 0xc2, 0x5b, 0x0, 0xe2, 0x0, 0xff, 0xe0,
    0x20, 0x1, 0x40, 0x3f, 0xf8, 0x8a, 0x1, 0xc6,
    0x1, 0xff, 0xc0, 0xe0, 0xf, 0xfe, 0x6f, 0x20,
    0x7, 0xff, 0x1d, 0x19, 0xbc, 0x80, 0x1f, 0xe2,
    0xbf, 0xee, 0xe2, 0x0, 0xff, 0xe0, 0x74, 0xcf,
    0xb4, 0x3, 0xff, 0x82, 0x23, 0xc0, 0x1f, 0xfc,
    0x1e, 0x99, 0xf5, 0x0, 0x7f, 0xf4, 0xd1, 0x9b,
    0xc6, 0x1, 0xff, 0xc0, 0x58, 0xaa, 0xc4, 0x1,
    0xff, 0xd3, 0xca, 0x75, 0x5c, 0x1, 0xf9, 0x40,
    0x3f, 0xf8, 0x8a, 0x1, 0xca, 0x60, 0x1f, 0xfc,
    0x2b, 0x50, 0xf, 0xfe, 0x12, 0x58, 0x7, 0x68,
    0x7, 0xff, 0x3, 0x80, 0x3, 0x5f, 0xdd, 0x28,
    0x7, 0x77, 0x5f, 0x62, 0x1, 0xc4, 0x1, 0xff,
    0xb, 0x80, 0x70, 0x8c, 0x60, 0x18, 0x47, 0x0,
    0x7e, 0x10, 0xc, 0x24, 0x58, 0xdb, 0x4, 0x0,
    0x2f, 0x33, 0x90, 0x3, 0xc, 0xce, 0x84, 0x0,
    0xe6, 0x0, 0xd5, 0xbb, 0xb2, 0x48, 0x0, 0x7d,
    0xc, 0xd8, 0x80, 0x39, 0x9b, 0x3d, 0xc0, 0x6,
    0x30, 0xc, 0xe0, 0x1f, 0xd0, 0x1, 0xff, 0xc6,
    0x71, 0x0, 0x84, 0x3, 0x10, 0x7, 0xf2, 0x80,
    0x7f, 0xf1, 0xc8, 0x0, 0x40, 0x1f, 0xfd, 0x77,
    0x0, 0x30, 0x7, 0x77, 0xff, 0x73, 0x80, 0x7d,
    0xde, 0xc0, 0x18, 0x7f, 0xc0, 0x1f, 0x88, 0x3,
    0xfe, 0x18, 0x50, 0xf, 0xfe, 0x60, 0x80, 0x7f,
    0xf0, 0x7c, 0x3, 0xff, 0x98, 0x40, 0x1f, 0xfc,
    0x11, 0x0, 0xf7, 0x7b, 0x0, 0x61, 0xff, 0x0,
    0x7e, 0x56, 0x0, 0xff, 0xe0, 0x8, 0x7, 0xff,
    0x25, 0xc0, 0x29, 0xfe, 0xdd, 0xd8, 0x1, 0xc6,
    0xa, 0x1, 0xff, 0xc7, 0x20, 0xe, 0x12, 0x2e,
    0x0, 0xe1, 0x8, 0x0, 0xff, 0xe3, 0x30, 0x80,
    0x7f, 0x88, 0x3, 0xbc, 0xf, 0x61, 0x95, 0x62,
    0x0, 0xe5, 0x52, 0x0, 0xe, 0x40, 0x3f, 0xe7,
    0x0, 0xe2, 0x0, 0x13, 0xcd, 0x54, 0x80, 0x18,
    0x6a, 0x8c, 0x0, 0x38, 0x0, 0xff, 0x88, 0x3,
    0x98, 0x3, 0xff, 0x86, 0x84, 0x1, 0x39, 0x0,
    0x7f, 0xb8, 0x3, 0x84, 0x3, 0xc2, 0x46, 0x1,
    0x85, 0xf4, 0x3, 0xa0, 0x3, 0xfc, 0x60, 0x1c,
    0x43, 0x3b, 0xff, 0x76, 0xa8, 0x7, 0x43, 0x0,
    0x72, 0x90, 0x7, 0x84, 0xa1, 0x0, 0x31, 0x5,
    0x31, 0x0, 0x7f, 0xf1, 0xe0, 0x3, 0x16, 0xf6,
    0xb8, 0x7, 0x20, 0x20, 0x7, 0xff, 0x25, 0x40,
    0x34, 0x10, 0x7, 0xec, 0x0, 0xff, 0xe6, 0x8,
    0x4, 0xc0, 0x1f, 0x89, 0x41, 0x80, 0x3f, 0xf8,
    0x2, 0x46, 0xaa, 0x0, 0xc2, 0x20, 0x9, 0x0,
    0x3e, 0x2f, 0x0, 0x4d, 0x33, 0x1e, 0x26, 0xb3,
    0x7b, 0xfd, 0xdb, 0x95, 0x45, 0x0, 0xd, 0x0,
    0x68, 0x61, 0x0, 0xa, 0x4e, 0x90, 0x4, 0xb3,
    0x28, 0x76, 0x53, 0x21, 0x0, 0xfa, 0xb7, 0x5c,
    0x80, 0x1d, 0x3d, 0xfe, 0xeb, 0x60, 0xf, 0xfe,
    0x59, 0x10, 0x2,

    /* U+626C "扬" */
    0x0, 0xfc, 0x40, 0x1f, 0xfd, 0x89, 0xfd, 0xe3,
    0x0, 0xff, 0xe1, 0x89, 0x1a, 0x24, 0x1, 0xff,
    0xc0, 0x46, 0x0, 0xf, 0x80, 0x71, 0xbd, 0x5e,
    0x63, 0x7b, 0xfd, 0xdb, 0x97, 0x77, 0xc0, 0x7,
    0xf8, 0xc0, 0x31, 0x80, 0x66, 0xc8, 0x54, 0x33,
    0x10, 0x80, 0x7f, 0x3b, 0x80, 0x3f, 0xbc, 0x3,
    0x84, 0x2, 0xb0, 0xf, 0xfe, 0x35, 0x0, 0x7f,
    0xf1, 0xc8, 0x3, 0xff, 0xb4, 0x80, 0x1f, 0xfc,
    0x6b, 0x0, 0xff, 0xe3, 0xd2, 0x88, 0x7, 0xff,
    0xd, 0x98, 0x1, 0xe5, 0xbd, 0x70, 0xe, 0xfc,
    0x60, 0x1a, 0xef, 0xfe, 0x80, 0xf, 0xd1, 0x20,
    0x1e, 0x4a, 0x42, 0x0, 0xf0, 0x9c, 0xb0, 0x7,
    0x86, 0xa0, 0x3, 0xc3, 0x6e, 0x1, 0xf6, 0x0,
    0x7f, 0xf0, 0x34, 0x3, 0x93, 0xd4, 0x3, 0xc9,
    0xe8, 0x1, 0xfb, 0xc0, 0x3f, 0xf8, 0x2, 0x1,
    0xc, 0xd8, 0x80, 0x7a, 0x6c, 0x40, 0x3f, 0x98,
    0x80, 0x3f, 0xc3, 0x0, 0x6, 0xf6, 0x0, 0xf1,
    0xeb, 0x0, 0x7f, 0xc3, 0xb7, 0x26, 0x1, 0xd1,
    0x7c, 0x44, 0xd9, 0x10, 0xf, 0x8f, 0x7f, 0xff,
    0x62, 0x0, 0x64, 0x64, 0x0, 0xe6, 0x40, 0x1,
    0x90, 0x7, 0xff, 0x1c, 0xec, 0x40, 0x3f, 0xf8,
    0x62, 0xc0, 0x1f, 0xfc, 0x94, 0x0, 0xff, 0xe2,
    0x40, 0x7, 0xff, 0x24, 0xc0, 0x3f, 0xf8, 0x83,
    0x0, 0x1f, 0xfc, 0x83, 0x0, 0xff, 0xb3, 0xac,
    0x40, 0xb, 0xa, 0x1, 0xcc, 0xc0, 0xe, 0x50,
    0xe, 0x10, 0xc, 0x88, 0x0, 0xe2, 0x14, 0xb0,
    0x1, 0x39, 0x80, 0x63, 0x91, 0x0, 0xc7, 0xe0,
    0x1c, 0xe0, 0x8, 0xfb, 0x30, 0xf, 0xce, 0x1,
    0xb, 0x0, 0x6a, 0x5, 0x0, 0xd4, 0x60, 0x1c,
    0x20, 0x8e, 0x1, 0xff, 0x30, 0x4, 0xc0, 0x18,
    0x58, 0x88, 0x1, 0x9c, 0x40, 0x38, 0xc0, 0xc0,
    0x3f, 0xe3, 0xa0, 0xa, 0x40, 0x34, 0x5, 0x0,
    0x63, 0x1f, 0x0, 0xe1, 0x4, 0x0, 0xfe, 0x7d,
    0xc1, 0x0, 0x40, 0x80, 0x46, 0xc0, 0xc0, 0x1a,
    0x40, 0x40, 0x30, 0x80, 0xd, 0x40, 0x3f, 0x49,
    0x0, 0x46, 0xe0, 0x1b, 0xc1, 0x44, 0x2, 0x15,
    0x2, 0x0, 0xc4, 0x1, 0x56, 0xe9, 0x80, 0x3f,
    0x97, 0x0, 0x34, 0x18, 0x48, 0x6, 0x60, 0x3,
    0x80, 0x67, 0x0, 0xc4, 0x41, 0x0, 0xfc, 0xb4,
    0x1, 0x8d, 0xc1, 0xc, 0x3, 0x48, 0x0, 0x80,
    0x31, 0x0, 0x7f, 0xf0, 0xf8, 0x3, 0xe, 0x80,
    0x20, 0x3, 0x30, 0x80, 0x4, 0x3, 0x70, 0x7,
    0xff, 0xc, 0xc0, 0x36, 0x88, 0x31, 0x80, 0x68,
    0x0, 0x8, 0x7, 0x10, 0x7, 0xff, 0xe, 0x14,
    0x57, 0x4c, 0x6, 0x40, 0x34, 0x8, 0x0, 0xc0,
    0x39, 0x80, 0x3f, 0xf8, 0x95, 0xd4, 0x40, 0xc,
    0x0, 0xc4, 0xe0, 0x13, 0x80, 0x71, 0x80, 0x7f,
    0xf2, 0x70, 0x80, 0x37, 0x0, 0x69, 0x0, 0xc4,
    0x1, 0xc9, 0x2c, 0x1, 0xff, 0xc0, 0x3d, 0x30,
    0xd, 0x26, 0x2, 0x56, 0x60, 0x19, 0xc0, 0x31,
    0x5b, 0x8, 0x7, 0x8, 0x7, 0x46, 0x10, 0x6,
    0x66, 0xe, 0xf6, 0xa0, 0x7, 0x68, 0x6, 0x40,
    0xf, 0x88, 0x3, 0x99, 0xc0, 0x39, 0x64, 0x20,
    0x80, 0x3f, 0x28, 0x6, 0x10, 0xf, 0xa8, 0x3,
    0xb0, 0x3, 0x9a, 0x80, 0x4, 0x1, 0xf9, 0xc8,
    0x3, 0x20, 0x7, 0x95, 0xc0, 0x3b, 0xc0, 0x35,
    0x48, 0x5, 0x80, 0x1f, 0x24, 0x0, 0x71, 0xd1,
    0x80, 0xa5, 0xd0, 0x7, 0x96, 0x51, 0xf9, 0x40,
    0x33, 0xb8, 0x80, 0x49, 0x62, 0xc0, 0x3e, 0x5c,
    0xfe, 0xb4, 0x0, 0xfc, 0xd7, 0x2, 0x1, 0xe8,
    0xdf, 0xed, 0xa7, 0x0, 0xe0,

    /* U+6307 "指" */
    0x0, 0xfc, 0x42, 0x1, 0xfc, 0x44, 0x0, 0xff,
    0xe6, 0x9f, 0x6f, 0x50, 0x7, 0x8b, 0x77, 0x8,
    0x7, 0xff, 0x2f, 0xc4, 0x0, 0xaa, 0x0, 0xe8,
    0x20, 0x1, 0x40, 0x7, 0xe4, 0x40, 0x7, 0xff,
    0x4, 0xc0, 0x36, 0x80, 0x73, 0x80, 0x65, 0x0,
    0xe2, 0x8e, 0xbb, 0x68, 0x7, 0xff, 0x14, 0x40,
    0x38, 0xc0, 0x30, 0x80, 0xd, 0xf3, 0x5c, 0x40,
    0x4, 0xe0, 0x1f, 0xe1, 0x0, 0xe3, 0x0, 0xff,
    0x15, 0x76, 0x41, 0x80, 0x7b, 0x40, 0x3f, 0xfa,
    0xa, 0x20, 0x1f, 0xd8, 0x1, 0xff, 0xda, 0x86,
    0x0, 0xfa, 0x37, 0xf8, 0x3, 0x97, 0xf1, 0x0,
    0x3f, 0xf8, 0x44, 0xd5, 0xee, 0x1, 0xf3, 0xb8,
    0x80, 0x3f, 0x8e, 0xc4, 0x3, 0xf9, 0x1e, 0xbb,
    0x65, 0x40, 0x4, 0x64, 0x1, 0xb0, 0x3, 0xff,
    0x82, 0xa0, 0x1e, 0x1d, 0xfb, 0x85, 0x10, 0xc,
    0xbb, 0x9b, 0x82, 0x0, 0x20, 0xf, 0xfe, 0xb,
    0x0, 0x7c, 0x40, 0x1f, 0xd8, 0x1, 0x1c, 0x80,
    0x2c, 0x80, 0x3f, 0xe6, 0x20, 0x30, 0xc, 0x26,
    0x1, 0xf9, 0x18, 0x3, 0x10, 0x0, 0xb7, 0x2a,
    0x40, 0x38, 0xef, 0x64, 0x0, 0x20, 0x1d, 0x9f,
    0xff, 0xac, 0x3, 0x8c, 0x3, 0x1a, 0xb8, 0x7,
    0x32, 0x10, 0x4, 0x80, 0x1f, 0xfc, 0x8c, 0x0,
    0xff, 0xe3, 0x58, 0x7, 0xff, 0x1c, 0x94, 0x3,
    0xff, 0x8c, 0x6c, 0x1, 0xff, 0xc5, 0x1f, 0x0,
    0xff, 0xe4, 0x4d, 0x20, 0x7, 0xff, 0x4, 0x5b,
    0xc8, 0x3, 0xff, 0x82, 0x99, 0xb0, 0x1, 0x96,
    0xff, 0xb3, 0x17, 0x7e, 0xcc, 0x6f, 0x48, 0x80,
    0x7e, 0x50, 0xe, 0x13, 0x27, 0x60, 0xf, 0x9,
    0x99, 0x13, 0xc6, 0x62, 0x0, 0xfc, 0x97, 0xf6,
    0x1, 0xfd, 0xa0, 0x9, 0xef, 0xff, 0xfe, 0x16,
    0xb8, 0x7, 0x2d, 0xa0, 0x7, 0xfc, 0x21, 0x2c,
    0x20, 0x1f, 0xfc, 0x22, 0x85, 0x0, 0xdc, 0x1,
    0xff, 0xc0, 0x18, 0x7, 0x0, 0xff, 0xe3, 0x70,
    0x6, 0x10, 0xf, 0xf2, 0x4f, 0x90, 0x8, 0x7,
    0xff, 0x19, 0x80, 0x37, 0x0, 0x7f, 0x2d, 0xb0,
    0x80, 0x7c, 0x48, 0x9f, 0x80, 0x3f, 0xc9, 0x48,
    0xac, 0x1, 0xff, 0xc4, 0xab, 0xbf, 0xc2, 0x1,
    0xfe, 0x5b, 0xa8, 0x0, 0xff, 0xe2, 0x63, 0xbf,
    0xe1, 0x0, 0xff, 0xe9, 0x24, 0x47, 0xe0, 0xf,
    0xff, 0xf8, 0x7, 0xff, 0xfc, 0x23, 0xff, 0xf0,
    0x80, 0x7f, 0xf1, 0xcc, 0x3, 0xfd, 0x91, 0x1f,
    0x84, 0x3, 0xff, 0x80, 0x8c, 0x1, 0xff, 0xc4,
    0x47, 0x7f, 0xc0, 0x1f, 0xf0, 0xf5, 0xc0, 0x7,
    0x8, 0x7, 0xff, 0x49, 0x84, 0x3, 0xed, 0x0,
    0xff, 0xe6, 0x8, 0x7, 0x78, 0x7, 0xc2, 0xa0,
    0x1c, 0x20, 0x1f, 0xfc, 0x67, 0x0, 0xec, 0x0,
    0xf0, 0xe8, 0x7, 0x90, 0x3, 0x4f, 0xff, 0xe2,
    0x0, 0xdc, 0x1, 0xc9, 0x46, 0x22, 0x49, 0xe3,
    0x0, 0xf5, 0xa0, 0xa, 0xb0, 0x7, 0xee, 0x53,
    0x4a, 0x50, 0x8,

    /* U+6570 "数" */
    0x0, 0xfe, 0x12, 0x0, 0xff, 0xe9, 0x9, 0x80,
    0x4d, 0xdb, 0xc6, 0x0, 0x14, 0x10, 0xe, 0x3b,
    0xc8, 0x0, 0xff, 0xe0, 0xbf, 0x64, 0x0, 0x24,
    0x0, 0x3e, 0x5, 0xf7, 0xca, 0x1, 0xb5, 0xd,
    0xdc, 0x1, 0xff, 0xc0, 0x80, 0x3, 0x91, 0x0,
    0x31, 0x84, 0x88, 0x2, 0x40, 0x24, 0x10, 0xa,
    0xc0, 0x3f, 0xf8, 0x94, 0x20, 0x1e, 0x40, 0x9,
    0xc0, 0x23, 0x0, 0xff, 0xe2, 0xa0, 0x4, 0x4e,
    0x1, 0xc2, 0x1, 0xb4, 0x2, 0xe0, 0xc, 0xc0,
    0x1f, 0xfc, 0x9, 0x10, 0x19, 0x0, 0xf0, 0xc0,
    0x1, 0x18, 0x2, 0x50, 0xd, 0x80, 0x1f, 0xfc,
    0x18, 0x68, 0x6c, 0x0, 0xe5, 0x29, 0x7f, 0x10,
    0x8, 0x80, 0x32, 0x80, 0x7f, 0x87, 0x75, 0x2d,
    0x34, 0xe0, 0x1d, 0x54, 0x97, 0xbe, 0x90, 0x11,
    0x0, 0x6c, 0xff, 0xfb, 0x54, 0x24, 0x80, 0x3f,
    0xf8, 0xac, 0x4a, 0x1, 0xff, 0xc1, 0x2a, 0x2f,
    0x0, 0xff, 0xe3, 0x9e, 0x0, 0x7f, 0xf0, 0xdd,
    0xc8, 0x1, 0xff, 0xc5, 0x81, 0x30, 0xf, 0xfe,
    0x2d, 0xf6, 0xd8, 0x80, 0x7f, 0xc, 0xef, 0xb8,
    0x20, 0x7, 0xff, 0x8, 0x94, 0x0, 0x25, 0x2,
    0x1, 0xfc, 0x32, 0xc0, 0x5, 0x0, 0xe5, 0xaa,
    0x30, 0x7, 0x5e, 0x80, 0x6a, 0x30, 0xf, 0xfe,
    0x4, 0x80, 0x24, 0x3, 0xca, 0xa1, 0x0, 0xc4,
    0x80, 0x19, 0x14, 0x3, 0xf8, 0x80, 0x21, 0x4,
    0x30, 0xe, 0x70, 0x1, 0x0, 0x67, 0x0, 0xe3,
    0x0, 0xcc, 0x1, 0x87, 0x14, 0x1, 0xe1, 0x20,
    0x1e, 0x21, 0x6, 0x0, 0xc4, 0x1, 0xf8, 0xb6,
    0x0, 0x32, 0x8d, 0x77, 0x9c, 0x10, 0x7, 0xc8,
    0x6, 0x1, 0xb4, 0x3, 0x99, 0x23, 0x48, 0x64,
    0x0, 0x52, 0x0, 0x10, 0x3, 0x0, 0x7e, 0xf3,
    0x0, 0xe7, 0x0, 0xe1, 0xb7, 0x0, 0x47, 0xd7,
    0x69, 0x0, 0x71, 0x80, 0x7e, 0x44, 0x0, 0x71,
    0x0, 0x7f, 0x53, 0xb5, 0x61, 0x80, 0x7b, 0x84,
    0x0, 0xe0, 0x18, 0x64, 0x3, 0x20, 0x7, 0x96,
    0x6a, 0xd4, 0x2, 0x2e, 0xbb, 0x65, 0xd3, 0x17,
    0xcd, 0x42, 0x80, 0x61, 0x0, 0xd8, 0x1, 0xd1,
    0x4c, 0xa8, 0x1, 0xc4, 0x88, 0x34, 0x59, 0xc1,
    0x65, 0xf, 0x0, 0xfe, 0x50, 0xe, 0x50, 0xf,
    0xfe, 0x21, 0x0, 0x64, 0x0, 0xfc, 0x24, 0x1,
    0xc2, 0x1, 0xff, 0xc4, 0x10, 0xc, 0x28, 0x1,
    0xf3, 0x0, 0x7b, 0xcc, 0x3, 0xff, 0x86, 0xa0,
    0x1d, 0xc0, 0x1f, 0x50, 0x7, 0x8f, 0xc, 0x3,
    0x17, 0x7f, 0xa8, 0x3, 0xb8, 0x3, 0x94, 0x40,
    0x38, 0xc8, 0x3, 0xe5, 0x30, 0xc, 0xe2, 0x3,
    0x60, 0x18, 0xd4, 0x3, 0xc6, 0x1, 0xce, 0x1,
    0xfb, 0x80, 0x39, 0x75, 0xf0, 0x40, 0x37, 0x0,
    0x79, 0x88, 0x3, 0x91, 0x0, 0x1f, 0x18, 0x7,
    0x8a, 0x8, 0x3, 0x41, 0x0, 0x71, 0x48, 0x7,
    0xd4, 0x20, 0x1e, 0x8d, 0x60, 0xf, 0xf2, 0xb8,
    0x7, 0xe, 0x0, 0x7e, 0x1b, 0x0, 0xf8, 0xa7,
    0x54, 0x3, 0xf1, 0x0, 0x70, 0xe0, 0x80, 0x7f,
    0x2b, 0x80, 0x7c, 0x76, 0xa0, 0x1f, 0x9d, 0x0,
    0x26, 0xf2, 0x0, 0xc2, 0xa0, 0x1d, 0x14, 0x1,
    0x97, 0x71, 0x80, 0x3f, 0xc2, 0x5, 0xb2, 0x20,
    0x1d, 0x54, 0x20, 0xe, 0x59, 0x0, 0x3d, 0x10,
    0x7, 0xc6, 0x1, 0xa, 0x87, 0x90, 0x7, 0xa5,
    0x3, 0xc0, 0x3c, 0x80, 0x8, 0x0, 0xf8, 0x6f,
    0x35, 0x99, 0x80, 0x2, 0x0, 0xf4, 0xb0, 0x0,
    0xac, 0x3, 0x9c, 0x3, 0xf9, 0xf9, 0x0, 0xa6,
    0x44, 0x0, 0x20, 0xe, 0xb6, 0x0, 0xc9, 0x40,
    0x1a, 0x0, 0xe, 0x1, 0xb, 0xf4, 0x0, 0x7f,
    0x70, 0x80, 0x1b, 0x90, 0x3, 0xcb, 0xd3, 0x1a,
    0x40, 0x8, 0xca, 0xde, 0x81, 0x0, 0xff, 0x1f,
    0x6f, 0xc8, 0x80, 0x7e, 0x16, 0x72, 0x0, 0xc6,
    0xa4, 0x1, 0xff, 0xc3, 0x20, 0xf, 0xfe, 0x28,

    /* U+6574 "整" */
    0x0, 0xfc, 0x2a, 0xc8, 0x1, 0xff, 0xd6, 0xfa,
    0x9b, 0xc0, 0xf, 0xf0, 0xd6, 0x40, 0x7, 0xff,
    0x0, 0xab, 0x7b, 0xb0, 0x80, 0x47, 0xdd, 0x6e,
    0x38, 0x6, 0xd5, 0x37, 0xb0, 0xf, 0xfb, 0x14,
    0x84, 0x70, 0x7, 0x8, 0xc4, 0x70, 0xa0, 0x2,
    0x30, 0x9, 0x0, 0x3f, 0xe1, 0x0, 0xff, 0xe2,
    0x98, 0x2, 0xc0, 0x30, 0xc4, 0x79, 0xd0, 0x2,
    0xb2, 0x0, 0xff, 0xe1, 0xab, 0x1, 0x30, 0x6,
    0x17, 0x7f, 0x45, 0xe0, 0x1, 0x37, 0xfb, 0xac,
    0x0, 0xee, 0xed, 0xf4, 0x0, 0xe0, 0xf, 0xfe,
    0x11, 0x90, 0x0, 0x67, 0x3f, 0xb0, 0x3, 0xbb,
    0x9f, 0x92, 0x21, 0x26, 0x1, 0xff, 0xc3, 0x30,
    0x6, 0xb1, 0x8, 0x7, 0xf0, 0x93, 0x53, 0x30,
    0x3, 0xff, 0x84, 0x32, 0x20, 0x46, 0x1, 0xff,
    0xc3, 0x48, 0x0, 0xf4, 0xff, 0x0, 0x75, 0x73,
    0x0, 0x18, 0x3, 0x44, 0x0, 0x3a, 0x90, 0x3,
    0x8, 0x7, 0xa0, 0xa4, 0x3, 0xa, 0x80, 0x7f,
    0x2a, 0x80, 0x30, 0xa9, 0x80, 0x63, 0x0, 0xf0,
    0xfb, 0x80, 0x67, 0x0, 0xe7, 0x0, 0xdb, 0xa0,
    0xc, 0x3e, 0xe0, 0x1b, 0x98, 0x0, 0x20, 0x11,
    0x0, 0x75, 0x0, 0x71, 0x88, 0x7, 0xff, 0xc,
    0x4a, 0x7b, 0x96, 0x1, 0xf9, 0x4c, 0x3, 0xd6,
    0x1, 0xff, 0xc2, 0x1a, 0x0, 0x8, 0x95, 0x80,
    0x3e, 0xb0, 0xf, 0x97, 0xe8, 0x40, 0x3e, 0x50,
    0x3, 0x72, 0x0, 0x61, 0x20, 0xf, 0xa0, 0x40,
    0x3e, 0x7a, 0x10, 0xf, 0xb, 0x0, 0x1a, 0x80,
    0x22, 0x9e, 0x40, 0xf, 0x9b, 0xa0, 0x80, 0x35,
    0x40, 0x7, 0xf3, 0x0, 0x4b, 0x51, 0xba, 0x60,
    0xf, 0xf9, 0xf6, 0x0, 0x6, 0xa0, 0x18, 0x80,
    0x31, 0x52, 0x80, 0xe, 0xd0, 0x80, 0x3e, 0x40,
    0xf, 0x8c, 0x0, 0xe0, 0x19, 0xf4, 0x40, 0x24,
    0xa, 0xcb, 0xc1, 0xc2, 0x0, 0xe3, 0xdb, 0xa1,
    0x0, 0xe3, 0x0, 0x21, 0x81, 0xe4, 0x6, 0xaa,
    0x44, 0x0, 0x6, 0x80, 0x17, 0x80, 0x45, 0x58,
    0x40, 0xbe, 0xe0, 0x1a, 0x80, 0x2c, 0xf8, 0x48,
    0x85, 0x91, 0xfc, 0x47, 0xea, 0x53, 0x55, 0x6c,
    0x46, 0x90, 0x88, 0x57, 0x10, 0x6, 0xab, 0x87,
    0x7f, 0xfe, 0x1a, 0x9a, 0xbb, 0xfe, 0x88, 0x10,
    0x80, 0x72, 0x80, 0x7f, 0xf4, 0xa4, 0x3, 0xff,
    0xb2, 0x40, 0x1e, 0xb2, 0x0, 0xff, 0xe8, 0x1f,
    0x0, 0x79, 0x37, 0xfb, 0xbf, 0xc0, 0x1c, 0x7d,
    0xdf, 0xef, 0xc2, 0x0, 0xfe, 0x10, 0x44, 0x0,
    0x8f, 0x0, 0x70, 0xaa, 0xf8, 0x80, 0x44, 0x1,
    0xff, 0xc0, 0x2f, 0xaa, 0x78, 0x80, 0x7f, 0x15,
    0xdf, 0xb3, 0xac, 0x3, 0xff, 0x83, 0x62, 0x0,
    0x19, 0x0, 0xff, 0xe3, 0x22, 0x80, 0x7f, 0xf0,
    0x14, 0x3, 0x10, 0x7, 0xff, 0x1d, 0x80, 0x3f,
    0xf8, 0xa2, 0x1, 0xff, 0xc4, 0x13, 0x93, 0x0,
    0xff, 0xe7, 0xa7, 0xff, 0xbb, 0x18, 0x3, 0xf1,
    0x4d, 0xe6, 0xc, 0x3, 0x26, 0x65, 0xa0, 0x1c,
    0x99, 0x9f, 0xfc, 0xb, 0x93, 0x1, 0xd6, 0x43,
    0x30, 0x7, 0x8c, 0xe2, 0x0, 0xf1, 0x9f, 0xff,
    0x1, 0x1b, 0x9, 0x40, 0x3f, 0xfb, 0xe, 0xc0,
    0x1f, 0xfd, 0x87, 0x2b, 0x31, 0x0, 0xff, 0xe9,
    0x9, 0xd1, 0x0,

    /* U+6674 "晴" */
    0x0, 0xff, 0xe5, 0xcf, 0x7d, 0x90, 0x7, 0xff,
    0x4d, 0x98, 0x20, 0x9c, 0x1, 0xff, 0xc1, 0x11,
    0xe0, 0xf, 0xc4, 0x67, 0xb4, 0x3, 0x19, 0xf8,
    0x80, 0x33, 0x77, 0xf7, 0x77, 0xd8, 0x80, 0x53,
    0xfb, 0x99, 0x90, 0x3, 0xb3, 0x3b, 0x78, 0xc0,
    0xe4, 0x40, 0x3e, 0x4a, 0x0, 0x1b, 0x0, 0x7f,
    0xf1, 0x86, 0x2, 0xc0, 0x3f, 0xc8, 0x0, 0x20,
    0xf, 0xfe, 0x41, 0x0, 0x80, 0x7f, 0xc2, 0x3,
    0x8a, 0x66, 0x22, 0x80, 0x3c, 0x45, 0x8d, 0x22,
    0x40, 0x3f, 0xf8, 0x87, 0x59, 0x9c, 0x80, 0x1d,
    0x99, 0xd6, 0xe0, 0x1f, 0x77, 0xa0, 0x7, 0xe8,
    0xef, 0xee, 0x90, 0x3, 0xbb, 0xb7, 0xea, 0x80,
    0x7f, 0xf1, 0x4d, 0xc4, 0x3, 0xff, 0x86, 0x56,
    0x1, 0xff, 0xc5, 0x20, 0xf, 0xfe, 0x31, 0x0,
    0x7f, 0xf1, 0x47, 0x5d, 0x51, 0x21, 0x0, 0xe4,
    0x4c, 0xb1, 0xa0, 0x1f, 0xfc, 0x63, 0xa8, 0x99,
    0x94, 0x3, 0xa6, 0x74, 0x28, 0x80, 0x7f, 0xf1,
    0x1f, 0xb9, 0xbb, 0xc8, 0x1, 0xdb, 0xbe, 0xfc,
    0x20, 0xe, 0xba, 0x50, 0xe, 0x28, 0x10, 0xf,
    0xfe, 0x39, 0xc8, 0x7, 0x2a, 0x84, 0x3, 0x8c,
    0x3, 0xff, 0x94, 0x20, 0x1f, 0xfc, 0x11, 0xb4,
    0x11, 0x0, 0x7f, 0xf0, 0xc4, 0x9a, 0xc0, 0x3f,
    0xf8, 0x49, 0x7d, 0xcf, 0xff, 0xfe, 0x1f, 0x6c,
    0x88, 0x7, 0xff, 0x10, 0xaf, 0xff, 0xff, 0x87,
    0x64, 0x1, 0xf6, 0x71, 0x80, 0x7e, 0xf4, 0x0,
    0xff, 0xe1, 0xa7, 0x0, 0x7c, 0x42, 0xe0, 0x1f,
    0x11, 0x0, 0x3f, 0xf8, 0xa6, 0x20, 0x1f, 0xfc,
    0x46, 0x0, 0xff, 0xe3, 0x90, 0x7, 0xff, 0x2b,
    0xbf, 0xfe, 0xc0, 0xf, 0xfe, 0x85, 0x5d, 0xfd,
    0xe0, 0x1f, 0xfd, 0x4, 0x4f, 0xc6, 0x1, 0xff,
    0xc0, 0x97, 0x60, 0xf, 0xfe, 0xb3, 0xc1, 0x0,
    0x7f, 0xf7, 0x44, 0x3, 0xf7, 0x7f, 0xfd, 0x80,
    0x1f, 0xfc, 0x61, 0x0, 0xfe, 0xab, 0xbf, 0xbc,
    0x3, 0xff, 0x8d, 0x0, 0x1f, 0xc8, 0x9f, 0x8c,
    0x3, 0xff, 0x80, 0xcd, 0x3c, 0x63, 0x0, 0x7f,
    0xf3, 0x44, 0x3, 0x4c, 0xd0, 0xe6, 0x1, 0xff,
    0xce, 0xc0, 0x8, 0xc0, 0x3f, 0xf8, 0x9d, 0xff,
    0xf6, 0x0, 0x7c, 0x8e, 0x27, 0xe0, 0x1f, 0xfc,
    0xa4, 0x88, 0x0, 0x70, 0x80, 0x23, 0xb0, 0xc0,
    0x3f, 0xf8, 0x82, 0x1, 0x92, 0xdd, 0x0, 0x38,
    0xc0, 0x3f, 0xf8, 0x8c, 0x1, 0xfe, 0xc0, 0xf,
    0x8c, 0x40, 0x3f, 0xf8, 0x84, 0x20, 0x12, 0x0,
    0x77, 0x0, 0x78, 0x78, 0x3, 0xff, 0x8d, 0xa4,
    0x9, 0x40, 0x1c, 0xd0, 0x40, 0x29, 0x3e, 0x40,
    0x0,

    /* U+66B4 "暴" */
    0x0, 0xe7, 0xdf, 0xff, 0xfe, 0x4f, 0x63, 0x0,
    0x7f, 0x9e, 0x8, 0x3, 0xff, 0x92, 0x27, 0x2c,
    0x1, 0xfd, 0x60, 0x1f, 0xfc, 0xed, 0x0, 0xfe,
    0x20, 0xc, 0x28, 0x9f, 0xfc, 0x40, 0xe, 0x60,
    0xf, 0xfe, 0x11, 0x77, 0x7f, 0xf1, 0x0, 0x38,
    0xc0, 0x3f, 0xf8, 0x47, 0x55, 0xff, 0xc4, 0x0,
    0xff, 0xff, 0x80, 0x7f, 0xf1, 0xd3, 0xff, 0xff,
    0x87, 0xc0, 0x1f, 0xfc, 0x84, 0xff, 0xff, 0xe1,
    0xf0, 0x7, 0x18, 0x7, 0xf2, 0x80, 0x7f, 0xf3,
    0x98, 0x3, 0xfb, 0xc0, 0x3f, 0xf9, 0xd0, 0x1,
    0xfc, 0x98, 0xea, 0x80, 0x1e, 0x44, 0xf0, 0x7,
    0x91, 0x5f, 0x4c, 0x3, 0xfc, 0x55, 0x12, 0x40,
    0x18, 0x66, 0x7c, 0x1, 0xc5, 0x31, 0x46, 0x1,
    0xf8, 0xb3, 0xfb, 0x76, 0x20, 0xc, 0x3b, 0xbe,
    0x0, 0xe2, 0xdd, 0xbb, 0xf0, 0xc0, 0x3a, 0xc,
    0x3, 0xff, 0xa0, 0x7e, 0x1, 0xc2, 0x1, 0xff,
    0xd8, 0x93, 0x0, 0xff, 0xe8, 0x17, 0x80, 0x71,
    0x67, 0xee, 0xe2, 0x0, 0xc3, 0xbb, 0xe0, 0xe,
    0x2d, 0xdd, 0xda, 0x60, 0x18, 0xe2, 0x65, 0x77,
    0x88, 0x3, 0xd, 0xdf, 0x80, 0x38, 0xee, 0xf4,
    0x4b, 0x98, 0x1, 0xb1, 0xd9, 0xbc, 0x1, 0xe6,
    0x6f, 0x0, 0x70, 0xb3, 0x7a, 0x31, 0x43, 0x40,
    0x3f, 0xfa, 0xde, 0x6, 0x1, 0xff, 0xd6, 0xd0,
    0x87, 0x31, 0x10, 0x7, 0xf0, 0x8f, 0xe0, 0xf,
    0xf0, 0x9c, 0x38, 0x2, 0x33, 0xdc, 0x3, 0xe3,
    0xde, 0xe6, 0x45, 0xff, 0x73, 0xe4, 0x3, 0xf2,
    0x43, 0x80, 0x62, 0xf6, 0x0, 0xf2, 0xe1, 0x1,
    0x6c, 0xd6, 0x0, 0x4d, 0x46, 0x1, 0xe5, 0xbe,
    0x60, 0xa, 0x44, 0x3, 0x88, 0x16, 0x40, 0x16,
    0x1, 0x12, 0x80, 0x22, 0x9a, 0x4, 0x3, 0xc3,
    0x80, 0x13, 0x0, 0x42, 0xfa, 0x40, 0x6, 0x0,
    0x10, 0x6, 0xd0, 0x37, 0x5, 0xce, 0x80, 0xf,
    0x10, 0x4, 0xe0, 0x53, 0xd0, 0x1, 0x8c, 0x0,
    0xe0, 0x1e, 0x20, 0x9, 0x1, 0xfa, 0x4, 0x0,
    0x32, 0x1, 0x57, 0x6b, 0x0, 0x9, 0x40, 0xe8,
    0x80, 0x3e, 0x35, 0x80, 0x3, 0x0, 0x5, 0xfb,
    0x73, 0x84, 0x3, 0x8, 0x4, 0x90, 0xc0, 0x73,
    0xa8, 0x1, 0xcf, 0x97, 0x0, 0x38, 0x20, 0x18,
    0x8c, 0x3, 0xe1, 0xaf, 0xb7, 0x30, 0xd, 0x80,
    0x1f, 0xe1, 0xae, 0xc6, 0x0, 0xff, 0xb1, 0x40,
    0x3f, 0x88, 0x3, 0x18, 0x7, 0xc7, 0x38, 0x1,
    0xfc, 0x24, 0x1, 0xfc, 0xe2, 0x1, 0xaf, 0x5c,
    0x40, 0x3c, 0x64, 0x1, 0xf8, 0x4c, 0x3, 0x2d,
    0x78, 0x7, 0xe2, 0x24, 0x76, 0xb9, 0x0, 0x42,
    0x40, 0x1f, 0xd9, 0x10, 0xbf, 0xa5, 0x2, 0x0,
    0xf1, 0xa8, 0x4, 0x51, 0xb9, 0xf, 0x80, 0x1f,
    0xf3, 0xb9, 0x0, 0x37, 0xa0, 0x80, 0xa4, 0xe0,
    0x7, 0xc6, 0xf0, 0x40, 0x1e,

    /* U+672A "未" */
    0x0, 0xff, 0xe2, 0x15, 0xf7, 0x28, 0x40, 0x3f,
    0xfa, 0x9c, 0x82, 0x25, 0xa0, 0xf, 0xfe, 0xa1,
    0x80, 0x64, 0x0, 0xff, 0xe9, 0x88, 0x7, 0x84,
    0x3, 0xff, 0xa4, 0x60, 0x1f, 0xfc, 0xf4, 0x9b,
    0xbf, 0xdc, 0x1, 0xea, 0xbb, 0xfd, 0x2c, 0x1,
    0xfc, 0xd6, 0xc8, 0x9f, 0x8c, 0x3, 0xc8, 0x9f,
    0xcd, 0x34, 0x1, 0xfa, 0xc0, 0x3f, 0xfa, 0xa,
    0x1, 0xff, 0xda, 0x10, 0xf, 0x90, 0x3, 0xff,
    0xa0, 0x42, 0x1, 0xf4, 0x28, 0x7, 0xff, 0x39,
    0x3c, 0x3, 0xf0, 0xd7, 0xfb, 0xbb, 0xec, 0x0,
    0xf6, 0xf7, 0x7d, 0xfe, 0xb2, 0x0, 0xff, 0xe0,
    0x8, 0xfe, 0x0, 0xf1, 0x88, 0xfc, 0x1, 0xff,
    0xff, 0x0, 0xff, 0x9a, 0xb3, 0x3f, 0xef, 0x0,
    0xf6, 0x67, 0xff, 0x2, 0xdc, 0x2, 0x89, 0x53,
    0x3f, 0xf8, 0x80, 0x3c, 0x46, 0x7f, 0xf2, 0x45,
    0x80, 0x18, 0x3, 0xff, 0xac, 0x82, 0x1, 0xff,
    0xd9, 0x30, 0x40, 0xf, 0xfe, 0xb1, 0x10, 0x2d,
    0x88, 0x3, 0xff, 0xa4, 0x2b, 0xe0, 0x1, 0x9d,
    0xff, 0xfd, 0x80, 0x1f, 0xf0, 0xef, 0xff, 0xee,
    0xa2, 0x0, 0xff, 0xe0, 0x1e, 0x80, 0x7f, 0xc3,
    0xe2, 0x1, 0xff, 0xc9, 0x4c, 0x10, 0xf, 0xfe,
    0x1, 0x60, 0x80, 0x7f, 0xf1, 0xde, 0xc0, 0x3f,
    0xf8, 0x65, 0x82, 0x1, 0xff, 0xc5, 0xa8, 0x0,
    0xff, 0xe2, 0x97, 0x98, 0x7, 0xff, 0x8, 0xf5,
    0x40, 0x3c, 0x20, 0x1e, 0x20, 0xe, 0x1c, 0x60,
    0xf, 0xfe, 0x4, 0x61, 0x0, 0x78, 0x68, 0x3,
    0xde, 0x40, 0x1e, 0x99, 0x0, 0x7f, 0x16, 0x38,
    0x7, 0xc3, 0x8c, 0x1, 0xe3, 0xf1, 0x0, 0xf3,
    0x69, 0x80, 0x79, 0xb4, 0xc0, 0x3e, 0x1d, 0x20,
    0xf, 0xc5, 0xa2, 0x1, 0xe2, 0xc9, 0x0, 0xc9,
    0x20, 0x1f, 0x87, 0xc, 0x3, 0xfc, 0x7a, 0x20,
    0x1f, 0x37, 0x20, 0x3, 0x80, 0x3f, 0xe, 0x10,
    0x7, 0xff, 0x0, 0xf0, 0x40, 0x3e, 0x1e, 0x0,
    0x18, 0x7, 0xc9, 0xe4, 0x1, 0xff, 0xc2, 0x2f,
    0x30, 0xf, 0x88, 0x1, 0xa0, 0x1e, 0x7b, 0x10,
    0xf, 0xfe, 0x20, 0xe2, 0x80, 0x7a, 0x80, 0x8,
    0x80, 0x8, 0xf2, 0x0, 0x3c, 0x60, 0x1f, 0xfc,
    0x1a, 0xb1, 0x0, 0x98, 0x80, 0x2b, 0x97, 0xbc,
    0x30, 0xf, 0x84, 0x3, 0xc2, 0x1, 0xf2, 0x74,
    0xb4, 0xc8, 0x3, 0x9a, 0x10, 0x3, 0xfc, 0x80,
    0x19, 0x40, 0x3f, 0xcd, 0x2c, 0x1, 0xff, 0xc7,
    0xa5, 0x11, 0x2d, 0x80, 0x7f, 0xf1, 0x0,

    /* U+6781 "极" */
    0x0, 0xf8, 0x6b, 0xf5, 0x0, 0x3f, 0xfa, 0xf0,
    0xa0, 0x56, 0x1, 0xff, 0xd7, 0x40, 0xc, 0x60,
    0x18, 0xa2, 0xab, 0xff, 0x83, 0x2a, 0x1, 0xff,
    0xc1, 0x30, 0xc, 0xc0, 0x12, 0x6b, 0xaa, 0xff,
    0xf0, 0x5a, 0x9c, 0x3, 0xff, 0x93, 0xc0, 0x1f,
    0xfc, 0x5b, 0x0, 0xff, 0xe4, 0x98, 0x7, 0xff,
    0x15, 0xc0, 0x3f, 0xf9, 0x34, 0x1, 0xff, 0xc5,
    0x30, 0xf, 0xc5, 0x39, 0xc2, 0x1, 0xae, 0xca,
    0x7, 0xd4, 0xa0, 0x1c, 0xf1, 0x5, 0x0, 0xec,
    0x0, 0xfd, 0xec, 0x62, 0x1, 0xc2, 0x94, 0x80,
    0x2b, 0x80, 0x1d, 0xe, 0xed, 0x0, 0xe4, 0x0,
    0xf8, 0x88, 0x1, 0xff, 0x60, 0x4, 0x20, 0x18,
    0x40, 0x2d, 0x0, 0xc8, 0x1, 0xf8, 0xc0, 0x3f,
    0xf8, 0x1e, 0x1, 0x78, 0x6, 0x30, 0x9, 0x0,
    0x36, 0x0, 0x7e, 0x16, 0x0, 0xff, 0xb, 0x0,
    0x42, 0x1, 0x98, 0x0, 0x22, 0x0, 0xc8, 0x1,
    0xfd, 0x39, 0x2c, 0x1, 0xcb, 0x5c, 0x20, 0x11,
    0x80, 0x61, 0x0, 0x20, 0x7, 0x6f, 0x6c, 0xa0,
    0x7, 0x8d, 0xb0, 0x3, 0x99, 0x40, 0x39, 0x80,
    0x31, 0x0, 0x30, 0x3, 0x84, 0x44, 0xd6, 0xa0,
    0x1f, 0x78, 0x7, 0x1b, 0x80, 0x71, 0x0, 0x6f,
    0x0, 0x20, 0x7, 0xfb, 0xc0, 0x3e, 0x40, 0xf,
    0x41, 0x0, 0x61, 0x0, 0xc4, 0x0, 0x10, 0xf,
    0xfe, 0x29, 0x88, 0x7, 0xd2, 0x1, 0x8, 0x7,
    0x18, 0x3, 0xc8, 0x3, 0xf8, 0x80, 0x3d, 0x40,
    0x1f, 0x91, 0x40, 0xa, 0x1, 0xda, 0x0, 0x3d,
    0xfe, 0xe4, 0x80, 0x76, 0x80, 0x79, 0xc0, 0x3f,
    0xac, 0x0, 0x40, 0x1c, 0x84, 0x1, 0x84, 0x5a,
    0x1, 0xc8, 0x1, 0xc8, 0x20, 0x1f, 0xc2, 0xa1,
    0xe0, 0x1e, 0xb0, 0xf, 0x20, 0x6, 0x21, 0x0,
    0xef, 0x0, 0xf8, 0x40, 0x39, 0x40, 0x3c, 0xc6,
    0x1, 0x98, 0x3, 0xa8, 0x3, 0x89, 0x0, 0x3e,
    0x82, 0x6, 0x50, 0x30, 0xf, 0xbc, 0x3, 0x50,
    0x7, 0x28, 0x7, 0x58, 0x7, 0xe3, 0xdf, 0x90,
    0x30, 0xf, 0xc6, 0xe0, 0x4, 0x30, 0xc, 0x64,
    0x1, 0x89, 0x80, 0x3f, 0xf8, 0x2a, 0x1, 0xfd,
    0x8, 0x10, 0x1, 0xd2, 0x1, 0xd2, 0x1, 0xff,
    0xc2, 0xd0, 0xf, 0xf5, 0x39, 0x80, 0x62, 0x50,
    0xc, 0x48, 0x1, 0x8, 0x80, 0x3f, 0x90, 0x3,
    0x31, 0x0, 0x61, 0x80, 0xe, 0xb0, 0xf, 0xf3,
    0x80, 0x7f, 0x20, 0x7, 0x6f, 0x0, 0x7f, 0x89,
    0x80, 0x38, 0x94, 0x2, 0xa0, 0xf, 0xed, 0x0,
    0xe4, 0x37, 0x0, 0xfe, 0x90, 0xf, 0xaa, 0x0,
    0x8c, 0x3, 0xf9, 0xc0, 0x32, 0x0, 0x20, 0xc0,
    0x3e, 0x44, 0x0, 0x7e, 0x7e, 0xf0, 0xf, 0xe4,
    0x10, 0xd, 0xa0, 0x14, 0x80, 0x7c, 0xa6, 0x1,
    0xfc, 0x24, 0x1, 0xfd, 0xe0, 0x1c, 0xe0, 0x6,
    0xa0, 0xf, 0x87, 0x1c, 0x3, 0xff, 0x8c, 0xa8,
    0x1, 0x8c, 0x42, 0x64, 0x1, 0xfe, 0x8c, 0x20,
    0xf, 0xfe, 0x18, 0xd0, 0x7, 0x48, 0x3b, 0x0,
    0x7f, 0xf0, 0xf, 0x60, 0x3, 0xff, 0x85, 0x20,
    0x1c, 0x2a, 0x14, 0x1, 0xe2, 0x10, 0xf, 0x98,
    0x3, 0xff, 0x84, 0x40, 0x1d, 0x0, 0x1f, 0x9b,
    0x7c, 0xc0, 0x3c, 0x40, 0x1f, 0x88, 0x3, 0x34,
    0x80, 0x64, 0x60, 0x2, 0x80, 0x69, 0x90, 0xe,
    0x38, 0x7, 0x50, 0x7, 0xe4, 0x0, 0x84, 0xcd,
    0x64, 0xd, 0x60, 0x14, 0x18, 0x26, 0xb0, 0x6,
    0x8c, 0x30, 0x2, 0xb0, 0x7, 0xe9, 0x50, 0x2a,
    0x0, 0x26, 0xfc, 0x80, 0x76, 0x7d, 0x90, 0x7,
    0x8f, 0x3b, 0x94, 0x1, 0xfc, 0x35, 0xfa, 0x80,
    0x1f, 0xfc, 0xb1, 0x10, 0x4,

    /* U+6BDB "毛" */
    0x0, 0xff, 0xe7, 0x88, 0x7, 0xff, 0x59, 0x6f,
    0xfb, 0x44, 0x3, 0xff, 0xa0, 0x6f, 0x7f, 0x48,
    0x0, 0x2a, 0x0, 0xff, 0xe6, 0x1b, 0xdf, 0x64,
    0x20, 0x7, 0x90, 0x3, 0xff, 0x8e, 0x4b, 0x39,
    0xf9, 0x8, 0x20, 0x1f, 0xe1, 0x0, 0xff, 0xe0,
    0xa, 0x34, 0xe7, 0xed, 0x31, 0x80, 0x7f, 0xf0,
    0x90, 0x40, 0x3f, 0x9b, 0x3f, 0xae, 0x58, 0xc0,
    0x3f, 0xf8, 0xcf, 0x60, 0x1f, 0xd1, 0x26, 0x1,
    0xff, 0xc8, 0x48, 0xbf, 0x80, 0xf, 0xf2, 0x80,
    0x7f, 0xf1, 0x49, 0xa7, 0x7e, 0xdd, 0x0, 0x3f,
    0xf8, 0xc, 0x1, 0xff, 0xc4, 0x2d, 0x96, 0x20,
    0xf, 0xfe, 0x27, 0x80, 0x70, 0x9a, 0xc5, 0x40,
    0x7, 0xff, 0x39, 0x3a, 0xa9, 0x9d, 0xcc, 0xa7,
    0x53, 0x0, 0xff, 0xe0, 0x92, 0x34, 0x4b, 0x0,
    0x7e, 0x15, 0x51, 0x88, 0x7, 0xff, 0x1, 0x1a,
    0x2b, 0x3b, 0xf6, 0xe5, 0xda, 0x6c, 0x3, 0xff,
    0x86, 0x27, 0x80, 0x1c, 0x57, 0x2e, 0xa6, 0x20,
    0x1f, 0x21, 0x0, 0x7e, 0x46, 0x8a, 0xdf, 0xec,
    0x70, 0xf, 0xfe, 0x7a, 0xfd, 0xcb, 0xa9, 0x0,
    0x7f, 0xf2, 0xc8, 0x80, 0x1c, 0x34, 0x1, 0xff,
    0xcf, 0x27, 0xc0, 0xf, 0x10, 0x7, 0xff, 0x20,
    0x4d, 0x5e, 0x6f, 0xbf, 0x60, 0x40, 0x3c, 0x60,
    0x1f, 0xfc, 0x41, 0xac, 0xee, 0x65, 0x43, 0x20,
    0x80, 0x7f, 0xd0, 0x1, 0xc4, 0x8d, 0xe, 0x1,
    0xc6, 0xa6, 0x20, 0x1f, 0xfc, 0x67, 0xeb, 0xb6,
    0xfe, 0xdc, 0xbe, 0x0, 0x7f, 0xf0, 0x89, 0x1a,
    0x2a, 0xe4, 0xc0, 0x3c, 0x28, 0x82, 0x0, 0xff,
    0xe0, 0x12, 0x34, 0x56, 0x77, 0xed, 0xcb, 0xaa,
    0x36, 0x10, 0x7, 0xff, 0x4, 0x8c, 0x3, 0x8b,
    0x6e, 0x5d, 0x4c, 0x40, 0x3f, 0xa8, 0x3, 0x89,
    0x1a, 0x2b, 0x3b, 0xf6, 0x0, 0x3f, 0xf9, 0xd1,
    0xfb, 0x72, 0xea, 0x62, 0x1, 0xff, 0xcd, 0xa0,
    0x3, 0x38, 0x7, 0xff, 0x44, 0x4d, 0xb4, 0x80,
    0x1e, 0x1, 0xff, 0xcb, 0x24, 0x68, 0xac, 0xee,
    0x64, 0x90, 0x5, 0xc0, 0x1f, 0xfc, 0x68, 0xac,
    0xef, 0xdb, 0x97, 0x53, 0x10, 0xf, 0x98, 0x40,
    0x3c, 0x28, 0xd0, 0xc0, 0x1c, 0x4e, 0xa6, 0x20,
    0x1f, 0xcf, 0xe, 0x60, 0x1, 0xf9, 0x89, 0xbd,
    0xfe, 0xb9, 0x7d, 0x0, 0xff, 0xe3, 0x3c, 0x3c,
    0x63, 0x80, 0x5, 0x9d, 0x90, 0x80, 0x39, 0xc0,
    0x3f, 0xf8, 0xd6, 0x1, 0xa4, 0x3, 0xff, 0x82,
    0x20, 0x1c, 0x42, 0x1, 0xfe, 0x43, 0x0, 0xc2,
    0x1, 0xff, 0xc1, 0x30, 0xf, 0x76, 0x5d, 0xfe,
    0xcb, 0x0, 0xe1, 0x0, 0xff, 0xe0, 0x88, 0x80,
    0x3c, 0x68, 0x9f, 0x8c, 0x3, 0xc8, 0x1, 0xff,
    0xc2, 0x70, 0xf, 0xfe, 0x54, 0x80, 0x7f, 0xf0,
    0xac, 0x3, 0xff, 0x92, 0xc6, 0x1, 0xff, 0xc2,
    0x2b, 0x10, 0xf, 0xfe, 0x33, 0x48, 0x7, 0xff,
    0x11, 0x3a, 0x54, 0x84, 0x3, 0xfc, 0x26, 0xd9,
    0x20, 0x10,

    /* U+6C99 "沙" */
    0x0, 0xc3, 0x8, 0x1, 0xff, 0xc3, 0x38, 0x82,
    0x80, 0x7f, 0xf1, 0x71, 0xef, 0x54, 0x3, 0xff,
    0x80, 0xb8, 0xee, 0xa8, 0x0, 0xff, 0xe1, 0xa9,
    0x0, 0xa, 0xb5, 0x40, 0x3f, 0xd2, 0x1, 0x9c,
    0x3, 0xff, 0x87, 0xc0, 0x1c, 0x55, 0x84, 0x1,
    0xf8, 0x80, 0x38, 0x40, 0x3f, 0xf8, 0x4c, 0x1,
    0xf1, 0xa8, 0x7, 0xe1, 0x0, 0xe3, 0x0, 0xff,
    0xe1, 0x7a, 0x80, 0x78, 0x5c, 0x3, 0xff, 0x8c,
    0xb2, 0x80, 0x1f, 0x8a, 0xb0, 0x80, 0x36, 0x80,
    0x48, 0xea, 0x1, 0xff, 0xe, 0x53, 0x59, 0x0,
    0x7f, 0x1e, 0xc0, 0x2, 0xcc, 0x0, 0xf7, 0x15,
    0xa2, 0x1, 0xfd, 0x86, 0x1, 0x48, 0x7, 0xfc,
    0xfb, 0x88, 0x1, 0x40, 0x4, 0x4c, 0x1, 0xfc,
    0x60, 0x19, 0xc, 0x3, 0xfe, 0x23, 0x0, 0x90,
    0x3, 0xb8, 0x3, 0xfa, 0x40, 0x3a, 0x0, 0x3f,
    0xf8, 0x98, 0x1, 0xdc, 0x1, 0xfc, 0xe2, 0x1,
    0x90, 0x80, 0x38, 0x40, 0x3f, 0x90, 0x3, 0x8c,
    0x3, 0xfc, 0xc0, 0x1d, 0x60, 0x12, 0x77, 0x3e,
    0x90, 0x3, 0x84, 0xc0, 0x39, 0x0, 0x3f, 0xd4,
    0x1, 0xcc, 0x1, 0x48, 0x80, 0x16, 0xf1, 0x0,
    0x24, 0x0, 0xe4, 0x0, 0xff, 0x89, 0x0, 0x39,
    0x80, 0xc8, 0x3, 0x8e, 0xd8, 0x1, 0xe0, 0x1d,
    0xa0, 0x1f, 0xfc, 0xe, 0x0, 0xed, 0x6, 0x0,
    0xfd, 0xa0, 0x5, 0x0, 0xe7, 0x0, 0xff, 0xe0,
    0x28, 0x80, 0x66, 0x5, 0x81, 0x0, 0xf6, 0x82,
    0x0, 0x71, 0x88, 0x7, 0xff, 0x5, 0x0, 0x22,
    0x90, 0x3, 0xf3, 0x80, 0x64, 0x60, 0xe0, 0xe,
    0xb0, 0xf, 0xfe, 0x15, 0xcd, 0x6e, 0x90, 0x3,
    0x46, 0xa8, 0x1d, 0x80, 0xa8, 0x7, 0x28, 0x7,
    0xff, 0x5, 0xaf, 0x90, 0x80, 0x3e, 0x2a, 0xbc,
    0x0, 0x48, 0x7, 0x19, 0x0, 0x7f, 0xf0, 0x1e,
    0x55, 0xfc, 0x40, 0x3f, 0x90, 0x2, 0xd0, 0xe,
    0xa0, 0xf, 0xfe, 0xc, 0x0, 0x42, 0xc0, 0x1f,
    0xfc, 0x15, 0x90, 0xc, 0xc0, 0x1f, 0xfc, 0x8,
    0x0, 0xff, 0xe2, 0xb3, 0x93, 0x73, 0xa5, 0x0,
    0x7f, 0xf0, 0xd, 0xc0, 0x38, 0xc0, 0x3f, 0xd9,
    0x31, 0xaa, 0x31, 0x6a, 0x1, 0xc4, 0x1, 0xcd,
    0xa0, 0x1c, 0x28, 0x1, 0xfc, 0xe6, 0x1, 0x58,
    0x7, 0xf2, 0x0, 0x75, 0x8, 0x7, 0x40, 0x7,
    0xfa, 0x40, 0x30, 0x80, 0x7f, 0x42, 0x80, 0x61,
    0x0, 0xe3, 0x60, 0xf, 0xe8, 0x10, 0xc, 0x60,
    0x1f, 0xc3, 0x5f, 0x84, 0x1, 0xf7, 0x0, 0x7f,
    0xb, 0x80, 0x74, 0x80, 0x7f, 0xc7, 0xc4, 0x1,
    0xea, 0x20, 0xf, 0xeb, 0x0, 0xe2, 0x50, 0xf,
    0xf3, 0xe1, 0x0, 0x7a, 0x14, 0x3, 0xf9, 0x54,
    0x1, 0xd6, 0x1, 0xfc, 0xdb, 0x0, 0x1f, 0x43,
    0x80, 0x7f, 0xac, 0x3, 0x85, 0x80, 0x38, 0x5a,
    0xfe, 0x48, 0x3, 0xe9, 0x70, 0xf, 0xf4, 0x8,
    0x7, 0x40, 0x4, 0x73, 0xbd, 0x28, 0x1, 0xf8,
    0x71, 0x80, 0x3f, 0xe5, 0x0, 0xe2, 0x60, 0x5,
    0xe3, 0x10, 0x7, 0xf9, 0x7c, 0xc0, 0x3f, 0xf8,
    0x2, 0x1, 0xd0, 0x0, 0x74, 0x0, 0xff, 0x86,
    0xa8, 0x20, 0x1f, 0xfc, 0x1f, 0x0, 0xc8, 0xa0,
    0xd, 0x0, 0xff, 0xc, 0x72, 0x80, 0x7f, 0xf0,
    0xcf, 0x54, 0x9a, 0xc0, 0x23, 0x0, 0xfc, 0x51,
    0xee, 0x1, 0xff, 0xc6, 0x2a, 0xd9, 0x0, 0xd4,
    0x1, 0xc2, 0xd7, 0xae, 0x20, 0x1f, 0xfc, 0xf3,
    0xc6, 0x64, 0x6f, 0x4a, 0x0, 0x7f, 0xf4, 0xce,
    0x64, 0xe4, 0x1, 0xff, 0xca,

    /* U+6D3B "活" */
    0x0, 0xff, 0xfb, 0x9c, 0x65, 0x90, 0x7, 0xe6,
    0xdd, 0x38, 0x80, 0x7f, 0xf1, 0xd, 0xeb, 0xb1,
    0xcd, 0x30, 0x40, 0x3c, 0x92, 0x44, 0x8e, 0x80,
    0xf, 0xe1, 0x36, 0x9d, 0xfc, 0x85, 0x10, 0xc,
    0x2c, 0x1, 0xee, 0x0, 0xe7, 0xc0, 0xc, 0x31,
    0x9d, 0xcc, 0x96, 0x20, 0xf, 0xf6, 0x0, 0x78,
    0x80, 0x3c, 0x6a, 0x0, 0x1f, 0x73, 0x10, 0xf,
    0xfe, 0x54, 0x90, 0x7, 0x8c, 0x0, 0xe2, 0x1,
    0xff, 0xc4, 0x49, 0xa0, 0xf, 0xe, 0xb0, 0x6,
    0x17, 0x0, 0x18, 0x7, 0xff, 0x5, 0x27, 0x3e,
    0xd8, 0x40, 0x3f, 0x4e, 0xa0, 0xd, 0x8, 0x1,
    0x50, 0x3, 0x88, 0x40, 0x3a, 0x58, 0xc0, 0x3f,
    0xf8, 0x25, 0x7f, 0xc8, 0x1, 0xaf, 0x73, 0x1d,
    0xfb, 0x60, 0x1f, 0xfd, 0x32, 0x33, 0x8, 0x7,
    0xff, 0xe4, 0x5a, 0x26, 0x7e, 0x0, 0xe8, 0x99,
    0xf3, 0x98, 0x4, 0xfd, 0xca, 0x30, 0xe, 0x1f,
    0x97, 0x66, 0xf1, 0x80, 0x72, 0xb3, 0x7a, 0x31,
    0x81, 0x20, 0x44, 0xb9, 0x84, 0x0, 0x98, 0x40,
    0x3f, 0xf9, 0x74, 0x1a, 0x1, 0xc7, 0x78, 0x21,
    0xe0, 0x1f, 0xfc, 0xc1, 0xf, 0x0, 0xf8, 0xc8,
    0x30, 0x3, 0xff, 0x98, 0x80, 0xca, 0x1, 0xe2,
    0x30, 0x4a, 0x31, 0x0, 0xff, 0xe3, 0x93, 0xc8,
    0x2, 0xa8, 0x40, 0x1a, 0x40, 0x25, 0xce, 0xff,
    0xf5, 0x0, 0x76, 0xff, 0xfb, 0x60, 0x3, 0x2e,
    0xc0, 0x1, 0xd0, 0x3, 0xff, 0xaa, 0xfd, 0x70,
    0x1, 0xff, 0xd7, 0x14, 0x0, 0xff, 0xf0, 0x8d,
    0x6f, 0xfe, 0xa0, 0xe, 0xdf, 0xfd, 0xb2, 0x20,
    0x1f, 0xe6, 0x60, 0x80, 0x6d, 0x52, 0x0, 0xff,
    0xe1, 0x93, 0x50, 0x7, 0xe1, 0xd9, 0x97, 0x98,
    0x0, 0x8c, 0x3, 0xff, 0x8e, 0x82, 0x1, 0xf4,
    0x10, 0x0, 0x7c, 0x0, 0xc0, 0x1f, 0xfc, 0x92,
    0x0, 0xf1, 0x30, 0x6, 0x10, 0x0, 0x80, 0x7f,
    0xf4, 0x24, 0x3, 0x90, 0x3, 0xf5, 0xdf, 0xf9,
    0xc0, 0x3f, 0xe5, 0x40, 0xe, 0xb0, 0xf, 0xc8,
    0x9f, 0xec, 0x0, 0xff, 0xac, 0x3, 0x94, 0x80,
    0x3f, 0xfa, 0x32, 0x20, 0x1d, 0x0, 0x1f, 0xfd,
    0x14, 0x60, 0xe, 0x62, 0x0, 0xfe, 0x11, 0xff,
    0x80, 0x3f, 0xa4, 0x3, 0xd0, 0x1, 0xfe, 0xee,
    0xff, 0x50, 0x7, 0xe4, 0x20, 0xe, 0x81, 0x0,
    0xff, 0xe8, 0xb8, 0x7, 0x13, 0x80, 0x7f, 0xf4,
    0x8d, 0x0, 0x34, 0x80, 0x78, 0x40, 0x3f, 0xf9,
    0xb6, 0xe2, 0x54, 0x80, 0x1e, 0x70, 0xf, 0xfe,
    0x49, 0x0, 0x68, 0xed, 0x50, 0xf, 0x8c, 0x40,
    0x21, 0xdd, 0xff, 0x50, 0x6, 0x31, 0x0, 0xff,
    0xe2, 0x51, 0x1, 0x59, 0x17, 0xf9, 0x61, 0xd,
    0xb4, 0x0,

    /* U+6D53 "浓" */
    0x0, 0xff, 0xe5, 0x90, 0x80, 0x7f, 0xf2, 0x15,
    0xd0, 0x3, 0xff, 0x85, 0x9b, 0xdc, 0x50, 0xf,
    0xfe, 0x2c, 0x54, 0x5e, 0x18, 0x7, 0xfc, 0x26,
    0x0, 0x1a, 0x10, 0xf, 0xfe, 0x18, 0xb8, 0x4,
    0x79, 0x0, 0x1f, 0xe5, 0x0, 0xe5, 0x0, 0xff,
    0xe5, 0x3d, 0x80, 0x7f, 0x60, 0x7, 0x38, 0x7,
    0xff, 0xc, 0x54, 0x3, 0xca, 0x0, 0x24, 0x4f,
    0x28, 0x7, 0x32, 0x27, 0xc6, 0x20, 0x1f, 0x52,
    0x80, 0x74, 0x5, 0xed, 0xdf, 0x88, 0x3, 0xaa,
    0xef, 0xec, 0xe6, 0x0, 0xfa, 0xa4, 0x2, 0x76,
    0x84, 0x0, 0xff, 0xe5, 0xc9, 0x0, 0x7c, 0xd8,
    0x75, 0x0, 0x80, 0x1f, 0xfc, 0xd7, 0x0, 0xfc,
    0x78, 0xa0, 0x1, 0x0, 0xff, 0xe6, 0x98, 0x7,
    0xff, 0x18, 0xd4, 0x80, 0x3f, 0xa, 0xac, 0x80,
    0x1f, 0xfc, 0x76, 0x0, 0xdf, 0x40, 0x1f, 0xc7,
    0x55, 0x58, 0x80, 0x63, 0x0, 0xd3, 0x92, 0x60,
    0x1d, 0x80, 0x18, 0xd0, 0x80, 0x3f, 0x10, 0x6,
    0x40, 0xc, 0x80, 0x15, 0x31, 0xb6, 0x48, 0x80,
    0x4e, 0xc2, 0x56, 0x10, 0x1, 0xfe, 0x30, 0xa,
    0xd4, 0x4a, 0xc4, 0x2, 0x50, 0xc, 0xde, 0x80,
    0x14, 0xf6, 0xa2, 0xc, 0x3, 0x8, 0x7, 0x28,
    0x4, 0x35, 0xda, 0x80, 0x18, 0x40, 0x38, 0x6c,
    0x40, 0x3d, 0x0, 0x1d, 0x6, 0x1, 0xb0, 0x3,
    0xff, 0x81, 0x40, 0x1e, 0x11, 0x0, 0x73, 0x18,
    0x6, 0x26, 0x40, 0xc, 0x80, 0x12, 0xeb, 0x0,
    0x79, 0x30, 0x80, 0x35, 0x0, 0x70, 0xc0, 0x7,
    0x48, 0x68, 0x6, 0x12, 0x9, 0xa2, 0x95, 0x0,
    0xf1, 0xea, 0x80, 0x29, 0x0, 0x3b, 0x44, 0x3,
    0x12, 0x2, 0x0, 0x75, 0xeb, 0x0, 0x56, 0x1,
    0xfa, 0xa9, 0xaa, 0x1, 0xd6, 0x60, 0x1c, 0xc0,
    0x1, 0x20, 0xc, 0xc4, 0x1, 0x84, 0x40, 0x1f,
    0x94, 0x80, 0x32, 0x6a, 0x0, 0x78, 0x40, 0x24,
    0x0, 0xff, 0x20, 0x80, 0x7f, 0xf0, 0x5a, 0xc8,
    0x3, 0xfe, 0xc0, 0xf, 0xe5, 0xb0, 0xf, 0xfe,
    0x14, 0x0, 0x7f, 0xf0, 0x54, 0x3, 0xe4, 0xca,
    0x0, 0xfe, 0x2c, 0xfb, 0x20, 0xf, 0xfe, 0x22,
    0x80, 0x74, 0x59, 0x80, 0x7f, 0xbc, 0xc1, 0x3c,
    0x20, 0x3, 0x8, 0x7, 0xf7, 0x80, 0x75, 0x80,
    0x7f, 0xca, 0x40, 0x11, 0x11, 0xa0, 0xdb, 0x50,
    0x3, 0xf9, 0x44, 0x3, 0x19, 0x80, 0x3f, 0xdc,
    0x1, 0xc6, 0xf, 0x92, 0x40, 0x1f, 0xf4, 0x80,
    0x74, 0x0, 0x7f, 0xa, 0x0, 0x62, 0x10, 0xf,
    0xfe, 0x23, 0x0, 0x72, 0x20, 0x3, 0xf3, 0x0,
    0x72, 0x80, 0x7f, 0xf1, 0x45, 0x80, 0x3a, 0x40,
    0x3f, 0x48, 0x7, 0x50, 0x7, 0xff, 0x5, 0x62,
    0x6, 0x10, 0x1, 0xc5, 0x20, 0x1e, 0x51, 0x0,
    0xc6, 0x40, 0x1e, 0x10, 0xc, 0xbf, 0x4e, 0xec,
    0x31, 0x70, 0xe, 0x6a, 0x0, 0xe9, 0x0, 0xea,
    0x0, 0xf0, 0xa0, 0x7, 0xfa, 0xc2, 0x4, 0x3,
    0x96, 0xc0, 0x31, 0x80, 0x73, 0x80, 0x7b, 0x0,
    0x3f, 0xf8, 0x56, 0x1, 0xe4, 0x20, 0xf, 0xcc,
    0x20, 0x1c, 0xc4, 0x1, 0xfe, 0x39, 0x0, 0x2b,
    0x0, 0x78, 0xc0, 0x2a, 0x0, 0x86, 0x0, 0x3c,
    0x60, 0x1f, 0xc7, 0x58, 0x20, 0x14, 0xa0, 0x6,
    0x61, 0x0, 0x97, 0xa2, 0x1e, 0x20, 0x1e, 0x52,
    0x0, 0xe2, 0x8e, 0xc5, 0x0, 0xf5, 0xb8, 0x1,
    0x64, 0x3, 0x85, 0xdc, 0x20, 0x1f, 0xb8, 0x2,
    0x6c, 0xd7, 0x10, 0xf, 0xe8, 0xff, 0x50, 0x7,
    0xff, 0x18, 0xf6, 0xba, 0x4c, 0x3, 0xff, 0x8e,

    /* U+6D6E "浮" */
    0x0, 0xff, 0xef, 0x99, 0x80, 0x3f, 0xf9, 0x46,
    0xd3, 0x72, 0x20, 0x1f, 0x5e, 0x63, 0x98, 0x3,
    0xff, 0x80, 0x24, 0x8d, 0x15, 0xbf, 0x92, 0xc8,
    0xda, 0x1, 0xe6, 0x40, 0x0, 0xce, 0x98, 0x0,
    0x62, 0xb3, 0x75, 0xdf, 0xdb, 0x72, 0xea, 0x40,
    0x1e, 0x32, 0x0, 0xef, 0x0, 0xe2, 0xd1, 0x17,
    0xba, 0x99, 0x10, 0x40, 0x3f, 0xf8, 0x6c, 0x1,
    0xda, 0x1, 0xe1, 0x24, 0x10, 0xf, 0xfe, 0x4b,
    0x80, 0x72, 0x50, 0x7, 0x9, 0xb0, 0x7, 0xff,
    0x10, 0x4d, 0x5e, 0xb8, 0xc0, 0x3c, 0xbc, 0xc0,
    0x14, 0x1, 0xb8, 0x7, 0xc2, 0x68, 0xd1, 0x59,
    0xfd, 0x97, 0x4a, 0x20, 0x1f, 0x86, 0x70, 0xdd,
    0x80, 0x11, 0xd3, 0x5b, 0xdf, 0xec, 0x66, 0x1b,
    0xa9, 0x80, 0x23, 0xb7, 0x46, 0x1, 0xfe, 0x3c,
    0x80, 0x8, 0xbe, 0x69, 0xc4, 0x1, 0x8a, 0x4b,
    0x40, 0x11, 0xb8, 0x0, 0xb4, 0x3, 0xff, 0x89,
    0x22, 0x0, 0xb0, 0x1, 0x88, 0x4, 0xa2, 0x0,
    0x80, 0xc, 0x20, 0x1f, 0xfc, 0x47, 0x0, 0x85,
    0x40, 0x40, 0x39, 0x40, 0x8, 0x1, 0x90, 0x3,
    0x8e, 0x18, 0x40, 0x3e, 0x40, 0xc, 0x60, 0x46,
    0x1, 0x9c, 0x3, 0xe8, 0x0, 0xc9, 0x8f, 0x3d,
    0x44, 0x1, 0xd2, 0x1, 0xb, 0x80, 0x3c, 0x40,
    0xe, 0x60, 0x5, 0x0, 0x98, 0xc0, 0x34, 0x0,
    0x65, 0xda, 0x10, 0x8, 0x75, 0xe3, 0xc4, 0x0,
    0x7d, 0xcf, 0x80, 0xa, 0x98, 0x6, 0x0, 0x38,
    0x80, 0x3c, 0xb0, 0x1, 0xd, 0xac, 0xff, 0x73,
    0xfe, 0xef, 0xff, 0x30, 0x9, 0x0, 0x74, 0x80,
    0x7d, 0x80, 0x16, 0xb1, 0x8, 0xe0, 0xf, 0xfe,
    0xe, 0x10, 0x6, 0x78, 0x0, 0xe2, 0x50, 0x8,
    0xc0, 0x3f, 0xf9, 0x16, 0x1, 0xcf, 0xcc, 0x1,
    0x70, 0x6, 0x10, 0xf, 0xfe, 0x78, 0xce, 0x25,
    0x98, 0x6, 0xb1, 0x0, 0xff, 0xe3, 0xd8, 0x7,
    0xe3, 0xb4, 0x0, 0xe5, 0xec, 0xbb, 0xfe, 0x30,
    0xf, 0xe, 0x10, 0x7, 0xff, 0x18, 0xd1, 0x3e,
    0x5f, 0x30, 0xe, 0x2c, 0x30, 0xf, 0xfe, 0x71,
    0xfa, 0x0, 0x72, 0xe9, 0x0, 0x7f, 0xf0, 0x16,
    0x58, 0x3, 0xff, 0x81, 0x22, 0x1, 0xd3, 0x40,
    0x1f, 0xfc, 0x17, 0xa6, 0x9c, 0x4, 0xbd, 0xee,
    0xf9, 0x40, 0x3d, 0x1d, 0xdd, 0x8e, 0x1, 0xe2,
    0x80, 0x8, 0xde, 0xd0, 0x84, 0x7e, 0x0, 0xf8,
    0x47, 0xc7, 0x10, 0x0, 0xeb, 0x0, 0xec, 0x0,
    0xff, 0xe6, 0xa8, 0x6, 0x16, 0x0, 0xee, 0x0,
    0xff, 0xe6, 0xb0, 0x6, 0x80, 0xe, 0x55, 0x20,
    0x7, 0xff, 0x2c, 0x60, 0x2, 0x26, 0x0, 0xe9,
    0xb, 0xda, 0x99, 0xf8, 0x80, 0x3a, 0x67, 0xd5,
    0x7c, 0x60, 0x14, 0x80, 0x72, 0x18, 0x0, 0x95,
    0x9b, 0xf0, 0x7, 0x33, 0x79, 0x50, 0x3, 0x22,
    0x0, 0x3b, 0xc0, 0x3f, 0xfa, 0x52, 0x1, 0xc6,
    0x80, 0x1f, 0xfd, 0x13, 0x20, 0xe, 0x90, 0xf,
    0xfe, 0x93, 0x80, 0x71, 0x28, 0x7, 0xe3, 0xac,
    0xdd, 0x20, 0x6, 0x20, 0xf, 0xf9, 0xc, 0x3,
    0x70, 0x7, 0xe1, 0xc5, 0x32, 0x20, 0x7, 0x30,
    0x7, 0xff, 0x3, 0x1c, 0x45, 0x46, 0x1, 0xf9,
    0x0, 0x3f, 0xda, 0x1, 0xff, 0xc1, 0x8e, 0xe2,
    0x80, 0x7f, 0x38, 0x7, 0xf3, 0x30, 0x3, 0xff,
    0x9c, 0x52, 0x40, 0x10, 0x93, 0x64, 0x80, 0x7f,
    0xf4, 0x1b, 0x7f, 0xee, 0xd9, 0x30, 0xf, 0xfe,
    0x0,

    /* U+70ED "热" */
    0x0, 0xff, 0xe5, 0x19, 0x0, 0x7f, 0xf2, 0x4b,
    0x3f, 0x94, 0x3, 0xf8, 0xfb, 0x36, 0x40, 0x3f,
    0xf9, 0x10, 0x60, 0x34, 0x1, 0xfd, 0x2, 0x0,
    0x63, 0x0, 0xff, 0xe3, 0xa0, 0x6, 0x30, 0xf,
    0xca, 0x1, 0x94, 0x3, 0xff, 0x8e, 0x20, 0x19,
    0xc0, 0x3f, 0x8, 0x7, 0xff, 0x44, 0x40, 0x3f,
    0xfa, 0x3, 0x3d, 0xfe, 0x0, 0xea, 0xeb, 0x20,
    0x28, 0xbc, 0x0, 0xe8, 0xcc, 0xd6, 0xe0, 0x1f,
    0xad, 0x84, 0x3, 0xf0, 0xa7, 0x86, 0x3a, 0x18,
    0x7, 0x9, 0x9e, 0x48, 0xb0, 0xf, 0x9c, 0x3,
    0xff, 0x80, 0x4a, 0x20, 0x1f, 0xfc, 0x34, 0x10,
    0xf, 0x8, 0x7, 0xff, 0x5, 0xc0, 0x3f, 0xf8,
    0xa4, 0x1, 0xef, 0x10, 0xf, 0xfa, 0x4a, 0x88,
    0x3, 0xff, 0x94, 0x7d, 0x97, 0x40, 0x1c, 0xf9,
    0xcc, 0xb, 0xbf, 0x20, 0x1d, 0x9d, 0xa0, 0x1c,
    0x20, 0x1f, 0x8d, 0x14, 0x3, 0xb4, 0xc4, 0x3,
    0xfe, 0x31, 0x30, 0xe, 0x30, 0xf, 0xfe, 0x27,
    0x54, 0x0, 0x77, 0x0, 0x61, 0x0, 0x18, 0x7,
    0xff, 0xc, 0x94, 0x3, 0x91, 0x5e, 0xc0, 0x2,
    0x64, 0x1, 0x88, 0x3, 0xf0, 0x80, 0x78, 0xab,
    0xf6, 0x80, 0x3f, 0x20, 0xa7, 0x62, 0x80, 0x66,
    0x0, 0xff, 0xe1, 0xe, 0x28, 0x7, 0xff, 0x1,
    0xec, 0x3, 0xed, 0x0, 0xff, 0xe1, 0x20, 0x80,
    0x7f, 0xf0, 0x64, 0x3, 0xf1, 0x0, 0x7c, 0x20,
    0x1e, 0x10, 0xf, 0xf0, 0xb4, 0xdb, 0x80, 0x7e,
    0xb5, 0x3, 0x0, 0xff, 0x90, 0x80, 0x3f, 0xae,
    0x59, 0x23, 0x4c, 0x3, 0xc3, 0x52, 0x20, 0x1f,
    0xfc, 0xc, 0x86, 0x8b, 0x0, 0xff, 0x13, 0x0,
    0x7e, 0x65, 0x0, 0xf2, 0x55, 0x8, 0x0, 0x2f,
    0x2e, 0x80, 0x1f, 0xe4, 0x50, 0xf, 0xe2, 0x20,
    0x7, 0x5a, 0xab, 0x0, 0x3f, 0xf8, 0x2, 0x1,
    0xd, 0x0, 0x7f, 0x95, 0x80, 0x21, 0x40, 0x8,
    0x44, 0x1, 0x3d, 0xe8, 0x7, 0xe2, 0xc1, 0x0,
    0xed, 0x50, 0x4, 0x91, 0x80, 0x6b, 0x0, 0xf9,
    0x61, 0x8, 0x3, 0x9c, 0x1, 0xc4, 0x1, 0xd0,
    0x55, 0x32, 0x60, 0xc0, 0xf, 0xc2, 0x20, 0x6,
    0x80, 0x7c, 0x26, 0x0, 0x70, 0xe, 0x27, 0x0,
    0x33, 0x0, 0x8, 0x60, 0x1f, 0x30, 0x5, 0xe0,
    0x1f, 0x40, 0x5, 0xe0, 0x1d, 0xc0, 0x1f, 0xb8,
    0x40, 0x38, 0xe0, 0x2, 0x73, 0x0, 0xc9, 0x6c,
    0x1, 0x23, 0x80, 0xb, 0xc, 0x3, 0xf1, 0x63,
    0x11, 0x12, 0x30, 0x3, 0xb3, 0x6f, 0x3a, 0xd0,
    0x3, 0xa3, 0x73, 0x4c, 0x3, 0xfc, 0x53, 0xba,
    0xb7, 0x0, 0xf8, 0xfb, 0x90, 0x20, 0x1f, 0x11,
    0x80, 0x70, 0x80, 0x7a, 0x3f, 0xce, 0x1, 0xfd,
    0xaa, 0x4d, 0xe2, 0x1, 0x3e, 0xe9, 0x80, 0x32,
    0xf7, 0x46, 0x1, 0x43, 0x80, 0x21, 0xc0, 0x3e,
    0x53, 0x0, 0x85, 0x0, 0xf, 0x4, 0x49, 0x30,
    0x0, 0xd0, 0x80, 0xe8, 0x4, 0x80, 0x1a, 0xc,
    0x3, 0xd2, 0x1, 0xfb, 0x0, 0x35, 0x0, 0x14,
    0x3, 0xa, 0x80, 0x18, 0x3, 0xb8, 0x3, 0x94,
    0xc0, 0x39, 0x0, 0x3e, 0x40, 0x3, 0x0, 0x77,
    0x0, 0x24, 0x3, 0x89, 0xc0, 0x35, 0x80, 0x73,
    0x8, 0x0, 0x40, 0x31, 0x0, 0x8, 0x40, 0x32,
    0x0, 0xd, 0x40, 0x3a, 0x4, 0x0, 0x62, 0x1,
    0xd0, 0x1, 0x18, 0x7, 0xe5, 0x0, 0xe3, 0x0,
    0x58, 0x7, 0x90, 0x0, 0x40, 0x1d, 0x22, 0x1,
    0x8, 0x7, 0xe3, 0x0, 0xe2, 0x0, 0xb, 0x0,
    0x61, 0x40, 0x0, 0xd0, 0x4, 0xcc, 0x0, 0xd2,
    0x80, 0x2, 0x90, 0xa, 0x90, 0x8d, 0xf4, 0x40,
    0x28, 0x0, 0xb, 0xf8, 0x80, 0x4b, 0xd3, 0x72,
    0x1, 0xc3, 0x7f, 0xed, 0x60, 0x8, 0xaf, 0x72,
    0x8, 0x3, 0xf, 0xf7, 0x20, 0x40, 0x38, 0x59,
    0x0, 0x3f, 0xf9, 0xe2, 0x1, 0xc0,

    /* U+7279 "特" */
    0x0, 0xff, 0xf1, 0xae, 0xfd, 0x90, 0x7, 0xff,
    0x0, 0xf3, 0xf9, 0xc0, 0x3f, 0xf8, 0x83, 0x44,
    0x9, 0x20, 0x1f, 0xfc, 0xe, 0x30, 0x18, 0x30,
    0xf, 0xfe, 0x1a, 0x0, 0x64, 0x0, 0xfe, 0x11,
    0x11, 0x0, 0x32, 0x8, 0xc0, 0x1f, 0x8d, 0xcc,
    0xc, 0x3, 0x84, 0x3, 0x9f, 0xbf, 0xb9, 0xa0,
    0x1d, 0x1d, 0xd7, 0xe1, 0x80, 0x63, 0xc8, 0xc3,
    0x10, 0xf, 0xf2, 0xc0, 0x80, 0x7f, 0xf0, 0x8f,
    0x40, 0x34, 0x80, 0x56, 0x1, 0xff, 0x68, 0x7,
    0xff, 0x14, 0x44, 0x1, 0x30, 0x4, 0x20, 0x1f,
    0xf6, 0x80, 0x7f, 0xf1, 0x44, 0x40, 0x10, 0x80,
    0x49, 0x40, 0x1d, 0x6a, 0x1, 0x2b, 0x0, 0x7f,
    0xf0, 0xca, 0x80, 0x31, 0x80, 0x44, 0x40, 0xe,
    0x5a, 0x50, 0xa, 0x7f, 0xb7, 0x58, 0x1, 0xcf,
    0xbb, 0x76, 0xa0, 0x6, 0x10, 0xf, 0xfe, 0x7,
    0x80, 0x70, 0x91, 0x40, 0x1d, 0xe4, 0x50, 0x80,
    0x70, 0x80, 0x7f, 0xf1, 0xd, 0x57, 0x9c, 0x3,
    0xb5, 0x57, 0x8c, 0x2, 0x20, 0xf, 0xfe, 0xe,
    0x97, 0x65, 0x57, 0x48, 0x7, 0x2d, 0x57, 0x67,
    0x10, 0x30, 0x6, 0x10, 0xf, 0x13, 0x3c, 0x88,
    0x7, 0xff, 0x1c, 0x60, 0x30, 0x2, 0x3e, 0x80,
    0xe, 0xc9, 0x7, 0x0, 0xff, 0xe4, 0x88, 0x20,
    0x4, 0xa0, 0x1f, 0xe4, 0x0, 0xff, 0xe4, 0x98,
    0x7, 0x78, 0x7, 0xfa, 0x18, 0x40, 0x3f, 0xf8,
    0xa2, 0xf0, 0x16, 0x1, 0x28, 0x7, 0xfd, 0x3d,
    0xff, 0xfe, 0x40, 0xc, 0x5f, 0xd0, 0x0, 0x6d,
    0x99, 0x18, 0x7, 0xff, 0x5c, 0x99, 0x80, 0x1f,
    0xfe, 0x3c, 0xb1, 0x1, 0xaf, 0xff, 0xf2, 0x0,
    0x62, 0xfd, 0x40, 0xf, 0xdc, 0x1, 0xc4, 0x96,
    0x14, 0xa0, 0x1f, 0xfc, 0x52, 0xb1, 0x0, 0x8e,
    0x77, 0xd8, 0x3, 0xe5, 0x5, 0x0, 0xff, 0xe4,
    0x28, 0x2, 0x31, 0x88, 0x3, 0xfe, 0x20, 0xf,
    0xfe, 0x43, 0x0, 0xb8, 0x7, 0xff, 0x1, 0x83,
    0xc4, 0x3, 0xff, 0x8d, 0x4, 0x6, 0x1, 0xff,
    0x14, 0xc8, 0xf, 0xb1, 0x0, 0xaa, 0xef, 0x8c,
    0x3, 0xe, 0x73, 0x80, 0x8, 0x80, 0x1f, 0xec,
    0x60, 0xd, 0x68, 0x5, 0xa, 0x89, 0x9c, 0x3,
    0x19, 0x84, 0x3, 0x48, 0x4, 0x24, 0x1, 0xff,
    0x28, 0x4, 0x58, 0x1, 0xff, 0xc4, 0x4e, 0xbc,
    0xea, 0x0, 0xff, 0x84, 0x3, 0x15, 0x0, 0x7f,
    0xf1, 0x5, 0xc, 0x3, 0xff, 0x83, 0x20, 0x1c,
    0xa6, 0x1, 0xff, 0xd3, 0x52, 0x0, 0xff, 0xed,
    0x78, 0x80, 0xb, 0xc, 0x3, 0xff, 0xa8, 0x5d,
    0x79, 0xa6, 0x1, 0xff, 0xd7, 0x43, 0x0, 0x2c,
    0xd2, 0x0, 0x61, 0x0, 0xff, 0xe8, 0xc5, 0x32,
    0x80, 0x73, 0x80, 0x7f, 0xc2, 0x1, 0xff, 0xc5,
    0x60, 0xf, 0xc6, 0x1, 0xff, 0x18, 0x7, 0x8,
    0x7, 0xfc, 0x20, 0x1f, 0xa8, 0x3, 0xfe, 0x40,
    0xc, 0x80, 0x1f, 0xfc, 0x4, 0x0, 0xfa, 0x88,
    0x3, 0xfe, 0x1a, 0x20, 0x4a, 0x0, 0xff, 0xe0,
    0x52, 0x88, 0x9, 0xc7, 0x28, 0x7, 0x0,

    /* U+751F "生" */
    0x0, 0xff, 0xe2, 0xcf, 0x72, 0x84, 0x3, 0xff,
    0x94, 0x39, 0xfd, 0x24, 0x1, 0xa1, 0x84, 0x4b,
    0x40, 0x1f, 0xfc, 0xaa, 0x30, 0x16, 0xd3, 0x0,
    0x94, 0x3, 0x20, 0x7, 0xff, 0x24, 0x50, 0x3,
    0xf8, 0x80, 0x38, 0x40, 0x3f, 0xf9, 0xc, 0x1,
    0xc4, 0x60, 0x1f, 0xfd, 0x29, 0x0, 0xea, 0x0,
    0xff, 0xe9, 0x28, 0x80, 0x72, 0x80, 0x7f, 0x8c,
    0x3, 0xff, 0x8f, 0x0, 0x1e, 0xdf, 0xfc, 0x1,
    0xed, 0xff, 0xfe, 0xeb, 0x20, 0xf, 0x21, 0x0,
    0x7f, 0xf3, 0xc5, 0x3c, 0x3, 0xd2, 0x1, 0xff,
    0xd2, 0x22, 0x0, 0x65, 0x20, 0xf, 0xfe, 0x99,
    0x80, 0x68, 0x0, 0xff, 0xe9, 0xa8, 0x80, 0x50,
    0x40, 0x1c, 0x4a, 0xbf, 0x0, 0x79, 0x15, 0x7f,
    0x9a, 0xa8, 0x1, 0x13, 0x80, 0x70, 0xed, 0x57,
    0xc0, 0x1e, 0xaa, 0xff, 0x4a, 0x80, 0x7f, 0xd6,
    0x1, 0xff, 0xd2, 0x29, 0x0, 0xc6, 0xa0, 0x1f,
    0xfd, 0x36, 0xa0, 0xb, 0x80, 0x3f, 0xfa, 0xab,
    0xb1, 0x84, 0x1, 0xff, 0xd6, 0x27, 0x30, 0x47,
    0x88, 0xf8, 0x3, 0xd1, 0x1f, 0xcc, 0x1, 0xff,
    0xc0, 0xbb, 0x43, 0xbf, 0xc0, 0x1e, 0x67, 0x7f,
    0xd3, 0xc2, 0x1, 0xfc, 0x48, 0x1, 0xff, 0xcd,
    0x16, 0x0, 0xfe, 0x60, 0xf, 0xfe, 0x7f, 0x80,
    0x7f, 0x28, 0x7, 0xff, 0x3f, 0x0, 0x3f, 0x86,
    0xcc, 0x3, 0xff, 0x96, 0x30, 0x80, 0x1f, 0xe4,
    0xcf, 0xff, 0xc0, 0x1e, 0xdf, 0xff, 0xdc, 0xe0,
    0x1f, 0xfc, 0xf3, 0x0, 0xff, 0xff, 0x80, 0x7f,
    0xff, 0xc0, 0x3f, 0xfd, 0x83, 0x3b, 0xff, 0xff,
    0xc0, 0x0, 0xf7, 0x7f, 0xff, 0xdd, 0x66, 0x0,
    0xa6, 0x20, 0xf, 0xfe, 0x90, 0xa6, 0x80, 0x10,
    0x3, 0xff, 0xac, 0x26, 0x1, 0xff, 0xdb, 0x60,
    0xf, 0xfe, 0xb1, 0x98, 0x26, 0x4a, 0x89, 0xff,
    0xd2, 0x58, 0xc0,

    /* U+77E5 "知" */
    0x0, 0xff, 0xef, 0xa4, 0x30, 0x80, 0x7f, 0xf5,
    0x52, 0xde, 0x7c, 0x40, 0x3f, 0xfa, 0x9e, 0x1,
    0xb, 0x80, 0x7f, 0xf5, 0x10, 0x3, 0xff, 0x8a,
    0x73, 0x79, 0x9f, 0xd4, 0xa0, 0x1c, 0x60, 0x1d,
    0xc8, 0x9e, 0x31, 0x0, 0x93, 0x19, 0xc, 0xff,
    0x96, 0x9c, 0x3, 0x28, 0x7, 0x3d, 0xdf, 0xb3,
    0xa0, 0x1, 0xc0, 0x1f, 0xfc, 0x29, 0x0, 0xd8,
    0x1, 0xff, 0xc2, 0x72, 0x7, 0x0, 0xff, 0xe1,
    0x8, 0x6, 0x50, 0xf, 0xfe, 0x1b, 0x0, 0x7f,
    0xf2, 0x1c, 0x3, 0xff, 0x88, 0xc0, 0x1f, 0x2a,
    0xe0, 0xf, 0xc3, 0x0, 0x1f, 0xfc, 0x22, 0xa2,
    0x0, 0xf1, 0xd5, 0x61, 0x0, 0xf9, 0xc0, 0x3a,
    0xc, 0x3, 0xb3, 0xbf, 0x54, 0x3, 0xff, 0x90,
    0x20, 0x18, 0x5d, 0xc0, 0x1c, 0x22, 0x0, 0xff,
    0xe5, 0xb1, 0x0, 0x52, 0x1, 0xff, 0xd4, 0x1c,
    0x60, 0x27, 0x0, 0xff, 0xea, 0x8c, 0xf6, 0x0,
    0x7f, 0xf5, 0xd5, 0xa6, 0x20, 0xa0, 0x1d, 0x71,
    0x7, 0x30, 0xf, 0xfe, 0x41, 0x75, 0x43, 0xbc,
    0x20, 0x1c, 0xce, 0xe8, 0xc9, 0x0, 0xff, 0xe3,
    0xd8, 0x80, 0x7f, 0xf1, 0x18, 0x40, 0x3f, 0xf8,
    0xc6, 0x1, 0xff, 0xc6, 0x30, 0xf, 0xfe, 0x37,
    0x80, 0x7f, 0xf1, 0x44, 0x80, 0x3f, 0xf8, 0xcb,
    0x26, 0x20, 0x1f, 0xfc, 0x1, 0x5c, 0x0, 0xff,
    0xe4, 0x36, 0x77, 0xfa, 0xc0, 0x39, 0x3f, 0xee,
    0xa2, 0x0, 0xff, 0xe6, 0x98, 0x7, 0x20, 0x80,
    0x7f, 0xf4, 0xb4, 0x3, 0xd8, 0x1, 0xff, 0xd2,
    0x40, 0xf, 0x15, 0x80, 0x7f, 0xf4, 0x8, 0x40,
    0x3e, 0x4a, 0x0, 0xff, 0xe7, 0xa8, 0x7, 0xf2,
    0xc0, 0x7, 0xff, 0x3a, 0x80, 0x3f, 0xce, 0xc0,
    0x1f, 0xfc, 0xc4, 0x20, 0xc, 0x6a, 0x1, 0xd2,
    0x80, 0x1e, 0x27, 0x7c, 0x20, 0x1f, 0xf4, 0x80,
    0x74, 0xd1, 0x0, 0x74, 0x80, 0x78, 0x62, 0x30,
    0x7, 0xfd, 0x44, 0x1, 0x85, 0x43, 0x80, 0x38,
    0x80, 0x3f, 0xf9, 0x36, 0xa0, 0x1d, 0x20, 0x3,
    0x80, 0xc, 0xa0, 0x1f, 0xfc, 0x89, 0x40, 0xe,
    0x17, 0x0, 0x9d, 0x0, 0xb, 0x40, 0x1f, 0xfc,
    0x86, 0x0, 0xf5, 0x80, 0x75, 0x3d, 0xd0, 0x7,
    0xff, 0x24, 0x80, 0x39, 0x94, 0x3, 0x86, 0x10,
    0x2, 0x60, 0xc, 0x7f, 0xf8, 0xc0, 0x32, 0x80,
    0x52, 0x1, 0x96, 0x40, 0x3f, 0xf8, 0x1c, 0x1,
    0xac, 0x3, 0x41, 0x0, 0x12, 0xc0, 0x24, 0xa3,
    0x35, 0x50, 0x3, 0xff, 0x82, 0xb6, 0xaa, 0x97,
    0x0, 0xc9, 0xbf, 0xeb, 0x10, 0xc, 0xb9, 0x85,
    0x0, 0xff, 0xe1, 0xa5, 0x51, 0x80, 0x3f, 0xf8,
    0x0,

    /* U+7AEF "端" */
    0x0, 0xff, 0xe6, 0x89, 0x88, 0x7, 0xff, 0x19,
    0x60, 0x80, 0x3f, 0xf8, 0x4d, 0xd9, 0xce, 0x1,
    0xff, 0xc4, 0xba, 0x7c, 0x10, 0xf, 0x23, 0xa0,
    0x6, 0x80, 0xa, 0x4, 0x2, 0x37, 0x50, 0xf,
    0xc4, 0x80, 0x1, 0x80, 0xe, 0x7b, 0x8b, 0x90,
    0x1, 0x8, 0x6, 0x20, 0x3, 0x64, 0x56, 0x0,
    0x7f, 0xf0, 0x10, 0x3, 0xa4, 0x2, 0x60, 0x0,
    0x80, 0x73, 0x80, 0x2c, 0x2, 0x34, 0x0, 0xf1,
    0x8, 0x4, 0x40, 0x1c, 0x20, 0x18, 0x80, 0x3e,
    0x10, 0x1, 0x0, 0x62, 0x0, 0xfa, 0x40, 0x24,
    0x0, 0xc2, 0x1, 0xc2, 0x1, 0xff, 0xc3, 0x10,
    0x8, 0xa2, 0xaf, 0x0, 0x35, 0xca, 0x80, 0x7f,
    0xf3, 0x8b, 0x5d, 0x51, 0x0, 0x12, 0x21, 0xaa,
    0x0, 0x3d, 0xf7, 0xc0, 0x1d, 0x17, 0x80, 0x1f,
    0x94, 0x3, 0xff, 0x80, 0xc0, 0x1e, 0x34, 0x20,
    0xe, 0x24, 0x30, 0xf, 0xfe, 0x50, 0x80, 0x7f,
    0xf2, 0x44, 0x0, 0xa2, 0x1, 0xff, 0x48, 0x20,
    0x7, 0xff, 0x21, 0x0, 0x5, 0xf0, 0xca, 0xbe,
    0x67, 0xb7, 0x9, 0x30, 0xf, 0xfe, 0x34, 0x90,
    0x4, 0x2f, 0x35, 0x5e, 0x98, 0x40, 0x1, 0x67,
    0x66, 0x7f, 0xf0, 0xf7, 0xd8, 0x3, 0x89, 0xcc,
    0x3, 0xb, 0x28, 0x7, 0x88, 0xbf, 0xf8, 0x66,
    0x1, 0xe1, 0xd8, 0xc3, 0x0, 0xbe, 0x6a, 0xc1,
    0x77, 0xfb, 0xbf, 0xf8, 0xbf, 0xd2, 0x1, 0x38,
    0x5, 0x20, 0x4, 0x10, 0x2, 0x15, 0x10, 0x7,
    0xff, 0x1c, 0x59, 0x80, 0x1e, 0x40, 0x1, 0x80,
    0x67, 0x0, 0xff, 0xe5, 0xf8, 0x0, 0xc0, 0x21,
    0x0, 0x78, 0x6, 0x40, 0xf, 0xfe, 0x5f, 0x80,
    0x18, 0x3, 0x10, 0x8, 0x4, 0x43, 0x66, 0x1,
    0xff, 0xc7, 0x28, 0x60, 0x0, 0x80, 0x66, 0x2,
    0x0, 0x98, 0x13, 0x3f, 0xfb, 0x40, 0x3d, 0x3f,
    0xfe, 0xd7, 0x0, 0x88, 0x3, 0x10, 0x30, 0x4,
    0x60, 0x1f, 0x9c, 0x3, 0x85, 0x80, 0x3f, 0xf8,
    0x2, 0x1, 0x8, 0x18, 0x5, 0xa0, 0x6, 0xdf,
    0xfd, 0x40, 0x1c, 0x3f, 0xfe, 0xe9, 0x0, 0xe3,
    0x0, 0xc2, 0x20, 0x9, 0xc1, 0x24, 0x80, 0x3f,
    0xf8, 0xa2, 0xd0, 0x1, 0x84, 0x3, 0x10, 0x6,
    0x20, 0xd0, 0xf, 0xfe, 0x4a, 0x80, 0x66, 0x0,
    0x89, 0x80, 0x23, 0x0, 0x18, 0x7, 0xff, 0x24,
    0x80, 0x34, 0x80, 0xd, 0x74, 0x2, 0x50, 0x0,
    0x80, 0x61, 0x20, 0xc, 0x60, 0x18, 0x4c, 0x3,
    0xf8, 0xfb, 0x70, 0x8, 0x2, 0x56, 0x0, 0xf4,
    0xc8, 0x3, 0x62, 0x0, 0x49, 0xa0, 0x1f, 0xe1,
    0x5, 0x85, 0x0, 0x8e, 0x50, 0x3, 0xff, 0x9c,
    0x97, 0xfb, 0x4e, 0x1, 0xed, 0x0, 0xff, 0xe6,
    0x9d, 0xa0, 0x7, 0xf8, 0x80, 0x3f, 0xf9, 0xb6,
    0x1, 0xff, 0xc0, 0xc0, 0xf, 0xfe, 0x6f, 0x80,
    0x7f, 0x86, 0x1c, 0x3, 0xff, 0x9a, 0xa0, 0x1e,
    0x15, 0x8c, 0xe7, 0x0, 0xff, 0xe7, 0x15, 0xaa,
    0x35, 0x6f, 0x53, 0x98, 0x7, 0xff, 0xc, 0x40,
    0x26, 0xf0, 0xc, 0x20, 0x12, 0x55, 0xca, 0x90,
    0x7, 0xc2, 0x1, 0xce, 0x1, 0x8, 0x7, 0x18,
    0x80, 0x62, 0x0, 0xff, 0xe2, 0x18, 0x6, 0x13,
    0x0, 0x94, 0x30, 0x2, 0x40, 0xe, 0x40, 0xf,
    0xfe, 0x26, 0x0, 0x64, 0x9, 0x12, 0x80, 0x64,
    0x5, 0xb9, 0x41, 0x25, 0x90, 0xf, 0xfe, 0x22,
    0xb8, 0x8a, 0x48, 0x1b, 0xb4, 0xc0, 0x17, 0xf4,
    0xd, 0x7d, 0xb4, 0x20,

    /* U+8BAE "议" */
    0x0, 0xff, 0xf7, 0x8b, 0xd2, 0x80, 0x7f, 0xf1,
    0x63, 0x6c, 0x80, 0x3f, 0xf8, 0x9, 0xf0, 0xb4,
    0xc0, 0x1f, 0xfc, 0x38, 0x72, 0x4c, 0x20, 0xf,
    0xfa, 0x4, 0x2, 0x91, 0x0, 0xff, 0xe1, 0x28,
    0x4, 0x3c, 0x1, 0xc2, 0xf2, 0xa0, 0x4, 0x0,
    0xe9, 0x0, 0xcb, 0x98, 0x80, 0xf, 0x30, 0x6,
    0x38, 0x0, 0xd9, 0xd, 0x4c, 0x14, 0x1, 0xcc,
    0x1, 0x25, 0x19, 0x9e, 0xc0, 0x3a, 0x0, 0x39,
    0xc8, 0x0, 0x84, 0x1, 0x58, 0x11, 0x0, 0x30,
    0xa8, 0x3, 0x40, 0x32, 0x8, 0x6, 0x36, 0x0,
    0xeb, 0x0, 0xf8, 0x84, 0x14, 0x3, 0xb4, 0x0,
    0x80, 0x1f, 0xf4, 0x88, 0x6, 0xd0, 0x3, 0x0,
    0x72, 0x5, 0x80, 0x7e, 0x20, 0xe, 0x10, 0xf,
    0x40, 0x0, 0xf1, 0x0, 0x4, 0x1, 0xda, 0x6,
    0x20, 0x1b, 0x0, 0xc0, 0x38, 0xc0, 0x3e, 0x6c,
    0xec, 0x30, 0xc, 0x60, 0x18, 0xc0, 0xe, 0x0,
    0x39, 0x40, 0x50, 0xe, 0x50, 0xf, 0xc6, 0x20,
    0x1e, 0x40, 0xc, 0x80, 0x9, 0xff, 0x63, 0x0,
    0x3c, 0x3, 0xb0, 0x3, 0xff, 0x89, 0x80, 0x1c,
    0x80, 0x1f, 0x9c, 0x3, 0x90, 0x2, 0x5d, 0xff,
    0xed, 0x40, 0xc, 0xa0, 0x1d, 0xa0, 0x1f, 0x10,
    0x80, 0x63, 0x10, 0x1, 0x51, 0x0, 0x71, 0x59,
    0x0, 0x42, 0x60, 0x19, 0xc0, 0x3e, 0x50, 0xe,
    0x40, 0x9, 0xc0, 0x3f, 0x90, 0x3, 0x20, 0x6,
    0x14, 0x0, 0xf5, 0x80, 0x75, 0x80, 0x42, 0x1,
    0xfd, 0xc0, 0x1a, 0xc0, 0x3b, 0xc0, 0x38, 0x8c,
    0x3, 0x9, 0x80, 0x48, 0x60, 0x1f, 0xfc, 0x13,
    0x20, 0xc, 0x84, 0x1, 0xa8, 0x3, 0x9c, 0x3,
    0xb2, 0xe1, 0x80, 0x3f, 0xe5, 0x0, 0xeb, 0x0,
    0xcc, 0x1, 0xd4, 0x1, 0xe4, 0x78, 0x0, 0xff,
    0xa8, 0x3, 0x98, 0x80, 0xa, 0x20, 0x18, 0x8c,
    0x3, 0xff, 0x90, 0x46, 0x1, 0xd0, 0x0, 0x80,
    0xe, 0xa0, 0xf, 0xfe, 0x54, 0x80, 0x72, 0x9b,
    0x10, 0x7, 0x30, 0x7, 0xff, 0x29, 0x48, 0x3,
    0xbe, 0xc0, 0x39, 0x84, 0x3, 0xff, 0x97, 0x60,
    0x1c, 0x64, 0x1, 0xd6, 0x1, 0xff, 0xcc, 0x62,
    0x0, 0xff, 0x31, 0x0, 0x7f, 0xf3, 0x64, 0x3,
    0xfd, 0x0, 0x1f, 0xfc, 0x74, 0x61, 0x0, 0xc8,
    0xa0, 0x1f, 0xa0, 0x40, 0x3f, 0xf8, 0xa7, 0x97,
    0x3e, 0x40, 0x1a, 0xc0, 0x3f, 0x38, 0x7, 0xff,
    0x19, 0xc, 0x0, 0x30, 0x1, 0x90, 0x3, 0xf5,
    0x80, 0x7f, 0xf0, 0xc, 0x3, 0xff, 0x84, 0xb4,
    0x1, 0xf9, 0x30, 0x3, 0xfe, 0x10, 0xf, 0xf4,
    0x80, 0x16, 0x80, 0x3f, 0xc7, 0xa2, 0x1, 0xfd,
    0x60, 0x1f, 0x86, 0xcc, 0x1e, 0x80, 0x3f, 0xf8,
    0x5, 0xe8, 0x1, 0xf9, 0x80, 0x3e, 0x3f, 0x42,
    0xb8, 0x0, 0xf1, 0x8, 0x7, 0x86, 0xec, 0x60,
    0x1d, 0x22, 0x1, 0xe7, 0xc1, 0x9d, 0x40, 0xf,
    0x1e, 0x60, 0x80, 0x3e, 0x4c, 0x70, 0xc, 0xe0,
    0x1c, 0x37, 0x1, 0xc, 0x1, 0xf1, 0xe8, 0x96,
    0x18, 0x7, 0xe8, 0x0, 0xda, 0x1, 0x8f, 0xd0,
    0x0, 0xa0, 0x1f, 0x2e, 0x8, 0x0, 0x71, 0x40,
    0x3f, 0xf8, 0x7, 0x80, 0x6, 0xc1, 0x0, 0x98,
    0x3, 0xd1, 0x40, 0x1e, 0xaa, 0x8, 0x7, 0x18,
    0x7, 0x1e, 0xd4, 0x80, 0x74, 0x0, 0x63, 0xd7,
    0x0, 0xfc, 0xbe, 0xc0, 0x1b, 0xc0, 0x3c, 0x4a,
    0x1, 0xe3, 0xc6, 0x65, 0xe1, 0x0, 0x7f, 0x86,
    0x7a, 0xa3, 0x4c, 0x3, 0xff, 0x86, 0x73, 0x24,
    0x0, 0xff, 0xe1, 0xa, 0xb9, 0x0, 0x0,

    /* U+8F6C "转" */
    0x0, 0xff, 0xf0, 0x24, 0xc1, 0x80, 0x7f, 0xf0,
    0x86, 0xb2, 0x8c, 0x3, 0xff, 0x84, 0x96, 0xcf,
    0x88, 0x1, 0xff, 0xc1, 0xd5, 0x35, 0xc2, 0x0,
    0xff, 0xe0, 0xf0, 0x6, 0xd0, 0xf, 0xfe, 0x1,
    0x18, 0x6, 0x50, 0xf, 0xf0, 0x99, 0x94, 0x3,
    0x11, 0x98, 0x80, 0x38, 0x48, 0xcd, 0x60, 0x1d,
    0xe6, 0x71, 0x0, 0x61, 0xce, 0xcc, 0x0, 0x72,
    0x66, 0x37, 0x90, 0x6, 0xfb, 0x73, 0xc, 0x1,
    0xcf, 0x99, 0x6f, 0xb0, 0x2, 0xc, 0x3, 0xff,
    0x80, 0x34, 0x10, 0x80, 0x1f, 0xfc, 0x49, 0x20,
    0x50, 0xf, 0xfe, 0x10, 0x81, 0x0, 0x7f, 0xf1,
    0x98, 0x10, 0x3, 0xff, 0x84, 0x40, 0x60, 0x1f,
    0xfc, 0x65, 0x8, 0x61, 0x0, 0xff, 0x93, 0xc2,
    0x18, 0x3, 0xff, 0x86, 0x54, 0x20, 0x9, 0xea,
    0x0, 0xc7, 0xdf, 0xfa, 0xc8, 0x1, 0x3f, 0xee,
    0x10, 0xe, 0xde, 0xed, 0xfa, 0xa0, 0x1d, 0x80,
    0x1a, 0x44, 0x3, 0xff, 0x80, 0x20, 0x19, 0x8,
    0x47, 0x0, 0x7e, 0x40, 0x8, 0x45, 0x79, 0x22,
    0x1, 0x8d, 0xe2, 0x14, 0x1, 0xcd, 0x11, 0xf3,
    0x8, 0x4, 0x44, 0x0, 0x9e, 0xd0, 0xda, 0x80,
    0x26, 0xc8, 0x77, 0x20, 0x7, 0x13, 0xbf, 0xd3,
    0xc6, 0x0, 0xa0, 0xd, 0xc0, 0x19, 0x0, 0x2b,
    0x0, 0xff, 0xe4, 0x50, 0x1, 0x80, 0x24, 0x10,
    0xe, 0x10, 0xf, 0xfe, 0x6b, 0x88, 0x5, 0xc2,
    0x1, 0xc6, 0x0, 0xb0, 0xf, 0xfe, 0x45, 0x8c,
    0x0, 0x6b, 0x80, 0xe, 0xf7, 0x6, 0xd9, 0x80,
    0xf, 0x33, 0xbf, 0xd1, 0x5c, 0x52, 0x1, 0xc2,
    0x1, 0xe2, 0x83, 0x2, 0x66, 0x0, 0x70, 0xcc,
    0x47, 0xce, 0xa2, 0x12, 0x20, 0x1f, 0xfc, 0x15,
    0x0, 0x90, 0x3, 0x95, 0x15, 0xe2, 0xaf, 0x2e,
    0x4, 0x0, 0x30, 0x1, 0xff, 0xc1, 0x30, 0xb,
    0x0, 0x39, 0x2e, 0xa1, 0xd5, 0xd, 0x1f, 0xc4,
    0x0, 0xc6, 0x1, 0xff, 0xa, 0x0, 0x4e, 0x1,
    0xff, 0xc3, 0x17, 0x0, 0xa9, 0xe2, 0x64, 0xa0,
    0x1d, 0x3e, 0x20, 0x2, 0x10, 0xf, 0xfe, 0x21,
    0x80, 0x4d, 0xe, 0xcc, 0xd0, 0xe, 0x41, 0x0,
    0x84, 0x3, 0xff, 0x88, 0x2a, 0x1, 0xff, 0xc7,
    0x34, 0x0, 0xff, 0xe1, 0xd8, 0x7, 0xff, 0xe,
    0x9d, 0x0, 0x2b, 0xdb, 0xbf, 0x40, 0x7, 0x95,
    0x40, 0x1c, 0x6a, 0xf3, 0x40, 0x1c, 0xf1, 0x72,
    0x1, 0x12, 0x27, 0xa8, 0x3, 0x8a, 0x80, 0x34,
    0x7e, 0x54, 0x31, 0x0, 0x7e, 0x60, 0x8, 0x5d,
    0xc4, 0x0, 0xa2, 0x0, 0xef, 0x0, 0xca, 0xe0,
    0x1f, 0xfc, 0x6d, 0x88, 0x6d, 0xca, 0x80, 0x75,
    0x10, 0x6, 0xd0, 0xf, 0xfe, 0x1b, 0x0, 0x14,
    0xc0, 0x24, 0x60, 0xe, 0x65, 0x0, 0xee, 0x0,
    0xff, 0xe0, 0xa, 0xdc, 0x80, 0x34, 0x3, 0xfc,
    0x72, 0x1, 0xe7, 0x20, 0xf, 0xfb, 0x29, 0x0,
    0x2a, 0x10, 0xf, 0xe8, 0x0, 0xf8, 0x76, 0xa9,
    0x7b, 0xf0, 0x1, 0xff, 0x17, 0x38, 0x7, 0xeb,
    0x80, 0xf, 0xca, 0xa4, 0x20, 0xf, 0xfe, 0x1c,
    0x61, 0x0, 0x7c, 0xf8, 0x40, 0x1f, 0xfc, 0xe3,
    0xd7, 0x0, 0xf8, 0xe4, 0x3, 0xfe, 0x10, 0xe,
    0x30, 0xf, 0xf4, 0x61, 0x0, 0x7b, 0x0, 0x3f,
    0xe3, 0x0, 0xe1, 0x0, 0xff, 0x8f, 0x54, 0x3,
    0x1b, 0x80, 0x7f, 0xc8, 0x1, 0x90, 0x3, 0xff,
    0x85, 0x54, 0x0, 0x16, 0x80, 0x7f, 0xf0, 0x6,
    0x88, 0x12, 0x40, 0x3f, 0xf8, 0x6b, 0xb3, 0xa2,
    0x1, 0xff, 0xc1, 0x5d, 0xfb, 0x20, 0xf, 0xfe,
    0x21, 0x30, 0x7, 0xc0,

    /* U+90E8 "部" */
    0x0, 0xff, 0xf2, 0x93, 0x20, 0x7, 0xff, 0x5e,
    0xb6, 0x6d, 0x0, 0x3f, 0xfa, 0xb0, 0xa0, 0x14,
    0x0, 0x7f, 0x89, 0xe6, 0xae, 0xd9, 0xbd, 0xcd,
    0xa4, 0x0, 0xff, 0x18, 0x6, 0x32, 0x0, 0xfc,
    0x9b, 0xc, 0xa8, 0x83, 0x21, 0x11, 0x2d, 0xa8,
    0x7, 0xf1, 0x80, 0x75, 0x0, 0x7e, 0x90, 0xf,
    0xfe, 0xc, 0x80, 0x4d, 0x9d, 0xff, 0x38, 0x7,
    0x3f, 0xfd, 0xb4, 0x20, 0x2, 0x0, 0xff, 0xe2,
    0x2c, 0x98, 0x80, 0x7f, 0xf0, 0x49, 0x74, 0x3,
    0xff, 0x88, 0xa0, 0xd, 0x0, 0xff, 0xe3, 0x18,
    0x7, 0xc6, 0x70, 0x80, 0x76, 0x0, 0x38, 0x3,
    0xff, 0x8c, 0x40, 0x1f, 0x66, 0x4a, 0x1, 0xca,
    0x0, 0x65, 0x0, 0xff, 0xe2, 0x17, 0x0, 0x7f,
    0x90, 0x3, 0x28, 0x6, 0xaf, 0xc4, 0x0, 0x4e,
    0x67, 0x38, 0x94, 0x76, 0x98, 0x7, 0xf2, 0x0,
    0x77, 0x80, 0x7a, 0x90, 0x1, 0x6, 0x78, 0x5c,
    0x4a, 0x10, 0x3, 0xfe, 0xc0, 0xe, 0x50, 0xf,
    0x20, 0x4, 0x2a, 0x1, 0x58, 0x6, 0xf0, 0xf,
    0xf9, 0x40, 0x33, 0x0, 0x7c, 0x20, 0x18, 0x80,
    0x27, 0x0, 0xc4, 0x1, 0xfe, 0x12, 0x0, 0xd4,
    0x1, 0xf5, 0x80, 0x63, 0x0, 0x20, 0x80, 0x6b,
    0x0, 0xff, 0x38, 0x6, 0x23, 0x0, 0xe1, 0x33,
    0x8, 0x1, 0x1c, 0xd2, 0x0, 0x31, 0x1, 0x0,
    0x7f, 0x60, 0x6, 0xb0, 0xe, 0x9e, 0xcb, 0x10,
    0x2, 0x66, 0x2c, 0xc0, 0x31, 0x66, 0xe8, 0x80,
    0x3e, 0x10, 0xc, 0x80, 0x19, 0x58, 0x3, 0xff,
    0x8c, 0x52, 0x1, 0xf0, 0x80, 0x6a, 0x0, 0xc4,
    0x1, 0xff, 0xc8, 0x60, 0xf, 0xb8, 0x3, 0x39,
    0x80, 0x48, 0x1, 0xff, 0xc8, 0x70, 0xf, 0x91,
    0x80, 0x37, 0x0, 0x47, 0x24, 0x1, 0xff, 0xc4,
    0x16, 0xb0, 0xf, 0xd2, 0x40, 0x11, 0x20, 0x4,
    0xdb, 0xff, 0xff, 0xc4, 0xe9, 0x10, 0xf, 0xea,
    0x0, 0xdc, 0x1, 0xff, 0xd5, 0x40, 0xc, 0x80,
    0x1e, 0x35, 0x5f, 0xfe, 0x2, 0x10, 0x7, 0xff,
    0x0, 0xc0, 0x30, 0x90, 0x4, 0x5b, 0x95, 0x5f,
    0xfc, 0xb, 0xd9, 0x0, 0xff, 0xe2, 0x88, 0x5,
    0x4, 0x1, 0xff, 0xc3, 0x64, 0x0, 0xff, 0x84,
    0x3, 0x30, 0x4, 0x80, 0x1f, 0xfc, 0x53, 0x0,
    0xff, 0x84, 0x3, 0xf0, 0x80, 0x7f, 0xf1, 0x78,
    0x3, 0xfc, 0xa0, 0x1c, 0x20, 0x1f, 0x84, 0x8b,
    0xe0, 0xf, 0xfe, 0x13, 0xd5, 0x0, 0x39, 0x80,
    0x3f, 0x4e, 0xef, 0xb8, 0x3, 0xff, 0x82, 0x50,
    0xa0, 0x1c, 0x24, 0x1, 0xff, 0xd1, 0x60, 0xf,
    0xa4, 0x3, 0xff, 0xa4, 0x20, 0x1e, 0x37, 0x0,
    0xfe, 0x8f, 0xff, 0x60, 0x7, 0xff, 0x5, 0xc0,
    0x39, 0x74, 0x3, 0xff, 0xa6, 0x57, 0x13, 0x7d,
    0x42, 0x1, 0xff, 0xd4, 0x47, 0x64, 0x10, 0xf,
    0xfe, 0x68, 0x80, 0x7f, 0xf2, 0x8, 0x3, 0xff,
    0x8b, 0xc0, 0x4, 0x0, 0x90, 0x3, 0xff, 0x82,
    0x80, 0x1a, 0x3f, 0xfd, 0xa0, 0x1c, 0x80, 0x9,
    0x30, 0x39, 0x0, 0xff, 0xe0, 0xc2, 0x80, 0xab,
    0x80, 0x78, 0xa9, 0x9, 0x2c, 0x80, 0x5, 0x9f,
    0x84, 0x1, 0xff, 0x0,

    /* U+91CD "重" */
    0x0, 0xff, 0xf7, 0x89, 0x22, 0xbc, 0xde, 0xf6,
    0xb0, 0x7, 0xff, 0x1, 0x19, 0xdd, 0x10, 0x99,
    0x55, 0xdb, 0x37, 0xbf, 0xb6, 0xea, 0x19, 0x8,
    0x4a, 0x48, 0x3, 0xf8, 0x76, 0xe6, 0x20, 0xee,
    0x66, 0x2a, 0x20, 0xc8, 0x40, 0x3f, 0xf8, 0xc,
    0x1, 0xfc, 0xe4, 0x1, 0xff, 0xcd, 0x14, 0x0,
    0xfe, 0x30, 0xf, 0xfe, 0x50, 0x9a, 0xc7, 0x0,
    0x7f, 0x96, 0x8, 0x2, 0x11, 0x88, 0xa0, 0xe,
    0x19, 0xbc, 0xef, 0xec, 0xa7, 0x0, 0xff, 0xe0,
    0x36, 0x77, 0x5f, 0xf6, 0x63, 0xc0, 0x38, 0x9d,
    0x48, 0x4, 0x7e, 0x0, 0xf1, 0xe7, 0xfb, 0xbb,
    0xfd, 0xa0, 0x1c, 0x7d, 0xdf, 0xf7, 0xfb, 0x54,
    0x1, 0xc6, 0x1, 0xff, 0xd4, 0x2a, 0x0, 0x18,
    0x7, 0xff, 0x5c, 0x42, 0x0, 0x3f, 0xfa, 0xcc,
    0x20, 0xdd, 0x75, 0x5f, 0xf4, 0x80, 0x71, 0x55,
    0x7f, 0xf0, 0x2f, 0xa4, 0x2, 0x14, 0x55, 0xe,
    0xff, 0xfd, 0xa0, 0x1c, 0x5f, 0xff, 0xb0, 0xd5,
    0x48, 0x20, 0x1f, 0x35, 0xba, 0xaf, 0xc8, 0x1,
    0xe5, 0x5f, 0xcd, 0x36, 0x1, 0xfe, 0xb0, 0xf,
    0xfe, 0x72, 0x18, 0x7, 0xf1, 0x0, 0x7f, 0xf3,
    0xd8, 0x3, 0xff, 0x84, 0x9f, 0xfb, 0x40, 0x38,
    0xff, 0xf9, 0x40, 0x38, 0xc0, 0x3f, 0xf8, 0x49,
    0xdd, 0xb0, 0x3, 0x8f, 0xbb, 0x94, 0x3, 0xff,
    0x92, 0x23, 0xc0, 0x1e, 0x11, 0xe0, 0xf, 0xff,
    0x79, 0xcc, 0xe8, 0x0, 0xe2, 0x99, 0xe3, 0x0,
    0xff, 0xe4, 0xf, 0xfe, 0xd0, 0xe, 0x3f, 0xfe,
    0x10, 0xf, 0xfe, 0x41, 0x33, 0x65, 0x0, 0xe1,
    0x66, 0xe2, 0x0, 0xe2, 0x0, 0xfe, 0x50, 0xf,
    0xfe, 0x7a, 0x80, 0x7f, 0x5a, 0x0, 0x7f, 0xf3,
    0xa, 0xc4, 0x3, 0xf8, 0x6f, 0xf7, 0x7e, 0xc0,
    0xe, 0x3d, 0xdf, 0xdd, 0xa8, 0x1, 0xfe, 0x24,
    0x57, 0x7f, 0x90, 0x3, 0x85, 0xdf, 0xf2, 0x2a,
    0x0, 0x7f, 0x5e, 0xdd, 0x57, 0xe8, 0x0, 0xe2,
    0xaa, 0xff, 0x5f, 0xa8, 0x7, 0x91, 0x0, 0x1f,
    0xfd, 0x19, 0x0, 0xf3, 0x0, 0x7f, 0xf4, 0x9c,
    0x3, 0xc5, 0x46, 0x20, 0x1f, 0xfc, 0xd2, 0x6a,
    0x0, 0xf9, 0x73, 0xbf, 0xff, 0x70, 0x7, 0x1f,
    0xff, 0xfb, 0x64, 0x40, 0x31, 0xdf, 0x7f, 0xff,
    0xdc, 0x1, 0xc7, 0xff, 0xff, 0xc0, 0xec, 0x60,
    0x1c, 0x41, 0x0, 0xff, 0xe9, 0x9, 0xca, 0x18,
    0x7, 0xff, 0x60, 0xc8, 0xc0, 0x3f, 0xfa, 0xea,
    0x19, 0x4e, 0xe6, 0x6f, 0xfe, 0x8b, 0xcf, 0x10,

    /* U+95F4 "间" */
    0x0, 0xff, 0xed, 0x8b, 0xb8, 0x40, 0x3f, 0xfa,
    0x63, 0x91, 0xf, 0x30, 0xc, 0x28, 0xab, 0xff,
    0xc7, 0x30, 0xd, 0x4, 0x0, 0x1c, 0x20, 0x3,
    0x75, 0xd5, 0x7f, 0xf1, 0xf3, 0x48, 0x3, 0xf6,
    0x8, 0x48, 0x7, 0xff, 0x28, 0xa0, 0x1, 0x40,
    0x1c, 0x36, 0x20, 0x1f, 0xfc, 0xc7, 0x0, 0x1b,
    0x80, 0x72, 0x88, 0x80, 0x3f, 0xf9, 0x66, 0x1,
    0x41, 0x80, 0x65, 0xc, 0x40, 0xf, 0xfe, 0x7f,
    0x80, 0x6, 0x68, 0xa, 0xff, 0xff, 0xf8, 0x98,
    0x1, 0xfe, 0x3d, 0xce, 0x60, 0xf, 0xfe, 0x40,
    0x80, 0x7f, 0xc4, 0x60, 0x1f, 0xfd, 0x27, 0xcd,
    0xa1, 0x0, 0xff, 0xe9, 0x2c, 0x19, 0x2e, 0x80,
    0x68, 0xef, 0xff, 0xfe, 0x6, 0x20, 0x7, 0xfb,
    0x80, 0x31, 0x88, 0x1, 0xdc, 0x20, 0x1f, 0xfc,
    0x3, 0xb1, 0x0, 0xfe, 0x70, 0xe, 0x20, 0x5,
    0x80, 0x7f, 0xf1, 0x10, 0x3, 0xf8, 0x40, 0x3f,
    0x8, 0x7, 0xff, 0x10, 0x80, 0x3f, 0xf8, 0xc6,
    0x1, 0x91, 0xdf, 0xc0, 0x1f, 0xfd, 0x1f, 0x88,
    0xf0, 0x80, 0x7f, 0xfd, 0x3e, 0x67, 0xc2, 0x1,
    0xff, 0xd0, 0x46, 0x6f, 0x0, 0x7f, 0xff, 0xc0,
    0x3f, 0xfe, 0x55, 0xff, 0xe0, 0xf, 0xfe, 0x88,
    0x80, 0x78, 0x40, 0x3f, 0xfe, 0x97, 0xff, 0xe1,
    0x0, 0xff, 0xe5, 0x98, 0x7, 0xff, 0x10, 0x40,
    0x3f, 0xf8, 0xce, 0x1, 0xff, 0xc4, 0x20, 0xf,
    0xfe, 0x34, 0x80, 0x7f, 0xf0, 0xd1, 0x0, 0x1f,
    0xfc, 0x63, 0xe8, 0x66, 0xff, 0x9e, 0xac, 0x3,
    0xff, 0x90, 0x2f, 0x33, 0xff, 0x42, 0x80, 0x66,
    0x0, 0xff, 0xea, 0x9f, 0x58, 0x7, 0x18, 0x7,
    0xff, 0x3e, 0x44, 0x3, 0xcc, 0x20, 0x1f, 0xfc,
    0xe6, 0x0, 0xfb, 0x5c, 0x3, 0x88, 0x3, 0xff,
    0x90, 0xc0, 0x1e, 0x56, 0xd0, 0xc, 0x42, 0x1,
    0xff, 0xc8, 0x82, 0x1, 0x24, 0xaa, 0x3, 0x38,
    0x82, 0x78, 0x7, 0xff, 0x24, 0xb7, 0xfb, 0x6d,
    0x40, 0x0,

    /* U+9634 "阴" */
    0x0, 0x1b, 0xcc, 0xd5, 0x54, 0x20, 0x7, 0x85,
    0x13, 0xff, 0x84, 0x20, 0x14, 0x64, 0x33, 0x4a,
    0xb3, 0xdf, 0x28, 0x5, 0x3d, 0x77, 0xff, 0xc2,
    0xe8, 0x1, 0x70, 0xf, 0xf0, 0xd2, 0x2, 0x30,
    0x7, 0xff, 0x11, 0xd0, 0x80, 0x3f, 0xf8, 0x3a,
    0x18, 0x1, 0xff, 0xc6, 0x37, 0x0, 0xff, 0xe1,
    0x88, 0x7, 0xff, 0x1b, 0x80, 0x3c, 0x8a, 0x60,
    0x1d, 0xe0, 0x1f, 0xfc, 0xf9, 0xab, 0x0, 0xe4,
    0x0, 0xfb, 0xff, 0xee, 0x0, 0xff, 0xe1, 0x60,
    0x6, 0x22, 0x0, 0x7f, 0xf4, 0x54, 0x3, 0x28,
    0x7, 0xff, 0x44, 0x44, 0x1, 0xac, 0x3, 0xf1,
    0x9f, 0xca, 0x1, 0xff, 0xc1, 0x40, 0xc, 0x46,
    0x1, 0xfb, 0x33, 0xeb, 0x0, 0xff, 0xe0, 0xe8,
    0x6, 0x50, 0xf, 0xfe, 0x91, 0x0, 0x6c, 0x0,
    0xff, 0xe9, 0x10, 0x6, 0x30, 0xf, 0xfe, 0x95,
    0x80, 0x69, 0x10, 0xf, 0xfe, 0x89, 0xa8, 0x4,
    0x32, 0x1, 0xfb, 0xff, 0xee, 0x0, 0xff, 0xe1,
    0x48, 0x6, 0x60, 0xf, 0xfe, 0x91, 0x80, 0x61,
    0x30, 0xf, 0xfe, 0x90, 0x80, 0x65, 0x3, 0x0,
    0xc2, 0x1, 0xff, 0xcb, 0x30, 0xd, 0xc0, 0x1e,
    0x1e, 0xef, 0xbc, 0x3, 0xff, 0x90, 0x20, 0x20,
    0x1c, 0x23, 0xf8, 0x3, 0xff, 0x86, 0x60, 0x1e,
    0x70, 0xf, 0xfe, 0x6d, 0x3d, 0x88, 0x6, 0x10,
    0x10, 0xf, 0xfe, 0x68, 0xc2, 0x0, 0x77, 0x81,
    0x0, 0x7f, 0xf3, 0x68, 0x3, 0xe2, 0x10, 0xe,
    0x5a, 0xaf, 0xa4, 0x3, 0xff, 0x80, 0x26, 0x1,
    0xc2, 0x84, 0x1, 0xde, 0xab, 0xf3, 0x80, 0x7f,
    0xf0, 0x58, 0x3, 0x1f, 0x8a, 0x0, 0x73, 0x0,
    0x7f, 0xf2, 0x7c, 0x8d, 0x67, 0x4, 0x34, 0x3,
    0x88, 0x3, 0xff, 0x92, 0xbb, 0x94, 0xc0, 0x13,
    0x80, 0x61, 0x10, 0x7, 0xff, 0x40, 0x48, 0x3,
    0x20, 0x7, 0xff, 0x8, 0x40, 0x3f, 0xf8, 0x48,
    0x1, 0xda, 0x1, 0xe6, 0x9a, 0x0, 0xff, 0xe4,
    0x78, 0x7, 0x20, 0x7, 0x5c, 0xb2, 0x0, 0x77,
    0x80, 0x7f, 0xf0, 0x55, 0x40, 0x18, 0x4c, 0x3,
    0x90, 0x3, 0xf2, 0x0, 0x7f, 0xf0, 0x64, 0x3,
    0xa4, 0x3, 0x88, 0x3, 0xf1, 0x1b, 0x0, 0x71,
    0x0, 0x78, 0x40, 0x30, 0xb0, 0x7, 0x10, 0x7,
    0xc5, 0xe0, 0x42, 0x1, 0x18, 0x7, 0xd6, 0x1,
    0xa8, 0x40, 0x3c, 0xe0, 0x1, 0x36, 0xad, 0x20,
    0x6, 0x90, 0x1f, 0x0, 0x7c, 0xd4, 0x69, 0x88,
    0x1, 0xf4, 0x7f, 0xbb, 0x25, 0x40, 0x31, 0xef,
    0xe1, 0x0, 0x7e, 0x5c, 0xb3, 0x0, 0xff, 0xe3,
    0x0,

    /* U+9635 "阵" */
    0x0, 0xff, 0xf7, 0xa5, 0xe3, 0x88, 0x7, 0xff,
    0x9, 0x1e, 0x66, 0xa9, 0x84, 0x0, 0xfe, 0x2b,
    0x43, 0x8f, 0x10, 0xf, 0xfe, 0x5, 0x5c, 0x33,
    0x4a, 0xcf, 0x7c, 0xa0, 0x1f, 0x58, 0x6, 0x17,
    0x0, 0xff, 0x8d, 0x40, 0x3f, 0x86, 0x8c, 0x2,
    0x11, 0x9c, 0x3, 0xc2, 0x3e, 0x0, 0xe6, 0x0,
    0xff, 0xe0, 0x59, 0x67, 0xf7, 0x42, 0x1, 0xd3,
    0xdd, 0xef, 0xe6, 0x0, 0x18, 0x7, 0xff, 0x7,
    0xcc, 0x3, 0xff, 0x8c, 0x32, 0x60, 0x1f, 0x29,
    0x80, 0x76, 0x90, 0x7, 0xff, 0x25, 0x40, 0x3c,
    0x35, 0x20, 0x1c, 0x84, 0x1, 0xff, 0xc9, 0x50,
    0xf, 0xd8, 0x1, 0x8c, 0x78, 0x80, 0x3f, 0xf8,
    0xf0, 0x60, 0x1f, 0x94, 0x3, 0x58, 0x1e, 0xf6,
    0x80, 0x7a, 0xb7, 0x7f, 0x77, 0xb8, 0x7, 0xf1,
    0x80, 0x65, 0x0, 0x85, 0x80, 0x39, 0x14, 0x8b,
    0xf0, 0x80, 0x7f, 0x88, 0x3, 0x11, 0x0, 0x37,
    0x80, 0x77, 0x8d, 0x6e, 0x38, 0x7, 0xff, 0xd,
    0x0, 0x35, 0x0, 0x62, 0x40, 0xc, 0x49, 0x4a,
    0x47, 0xa, 0x1, 0xff, 0xc2, 0xe0, 0xc, 0xa0,
    0x1a, 0xc0, 0x3a, 0x1, 0x0, 0x36, 0x0, 0x7f,
    0xf0, 0xb8, 0x3, 0x30, 0x4, 0x4c, 0x1, 0x89,
    0x40, 0x3c, 0x40, 0x1f, 0xfc, 0x24, 0x0, 0xd0,
    0x1, 0x70, 0x7, 0x58, 0x8, 0x7, 0xff, 0x20,
    0x98, 0x2, 0x35, 0xa, 0x30, 0xe, 0x8e, 0xf0,
    0xe, 0x4e, 0xe6, 0xe4, 0x90, 0x7, 0xf5, 0x80,
    0x6e, 0x1, 0x0, 0xf0, 0x8c, 0x1, 0xe1, 0x11,
    0x1b, 0x60, 0x7, 0xf1, 0x8, 0x4, 0x83, 0x0,
    0x1f, 0xfc, 0x81, 0x30, 0xf, 0xe2, 0x0, 0xca,
    0x6c, 0x1, 0xff, 0xc8, 0x10, 0xf, 0xe7, 0x0,
    0xc4, 0x10, 0x20, 0x1f, 0xfc, 0x66, 0x20, 0xf,
    0xfe, 0x10, 0x80, 0xbb, 0x3b, 0xa2, 0x30, 0x7,
    0x14, 0xcd, 0x5b, 0x20, 0x1f, 0xfc, 0x3f, 0x0,
    0x4c, 0xa2, 0xe, 0xf3, 0x0, 0x73, 0x36, 0x52,
    0x0, 0xff, 0x12, 0x0, 0x7f, 0xf5, 0xe7, 0x40,
    0x3b, 0xc0, 0x3f, 0xfa, 0x4a, 0x1, 0xe1, 0x4,
    0x66, 0xfc, 0x1, 0xcc, 0xdc, 0xa4, 0x1, 0xff,
    0xc4, 0xeb, 0x99, 0xfa, 0x0, 0x38, 0xa6, 0x75,
    0x6b, 0x80, 0x7c, 0xc0, 0x1d, 0x5a, 0x20, 0x1f,
    0xfc, 0x98, 0x0, 0xfb, 0xc0, 0x24, 0xd5, 0x70,
    0xf, 0xfe, 0x58, 0x80, 0x79, 0x7f, 0xeb, 0x20,
    0xb0, 0xf, 0xfe, 0x51, 0x88, 0x7, 0xff, 0x5,
    0xe0, 0xc4, 0x7f, 0x0, 0x78, 0x47, 0x13, 0x68,
    0x7, 0xff, 0xd, 0xf3, 0xbb, 0xef, 0x0, 0xe4,
    0xee, 0xdb, 0x22, 0x1, 0xff, 0xff, 0x0, 0xff,
    0xe6, 0x88, 0x7, 0xff, 0x8, 0xc0, 0x31, 0x0,
    0x7f, 0xf2, 0xc8, 0x3, 0xf2, 0x0, 0x64, 0x0,
    0xff, 0xe3, 0x20, 0x6, 0xc0, 0xf, 0xc3, 0x44,
    0xb, 0x20, 0x1f, 0xfc, 0x69, 0x30, 0x3, 0x28,
    0x7, 0xf2, 0xef, 0xd0, 0x80, 0x7f, 0xf1, 0x8b,
    0x3f, 0xd2, 0x1, 0xfc,

    /* U+96E8 "雨" */
    0x2, 0xbe, 0xff, 0xff, 0xe9, 0x75, 0x98, 0x3,
    0x10, 0x40, 0x3f, 0xfa, 0x42, 0x9a, 0x4, 0x20,
    0x1f, 0xfd, 0x61, 0x30, 0xf, 0xfe, 0xd1, 0x20,
    0x7, 0xff, 0x58, 0xcc, 0x17, 0xa, 0x89, 0xff,
    0xc0, 0x0, 0xf2, 0x27, 0xff, 0x1, 0x63, 0x0,
    0x27, 0xab, 0xbf, 0xfe, 0x0, 0x7, 0x25, 0xdf,
    0xff, 0x2, 0x9c, 0x3, 0xff, 0xc0, 0x6a, 0xcd,
    0xfe, 0x0, 0xe6, 0x6f, 0xfe, 0x2, 0x0, 0x7d,
    0x79, 0x53, 0x3f, 0xe0, 0xe, 0x29, 0x9f, 0xfa,
    0xf8, 0x80, 0x33, 0x20, 0x7, 0xff, 0x48, 0x60,
    0x3, 0x78, 0x7, 0xff, 0x51, 0x0, 0x31, 0x80,
    0x7f, 0xf5, 0x4, 0x3, 0xff, 0xc6, 0x3f, 0xff,
    0x80, 0x39, 0x3f, 0xff, 0x18, 0x7, 0xff, 0x11,
    0x2a, 0x4, 0x3, 0xfc, 0xb7, 0x26, 0x1, 0xff,
    0xc7, 0x1b, 0x57, 0xe8, 0x0, 0xfc, 0x94, 0x8d,
    0x94, 0x20, 0x1f, 0xfc, 0x54, 0x0, 0xcf, 0x60,
    0x1f, 0x18, 0x6, 0x5c, 0x10, 0xf, 0xfe, 0x22,
    0x8, 0x6, 0x44, 0x0, 0x79, 0x40, 0x38, 0xa4,
    0x3, 0xff, 0x88, 0x3a, 0x20, 0x1f, 0xf1, 0x58,
    0x7, 0x8, 0x7, 0xff, 0x14, 0xfc, 0xc0, 0x8,
    0x80, 0xf, 0x93, 0x94, 0x0, 0x30, 0x1, 0xff,
    0xc6, 0x1c, 0x75, 0xb0, 0xf, 0xe1, 0xad, 0xbe,
    0x10, 0xf, 0xfe, 0x44, 0x50, 0x7, 0xf1, 0xa0,
    0x92, 0x0, 0x7f, 0xf1, 0x87, 0x3f, 0x50, 0x3,
    0xf9, 0xb2, 0xf9, 0xc0, 0x3f, 0xf8, 0xf0, 0x60,
    0x57, 0x20, 0x1f, 0xac, 0x2, 0x8c, 0x10, 0xf,
    0xfe, 0x29, 0x80, 0x66, 0xb0, 0xf, 0x98, 0x3,
    0x1e, 0x0, 0x7f, 0xf1, 0x78, 0x3, 0x90, 0xc0,
    0x3d, 0x22, 0x1, 0x89, 0x40, 0x3f, 0xf8, 0x89,
    0x0, 0x1f, 0xfc, 0x2, 0xf3, 0x0, 0xcc, 0x1,
    0xff, 0xc5, 0x7b, 0x10, 0x3, 0x18, 0x7, 0xc3,
    0x8a, 0x0, 0x73, 0x0, 0xff, 0xe3, 0x27, 0x5e,
    0x48, 0x7, 0xfa, 0xa6, 0x50, 0x1, 0xff, 0xc9,
    0x43, 0x0, 0xff, 0xe0, 0x33, 0x0, 0x44, 0x1,
    0x84, 0x3, 0xff, 0xa0, 0x9b, 0xfc, 0x40, 0x18,
    0xc0, 0x3f, 0xf8, 0xc2, 0x1, 0x88, 0x3, 0x59,
    0x0, 0x7c, 0xe0, 0x18, 0x80, 0x31, 0x80, 0x7e,
    0x40, 0xd, 0x80, 0x10, 0x80, 0x7f, 0x70, 0x6,
    0xc0, 0xc, 0xa0, 0x1f, 0xad, 0x44, 0x4e, 0xa0,
    0x10, 0x88, 0x3, 0xe9, 0x40, 0xc, 0x90, 0x22,
    0x58, 0x0, 0xfc, 0x35, 0xdc, 0x80, 0xe, 0xc5,
    0x33, 0x22, 0xc7, 0x30, 0x4,

    /* U+96EA "雪" */
    0x0, 0xff, 0xee, 0x1e, 0x7f, 0xff, 0xf3, 0xac,
    0x40, 0x3e, 0xe3, 0x0, 0xff, 0xe7, 0x25, 0x0,
    0x7c, 0x40, 0x1f, 0xfd, 0x7, 0x0, 0xf9, 0xc0,
    0x3f, 0xfa, 0x12, 0x1, 0xf4, 0x6d, 0x4c, 0x47,
    0xe0, 0xe, 0x28, 0x8f, 0xd3, 0x5c, 0xa0, 0x1c,
    0x2d, 0x15, 0xbd, 0xff, 0xf8, 0x3, 0x8f, 0xff,
    0xf7, 0x6c, 0xc3, 0x10, 0x1, 0x3a, 0x5d, 0xff,
    0xf8, 0x0, 0x1c, 0x2e, 0xff, 0xfc, 0x9, 0xd5,
    0x8, 0x0, 0xff, 0xeb, 0x40, 0x18, 0x7, 0xff,
    0x58, 0x80, 0x3f, 0xfb, 0x22, 0x1, 0xdb, 0xfe,
    0xed, 0xd7, 0x7f, 0xc0, 0x1c, 0x9f, 0xf7, 0x6f,
    0x7f, 0xd6, 0x1, 0xff, 0x1a, 0x6f, 0x6e, 0xbb,
    0x90, 0x1, 0xfa, 0xbf, 0xb7, 0xbf, 0x8, 0x3,
    0xe1, 0x0, 0xc3, 0x24, 0x1, 0x85, 0xc8, 0x3,
    0xca, 0xa0, 0xe, 0x38, 0x60, 0xe, 0x14, 0x0,
    0x8c, 0x10, 0x3, 0xc4, 0x40, 0xf, 0x38, 0x7,
    0xd8, 0x42, 0x1, 0x20, 0x5a, 0x8a, 0x70, 0x4d,
    0xc3, 0xba, 0x2b, 0x40, 0x3e, 0x2e, 0x97, 0x7a,
    0x31, 0x83, 0x50, 0x56, 0x80, 0x6b, 0xac, 0x81,
    0x33, 0x84, 0x5e, 0x62, 0x1, 0xf8, 0xc4, 0x4,
    0x5c, 0x86, 0x7, 0x7d, 0x42, 0x1, 0xe8, 0xb7,
    0x66, 0x9e, 0x7c, 0x44, 0x1, 0x84, 0xb6, 0x1d,
    0x9a, 0x8c, 0x50, 0xf, 0xf8, 0xc0, 0x3e, 0x13,
    0x40, 0xd, 0x8e, 0x1, 0xfb, 0x40, 0x3f, 0xe8,
    0x30, 0xe, 0x18, 0x28, 0x20, 0x2, 0x32, 0xb0,
    0x7, 0x92, 0x40, 0x3f, 0xe3, 0xcf, 0xee, 0xbf,
    0x9c, 0xb, 0x7b, 0x96, 0x0, 0x9f, 0xf7, 0x75,
    0xf6, 0x20, 0x1f, 0xe4, 0xbe, 0xfe, 0xeb, 0xff,
    0xdd, 0xcf, 0xff, 0x77, 0x5f, 0xb0, 0x1, 0xfc,
    0x36, 0x82, 0x1, 0xff, 0xca, 0x27, 0x80, 0xf,
    0xc4, 0x1, 0xff, 0xcf, 0x50, 0xf, 0xc6, 0x40,
    0x1f, 0xfc, 0xe2, 0x0, 0xfe, 0xda, 0x77, 0x33,
    0x7f, 0xf1, 0x84, 0x3, 0xff, 0x86, 0xb3, 0x7b,
    0xbf, 0xfc, 0x63, 0x0, 0xff, 0xe1, 0xd7, 0x65,
    0xdf, 0xff, 0x18, 0x80, 0x3f, 0xf8, 0x48, 0xa0,
    0x1f, 0xfd, 0x77, 0x0, 0xff, 0xec, 0x1c, 0x90,
    0x7, 0xff, 0x5d, 0xb7, 0xff, 0xff, 0x8e, 0x40,
    0x1f, 0xfc, 0x23, 0x8a, 0xaf, 0xfe, 0x41, 0x0,
    0x7f, 0xf0, 0x57, 0x1d, 0x57, 0xff, 0x90, 0x1,
    0xff, 0xc2, 0xe0, 0xf, 0xfe, 0xc1, 0x80, 0x7f,
    0xf3, 0xc4, 0x3, 0xf4, 0x39, 0x8, 0x7, 0xff,
    0x31, 0xc0, 0x3f, 0xa3, 0x7b, 0xff, 0xff, 0x8f,
    0x2, 0x2, 0xb0, 0x1, 0xc0,

    /* U+96F7 "雷" */
    0x0, 0xff, 0xee, 0x1e, 0x7f, 0xff, 0xf3, 0xb0,
    0xc0, 0x3e, 0xe3, 0x0, 0xff, 0xe7, 0x1e, 0x80,
    0x7c, 0x40, 0x1f, 0xfd, 0x1, 0x0, 0xf9, 0xc0,
    0x3f, 0xfa, 0xc, 0x1, 0xf4, 0x6d, 0x4c, 0x47,
    0xe0, 0xe, 0x28, 0x8f, 0xd3, 0x5b, 0x20, 0x1c,
    0x2a, 0xca, 0x42, 0x1, 0xff, 0xca, 0x12, 0x56,
    0x52, 0x0, 0x1f, 0xd4, 0xc4, 0x7f, 0xc0, 0x1c,
    0x51, 0x1f, 0xf4, 0xd6, 0xb0, 0x78, 0x80, 0x7f,
    0xf5, 0x64, 0x4c, 0x3, 0xff, 0xae, 0x40, 0x1f,
    0xfd, 0x87, 0x0, 0xed, 0xff, 0xbb, 0xaf, 0xf8,
    0x3, 0x93, 0xfe, 0xee, 0xbf, 0xee, 0x0, 0xff,
    0x8d, 0x37, 0xfb, 0xb3, 0x80, 0x7e, 0x9f, 0xee,
    0xbf, 0x50, 0x40, 0x3c, 0x20, 0x18, 0x64, 0x80,
    0x30, 0xc0, 0x80, 0x79, 0x18, 0x3, 0x8a, 0x40,
    0x3c, 0xe8, 0x1, 0x18, 0x38, 0x7, 0x88, 0x40,
    0x3c, 0xc0, 0x1f, 0x38, 0x20, 0x4, 0x27, 0x68,
    0x7, 0xc1, 0x57, 0xe, 0xf4, 0xe0, 0x7, 0xc5,
    0xd2, 0xef, 0x45, 0xd0, 0x4a, 0x1, 0x50, 0xd,
    0xfe, 0x10, 0x3f, 0x5a, 0x20, 0xfc, 0x80, 0x3f,
    0x2f, 0x9a, 0x22, 0xf9, 0xc0, 0xaf, 0xf5, 0x0,
    0x3d, 0x30, 0xa6, 0x72, 0x36, 0x8, 0x80, 0x38,
    0xed, 0x90, 0xce, 0x58, 0xa0, 0xf, 0xf8, 0xc0,
    0x3f, 0x19, 0x0, 0x62, 0x70, 0xf, 0xc2, 0x1,
    0xff, 0x5b, 0x10, 0x8e, 0x4a, 0x2a, 0x0, 0xd6,
    0x92, 0x62, 0x38, 0x96, 0x80, 0x3f, 0xe1, 0x9d,
    0xee, 0xd6, 0xa0, 0xd6, 0xcf, 0x84, 0xd, 0x9d,
    0xdb, 0x68, 0x40, 0x3f, 0xc3, 0x5b, 0xff, 0xfd,
    0x6c, 0xf9, 0xff, 0xfd, 0xd8, 0x80, 0x1f, 0xda,
    0xa4, 0x1, 0xff, 0xca, 0x13, 0xb3, 0x0, 0xf8,
    0x8c, 0x3, 0xff, 0x9f, 0x60, 0x1f, 0x30, 0x7,
    0xff, 0x40, 0x80, 0x3f, 0xf8, 0x2f, 0x55, 0xc0,
    0x1c, 0x55, 0x5c, 0xe0, 0x1f, 0xfc, 0x7f, 0x66,
    0xe0, 0xe, 0x16, 0x6e, 0xe0, 0xf, 0xfe, 0x3c,
    0x66, 0x70, 0x7, 0x1e, 0x67, 0x48, 0x7, 0xff,
    0xfc, 0x3, 0xff, 0xd7, 0x7f, 0xfc, 0x1, 0xc9,
    0xff, 0xd8, 0x1, 0xff, 0xc7, 0xbe, 0xee, 0x0,
    0xe4, 0xee, 0xec, 0x0, 0xff, 0xe4, 0x8, 0xf0,
    0x7, 0x84, 0x78, 0x3, 0xff, 0xbe, 0x40, 0x1f,
    0x30, 0x7, 0xff, 0x43, 0x0, 0x3e, 0x21, 0x0,
    0xcd, 0x33, 0xff, 0xc4, 0x82, 0x0, 0xc, 0x20,
    0x7, 0xed, 0x30, 0x15, 0x96, 0x6f, 0xfe, 0x23,
    0xef, 0xfb, 0x9c, 0x3, 0x80,

    /* U+96F9 "雹" */
    0x0, 0xc7, 0x5b, 0xdf, 0xff, 0xfc, 0xae, 0xda,
    0x10, 0xf, 0xed, 0x52, 0x10, 0xf, 0xfe, 0x50,
    0x92, 0xd0, 0x7, 0xff, 0x69, 0xc0, 0x3f, 0xa8,
    0x80, 0x3f, 0xf9, 0xc7, 0xe0, 0x1f, 0xc9, 0xbd,
    0xbb, 0xfc, 0x1, 0xc7, 0xbb, 0xfd, 0xd8, 0x60,
    0x1f, 0x4f, 0x7f, 0xbb, 0x77, 0xf8, 0x3, 0x8f,
    0x77, 0xfb, 0xbf, 0xdd, 0x42, 0x1, 0x4b, 0x8,
    0x7, 0xff, 0x48, 0x56, 0xc0, 0x27, 0x0, 0xff,
    0xeb, 0x28, 0x4, 0x20, 0x19, 0xe2, 0x3f, 0x80,
    0x38, 0xa2, 0x3f, 0x94, 0x3, 0x84, 0x3, 0xe9,
    0x60, 0xdd, 0xde, 0x8e, 0x1, 0xcc, 0xe7, 0xdb,
    0x9b, 0xc2, 0xfc, 0x1, 0xc2, 0x0, 0x20, 0xc,
    0x3b, 0xa, 0xb9, 0xf0, 0x40, 0x3c, 0x96, 0xca,
    0x8a, 0xd3, 0x26, 0x0, 0xc2, 0x1, 0x28, 0x4,
    0xc0, 0x80, 0x1e, 0x31, 0x0, 0xf3, 0x8, 0x7,
    0xb0, 0x8c, 0x2, 0x60, 0xa, 0x25, 0x62, 0x42,
    0x3a, 0xef, 0x6e, 0x0, 0x7c, 0x5d, 0x97, 0x57,
    0x9e, 0xa1, 0x90, 0xb3, 0x0, 0x19, 0xa9, 0xc0,
    0xef, 0xee, 0xea, 0xe7, 0x1, 0x0, 0xc2, 0x11,
    0xd5, 0x4b, 0xdd, 0x50, 0x83, 0xd3, 0x0, 0x7f,
    0x42, 0x8, 0x4, 0x27, 0x4, 0xa0, 0x18, 0x95,
    0xc8, 0x40, 0x2, 0x4b, 0x20, 0x1f, 0xfc, 0x18,
    0x30, 0xe, 0x17, 0x28, 0x0, 0x8a, 0x55, 0x42,
    0x1, 0xc9, 0x40, 0x1f, 0xfc, 0x13, 0x60, 0x9,
    0xfb, 0x90, 0x7, 0xd5, 0x7a, 0x21, 0x5d, 0xff,
    0xd6, 0x40, 0x1f, 0xfc, 0x17, 0x50, 0x9, 0xfb,
    0x2e, 0xea, 0xef, 0xbb, 0xec, 0xcf, 0xa4, 0xc0,
    0x3f, 0xc3, 0x0, 0x1e, 0x34, 0x4f, 0xf8, 0xcf,
    0xe6, 0xc2, 0x0, 0xfe, 0xb0, 0xf, 0xfe, 0x85,
    0x0, 0x7e, 0x75, 0x0, 0xff, 0xe8, 0x8, 0x7,
    0xd3, 0x0, 0x1c, 0xf7, 0x7f, 0xfc, 0x59, 0x0,
    0xe1, 0x0, 0xf5, 0xb0, 0x7, 0x1e, 0x88, 0xff,
    0x81, 0x51, 0x38, 0x80, 0x3b, 0x80, 0x38, 0x90,
    0x3, 0xc7, 0x55, 0xff, 0x5f, 0x30, 0x6, 0x20,
    0xe, 0x20, 0xe, 0x30, 0xf, 0xfe, 0x4c, 0x88,
    0x5, 0x40, 0x1c, 0xa0, 0x1c, 0x2c, 0x1, 0xff,
    0xc9, 0x25, 0xef, 0x30, 0xc, 0x22, 0x0, 0xf4,
    0xc2, 0xda, 0x0, 0x64, 0xcc, 0xf5, 0x80, 0x73,
    0xd8, 0x80, 0x79, 0x40, 0x3f, 0x3d, 0x20, 0x7,
    0x26, 0x67, 0xac, 0x3, 0x9c, 0x40, 0x3e, 0xe0,
    0xf, 0xfe, 0x80, 0x9a, 0x0, 0x79, 0x14, 0x3,
    0xff, 0x9e, 0x7a, 0x16, 0xe2, 0x1, 0x35, 0xe7,
    0xec, 0x0, 0x7f, 0xf0, 0x4f, 0xbb, 0xfb, 0xf0,
    0xc0, 0x11, 0xdc, 0xdf, 0x95, 0x30, 0x27, 0x60,
    0xf, 0x88, 0x3, 0x1d, 0xa2, 0x91, 0x78, 0xcf,
    0xe2, 0x15, 0x8a, 0x0, 0xde, 0x1, 0xf6, 0x0,
    0x72, 0xd5, 0xe6, 0x7f, 0xf0, 0xe9, 0xc0, 0x3f,
    0xf8, 0x2a, 0x40, 0x1f, 0xfd, 0x1a, 0x0, 0xfd,
    0xe6, 0x1, 0xff, 0xce, 0x2c, 0x30, 0xf, 0xc5,
    0x98, 0x84, 0x31, 0x0, 0xff, 0xe2, 0x89, 0xad,
    0x69, 0x80, 0x0,

    /* U+96FE "雾" */
    0x0, 0xff, 0xef, 0x4f, 0x7f, 0xff, 0xf3, 0xec,
    0x40, 0x3c, 0xcc, 0x10, 0xf, 0xfe, 0x7a, 0x40,
    0x7, 0x94, 0x3, 0xff, 0xa5, 0x80, 0x1e, 0x3e,
    0xa8, 0x8f, 0xf0, 0x7, 0xa2, 0x3f, 0xd3, 0xaa,
    0x1, 0xc4, 0xf1, 0xfb, 0xbf, 0xe0, 0xf, 0x6e,
    0xff, 0xb2, 0xdc, 0x80, 0x23, 0xd8, 0x65, 0x5f,
    0xf8, 0x3, 0xca, 0xbf, 0xf3, 0x46, 0x98, 0x2,
    0x0, 0x3f, 0xfa, 0xd0, 0x0, 0x60, 0xc, 0xae,
    0xff, 0xc0, 0x1e, 0x77, 0xfe, 0x30, 0xc, 0xc0,
    0x3, 0x0, 0xd3, 0x66, 0xac, 0xd2, 0x6c, 0x10,
    0x6, 0x28, 0xc1, 0x23, 0x31, 0x7c, 0xd8, 0x6,
    0x30, 0x1, 0x80, 0x74, 0xa1, 0x8, 0xc7, 0x60,
    0x1f, 0x15, 0xb2, 0xa2, 0x16, 0x20, 0x1, 0xf8,
    0x40, 0x30, 0xdb, 0xa1, 0x99, 0x1b, 0x40, 0x3e,
    0x28, 0x42, 0x28, 0xda, 0xc4, 0x3, 0x18, 0x1,
    0x40, 0x21, 0x21, 0xaf, 0x99, 0x7d, 0x98, 0x8,
    0x6, 0x10, 0x7b, 0xcf, 0xcc, 0x49, 0x28, 0x6,
    0x40, 0x4, 0x18, 0x2, 0xc2, 0x76, 0xea, 0x97,
    0xb4, 0xe, 0x1, 0x98, 0x2f, 0xfb, 0x7b, 0xf4,
    0xcc, 0xc0, 0x2, 0xb0, 0x0, 0xe7, 0x7a, 0x80,
    0x80, 0x78, 0xc3, 0xc0, 0x37, 0x1a, 0x0, 0x71,
    0x58, 0x4f, 0x6e, 0x88, 0x3, 0x8, 0x5, 0x1d,
    0x96, 0xcc, 0xd9, 0x4, 0xb6, 0x65, 0xa1, 0xdb,
    0x22, 0x4b, 0x10, 0x0, 0x9, 0x0, 0x7f, 0xc2,
    0x29, 0x66, 0x6a, 0x80, 0x12, 0x64, 0x80, 0x4,
    0x9a, 0xaa, 0xd8, 0x40, 0x3f, 0xf8, 0x6d, 0xa4,
    0x1, 0x56, 0xff, 0xff, 0x77, 0x7b, 0xf1, 0x40,
    0x3f, 0x8e, 0x36, 0x40, 0x3c, 0x40, 0x1f, 0xfc,
    0x43, 0xa0, 0xf, 0x93, 0x71, 0xc8, 0x3, 0xff,
    0x9b, 0x40, 0x1f, 0x59, 0x0, 0x7e, 0x27, 0x7f,
    0xf2, 0x0, 0x78, 0xb1, 0x40, 0x3f, 0xf8, 0xa4,
    0xc3, 0xb3, 0x10, 0x9d, 0x16, 0x40, 0xe, 0x8d,
    0x30, 0xf, 0xd4, 0x69, 0x1b, 0xce, 0x1, 0x85,
    0xab, 0xbf, 0xdd, 0x4c, 0x20, 0x19, 0x39, 0xc0,
    0x3f, 0xcb, 0x96, 0xc0, 0xbc, 0xc0, 0x1f, 0xfc,
    0x54, 0xee, 0x6e, 0xb2, 0xe4, 0x80, 0x5, 0x3b,
    0xdf, 0xdb, 0x72, 0xc0, 0x1f, 0xfc, 0x71, 0x22,
    0x1a, 0x37, 0x80, 0x3d, 0x88, 0x40, 0x3f, 0xf8,
    0x22, 0x40, 0x1f, 0xfc, 0x42, 0x0, 0x18, 0x7,
    0xfc, 0x4b, 0x11, 0x5e, 0x7f, 0x5c, 0x32, 0x99,
    0x8, 0x7, 0x86, 0x80, 0x14, 0x62, 0x4, 0x68,
    0xd1, 0x5b, 0xfb, 0x4d, 0x10, 0xae, 0xc3, 0x47,
    0x9a, 0xcd, 0xef, 0xf7, 0x77, 0x28, 0x1, 0x33,
    0xbe, 0x9d, 0xc9, 0x51, 0xfb, 0xb7, 0x80, 0x63,
    0xcd, 0xdf, 0xb2, 0xd0, 0x46, 0x0, 0xfa, 0x20,
    0x86, 0x45, 0xf0, 0x80, 0x70, 0x91, 0x7c, 0x69,
    0x4c, 0x1, 0xfc, 0x40, 0x1f, 0xfc, 0xfd, 0x0,
    0xfe, 0xb4, 0x0, 0xff, 0xe7, 0x38, 0x7, 0xf0,
    0xdf, 0xf7, 0x36, 0x4, 0x3, 0xc5, 0x9d, 0xdf,
    0x20, 0x6, 0x70, 0xf, 0xf8, 0xde, 0xf2, 0x4,
    0x3, 0x8f, 0xc, 0x46, 0x22, 0x91, 0x0, 0x18,
    0xc0, 0x3f, 0xd5, 0x92, 0xa2, 0x1, 0xe8, 0xc1,
    0x0, 0x93, 0x32, 0xa0, 0xe, 0xc0, 0xf, 0xe1,
    0x50, 0xf, 0x85, 0xf9, 0xc0, 0x38, 0xc0, 0x3f,
    0xa, 0x0, 0x7f, 0x8, 0x80, 0x39, 0x2b, 0xa0,
    0x40, 0x3c, 0x40, 0x1f, 0xa8, 0x3, 0xfe, 0xc6,
    0x57, 0xbf, 0xb5, 0x0, 0xfe, 0x58, 0x20, 0x0,
    0x9b, 0x6a, 0x0, 0x7f, 0xc5, 0x35, 0x8, 0x1,
    0xff, 0xc1, 0x7d, 0xff, 0x76, 0x49, 0x0, 0x7c,

    /* U+973E "霾" */
    0x0, 0xf8, 0x48, 0xbf, 0xf9, 0x42, 0x1, 0xff,
    0xd, 0xff, 0x6e, 0xff, 0xf2, 0xbb, 0xf5, 0x40,
    0x3f, 0x3a, 0x0, 0x7f, 0xf3, 0x8a, 0x40, 0x3f,
    0x39, 0x80, 0x7f, 0xf3, 0x86, 0x40, 0x3f, 0xe,
    0x76, 0xe6, 0x7e, 0x10, 0xc, 0x59, 0x9f, 0xdb,
    0xca, 0x1, 0xe8, 0xef, 0xf7, 0x6e, 0x67, 0xe1,
    0x0, 0xc5, 0x99, 0xfd, 0xbf, 0xf5, 0x8, 0x1,
    0xdc, 0x20, 0x1f, 0xfd, 0x35, 0xa0, 0x5, 0x80,
    0x61, 0x1f, 0xf0, 0x7, 0x84, 0x7f, 0xc0, 0x19,
    0x0, 0x3c, 0x9d, 0xcc, 0xda, 0xab, 0x7b, 0x86,
    0x1, 0x8f, 0xb9, 0xb5, 0x5b, 0x3b, 0x88, 0x1,
    0x84, 0x18, 0x2, 0x21, 0xdd, 0x65, 0xdd, 0x9c,
    0x60, 0x1e, 0x3f, 0xcb, 0xbd, 0xbc, 0x46, 0x1,
    0x8, 0x82, 0x40, 0x2b, 0x1, 0x0, 0xf8, 0x40,
    0x3c, 0x22, 0x0, 0xf1, 0x85, 0x8, 0x2, 0x0,
    0x7, 0xd7, 0xc4, 0x39, 0xd9, 0x9b, 0x78, 0x80,
    0x39, 0xcb, 0xb7, 0x33, 0x76, 0x91, 0x3e, 0xf5,
    0x80, 0x21, 0x41, 0x8, 0xdf, 0xcc, 0xb7, 0xe4,
    0x5c, 0x3, 0x8, 0xab, 0xf7, 0x32, 0xfc, 0x70,
    0x14, 0x20, 0xf, 0xce, 0x42, 0x1, 0x9, 0x32,
    0xe0, 0x6, 0xc5, 0x51, 0x8, 0x4, 0x27, 0x0,
    0x1f, 0xfc, 0xe, 0x98, 0x73, 0x6, 0x9c, 0x47,
    0x50, 0x2, 0xb2, 0x64, 0xc3, 0xbd, 0x13, 0xc0,
    0x1f, 0xfc, 0x1, 0x2e, 0x63, 0x7, 0x53, 0x0,
    0x57, 0xfa, 0x88, 0x82, 0x8b, 0x55, 0x2a, 0x19,
    0x0, 0x7c, 0x4f, 0x5b, 0xf6, 0xc2, 0x0, 0x1c,
    0x20, 0x9, 0x37, 0xf7, 0x7f, 0xf8, 0x1f, 0xa8,
    0x1, 0x46, 0xc2, 0x90, 0x7, 0xc6, 0x20, 0x1,
    0xa2, 0x0, 0xff, 0xe1, 0x15, 0x88, 0x1, 0x40,
    0x3f, 0x2d, 0xf7, 0x2c, 0x41, 0x44, 0x3, 0xff,
    0x8a, 0xa0, 0xe, 0x65, 0x38, 0xcc, 0x0, 0x14,
    0x67, 0x5f, 0x40, 0x40, 0x35, 0x76, 0x0, 0x6b,
    0xe8, 0x0, 0xc4, 0x0, 0x3c, 0x43, 0x92, 0x70,
    0xa, 0x9c, 0x0, 0x6c, 0x1, 0xd7, 0xfa, 0x1,
    0xab, 0xe0, 0x3, 0xe9, 0xa1, 0x1, 0xac, 0x0,
    0xfc, 0x20, 0x1c, 0x23, 0x0, 0x61, 0x10, 0x7,
    0xc6, 0xc0, 0x19, 0x1c, 0x3, 0x8a, 0x39, 0xc0,
    0x3f, 0xf9, 0x2a, 0x1, 0xff, 0xc0, 0xa7, 0x10,
    0xf, 0x5f, 0xe8, 0x6, 0xcf, 0x90, 0xf, 0x28,
    0x7, 0x85, 0x0, 0x34, 0x28, 0x0, 0x40, 0x35,
    0xfe, 0x80, 0x6c, 0xf9, 0x0, 0xc4, 0x7, 0x2,
    0x24, 0x8c, 0xa1, 0x0, 0xeb, 0x10, 0x50, 0xf,
    0xfe, 0x32, 0x80, 0x1f, 0xb9, 0xfd, 0xb6, 0xa0,
    0x1c, 0x32, 0x3, 0x40, 0x1f, 0xfc, 0x49, 0x10,
    0x9, 0xfa, 0xd8, 0x40, 0x22, 0x20, 0x4, 0xc0,
    0x5, 0xfc, 0xbb, 0x8c, 0x3, 0x15, 0xdd, 0x9e,
    0xc0, 0x15, 0x40, 0x80, 0x61, 0x9f, 0x0, 0xc2,
    0x80, 0x10, 0x80, 0x7f, 0xf1, 0x94, 0x3, 0xc,
    0x67, 0xe9, 0x0, 0x6d, 0x2, 0xed, 0xbb, 0x8c,
    0x3, 0x15, 0xdd, 0x9e, 0xa0, 0x12, 0x80, 0x12,
    0xa9, 0xba, 0x60, 0xf, 0x28, 0x28, 0x80, 0x7f,
    0xf0, 0xf8, 0x2, 0xaf, 0xed, 0x8b, 0x50, 0x8,
    0x80, 0x31, 0x3, 0x18, 0x7, 0xff, 0x8, 0xbc,
    0x3, 0x47, 0x49, 0x0, 0x43, 0x38, 0x1, 0x88,
    0x7, 0x3f, 0x76, 0x30, 0xc, 0x7b, 0xb7, 0x6a,
    0x0, 0x52, 0xe0, 0x18, 0x63, 0x4f, 0x40, 0x32,
    0xaa, 0xb3, 0x1d, 0xd1, 0x80, 0x63, 0xee, 0xb7,
    0x2d, 0xc0, 0xa, 0x1, 0x14, 0xf7, 0x32, 0x8c,
    0x3, 0x1d, 0x29, 0x9f, 0x0, 0x78, 0xcf, 0x92,
    0x24, 0x3d, 0x5a, 0xf5, 0x81, 0xc0, 0x3c, 0x58,
    0x1, 0xff, 0xc8, 0x20, 0x3a, 0x94, 0x0, 0xfe,
    0x1c, 0x67, 0x20, 0xf, 0xfe, 0x20, 0xac, 0x80,
    0x7e, 0x90, 0xc, 0x58, 0x21, 0x1b, 0xff, 0xff,
    0xc4, 0xea, 0x20, 0xf, 0xcf, 0xff, 0xb4, 0x80,
    0x3f, 0xf9, 0x60,

    /* U+9752 "青" */
    0x0, 0xff, 0xe1, 0xbe, 0xff, 0x62, 0x0, 0x7f,
    0xf1, 0xc9, 0x15, 0x7f, 0x34, 0x10, 0x9, 0xca,
    0xaf, 0xf8, 0xc0, 0x3c, 0x3b, 0xab, 0xaa, 0xfd,
    0x20, 0x1c, 0x55, 0x5f, 0xec, 0xf4, 0x0, 0xcc,
    0x40, 0x1f, 0xfd, 0x18, 0x0, 0xc4, 0x1, 0xff,
    0xd2, 0x60, 0xc, 0xb0, 0x62, 0x1, 0xff, 0xcd,
    0x26, 0xb0, 0xe, 0x7c, 0xef, 0xff, 0xda, 0x1,
    0xc5, 0xff, 0xfe, 0xd9, 0x10, 0xf, 0xd, 0x6f,
    0xff, 0xda, 0x1, 0xc5, 0xff, 0xfb, 0xac, 0xc0,
    0x3f, 0x52, 0x90, 0x7, 0xff, 0x28, 0x53, 0x40,
    0x3f, 0x38, 0x7, 0xff, 0x5f, 0x8c, 0x3, 0xff,
    0x98, 0x54, 0x1, 0xf8, 0xb3, 0xfb, 0xbe, 0xc0,
    0xe, 0x2e, 0xef, 0xdf, 0xa8, 0x1, 0xc2, 0xac,
    0xd9, 0xdf, 0xeb, 0x0, 0xe3, 0x77, 0xfc, 0xcd,
    0x94, 0x41, 0x7a, 0xa6, 0x7f, 0xe7, 0x0, 0xe1,
    0x99, 0xff, 0xe0, 0x57, 0x2c, 0x80, 0x7f, 0xf5,
    0xa5, 0x80, 0x3f, 0xfa, 0xcb, 0x4e, 0x64, 0x5f,
    0xfd, 0x23, 0x79, 0x8, 0xcd, 0xdf, 0xfe, 0x96,
    0x40, 0x7, 0xd1, 0xbf, 0xff, 0xfc, 0x8e, 0x91,
    0x0, 0xff, 0x43, 0x90, 0x7, 0xff, 0x20, 0x5a,
    0xc0, 0x3f, 0xca, 0x1, 0xff, 0xcc, 0x50, 0xf,
    0xf1, 0x0, 0x7f, 0xf3, 0x44, 0x3, 0xff, 0x84,
    0x3d, 0xdf, 0xfc, 0x22, 0x0, 0xe3, 0x0, 0xff,
    0xe1, 0xd, 0x57, 0xff, 0x8, 0x80, 0x3f, 0xf9,
    0x28, 0x9f, 0xfc, 0x20, 0xf, 0xff, 0xf8, 0x7,
    0xff, 0x18, 0xbf, 0xff, 0xf8, 0x44, 0x1, 0xff,
    0xc8, 0x2f, 0xff, 0xfe, 0x11, 0x0, 0x7f, 0xff,
    0xc0, 0x3f, 0xf8, 0xc8, 0x9f, 0xfc, 0x20, 0xf,
    0xfe, 0x49, 0x5d, 0xff, 0xf0, 0x8c, 0x3, 0x8c,
    0x3, 0xff, 0x9a, 0x2a, 0xce, 0x60, 0x1f, 0xfd,
    0x25, 0xea, 0x98, 0x0, 0xf0, 0x80, 0x7f, 0x10,
    0x6, 0x60, 0xf, 0xe9, 0x0, 0xfe, 0x50, 0xf,
    0xf2, 0x0, 0x6c, 0x0, 0xfe, 0x70, 0xf, 0xc5,
    0x60, 0x1f, 0xe8, 0x51, 0x13, 0x38, 0x7, 0xf4,
    0xa0, 0x80, 0x4, 0x92, 0xb4, 0x40, 0x3f, 0xc3,
    0x5d, 0xc9, 0x0, 0xff, 0x15, 0xf7, 0xfb, 0xb6,
    0xd4, 0x3, 0xe0,

    /* U+98CE "风" */
    0x0, 0xff, 0xf1, 0x95, 0xff, 0xff, 0xf3, 0x2c,
    0x80, 0x3f, 0xf8, 0x3e, 0x80, 0x1f, 0xfc, 0xc4,
    0xe0, 0xf, 0xfe, 0x1, 0x10, 0x3, 0xff, 0x9c,
    0x62, 0x1, 0xff, 0x30, 0x7, 0xff, 0x40, 0xc0,
    0x3f, 0xfd, 0xc2, 0xef, 0xff, 0xc4, 0x20, 0xf,
    0xfe, 0x59, 0x44, 0x7f, 0xf1, 0x1c, 0x3, 0x8c,
    0x3, 0xff, 0xf5, 0x5f, 0xaa, 0x1, 0xff, 0xcf,
    0x3b, 0xd7, 0x0, 0xe7, 0x50, 0x2a, 0x10, 0xf,
    0xfe, 0x68, 0xe2, 0x14, 0x48, 0x6, 0x90, 0xc,
    0xa0, 0x1f, 0xfc, 0xd7, 0x0, 0xcc, 0xa0, 0x6,
    0x10, 0xc, 0xc6, 0x1, 0xff, 0xcb, 0x75, 0x0,
    0xea, 0x20, 0xb0, 0xc, 0x44, 0x0, 0xf0, 0x80,
    0x7f, 0xf1, 0x8c, 0xc0, 0x1d, 0xee, 0x40, 0x1a,
    0x80, 0x3f, 0xf8, 0xe2, 0x1, 0xf7, 0x0, 0x71,
    0x40, 0x7, 0x30, 0x7, 0xff, 0x1c, 0xc0, 0x3e,
    0x2a, 0x0, 0xff, 0x30, 0x80, 0x7f, 0xf4, 0x15,
    0x40, 0x1f, 0xd0, 0x1, 0xff, 0xc8, 0xe0, 0xe,
    0x10, 0xa, 0x88, 0x3, 0xe6, 0x10, 0x0, 0x80,
    0x7f, 0xf1, 0x44, 0x3, 0x8c, 0x3, 0x70, 0x7,
    0xd6, 0x1, 0xff, 0xc9, 0x20, 0xe, 0xe0, 0xc,
    0x62, 0x1, 0xe6, 0x0, 0xfe, 0x10, 0xf, 0xf9,
    0x80, 0x38, 0x80, 0x34, 0x88, 0x7, 0xa8, 0x40,
    0x1e, 0x1, 0xff, 0xc5, 0x20, 0xe, 0x70, 0x9,
    0x18, 0x3, 0xe1, 0xb0, 0x0, 0x80, 0x7f, 0xf1,
    0x4, 0x3, 0xc4, 0x0, 0x2b, 0x0, 0xfe, 0x55,
    0x0, 0x7c, 0x60, 0x1f, 0xe5, 0x0, 0xe3, 0x0,
    0xe, 0x0, 0x7f, 0xd6, 0x24, 0x1, 0xff, 0xc4,
    0x30, 0xe, 0x50, 0x1c, 0x10, 0xe, 0x60, 0xe,
    0x1b, 0x70, 0xe, 0x10, 0xf, 0xf6, 0x80, 0x76,
    0xe, 0x10, 0x7, 0x24, 0xa8, 0x7, 0x28, 0x7,
    0x98, 0x3, 0xfc, 0x80, 0x1e, 0xf2, 0x0, 0xe1,
    0xa0, 0x80, 0xf, 0x30, 0x7, 0x10, 0x2e, 0x58,
    0x80, 0x62, 0x10, 0xc, 0x3c, 0x20, 0x1e, 0xa1,
    0x2, 0x60, 0xe, 0x72, 0x0, 0xdc, 0x1c, 0x69,
    0x0, 0x19, 0x40, 0x39, 0x2d, 0x80, 0x39, 0xd0,
    0x2, 0x80, 0xd, 0x24, 0xc0, 0x19, 0x1, 0x80,
    0xa, 0x1, 0xa8, 0x3, 0xb0, 0x25, 0x80, 0x26,
    0x80, 0xc, 0x34, 0xd3, 0xcc, 0x18, 0x1, 0x89,
    0x88, 0x3, 0xcc, 0x40, 0x1c, 0xe0, 0x9, 0x53,
    0xa9, 0x0, 0xf2, 0xcb, 0x8, 0x0, 0xc0, 0x3a,
    0x40, 0x26, 0x0, 0xac, 0x3, 0x88, 0x40, 0x2a,
    0xc5, 0x0, 0xff, 0xe0, 0xa0, 0x80, 0x7e, 0x20,
    0x8, 0x80, 0x3a, 0x80, 0x3f, 0xf9, 0x2c, 0x1,
    0xfb, 0x0, 0x26, 0x0, 0xe5, 0x0, 0xff, 0xe4,
    0xc8, 0x80, 0x78, 0x90, 0x2, 0x95, 0x0, 0xa8,
    0x80, 0x3f, 0xf9, 0x23, 0x40, 0x1e, 0x80, 0xe,
    0xac, 0xae, 0x50, 0xf, 0xfe, 0x5a, 0x6a, 0x88,
    0x15, 0x28, 0x7, 0x8d, 0x44, 0x3, 0xff, 0x9a,
    0x55, 0xdf, 0xaa, 0x1, 0x0
};


/*---------------------
 *  GLYPH DESCRIPTION
 *--------------------*/

static const lv_font_fmt_txt_glyph_dsc_t glyph_dsc[] = {
    {.bitmap_index = 0, .adv_w = 0, .box_w = 0, .box_h = 0, .ofs_x = 0, .ofs_y = 0} /* id = 0 reserved */,
    {.bitmap_index = 0, .adv_w = 640, .box_w = 38, .box_h = 37, .ofs_x = 0, .ofs_y = -4},
    {.bitmap_index = 279, .adv_w = 640, .box_w = 34, .box_h = 38, .ofs_x = 3, .ofs_y = -4},
    {.bitmap_index = 460, .adv_w = 640, .box_w = 38, .box_h = 36, .ofs_x = 1, .ofs_y = -4},
    {.bitmap_index = 756, .adv_w = 640, .box_w = 40, .box_h = 39, .ofs_x = 0, .ofs_y = -4},
    {.bitmap_index = 1182, .adv_w = 640, .box_w = 39, .box_h = 40, .ofs_x = 0, .ofs_y = -5},
    {.bitmap_index = 1639, .adv_w = 640, .box_w = 40, .box_h = 39, .ofs_x = 0, .ofs_y = -4},
    {.bitmap_index = 2089, .adv_w = 640, .box_w = 36, .box_h = 37, .ofs_x = 2, .ofs_y = -3},
    {.bitmap_index = 2446, .adv_w = 640, .box_w = 37, .box_h = 40, .ofs_x = 2, .ofs_y = -4},
    {.bitmap_index = 2861, .adv_w = 640, .box_w = 36, .box_h = 39, .ofs_x = 2, .ofs_y = -4},
    {.bitmap_index = 3169, .adv_w = 640, .box_w = 38, .box_h = 40, .ofs_x = 1, .ofs_y = -5},
    {.bitmap_index = 3555, .adv_w = 640, .box_w = 37, .box_h = 40, .ofs_x = 2, .ofs_y = -4},
    {.bitmap_index = 3901, .adv_w = 640, .box_w = 39, .box_h = 39, .ofs_x = 1, .ofs_y = -5},
    {.bitmap_index = 4204, .adv_w = 640, .box_w = 38, .box_h = 39, .ofs_x = 1, .ofs_y = -4},
    {.bitmap_index = 4559, .adv_w = 640, .box_w = 38, .box_h = 37, .ofs_x = 1, .ofs_y = -3},
    {.bitmap_index = 4879, .adv_w = 640, .box_w = 38, .box_h = 38, .ofs_x = 0, .ofs_y = -5},
    {.bitmap_index = 5213, .adv_w = 640, .box_w = 36, .box_h = 40, .ofs_x = 3, .ofs_y = -5},
    {.bitmap_index = 5568, .adv_w = 640, .box_w = 39, .box_h = 41, .ofs_x = 0, .ofs_y = -5},
    {.bitmap_index = 5987, .adv_w = 640, .box_w = 37, .box_h = 39, .ofs_x = 1, .ofs_y = -4},
    {.bitmap_index = 6446, .adv_w = 640, .box_w = 39, .box_h = 38, .ofs_x = 1, .ofs_y = -5},
    {.bitmap_index = 6873, .adv_w = 640, .box_w = 39, .box_h = 39, .ofs_x = 0, .ofs_y = -4},
    {.bitmap_index = 7358, .adv_w = 640, .box_w = 40, .box_h = 39, .ofs_x = 0, .ofs_y = -4},
    {.bitmap_index = 7753, .adv_w = 640, .box_w = 38, .box_h = 40, .ofs_x = 1, .ofs_y = -5},
    {.bitmap_index = 8273, .adv_w = 640, .box_w = 38, .box_h = 38, .ofs_x = 1, .ofs_y = -3},
    {.bitmap_index = 8708, .adv_w = 640, .box_w = 37, .box_h = 38, .ofs_x = 2, .ofs_y = -4},
    {.bitmap_index = 9061, .adv_w = 640, .box_w = 37, .box_h = 37, .ofs_x = 2, .ofs_y = -4},
    {.bitmap_index = 9442, .adv_w = 640, .box_w = 38, .box_h = 38, .ofs_x = 1, .ofs_y = -4},
    {.bitmap_index = 9777, .adv_w = 640, .box_w = 40, .box_h = 39, .ofs_x = -1, .ofs_y = -5},
    {.bitmap_index = 10262, .adv_w = 640, .box_w = 38, .box_h = 38, .ofs_x = 2, .ofs_y = -3},
    {.bitmap_index = 10656, .adv_w = 640, .box_w = 39, .box_h = 39, .ofs_x = 1, .ofs_y = -5},
    {.bitmap_index = 11125, .adv_w = 640, .box_w = 38, .box_h = 39, .ofs_x = 1, .ofs_y = -4},
    {.bitmap_index = 11487, .adv_w = 640, .box_w = 40, .box_h = 38, .ofs_x = 0, .ofs_y = -4},
    {.bitmap_index = 11959, .adv_w = 640, .box_w = 38, .box_h = 40, .ofs_x = 1, .ofs_y = -5},
    {.bitmap_index = 12416, .adv_w = 640, .box_w = 39, .box_h = 40, .ofs_x = 1, .ofs_y = -5},
    {.bitmap_index = 12926, .adv_w = 640, .box_w = 39, .box_h = 39, .ofs_x = 0, .ofs_y = -4},
    {.bitmap_index = 13333, .adv_w = 640, .box_w = 38, .box_h = 37, .ofs_x = 1, .ofs_y = -3},
    {.bitmap_index = 13584, .adv_w = 640, .box_w = 38, .box_h = 39, .ofs_x = 0, .ofs_y = -4},
    {.bitmap_index = 13937, .adv_w = 640, .box_w = 39, .box_h = 39, .ofs_x = 0, .ofs_y = -4},
    {.bitmap_index = 14397, .adv_w = 640, .box_w = 38, .box_h = 40, .ofs_x = 1, .ofs_y = -5},
    {.bitmap_index = 14868, .adv_w = 640, .box_w = 38, .box_h = 40, .ofs_x = 1, .ofs_y = -5},
    {.bitmap_index = 15344, .adv_w = 640, .box_w = 39, .box_h = 40, .ofs_x = 1, .ofs_y = -4},
    {.bitmap_index = 15764, .adv_w = 640, .box_w = 38, .box_h = 38, .ofs_x = 1, .ofs_y = -3},
    {.bitmap_index = 16100, .adv_w = 640, .box_w = 36, .box_h = 39, .ofs_x = 2, .ofs_y = -4},
    {.bitmap_index = 16366, .adv_w = 640, .box_w = 36, .box_h = 38, .ofs_x = 2, .ofs_y = -5},
    {.bitmap_index = 16711, .adv_w = 640, .box_w = 38, .box_h = 40, .ofs_x = 2, .ofs_y = -5},
    {.bitmap_index = 17107, .adv_w = 640, .box_w = 38, .box_h = 36, .ofs_x = 1, .ofs_y = -4},
    {.bitmap_index = 17440, .adv_w = 640, .box_w = 37, .box_h = 38, .ofs_x = 2, .ofs_y = -4},
    {.bitmap_index = 17781, .adv_w = 640, .box_w = 37, .box_h = 38, .ofs_x = 2, .ofs_y = -4},
    {.bitmap_index = 18114, .adv_w = 640, .box_w = 39, .box_h = 36, .ofs_x = 1, .ofs_y = -3},
    {.bitmap_index = 18517, .adv_w = 640, .box_w = 38, .box_h = 39, .ofs_x = 1, .ofs_y = -5},
    {.bitmap_index = 18989, .adv_w = 640, .box_w = 38, .box_h = 39, .ofs_x = 1, .ofs_y = -5},
    {.bitmap_index = 19504, .adv_w = 640, .box_w = 36, .box_h = 39, .ofs_x = 2, .ofs_y = -5},
    {.bitmap_index = 19795, .adv_w = 640, .box_w = 41, .box_h = 38, .ofs_x = 0, .ofs_y = -4}
};

/*---------------------
 *  CHARACTER MAPPING
 *--------------------*/

static const uint16_t unicode_list_0[] = {
    0x0, 0x8, 0x6c, 0x38b, 0x392, 0x396, 0x40b, 0xaf5,
    0xb02, 0xb14, 0xd67, 0xdea, 0xdec, 0xdf3, 0xe1b, 0xe76,
    0x1081, 0x10d5, 0x1115, 0x1447, 0x14e2, 0x174b, 0x174f, 0x184f,
    0x188f, 0x1905, 0x195c, 0x1db6, 0x1e74, 0x1f16, 0x1f2e, 0x1f49,
    0x22c8, 0x2454, 0x26fa, 0x29c0, 0x2cca, 0x3d89, 0x4147, 0x42c3,
    0x43a8, 0x47cf, 0x480f, 0x4810, 0x48c3, 0x48c5, 0x48d2, 0x48d4,
    0x48d9, 0x4919, 0x492d, 0x4aa9
};

/*Collect the unicode lists and glyph_id offsets*/
static const lv_font_fmt_txt_cmap_t cmaps[] =
{
    {
        .range_start = 20005, .range_length = 19114, .glyph_id_start = 1,
        .unicode_list = unicode_list_0, .glyph_id_ofs_list = NULL, .list_length = 52, .type = LV_FONT_FMT_TXT_CMAP_SPARSE_TINY
    }
};



/*--------------------
 *  ALL CUSTOM DATA
 *--------------------*/

#if LVGL_VERSION_MAJOR == 8
/*Store all the custom data of the font*/
static  lv_font_fmt_txt_glyph_cache_t cache;
#endif

#if LVGL_VERSION_MAJOR >= 8
static const lv_font_fmt_txt_dsc_t font_dsc = {
#else
static lv_font_fmt_txt_dsc_t font_dsc = {
#endif
    .glyph_bitmap = glyph_bitmap,
    .glyph_dsc = glyph_dsc,
    .cmaps = cmaps,
    .kern_dsc = NULL,
    .kern_scale = 0,
    .cmap_num = 1,
    .bpp = 4,
    .kern_classes = 0,
    .bitmap_format = 1,
#if LVGL_VERSION_MAJOR == 8
    .cache = &cache
#endif
};



/*-----------------
 *  PUBLIC FONT
 *----------------*/

/*Initialize a public general font descriptor*/
#if LVGL_VERSION_MAJOR >= 8
const lv_font_t han_font_weather_title = {
#else
lv_font_t han_font_weather_title = {
#endif
    .get_glyph_dsc = lv_font_get_glyph_dsc_fmt_txt,    /*Function pointer to get glyph's data*/
    .get_glyph_bitmap = lv_font_get_bitmap_fmt_txt,    /*Function pointer to get glyph's bitmap*/
    .line_height = 41,          /*The maximum line height required by the font*/
    .base_line = 5,             /*Baseline measured from the bottom of the line*/
#if !(LVGL_VERSION_MAJOR == 6 && LVGL_VERSION_MINOR == 0)
    .subpx = LV_FONT_SUBPX_NONE,
#endif
#if LV_VERSION_CHECK(7, 4, 0) || LVGL_VERSION_MAJOR >= 8
    .underline_position = -5,
    .underline_thickness = 2,
#endif
    .dsc = &font_dsc,          /*The custom font data. Will be accessed by `get_glyph_bitmap/dsc` */
#if LV_VERSION_CHECK(8, 2, 0) || LVGL_VERSION_MAJOR >= 9
    .fallback = NULL,
#endif
    .user_data = NULL,
};



#endif /*#if HAN_FONT_WEATHER_TITLE*/
